﻿BEGIN
INSERT INTO TNHT_LANG (LANG_PK, LANG_PRIO) VALUES (1033, 1);
INSERT INTO TNHT_LANG (LANG_PK, LANG_PRIO) VALUES (2070, 2);
INSERT INTO TNHT_LANG (LANG_PK, LANG_PRIO) VALUES (3082, 3);
INSERT INTO TNHT_LANG (LANG_PK, LANG_PRIO) VALUES (1036, 4);
INSERT INTO TNHT_LANG (LANG_PK, LANG_PRIO) VALUES (1063, 5);
INSERT INTO TNHT_LANG (LANG_PK, LANG_PRIO) VALUES (1049, 6);
INSERT INTO TNHT_LANG (LANG_PK, LANG_PRIO) VALUES (1031, 8);
INSERT INTO TNHT_LANG (LANG_PK, LANG_PRIO) VALUES (2052, 9);
INSERT INTO TNHT_LANG (LANG_PK, LANG_PRIO) VALUES (1040, 10);
INSERT INTO TNHT_LANG (LANG_PK, LANG_PRIO) VALUES (1046, 11);
INSERT INTO TNHT_LANG (LANG_PK, LANG_PRIO) VALUES (12297, 12);
INSERT INTO TNHT_LANG (LANG_PK, LANG_PRIO) VALUES (1043, 13);

INSERT INTO TNHT_LITE(LITE_PK) VALUES('FE9B0C148F06554884AE4FC21C8E3432');
INSERT INTO TNHT_MULT(LITE_PK, LANG_PK, MULT_DESC)
VALUES('FE9B0C148F06554884AE4FC21C8E3432', 1033, 'All');
INSERT INTO TNHT_MULT(LITE_PK, LANG_PK, MULT_DESC)
VALUES('FE9B0C148F06554884AE4FC21C8E3432', 3082, 'Todos');
INSERT INTO TNHT_MULT(LITE_PK, LANG_PK, MULT_DESC)
VALUES('FE9B0C148F06554884AE4FC21C8E3432', 2070, 'Todos');
INSERT INTO TNHT_MULT(LITE_PK, LANG_PK, MULT_DESC)
VALUES('FE9B0C148F06554884AE4FC21C8E3432', 1036, 'Tous');
INSERT INTO TNHT_MULT(LITE_PK, LANG_PK, MULT_DESC)
VALUES('FE9B0C148F06554884AE4FC21C8E3432', 1049, 'Все');
INSERT INTO TNHT_ENUM (ENUM_PK, LITE_PK)
VALUES(1, 'FE9B0C148F06554884AE4FC21C8E3432');
INSERT INTO TNHT_LITE(LITE_PK) VALUES('2764414B27500540A160B1F44D2253A9');
INSERT INTO TNHT_MULT(LITE_PK, LANG_PK, MULT_DESC)
VALUES('2764414B27500540A160B1F44D2253A9', 1033, 'Not require');
INSERT INTO TNHT_MULT(LITE_PK, LANG_PK, MULT_DESC)
VALUES('2764414B27500540A160B1F44D2253A9', 3082, 'No requiere');
INSERT INTO TNHT_MULT(LITE_PK, LANG_PK, MULT_DESC)
VALUES('2764414B27500540A160B1F44D2253A9', 2070, 'Não requere');
INSERT INTO TNHT_MULT(LITE_PK, LANG_PK, MULT_DESC)
VALUES('2764414B27500540A160B1F44D2253A9', 1036, 'Pas exigé');
INSERT INTO TNHT_MULT(LITE_PK, LANG_PK, MULT_DESC)
VALUES('2764414B27500540A160B1F44D2253A9', 1049, 'Нет запроса');
INSERT INTO TNHT_ENUM (ENUM_PK, LITE_PK)
VALUES(2, '2764414B27500540A160B1F44D2253A9');
INSERT INTO TNHT_LITE(LITE_PK) VALUES('8F83B1A8B6946744AA1D6641DFC1F970');
INSERT INTO TNHT_MULT(LITE_PK, LANG_PK, MULT_DESC)
VALUES('8F83B1A8B6946744AA1D6641DFC1F970', 1033, 'Both');
INSERT INTO TNHT_MULT(LITE_PK, LANG_PK, MULT_DESC)
VALUES('8F83B1A8B6946744AA1D6641DFC1F970', 3082, 'Ambas');
INSERT INTO TNHT_MULT(LITE_PK, LANG_PK, MULT_DESC)
VALUES('8F83B1A8B6946744AA1D6641DFC1F970', 2070, 'Ambas');
INSERT INTO TNHT_MULT(LITE_PK, LANG_PK, MULT_DESC)
VALUES('8F83B1A8B6946744AA1D6641DFC1F970', 1036, 'Les deux');
INSERT INTO TNHT_MULT(LITE_PK, LANG_PK, MULT_DESC)
VALUES('8F83B1A8B6946744AA1D6641DFC1F970', 1049, 'Оба');
INSERT INTO TNHT_ENUM (ENUM_PK, LITE_PK)
VALUES(3, '8F83B1A8B6946744AA1D6641DFC1F970');
INSERT INTO TNHT_LITE(LITE_PK) VALUES('9E20714A8FAB3F4CA669189AD0B99505');
INSERT INTO TNHT_MULT(LITE_PK, LANG_PK, MULT_DESC)
VALUES('9E20714A8FAB3F4CA669189AD0B99505', 1033, 'None');
INSERT INTO TNHT_MULT(LITE_PK, LANG_PK, MULT_DESC)
VALUES('9E20714A8FAB3F4CA669189AD0B99505', 3082, 'Ninguno');
INSERT INTO TNHT_MULT(LITE_PK, LANG_PK, MULT_DESC)
VALUES('9E20714A8FAB3F4CA669189AD0B99505', 2070, 'Nenhum');
INSERT INTO TNHT_MULT(LITE_PK, LANG_PK, MULT_DESC)
VALUES('9E20714A8FAB3F4CA669189AD0B99505', 1036, 'Aucun');
INSERT INTO TNHT_MULT(LITE_PK, LANG_PK, MULT_DESC)
VALUES('9E20714A8FAB3F4CA669189AD0B99505', 1049, 'Нет');
INSERT INTO TNHT_ENUM (ENUM_PK, LITE_PK)
VALUES(4, '9E20714A8FAB3F4CA669189AD0B99505');
INSERT INTO TNHT_LITE(LITE_PK) VALUES('563CEF8234282A428FDC9AAEDFFA5F1C');
INSERT INTO TNHT_MULT(LITE_PK, LANG_PK, MULT_DESC)
VALUES('563CEF8234282A428FDC9AAEDFFA5F1C', 1033, 'Never');
INSERT INTO TNHT_MULT(LITE_PK, LANG_PK, MULT_DESC)
VALUES('563CEF8234282A428FDC9AAEDFFA5F1C', 3082, 'Nunca');
INSERT INTO TNHT_MULT(LITE_PK, LANG_PK, MULT_DESC)
VALUES('563CEF8234282A428FDC9AAEDFFA5F1C', 2070, 'Nunca');
INSERT INTO TNHT_MULT(LITE_PK, LANG_PK, MULT_DESC)
VALUES('563CEF8234282A428FDC9AAEDFFA5F1C', 1036, 'Jamais');
INSERT INTO TNHT_MULT(LITE_PK, LANG_PK, MULT_DESC)
VALUES('563CEF8234282A428FDC9AAEDFFA5F1C', 1049, 'Никогда');
INSERT INTO TNHT_ENUM (ENUM_PK, LITE_PK)
VALUES(5, '563CEF8234282A428FDC9AAEDFFA5F1C');
INSERT INTO TNHT_LITE(LITE_PK) VALUES('D7CDB5139840A643AEF2545FFEEDC5E2');
INSERT INTO TNHT_MULT(LITE_PK, LANG_PK, MULT_DESC)
VALUES('D7CDB5139840A643AEF2545FFEEDC5E2', 1033, 'Always');
INSERT INTO TNHT_MULT(LITE_PK, LANG_PK, MULT_DESC)
VALUES('D7CDB5139840A643AEF2545FFEEDC5E2', 3082, 'Siempre');
INSERT INTO TNHT_MULT(LITE_PK, LANG_PK, MULT_DESC)
VALUES('D7CDB5139840A643AEF2545FFEEDC5E2', 2070, 'Sempre');
INSERT INTO TNHT_MULT(LITE_PK, LANG_PK, MULT_DESC)
VALUES('D7CDB5139840A643AEF2545FFEEDC5E2', 1036, 'Toujours');
INSERT INTO TNHT_MULT(LITE_PK, LANG_PK, MULT_DESC)
VALUES('D7CDB5139840A643AEF2545FFEEDC5E2', 1049, 'Всегда');
INSERT INTO TNHT_ENUM (ENUM_PK, LITE_PK)
VALUES(6, 'D7CDB5139840A643AEF2545FFEEDC5E2');
INSERT INTO TNHT_LITE(LITE_PK) VALUES('80B4CD1A4A1B4940A78E3DCB1D7B694D');
INSERT INTO TNHT_MULT(LITE_PK, LANG_PK, MULT_DESC)
VALUES('80B4CD1A4A1B4940A78E3DCB1D7B694D', 1033, 'In');
INSERT INTO TNHT_MULT(LITE_PK, LANG_PK, MULT_DESC)
VALUES('80B4CD1A4A1B4940A78E3DCB1D7B694D', 3082, 'Entrada');
INSERT INTO TNHT_MULT(LITE_PK, LANG_PK, MULT_DESC)
VALUES('80B4CD1A4A1B4940A78E3DCB1D7B694D', 2070, 'Entrada');
INSERT INTO TNHT_MULT(LITE_PK, LANG_PK, MULT_DESC)
VALUES('80B4CD1A4A1B4940A78E3DCB1D7B694D', 1036, 'Arrivée');
INSERT INTO TNHT_MULT(LITE_PK, LANG_PK, MULT_DESC)
VALUES('80B4CD1A4A1B4940A78E3DCB1D7B694D', 1049, 'B');
INSERT INTO TNHT_ENUM (ENUM_PK, LITE_PK)
VALUES(7, '80B4CD1A4A1B4940A78E3DCB1D7B694D');
INSERT INTO TNHT_LITE(LITE_PK) VALUES('25275BF2E4E9084595D9E7530E9DBC64');
INSERT INTO TNHT_MULT(LITE_PK, LANG_PK, MULT_DESC)
VALUES('25275BF2E4E9084595D9E7530E9DBC64', 1033, 'Out');
INSERT INTO TNHT_MULT(LITE_PK, LANG_PK, MULT_DESC)
VALUES('25275BF2E4E9084595D9E7530E9DBC64', 3082, 'Salida');
INSERT INTO TNHT_MULT(LITE_PK, LANG_PK, MULT_DESC)
VALUES('25275BF2E4E9084595D9E7530E9DBC64', 2070, 'Saida');
INSERT INTO TNHT_MULT(LITE_PK, LANG_PK, MULT_DESC)
VALUES('25275BF2E4E9084595D9E7530E9DBC64', 1036, 'Départ');
INSERT INTO TNHT_MULT(LITE_PK, LANG_PK, MULT_DESC)
VALUES('25275BF2E4E9084595D9E7530E9DBC64', 1049, 'Вне');
INSERT INTO TNHT_ENUM (ENUM_PK, LITE_PK)
VALUES(8, '25275BF2E4E9084595D9E7530E9DBC64');
INSERT INTO TNHT_LITE(LITE_PK) VALUES('1EE7EB06AD245E4CA8015D7032385676');
INSERT INTO TNHT_MULT(LITE_PK, LANG_PK, MULT_DESC)
VALUES('1EE7EB06AD245E4CA8015D7032385676', 1033, 'Client');
INSERT INTO TNHT_MULT(LITE_PK, LANG_PK, MULT_DESC)
VALUES('1EE7EB06AD245E4CA8015D7032385676', 3082, 'Cliente');
INSERT INTO TNHT_MULT(LITE_PK, LANG_PK, MULT_DESC)
VALUES('1EE7EB06AD245E4CA8015D7032385676', 2070, 'Cliente');
INSERT INTO TNHT_MULT(LITE_PK, LANG_PK, MULT_DESC)
VALUES('1EE7EB06AD245E4CA8015D7032385676', 1036, 'Client');
INSERT INTO TNHT_MULT(LITE_PK, LANG_PK, MULT_DESC)
VALUES('1EE7EB06AD245E4CA8015D7032385676', 1049, 'Клиент');
INSERT INTO TNHT_ENUM (ENUM_PK, LITE_PK)
VALUES(11, '1EE7EB06AD245E4CA8015D7032385676');
INSERT INTO TNHT_LITE(LITE_PK) VALUES('D0C9B8B1E3AB894FA3B4D5AB164AC7F6');
INSERT INTO TNHT_MULT(LITE_PK, LANG_PK, MULT_DESC)
VALUES('D0C9B8B1E3AB894FA3B4D5AB164AC7F6', 1033, 'Supplier');
INSERT INTO TNHT_MULT(LITE_PK, LANG_PK, MULT_DESC)
VALUES('D0C9B8B1E3AB894FA3B4D5AB164AC7F6', 3082, 'Proveedor');
INSERT INTO TNHT_MULT(LITE_PK, LANG_PK, MULT_DESC)
VALUES('D0C9B8B1E3AB894FA3B4D5AB164AC7F6', 2070, 'Fornecedor');
INSERT INTO TNHT_MULT(LITE_PK, LANG_PK, MULT_DESC)
VALUES('D0C9B8B1E3AB894FA3B4D5AB164AC7F6', 1036, 'Fournisseur');
INSERT INTO TNHT_MULT(LITE_PK, LANG_PK, MULT_DESC)
VALUES('D0C9B8B1E3AB894FA3B4D5AB164AC7F6', 1049, 'Поставщик');
INSERT INTO TNHT_ENUM (ENUM_PK, LITE_PK)
VALUES(12, 'D0C9B8B1E3AB894FA3B4D5AB164AC7F6');
INSERT INTO TNHT_LITE(LITE_PK) VALUES('DD6019D9C25444469BF202313E9AE882');
INSERT INTO TNHT_MULT(LITE_PK, LANG_PK, MULT_DESC)
VALUES('DD6019D9C25444469BF202313E9AE882', 1033, 'Other');
INSERT INTO TNHT_MULT(LITE_PK, LANG_PK, MULT_DESC)
VALUES('DD6019D9C25444469BF202313E9AE882', 3082, 'Otro');
INSERT INTO TNHT_MULT(LITE_PK, LANG_PK, MULT_DESC)
VALUES('DD6019D9C25444469BF202313E9AE882', 2070, 'Otro');
INSERT INTO TNHT_MULT(LITE_PK, LANG_PK, MULT_DESC)
VALUES('DD6019D9C25444469BF202313E9AE882', 1036, 'Autre');
INSERT INTO TNHT_MULT(LITE_PK, LANG_PK, MULT_DESC)
VALUES('DD6019D9C25444469BF202313E9AE882', 1049, 'Другой');
INSERT INTO TNHT_ENUM (ENUM_PK, LITE_PK)
VALUES(13, 'DD6019D9C25444469BF202313E9AE882');
INSERT INTO TNHT_LITE(LITE_PK) VALUES('03AC0F563195F649B76DAB1BE1891C8B');
INSERT INTO TNHT_MULT(LITE_PK, LANG_PK, MULT_DESC)
VALUES('03AC0F563195F649B76DAB1BE1891C8B', 1033, 'Yes');
INSERT INTO TNHT_MULT(LITE_PK, LANG_PK, MULT_DESC)
VALUES('03AC0F563195F649B76DAB1BE1891C8B', 3082, 'Si');
INSERT INTO TNHT_MULT(LITE_PK, LANG_PK, MULT_DESC)
VALUES('03AC0F563195F649B76DAB1BE1891C8B', 2070, 'Sim');
INSERT INTO TNHT_MULT(LITE_PK, LANG_PK, MULT_DESC)
VALUES('03AC0F563195F649B76DAB1BE1891C8B', 1036, 'Oui');
INSERT INTO TNHT_MULT(LITE_PK, LANG_PK, MULT_DESC)
VALUES('03AC0F563195F649B76DAB1BE1891C8B', 1049, 'Да');
INSERT INTO TNHT_ENUM (ENUM_PK, LITE_PK)
VALUES(17, '03AC0F563195F649B76DAB1BE1891C8B');
INSERT INTO TNHT_LITE(LITE_PK) VALUES('A827209654C67849B0C0637DCFEB71AB');
INSERT INTO TNHT_MULT(LITE_PK, LANG_PK, MULT_DESC)
VALUES('A827209654C67849B0C0637DCFEB71AB', 1033, 'No');
INSERT INTO TNHT_MULT(LITE_PK, LANG_PK, MULT_DESC)
VALUES('A827209654C67849B0C0637DCFEB71AB', 3082, 'No');
INSERT INTO TNHT_MULT(LITE_PK, LANG_PK, MULT_DESC)
VALUES('A827209654C67849B0C0637DCFEB71AB', 2070, 'Não');
INSERT INTO TNHT_MULT(LITE_PK, LANG_PK, MULT_DESC)
VALUES('A827209654C67849B0C0637DCFEB71AB', 1036, 'Non');
INSERT INTO TNHT_MULT(LITE_PK, LANG_PK, MULT_DESC)
VALUES('A827209654C67849B0C0637DCFEB71AB', 1049, 'Hет');
INSERT INTO TNHT_ENUM (ENUM_PK, LITE_PK)
VALUES(18, 'A827209654C67849B0C0637DCFEB71AB');
INSERT INTO TNHT_LITE(LITE_PK) VALUES('99D08CD54FD1E24CB3A089EC0868EDBE');
INSERT INTO TNHT_MULT(LITE_PK, LANG_PK, MULT_DESC)
VALUES('99D08CD54FD1E24CB3A089EC0868EDBE', 1033, 'Adult');
INSERT INTO TNHT_MULT(LITE_PK, LANG_PK, MULT_DESC)
VALUES('99D08CD54FD1E24CB3A089EC0868EDBE', 3082, 'Adulto');
INSERT INTO TNHT_MULT(LITE_PK, LANG_PK, MULT_DESC)
VALUES('99D08CD54FD1E24CB3A089EC0868EDBE', 2070, 'Adulto');
INSERT INTO TNHT_MULT(LITE_PK, LANG_PK, MULT_DESC)
VALUES('99D08CD54FD1E24CB3A089EC0868EDBE', 1036, 'Adulte');
INSERT INTO TNHT_MULT(LITE_PK, LANG_PK, MULT_DESC)
VALUES('99D08CD54FD1E24CB3A089EC0868EDBE', 1049, 'Взрослый');
INSERT INTO TNHT_ENUM (ENUM_PK, LITE_PK)
VALUES(31, '99D08CD54FD1E24CB3A089EC0868EDBE');
INSERT INTO TNHT_LITE(LITE_PK) VALUES('023FBA817982A446BB1A91C9D6B56E65');
INSERT INTO TNHT_MULT(LITE_PK, LANG_PK, MULT_DESC)
VALUES('023FBA817982A446BB1A91C9D6B56E65', 1033, '1st Adult Extra');
INSERT INTO TNHT_MULT(LITE_PK, LANG_PK, MULT_DESC)
VALUES('023FBA817982A446BB1A91C9D6B56E65', 3082, '1er Adulto Extra');
INSERT INTO TNHT_MULT(LITE_PK, LANG_PK, MULT_DESC)
VALUES('023FBA817982A446BB1A91C9D6B56E65', 2070, '1er Adulto Extra');
INSERT INTO TNHT_MULT(LITE_PK, LANG_PK, MULT_DESC)
VALUES('023FBA817982A446BB1A91C9D6B56E65', 1036, '1er Adulte Extra');
INSERT INTO TNHT_MULT(LITE_PK, LANG_PK, MULT_DESC)
VALUES('023FBA817982A446BB1A91C9D6B56E65', 1049, '1º Взрослый дополнительный');
INSERT INTO TNHT_ENUM (ENUM_PK, LITE_PK)
VALUES(32, '023FBA817982A446BB1A91C9D6B56E65');
INSERT INTO TNHT_LITE(LITE_PK) VALUES('C30AFA616F10B64CBB629DE12BEFA628');
INSERT INTO TNHT_MULT(LITE_PK, LANG_PK, MULT_DESC)
VALUES('C30AFA616F10B64CBB629DE12BEFA628', 1033, 'Other Adult');
INSERT INTO TNHT_MULT(LITE_PK, LANG_PK, MULT_DESC)
VALUES('C30AFA616F10B64CBB629DE12BEFA628', 3082, 'Otro Adulto');
INSERT INTO TNHT_MULT(LITE_PK, LANG_PK, MULT_DESC)
VALUES('C30AFA616F10B64CBB629DE12BEFA628', 2070, 'Outro Adulto');
INSERT INTO TNHT_MULT(LITE_PK, LANG_PK, MULT_DESC)
VALUES('C30AFA616F10B64CBB629DE12BEFA628', 1036, 'Autre Adulte');
INSERT INTO TNHT_MULT(LITE_PK, LANG_PK, MULT_DESC)
VALUES('C30AFA616F10B64CBB629DE12BEFA628', 1049, 'Другой взрослый');
INSERT INTO TNHT_ENUM (ENUM_PK, LITE_PK)
VALUES(33, 'C30AFA616F10B64CBB629DE12BEFA628');
INSERT INTO TNHT_LITE(LITE_PK) VALUES('5EF265767EF46A479FABB143635E5D78');
INSERT INTO TNHT_MULT(LITE_PK, LANG_PK, MULT_DESC)
VALUES('5EF265767EF46A479FABB143635E5D78', 1033, 'Adult Extra');
INSERT INTO TNHT_MULT(LITE_PK, LANG_PK, MULT_DESC)
VALUES('5EF265767EF46A479FABB143635E5D78', 3082, 'Adulto Extra');
INSERT INTO TNHT_MULT(LITE_PK, LANG_PK, MULT_DESC)
VALUES('5EF265767EF46A479FABB143635E5D78', 2070, 'Adulto Extra');
INSERT INTO TNHT_MULT(LITE_PK, LANG_PK, MULT_DESC)
VALUES('5EF265767EF46A479FABB143635E5D78', 1036, 'Adulte Extra');
INSERT INTO TNHT_MULT(LITE_PK, LANG_PK, MULT_DESC)
VALUES('5EF265767EF46A479FABB143635E5D78', 1049, 'Взрослый дополнительный');
INSERT INTO TNHT_ENUM (ENUM_PK, LITE_PK)
VALUES(34, '5EF265767EF46A479FABB143635E5D78');
INSERT INTO TNHT_LITE(LITE_PK) VALUES('72927C9351DA2E4DB2798D48D4980E01');
INSERT INTO TNHT_MULT(LITE_PK, LANG_PK, MULT_DESC)
VALUES('72927C9351DA2E4DB2798D48D4980E01', 1033, 'Single Supplement');
INSERT INTO TNHT_MULT(LITE_PK, LANG_PK, MULT_DESC)
VALUES('72927C9351DA2E4DB2798D48D4980E01', 3082, 'Suplemento Individual');
INSERT INTO TNHT_MULT(LITE_PK, LANG_PK, MULT_DESC)
VALUES('72927C9351DA2E4DB2798D48D4980E01', 2070, 'Suplemento Individual');
INSERT INTO TNHT_MULT(LITE_PK, LANG_PK, MULT_DESC)
VALUES('72927C9351DA2E4DB2798D48D4980E01', 1036, 'Supplement Single');
INSERT INTO TNHT_MULT(LITE_PK, LANG_PK, MULT_DESC)
VALUES('72927C9351DA2E4DB2798D48D4980E01', 1049, 'Одиночное проживание');
INSERT INTO TNHT_ENUM (ENUM_PK, LITE_PK)
VALUES(35, '72927C9351DA2E4DB2798D48D4980E01');
INSERT INTO TNHT_LITE(LITE_PK) VALUES('60697524749B8A48A49C57F240C71884');
INSERT INTO TNHT_MULT(LITE_PK, LANG_PK, MULT_DESC)
VALUES('60697524749B8A48A49C57F240C71884', 1033, 'Room');
INSERT INTO TNHT_MULT(LITE_PK, LANG_PK, MULT_DESC)
VALUES('60697524749B8A48A49C57F240C71884', 3082, 'Habitación');
INSERT INTO TNHT_MULT(LITE_PK, LANG_PK, MULT_DESC)
VALUES('60697524749B8A48A49C57F240C71884', 2070, 'Quarto');
INSERT INTO TNHT_MULT(LITE_PK, LANG_PK, MULT_DESC)
VALUES('60697524749B8A48A49C57F240C71884', 1036, 'Chambre');
INSERT INTO TNHT_MULT(LITE_PK, LANG_PK, MULT_DESC)
VALUES('60697524749B8A48A49C57F240C71884', 1049, 'Номер');
INSERT INTO TNHT_ENUM (ENUM_PK, LITE_PK)
VALUES(61, '60697524749B8A48A49C57F240C71884');
INSERT INTO TNHT_LITE(LITE_PK) VALUES('F2CAB883D535FD4EAB2DA01252D121B0');
INSERT INTO TNHT_MULT(LITE_PK, LANG_PK, MULT_DESC)
VALUES('F2CAB883D535FD4EAB2DA01252D121B0', 1033, 'Meal Plan');
INSERT INTO TNHT_MULT(LITE_PK, LANG_PK, MULT_DESC)
VALUES('F2CAB883D535FD4EAB2DA01252D121B0', 3082, 'Pensión');
INSERT INTO TNHT_MULT(LITE_PK, LANG_PK, MULT_DESC)
VALUES('F2CAB883D535FD4EAB2DA01252D121B0', 2070, 'Pensão');
INSERT INTO TNHT_MULT(LITE_PK, LANG_PK, MULT_DESC)
VALUES('F2CAB883D535FD4EAB2DA01252D121B0', 1036, 'Arrangement');
INSERT INTO TNHT_MULT(LITE_PK, LANG_PK, MULT_DESC)
VALUES('F2CAB883D535FD4EAB2DA01252D121B0', 1049, 'План питания');
INSERT INTO TNHT_ENUM (ENUM_PK, LITE_PK)
VALUES(62, 'F2CAB883D535FD4EAB2DA01252D121B0');
INSERT INTO TNHT_LITE(LITE_PK) VALUES('0DFA7D3D79574C4FBF4147DA26BB9B7A');
INSERT INTO TNHT_MULT(LITE_PK, LANG_PK, MULT_DESC)
VALUES('0DFA7D3D79574C4FBF4147DA26BB9B7A', 1033, 'Adults');
INSERT INTO TNHT_MULT(LITE_PK, LANG_PK, MULT_DESC)
VALUES('0DFA7D3D79574C4FBF4147DA26BB9B7A', 3082, 'Adultos');
INSERT INTO TNHT_MULT(LITE_PK, LANG_PK, MULT_DESC)
VALUES('0DFA7D3D79574C4FBF4147DA26BB9B7A', 2070, 'Adultos');
INSERT INTO TNHT_MULT(LITE_PK, LANG_PK, MULT_DESC)
VALUES('0DFA7D3D79574C4FBF4147DA26BB9B7A', 1036, 'Adultes');
INSERT INTO TNHT_MULT(LITE_PK, LANG_PK, MULT_DESC)
VALUES('0DFA7D3D79574C4FBF4147DA26BB9B7A', 1049, 'Взрослые');
INSERT INTO TNHT_ENUM (ENUM_PK, LITE_PK)
VALUES(63, '0DFA7D3D79574C4FBF4147DA26BB9B7A');
INSERT INTO TNHT_LITE(LITE_PK) VALUES('8C5831162A455A40AB57F001BC76233B');
INSERT INTO TNHT_MULT(LITE_PK, LANG_PK, MULT_DESC)
VALUES('8C5831162A455A40AB57F001BC76233B', 1033, 'Childs');
INSERT INTO TNHT_MULT(LITE_PK, LANG_PK, MULT_DESC)
VALUES('8C5831162A455A40AB57F001BC76233B', 3082, 'Niños');
INSERT INTO TNHT_MULT(LITE_PK, LANG_PK, MULT_DESC)
VALUES('8C5831162A455A40AB57F001BC76233B', 2070, 'Crianças');
INSERT INTO TNHT_MULT(LITE_PK, LANG_PK, MULT_DESC)
VALUES('8C5831162A455A40AB57F001BC76233B', 1036, 'Enfant');
INSERT INTO TNHT_MULT(LITE_PK, LANG_PK, MULT_DESC)
VALUES('8C5831162A455A40AB57F001BC76233B', 1049, 'Дети');
INSERT INTO TNHT_ENUM (ENUM_PK, LITE_PK)
VALUES(64, '8C5831162A455A40AB57F001BC76233B');
INSERT INTO TNHT_LITE(LITE_PK) VALUES('D7BB580CBFEBC4449E3506010BB6FC34');
INSERT INTO TNHT_MULT(LITE_PK, LANG_PK, MULT_DESC)
VALUES('D7BB580CBFEBC4449E3506010BB6FC34', 1033, 'On Base');
INSERT INTO TNHT_MULT(LITE_PK, LANG_PK, MULT_DESC)
VALUES('D7BB580CBFEBC4449E3506010BB6FC34', 3082, 'Sobre Base');
INSERT INTO TNHT_MULT(LITE_PK, LANG_PK, MULT_DESC)
VALUES('D7BB580CBFEBC4449E3506010BB6FC34', 2070, 'Sobre Base');
INSERT INTO TNHT_MULT(LITE_PK, LANG_PK, MULT_DESC)
VALUES('D7BB580CBFEBC4449E3506010BB6FC34', 1036, 'Sur Base');
INSERT INTO TNHT_MULT(LITE_PK, LANG_PK, MULT_DESC)
VALUES('D7BB580CBFEBC4449E3506010BB6FC34', 1049, 'Основа');
INSERT INTO TNHT_ENUM (ENUM_PK, LITE_PK)
VALUES(91, 'D7BB580CBFEBC4449E3506010BB6FC34');
INSERT INTO TNHT_LITE(LITE_PK) VALUES('43FBF652FFAC304EB83FCFCFA2825533');
INSERT INTO TNHT_MULT(LITE_PK, LANG_PK, MULT_DESC)
VALUES('43FBF652FFAC304EB83FCFCFA2825533', 1033, 'On Base + Rate 1');
INSERT INTO TNHT_MULT(LITE_PK, LANG_PK, MULT_DESC)
VALUES('43FBF652FFAC304EB83FCFCFA2825533', 3082, 'Sobre Base + Tasa 1');
INSERT INTO TNHT_MULT(LITE_PK, LANG_PK, MULT_DESC)
VALUES('43FBF652FFAC304EB83FCFCFA2825533', 2070, 'Sobre Base + Taxa 1');
INSERT INTO TNHT_MULT(LITE_PK, LANG_PK, MULT_DESC)
VALUES('43FBF652FFAC304EB83FCFCFA2825533', 1036, 'Sur Base + Taxe 1');
INSERT INTO TNHT_MULT(LITE_PK, LANG_PK, MULT_DESC)
VALUES('43FBF652FFAC304EB83FCFCFA2825533', 1049, 'Основа + Тариф 1');
INSERT INTO TNHT_ENUM (ENUM_PK, LITE_PK)
VALUES(92, '43FBF652FFAC304EB83FCFCFA2825533');
INSERT INTO TNHT_LITE(LITE_PK) VALUES('33849013C409BC47ACC11F6C20EE14E6');
INSERT INTO TNHT_MULT(LITE_PK, LANG_PK, MULT_DESC)
VALUES('33849013C409BC47ACC11F6C20EE14E6', 1033, 'On Base + Rate 2');
INSERT INTO TNHT_MULT(LITE_PK, LANG_PK, MULT_DESC)
VALUES('33849013C409BC47ACC11F6C20EE14E6', 3082, 'Sobre Base + Tasa 2');
INSERT INTO TNHT_MULT(LITE_PK, LANG_PK, MULT_DESC)
VALUES('33849013C409BC47ACC11F6C20EE14E6', 2070, 'Sobre Base + Taxa 2');
INSERT INTO TNHT_MULT(LITE_PK, LANG_PK, MULT_DESC)
VALUES('33849013C409BC47ACC11F6C20EE14E6', 1036, 'Sur Base + Taxe 2');
INSERT INTO TNHT_MULT(LITE_PK, LANG_PK, MULT_DESC)
VALUES('33849013C409BC47ACC11F6C20EE14E6', 1049, 'Основа + Тариф 2');
INSERT INTO TNHT_ENUM (ENUM_PK, LITE_PK)
VALUES(93, '33849013C409BC47ACC11F6C20EE14E6');
INSERT INTO TNHT_LITE(LITE_PK) VALUES('09EFF3B3E4806A4791C57C4ECABB8758');
INSERT INTO TNHT_MULT(LITE_PK, LANG_PK, MULT_DESC)
VALUES('09EFF3B3E4806A4791C57C4ECABB8758', 1033, 'On Base + Rate 1 + Rate 2');
INSERT INTO TNHT_MULT(LITE_PK, LANG_PK, MULT_DESC)
VALUES('09EFF3B3E4806A4791C57C4ECABB8758', 3082, 'Sobre Base + Tasa 1 + Tasa 2');
INSERT INTO TNHT_MULT(LITE_PK, LANG_PK, MULT_DESC)
VALUES('09EFF3B3E4806A4791C57C4ECABB8758', 2070, 'Sobre Base + Taxa 1 + Taxa 2');
INSERT INTO TNHT_MULT(LITE_PK, LANG_PK, MULT_DESC)
VALUES('09EFF3B3E4806A4791C57C4ECABB8758', 1036, 'Sur Base + Taxe 1 + Taxe 2');
INSERT INTO TNHT_MULT(LITE_PK, LANG_PK, MULT_DESC)
VALUES('09EFF3B3E4806A4791C57C4ECABB8758', 1049, 'Основа + Тариф 1 + Тариф 2');
INSERT INTO TNHT_ENUM (ENUM_PK, LITE_PK)
VALUES(94, '09EFF3B3E4806A4791C57C4ECABB8758');
INSERT INTO TNHT_LITE(LITE_PK) VALUES('34F87DA35D7F5E4CB39B8F5BA899B43F');
INSERT INTO TNHT_MULT(LITE_PK, LANG_PK, MULT_DESC)
VALUES('34F87DA35D7F5E4CB39B8F5BA899B43F', 1033, 'Invoices');
INSERT INTO TNHT_MULT(LITE_PK, LANG_PK, MULT_DESC)
VALUES('34F87DA35D7F5E4CB39B8F5BA899B43F', 3082, 'Facturas');
INSERT INTO TNHT_MULT(LITE_PK, LANG_PK, MULT_DESC)
VALUES('34F87DA35D7F5E4CB39B8F5BA899B43F', 2070, 'Facturas');
INSERT INTO TNHT_MULT(LITE_PK, LANG_PK, MULT_DESC)
VALUES('34F87DA35D7F5E4CB39B8F5BA899B43F', 1036, 'Factures');
INSERT INTO TNHT_MULT(LITE_PK, LANG_PK, MULT_DESC)
VALUES('34F87DA35D7F5E4CB39B8F5BA899B43F', 1049, 'Счета');
INSERT INTO TNHT_ENUM (ENUM_PK, LITE_PK)
VALUES(121, '34F87DA35D7F5E4CB39B8F5BA899B43F');
INSERT INTO TNHT_LITE(LITE_PK) VALUES('DE284894A7CE354C875273F022516909');
INSERT INTO TNHT_MULT(LITE_PK, LANG_PK, MULT_DESC)
VALUES('DE284894A7CE354C875273F022516909', 1033, 'Entries');
INSERT INTO TNHT_MULT(LITE_PK, LANG_PK, MULT_DESC)
VALUES('DE284894A7CE354C875273F022516909', 3082, 'Asientos');
INSERT INTO TNHT_MULT(LITE_PK, LANG_PK, MULT_DESC)
VALUES('DE284894A7CE354C875273F022516909', 2070, 'Movimentos');
INSERT INTO TNHT_MULT(LITE_PK, LANG_PK, MULT_DESC)
VALUES('DE284894A7CE354C875273F022516909', 1036, 'Enregistrements');
INSERT INTO TNHT_MULT(LITE_PK, LANG_PK, MULT_DESC)
VALUES('DE284894A7CE354C875273F022516909', 1049, 'Записи');
INSERT INTO TNHT_ENUM (ENUM_PK, LITE_PK)
VALUES(122, 'DE284894A7CE354C875273F022516909');
INSERT INTO TNHT_LITE(LITE_PK) VALUES('44572B2EFF92F8448BC3C538EEDF577C');
INSERT INTO TNHT_MULT(LITE_PK, LANG_PK, MULT_DESC)
VALUES('44572B2EFF92F8448BC3C538EEDF577C', 1033, 'Reservations');
INSERT INTO TNHT_MULT(LITE_PK, LANG_PK, MULT_DESC)
VALUES('44572B2EFF92F8448BC3C538EEDF577C', 3082, 'Reservas');
INSERT INTO TNHT_MULT(LITE_PK, LANG_PK, MULT_DESC)
VALUES('44572B2EFF92F8448BC3C538EEDF577C', 2070, 'Reservas');
INSERT INTO TNHT_MULT(LITE_PK, LANG_PK, MULT_DESC)
VALUES('44572B2EFF92F8448BC3C538EEDF577C', 1036, 'Réservations');
INSERT INTO TNHT_MULT(LITE_PK, LANG_PK, MULT_DESC)
VALUES('44572B2EFF92F8448BC3C538EEDF577C', 1049, 'Бронирования');
INSERT INTO TNHT_ENUM (ENUM_PK, LITE_PK)
VALUES(123, '44572B2EFF92F8448BC3C538EEDF577C');
INSERT INTO TNHT_LITE(LITE_PK) VALUES('E7ACA4E4529D7349883A0FEA3BFAF08F');
INSERT INTO TNHT_MULT(LITE_PK, LANG_PK, MULT_DESC)
VALUES('E7ACA4E4529D7349883A0FEA3BFAF08F', 1033, 'Price');
INSERT INTO TNHT_MULT(LITE_PK, LANG_PK, MULT_DESC)
VALUES('E7ACA4E4529D7349883A0FEA3BFAF08F', 3082, 'Precios');
INSERT INTO TNHT_MULT(LITE_PK, LANG_PK, MULT_DESC)
VALUES('E7ACA4E4529D7349883A0FEA3BFAF08F', 2070, 'Preços');
INSERT INTO TNHT_MULT(LITE_PK, LANG_PK, MULT_DESC)
VALUES('E7ACA4E4529D7349883A0FEA3BFAF08F', 1036, 'Prix');
INSERT INTO TNHT_MULT(LITE_PK, LANG_PK, MULT_DESC)
VALUES('E7ACA4E4529D7349883A0FEA3BFAF08F', 1049, 'Цена');
INSERT INTO TNHT_ENUM (ENUM_PK, LITE_PK)
VALUES(124, 'E7ACA4E4529D7349883A0FEA3BFAF08F');
INSERT INTO TNHT_LITE(LITE_PK) VALUES('B38CC2F40B95AF41A0EFC889B2FC4603');
INSERT INTO TNHT_MULT(LITE_PK, LANG_PK, MULT_DESC)
VALUES('B38CC2F40B95AF41A0EFC889B2FC4603', 1033, 'Disc. Adult Price');
INSERT INTO TNHT_MULT(LITE_PK, LANG_PK, MULT_DESC)
VALUES('B38CC2F40B95AF41A0EFC889B2FC4603', 3082, 'Desc. Precio Adulto');
INSERT INTO TNHT_MULT(LITE_PK, LANG_PK, MULT_DESC)
VALUES('B38CC2F40B95AF41A0EFC889B2FC4603', 2070, 'Desc. Preço Adulto');
INSERT INTO TNHT_MULT(LITE_PK, LANG_PK, MULT_DESC)
VALUES('B38CC2F40B95AF41A0EFC889B2FC4603', 1036, 'Remise Prix Adulte');
INSERT INTO TNHT_MULT(LITE_PK, LANG_PK, MULT_DESC)
VALUES('B38CC2F40B95AF41A0EFC889B2FC4603', 1049, 'Скидка с цены взрослого');
INSERT INTO TNHT_ENUM (ENUM_PK, LITE_PK)
VALUES(151, 'B38CC2F40B95AF41A0EFC889B2FC4603');
INSERT INTO TNHT_LITE(LITE_PK) VALUES('0DB4FABF537AA24498857D4206B09143');
INSERT INTO TNHT_MULT(LITE_PK, LANG_PK, MULT_DESC)
VALUES('0DB4FABF537AA24498857D4206B09143', 1033, 'Disc. Adult Extra Price');
INSERT INTO TNHT_MULT(LITE_PK, LANG_PK, MULT_DESC)
VALUES('0DB4FABF537AA24498857D4206B09143', 3082, 'Desc. Precio Adulto Extra');
INSERT INTO TNHT_MULT(LITE_PK, LANG_PK, MULT_DESC)
VALUES('0DB4FABF537AA24498857D4206B09143', 2070, 'Desc. Preço Adulto Extra');
INSERT INTO TNHT_MULT(LITE_PK, LANG_PK, MULT_DESC)
VALUES('0DB4FABF537AA24498857D4206B09143', 1036, 'Remise Prix Extra Adulte');
INSERT INTO TNHT_MULT(LITE_PK, LANG_PK, MULT_DESC)
VALUES('0DB4FABF537AA24498857D4206B09143', 1049, 'Скидка с цены доп. взрослого');
INSERT INTO TNHT_ENUM (ENUM_PK, LITE_PK)
VALUES(152, '0DB4FABF537AA24498857D4206B09143');
INSERT INTO TNHT_LITE(LITE_PK) VALUES('6D52D042F99D8848BDA3A3D112315A22');
INSERT INTO TNHT_MULT(LITE_PK, LANG_PK, MULT_DESC)
VALUES('6D52D042F99D8848BDA3A3D112315A22', 1033, 'Fixed Prices');
INSERT INTO TNHT_MULT(LITE_PK, LANG_PK, MULT_DESC)
VALUES('6D52D042F99D8848BDA3A3D112315A22', 3082, 'Precios Fijos');
INSERT INTO TNHT_MULT(LITE_PK, LANG_PK, MULT_DESC)
VALUES('6D52D042F99D8848BDA3A3D112315A22', 2070, 'Preços Fixos');
INSERT INTO TNHT_MULT(LITE_PK, LANG_PK, MULT_DESC)
VALUES('6D52D042F99D8848BDA3A3D112315A22', 1036, 'Prix fixé');
INSERT INTO TNHT_MULT(LITE_PK, LANG_PK, MULT_DESC)
VALUES('6D52D042F99D8848BDA3A3D112315A22', 1049, 'Фиксированная цена');
INSERT INTO TNHT_ENUM (ENUM_PK, LITE_PK)
VALUES(153, '6D52D042F99D8848BDA3A3D112315A22');
INSERT INTO TNHT_LITE(LITE_PK) VALUES('BEC748BC841AD9489DB4A4FD5FEEC907');
INSERT INTO TNHT_MULT(LITE_PK, LANG_PK, MULT_DESC)
VALUES('BEC748BC841AD9489DB4A4FD5FEEC907', 1033, 'Single');
INSERT INTO TNHT_MULT(LITE_PK, LANG_PK, MULT_DESC)
VALUES('BEC748BC841AD9489DB4A4FD5FEEC907', 3082, 'Soltero');
INSERT INTO TNHT_MULT(LITE_PK, LANG_PK, MULT_DESC)
VALUES('BEC748BC841AD9489DB4A4FD5FEEC907', 2070, 'Solteiro');
INSERT INTO TNHT_MULT(LITE_PK, LANG_PK, MULT_DESC)
VALUES('BEC748BC841AD9489DB4A4FD5FEEC907', 1036, 'Célibataire');
INSERT INTO TNHT_MULT(LITE_PK, LANG_PK, MULT_DESC)
VALUES('BEC748BC841AD9489DB4A4FD5FEEC907', 1049, 'Холостой (незамужняя)');
INSERT INTO TNHT_ENUM (ENUM_PK, LITE_PK)
VALUES(181, 'BEC748BC841AD9489DB4A4FD5FEEC907');
INSERT INTO TNHT_LITE(LITE_PK) VALUES('7C80219B5F73C5468CA067F7D855BB17');
INSERT INTO TNHT_MULT(LITE_PK, LANG_PK, MULT_DESC)
VALUES('7C80219B5F73C5468CA067F7D855BB17', 1033, 'Married');
INSERT INTO TNHT_MULT(LITE_PK, LANG_PK, MULT_DESC)
VALUES('7C80219B5F73C5468CA067F7D855BB17', 3082, 'Casado');
INSERT INTO TNHT_MULT(LITE_PK, LANG_PK, MULT_DESC)
VALUES('7C80219B5F73C5468CA067F7D855BB17', 2070, 'Casado');
INSERT INTO TNHT_MULT(LITE_PK, LANG_PK, MULT_DESC)
VALUES('7C80219B5F73C5468CA067F7D855BB17', 1036, 'Marié');
INSERT INTO TNHT_MULT(LITE_PK, LANG_PK, MULT_DESC)
VALUES('7C80219B5F73C5468CA067F7D855BB17', 1049, 'Женат (замужем)');
INSERT INTO TNHT_ENUM (ENUM_PK, LITE_PK)
VALUES(182, '7C80219B5F73C5468CA067F7D855BB17');
INSERT INTO TNHT_LITE(LITE_PK) VALUES('B4D8E58D10D762478405F9AB17C9E843');
INSERT INTO TNHT_MULT(LITE_PK, LANG_PK, MULT_DESC)
VALUES('B4D8E58D10D762478405F9AB17C9E843', 1033, 'Divorced');
INSERT INTO TNHT_MULT(LITE_PK, LANG_PK, MULT_DESC)
VALUES('B4D8E58D10D762478405F9AB17C9E843', 3082, 'Divorciado');
INSERT INTO TNHT_MULT(LITE_PK, LANG_PK, MULT_DESC)
VALUES('B4D8E58D10D762478405F9AB17C9E843', 2070, 'Divorciado');
INSERT INTO TNHT_MULT(LITE_PK, LANG_PK, MULT_DESC)
VALUES('B4D8E58D10D762478405F9AB17C9E843', 1036, 'Divorcé');
INSERT INTO TNHT_MULT(LITE_PK, LANG_PK, MULT_DESC)
VALUES('B4D8E58D10D762478405F9AB17C9E843', 1049, 'В разводе');
INSERT INTO TNHT_ENUM (ENUM_PK, LITE_PK)
VALUES(183, 'B4D8E58D10D762478405F9AB17C9E843');
INSERT INTO TNHT_LITE(LITE_PK) VALUES('F47D3BF6E5AE1545A24F5B52616F3E2A');
INSERT INTO TNHT_MULT(LITE_PK, LANG_PK, MULT_DESC)
VALUES('F47D3BF6E5AE1545A24F5B52616F3E2A', 1033, 'Widowed');
INSERT INTO TNHT_MULT(LITE_PK, LANG_PK, MULT_DESC)
VALUES('F47D3BF6E5AE1545A24F5B52616F3E2A', 3082, 'Viudo');
INSERT INTO TNHT_MULT(LITE_PK, LANG_PK, MULT_DESC)
VALUES('F47D3BF6E5AE1545A24F5B52616F3E2A', 2070, 'Viúvo');
INSERT INTO TNHT_MULT(LITE_PK, LANG_PK, MULT_DESC)
VALUES('F47D3BF6E5AE1545A24F5B52616F3E2A', 1036, 'Veuf');
INSERT INTO TNHT_MULT(LITE_PK, LANG_PK, MULT_DESC)
VALUES('F47D3BF6E5AE1545A24F5B52616F3E2A', 1049, 'Вдовец (вдова)');
INSERT INTO TNHT_ENUM (ENUM_PK, LITE_PK)
VALUES(184, 'F47D3BF6E5AE1545A24F5B52616F3E2A');
INSERT INTO TNHT_LITE(LITE_PK) VALUES('9D73A97219402A418725C6958C8517D2');
INSERT INTO TNHT_MULT(LITE_PK, LANG_PK, MULT_DESC)
VALUES('9D73A97219402A418725C6958C8517D2', 1033, 'Company');
INSERT INTO TNHT_MULT(LITE_PK, LANG_PK, MULT_DESC)
VALUES('9D73A97219402A418725C6958C8517D2', 3082, 'Entidad');
INSERT INTO TNHT_MULT(LITE_PK, LANG_PK, MULT_DESC)
VALUES('9D73A97219402A418725C6958C8517D2', 2070, 'Entidad');
INSERT INTO TNHT_MULT(LITE_PK, LANG_PK, MULT_DESC)
VALUES('9D73A97219402A418725C6958C8517D2', 1036, 'Compagnie');
INSERT INTO TNHT_MULT(LITE_PK, LANG_PK, MULT_DESC)
VALUES('9D73A97219402A418725C6958C8517D2', 1049, 'Компания');
INSERT INTO TNHT_ENUM (ENUM_PK, LITE_PK)
VALUES(211, '9D73A97219402A418725C6958C8517D2');
INSERT INTO TNHT_LITE(LITE_PK) VALUES('11042494B4C5E742BDE59C916D77A75E');
INSERT INTO TNHT_MULT(LITE_PK, LANG_PK, MULT_DESC)
VALUES('11042494B4C5E742BDE59C916D77A75E', 1033, 'Direct');
INSERT INTO TNHT_MULT(LITE_PK, LANG_PK, MULT_DESC)
VALUES('11042494B4C5E742BDE59C916D77A75E', 3082, 'Directo');
INSERT INTO TNHT_MULT(LITE_PK, LANG_PK, MULT_DESC)
VALUES('11042494B4C5E742BDE59C916D77A75E', 2070, 'Directo');
INSERT INTO TNHT_MULT(LITE_PK, LANG_PK, MULT_DESC)
VALUES('11042494B4C5E742BDE59C916D77A75E', 1036, 'Direct');
INSERT INTO TNHT_MULT(LITE_PK, LANG_PK, MULT_DESC)
VALUES('11042494B4C5E742BDE59C916D77A75E', 1049, 'Прямой');
INSERT INTO TNHT_ENUM (ENUM_PK, LITE_PK)
VALUES(212, '11042494B4C5E742BDE59C916D77A75E');
INSERT INTO TNHT_LITE(LITE_PK) VALUES('74125B06774F4042B343B369E7AFD3EF');
INSERT INTO TNHT_MULT(LITE_PK, LANG_PK, MULT_DESC)
VALUES('74125B06774F4042B343B369E7AFD3EF', 1033, 'Reservation');
INSERT INTO TNHT_MULT(LITE_PK, LANG_PK, MULT_DESC)
VALUES('74125B06774F4042B343B369E7AFD3EF', 3082, 'Reserva');
INSERT INTO TNHT_MULT(LITE_PK, LANG_PK, MULT_DESC)
VALUES('74125B06774F4042B343B369E7AFD3EF', 2070, 'Reserva');
INSERT INTO TNHT_MULT(LITE_PK, LANG_PK, MULT_DESC)
VALUES('74125B06774F4042B343B369E7AFD3EF', 1036, 'Réservation');
INSERT INTO TNHT_MULT(LITE_PK, LANG_PK, MULT_DESC)
VALUES('74125B06774F4042B343B369E7AFD3EF', 1049, 'Бронирование');
INSERT INTO TNHT_ENUM (ENUM_PK, LITE_PK)
VALUES(241, '74125B06774F4042B343B369E7AFD3EF');
INSERT INTO TNHT_LITE(LITE_PK) VALUES('38FEF7BF67818642B8F325EFE598598D');
INSERT INTO TNHT_MULT(LITE_PK, LANG_PK, MULT_DESC)
VALUES('38FEF7BF67818642B8F325EFE598598D', 1033, 'Group');
INSERT INTO TNHT_MULT(LITE_PK, LANG_PK, MULT_DESC)
VALUES('38FEF7BF67818642B8F325EFE598598D', 3082, 'Grupo');
INSERT INTO TNHT_MULT(LITE_PK, LANG_PK, MULT_DESC)
VALUES('38FEF7BF67818642B8F325EFE598598D', 2070, 'Grupo');
INSERT INTO TNHT_MULT(LITE_PK, LANG_PK, MULT_DESC)
VALUES('38FEF7BF67818642B8F325EFE598598D', 1036, 'Groupe');
INSERT INTO TNHT_MULT(LITE_PK, LANG_PK, MULT_DESC)
VALUES('38FEF7BF67818642B8F325EFE598598D', 1049, 'Группа');
INSERT INTO TNHT_ENUM (ENUM_PK, LITE_PK)
VALUES(242, '38FEF7BF67818642B8F325EFE598598D');
INSERT INTO TNHT_LITE(LITE_PK) VALUES('7DC317B831FE3045AC427A7D87817B6E');
INSERT INTO TNHT_MULT(LITE_PK, LANG_PK, MULT_DESC)
VALUES('7DC317B831FE3045AC427A7D87817B6E', 1033, 'Guest');
INSERT INTO TNHT_MULT(LITE_PK, LANG_PK, MULT_DESC)
VALUES('7DC317B831FE3045AC427A7D87817B6E', 3082, 'Huésped');
INSERT INTO TNHT_MULT(LITE_PK, LANG_PK, MULT_DESC)
VALUES('7DC317B831FE3045AC427A7D87817B6E', 2070, 'Hóspede');
INSERT INTO TNHT_MULT(LITE_PK, LANG_PK, MULT_DESC)
VALUES('7DC317B831FE3045AC427A7D87817B6E', 1036, 'Hôte');
INSERT INTO TNHT_MULT(LITE_PK, LANG_PK, MULT_DESC)
VALUES('7DC317B831FE3045AC427A7D87817B6E', 1049, 'Гость');
INSERT INTO TNHT_ENUM (ENUM_PK, LITE_PK)
VALUES(244, '7DC317B831FE3045AC427A7D87817B6E');
INSERT INTO TNHT_LITE(LITE_PK) VALUES('7FCCBAEBA0A73342BDC9F059822323F3');
INSERT INTO TNHT_MULT(LITE_PK, LANG_PK, MULT_DESC)
VALUES('7FCCBAEBA0A73342BDC9F059822323F3', 1033, 'Control account');
INSERT INTO TNHT_MULT(LITE_PK, LANG_PK, MULT_DESC)
VALUES('7FCCBAEBA0A73342BDC9F059822323F3', 3082, 'Cuenta control');
INSERT INTO TNHT_MULT(LITE_PK, LANG_PK, MULT_DESC)
VALUES('7FCCBAEBA0A73342BDC9F059822323F3', 2070, 'Conta controle');
INSERT INTO TNHT_MULT(LITE_PK, LANG_PK, MULT_DESC)
VALUES('7FCCBAEBA0A73342BDC9F059822323F3', 1036, 'Compte contrôle');
INSERT INTO TNHT_MULT(LITE_PK, LANG_PK, MULT_DESC)
VALUES('7FCCBAEBA0A73342BDC9F059822323F3', 1049, 'Контроль счета');
INSERT INTO TNHT_ENUM (ENUM_PK, LITE_PK)
VALUES(245, '7FCCBAEBA0A73342BDC9F059822323F3');
INSERT INTO TNHT_LITE(LITE_PK) VALUES('98E6B389B6A90644825D2CFCA0452714');
INSERT INTO TNHT_MULT(LITE_PK, LANG_PK, MULT_DESC)
VALUES('98E6B389B6A90644825D2CFCA0452714', 1033, 'Credit');
INSERT INTO TNHT_MULT(LITE_PK, LANG_PK, MULT_DESC)
VALUES('98E6B389B6A90644825D2CFCA0452714', 3082, 'Crédito');
INSERT INTO TNHT_MULT(LITE_PK, LANG_PK, MULT_DESC)
VALUES('98E6B389B6A90644825D2CFCA0452714', 2070, 'Crédito');
INSERT INTO TNHT_MULT(LITE_PK, LANG_PK, MULT_DESC)
VALUES('98E6B389B6A90644825D2CFCA0452714', 1036, 'Crédit');
INSERT INTO TNHT_MULT(LITE_PK, LANG_PK, MULT_DESC)
VALUES('98E6B389B6A90644825D2CFCA0452714', 1049, 'Кредит');
INSERT INTO TNHT_ENUM (ENUM_PK, LITE_PK)
VALUES(271, '98E6B389B6A90644825D2CFCA0452714');
INSERT INTO TNHT_LITE(LITE_PK) VALUES('EDE7F830C131CF408EC583CDFBE07B32');
INSERT INTO TNHT_MULT(LITE_PK, LANG_PK, MULT_DESC)
VALUES('EDE7F830C131CF408EC583CDFBE07B32', 1033, 'Debit');
INSERT INTO TNHT_MULT(LITE_PK, LANG_PK, MULT_DESC)
VALUES('EDE7F830C131CF408EC583CDFBE07B32', 3082, 'Débito');
INSERT INTO TNHT_MULT(LITE_PK, LANG_PK, MULT_DESC)
VALUES('EDE7F830C131CF408EC583CDFBE07B32', 2070, 'Débito');
INSERT INTO TNHT_MULT(LITE_PK, LANG_PK, MULT_DESC)
VALUES('EDE7F830C131CF408EC583CDFBE07B32', 1036, 'Débit');
INSERT INTO TNHT_MULT(LITE_PK, LANG_PK, MULT_DESC)
VALUES('EDE7F830C131CF408EC583CDFBE07B32', 1049, 'Дебет');
INSERT INTO TNHT_ENUM (ENUM_PK, LITE_PK)
VALUES(272, 'EDE7F830C131CF408EC583CDFBE07B32');
INSERT INTO TNHT_LITE(LITE_PK) VALUES('5365EBE8C3B81D4AB2A3992801C2771D');
INSERT INTO TNHT_MULT(LITE_PK, LANG_PK, MULT_DESC)
VALUES('5365EBE8C3B81D4AB2A3992801C2771D', 1033, 'Arrive');
INSERT INTO TNHT_MULT(LITE_PK, LANG_PK, MULT_DESC)
VALUES('5365EBE8C3B81D4AB2A3992801C2771D', 3082, 'Entrada');
INSERT INTO TNHT_MULT(LITE_PK, LANG_PK, MULT_DESC)
VALUES('5365EBE8C3B81D4AB2A3992801C2771D', 2070, 'Chegada');
INSERT INTO TNHT_MULT(LITE_PK, LANG_PK, MULT_DESC)
VALUES('5365EBE8C3B81D4AB2A3992801C2771D', 1036, 'Arrivée');
INSERT INTO TNHT_MULT(LITE_PK, LANG_PK, MULT_DESC)
VALUES('5365EBE8C3B81D4AB2A3992801C2771D', 1049, 'Прибытие');
INSERT INTO TNHT_ENUM (ENUM_PK, LITE_PK)
VALUES(301, '5365EBE8C3B81D4AB2A3992801C2771D');
INSERT INTO TNHT_LITE(LITE_PK) VALUES('62264E5BD30A8D438C8E3F5DB44F96BD');
INSERT INTO TNHT_MULT(LITE_PK, LANG_PK, MULT_DESC)
VALUES('62264E5BD30A8D438C8E3F5DB44F96BD', 1033, 'Departure');
INSERT INTO TNHT_MULT(LITE_PK, LANG_PK, MULT_DESC)
VALUES('62264E5BD30A8D438C8E3F5DB44F96BD', 3082, 'Salida');
INSERT INTO TNHT_MULT(LITE_PK, LANG_PK, MULT_DESC)
VALUES('62264E5BD30A8D438C8E3F5DB44F96BD', 2070, 'Saida');
INSERT INTO TNHT_MULT(LITE_PK, LANG_PK, MULT_DESC)
VALUES('62264E5BD30A8D438C8E3F5DB44F96BD', 1036, 'Départ');
INSERT INTO TNHT_MULT(LITE_PK, LANG_PK, MULT_DESC)
VALUES('62264E5BD30A8D438C8E3F5DB44F96BD', 1049, 'Убытие');
INSERT INTO TNHT_ENUM (ENUM_PK, LITE_PK)
VALUES(302, '62264E5BD30A8D438C8E3F5DB44F96BD');
INSERT INTO TNHT_LITE(LITE_PK) VALUES('922E1BAE5DD111489E5FF83CDEACE354');
INSERT INTO TNHT_MULT(LITE_PK, LANG_PK, MULT_DESC)
VALUES('922E1BAE5DD111489E5FF83CDEACE354', 1033, 'Sleep Nights');
INSERT INTO TNHT_MULT(LITE_PK, LANG_PK, MULT_DESC)
VALUES('922E1BAE5DD111489E5FF83CDEACE354', 3082, 'Dormidas');
INSERT INTO TNHT_MULT(LITE_PK, LANG_PK, MULT_DESC)
VALUES('922E1BAE5DD111489E5FF83CDEACE354', 2070, 'Dormidas');
INSERT INTO TNHT_MULT(LITE_PK, LANG_PK, MULT_DESC)
VALUES('922E1BAE5DD111489E5FF83CDEACE354', 1036, 'Nuitees');
INSERT INTO TNHT_MULT(LITE_PK, LANG_PK, MULT_DESC)
VALUES('922E1BAE5DD111489E5FF83CDEACE354', 1049, 'Суток проживания');
INSERT INTO TNHT_ENUM (ENUM_PK, LITE_PK)
VALUES(303, '922E1BAE5DD111489E5FF83CDEACE354');
INSERT INTO TNHT_LITE(LITE_PK) VALUES('902024046D10B94FBB715EC4B6DA21A8');
INSERT INTO TNHT_MULT(LITE_PK, LANG_PK, MULT_DESC)
VALUES('902024046D10B94FBB715EC4B6DA21A8', 1033, 'Critical');
INSERT INTO TNHT_MULT(LITE_PK, LANG_PK, MULT_DESC)
VALUES('902024046D10B94FBB715EC4B6DA21A8', 3082, 'Crítico');
INSERT INTO TNHT_MULT(LITE_PK, LANG_PK, MULT_DESC)
VALUES('902024046D10B94FBB715EC4B6DA21A8', 2070, 'Crítica');
INSERT INTO TNHT_MULT(LITE_PK, LANG_PK, MULT_DESC)
VALUES('902024046D10B94FBB715EC4B6DA21A8', 1036, 'Critique');
INSERT INTO TNHT_MULT(LITE_PK, LANG_PK, MULT_DESC)
VALUES('902024046D10B94FBB715EC4B6DA21A8', 1049, 'Критический');
INSERT INTO TNHT_ENUM (ENUM_PK, LITE_PK)
VALUES(331, '902024046D10B94FBB715EC4B6DA21A8');
INSERT INTO TNHT_LITE(LITE_PK) VALUES('21E01AB3E5297F459B72784AF7D0D3FF');
INSERT INTO TNHT_MULT(LITE_PK, LANG_PK, MULT_DESC)
VALUES('21E01AB3E5297F459B72784AF7D0D3FF', 1033, 'Error');
INSERT INTO TNHT_MULT(LITE_PK, LANG_PK, MULT_DESC)
VALUES('21E01AB3E5297F459B72784AF7D0D3FF', 3082, 'Error');
INSERT INTO TNHT_MULT(LITE_PK, LANG_PK, MULT_DESC)
VALUES('21E01AB3E5297F459B72784AF7D0D3FF', 2070, 'Erro');
INSERT INTO TNHT_MULT(LITE_PK, LANG_PK, MULT_DESC)
VALUES('21E01AB3E5297F459B72784AF7D0D3FF', 1036, 'Erreur');
INSERT INTO TNHT_MULT(LITE_PK, LANG_PK, MULT_DESC)
VALUES('21E01AB3E5297F459B72784AF7D0D3FF', 1049, 'Ошибка');
INSERT INTO TNHT_ENUM (ENUM_PK, LITE_PK)
VALUES(332, '21E01AB3E5297F459B72784AF7D0D3FF');
INSERT INTO TNHT_LITE(LITE_PK) VALUES('948EE62AB9D8314F8FDAB16DC2871018');
INSERT INTO TNHT_MULT(LITE_PK, LANG_PK, MULT_DESC)
VALUES('948EE62AB9D8314F8FDAB16DC2871018', 1033, 'Warning');
INSERT INTO TNHT_MULT(LITE_PK, LANG_PK, MULT_DESC)
VALUES('948EE62AB9D8314F8FDAB16DC2871018', 3082, 'Aviso');
INSERT INTO TNHT_MULT(LITE_PK, LANG_PK, MULT_DESC)
VALUES('948EE62AB9D8314F8FDAB16DC2871018', 2070, 'Aviso');
INSERT INTO TNHT_MULT(LITE_PK, LANG_PK, MULT_DESC)
VALUES('948EE62AB9D8314F8FDAB16DC2871018', 1036, 'Avis');
INSERT INTO TNHT_MULT(LITE_PK, LANG_PK, MULT_DESC)
VALUES('948EE62AB9D8314F8FDAB16DC2871018', 1049, 'Предупреждение');
INSERT INTO TNHT_ENUM (ENUM_PK, LITE_PK)
VALUES(333, '948EE62AB9D8314F8FDAB16DC2871018');
INSERT INTO TNHT_LITE(LITE_PK) VALUES('EAA29A0E8DD5594DAB0503F24C88029F');
INSERT INTO TNHT_MULT(LITE_PK, LANG_PK, MULT_DESC)
VALUES('EAA29A0E8DD5594DAB0503F24C88029F', 1033, 'Information');
INSERT INTO TNHT_MULT(LITE_PK, LANG_PK, MULT_DESC)
VALUES('EAA29A0E8DD5594DAB0503F24C88029F', 3082, 'Información');
INSERT INTO TNHT_MULT(LITE_PK, LANG_PK, MULT_DESC)
VALUES('EAA29A0E8DD5594DAB0503F24C88029F', 2070, 'Informação');
INSERT INTO TNHT_MULT(LITE_PK, LANG_PK, MULT_DESC)
VALUES('EAA29A0E8DD5594DAB0503F24C88029F', 1036, 'Information');
INSERT INTO TNHT_MULT(LITE_PK, LANG_PK, MULT_DESC)
VALUES('EAA29A0E8DD5594DAB0503F24C88029F', 1049, 'Информация');
INSERT INTO TNHT_ENUM (ENUM_PK, LITE_PK)
VALUES(334, 'EAA29A0E8DD5594DAB0503F24C88029F');
INSERT INTO TNHT_LITE(LITE_PK) VALUES('9B9DF2888BF1104E89448C7E5A2AFBD0');
INSERT INTO TNHT_MULT(LITE_PK, LANG_PK, MULT_DESC)
VALUES('9B9DF2888BF1104E89448C7E5A2AFBD0', 1033, 'Audit');
INSERT INTO TNHT_MULT(LITE_PK, LANG_PK, MULT_DESC)
VALUES('9B9DF2888BF1104E89448C7E5A2AFBD0', 3082, 'Auditoría');
INSERT INTO TNHT_MULT(LITE_PK, LANG_PK, MULT_DESC)
VALUES('9B9DF2888BF1104E89448C7E5A2AFBD0', 2070, 'Auditoria');
INSERT INTO TNHT_MULT(LITE_PK, LANG_PK, MULT_DESC)
VALUES('9B9DF2888BF1104E89448C7E5A2AFBD0', 1036, 'Audit');
INSERT INTO TNHT_MULT(LITE_PK, LANG_PK, MULT_DESC)
VALUES('9B9DF2888BF1104E89448C7E5A2AFBD0', 1049, 'Аудит');
INSERT INTO TNHT_ENUM (ENUM_PK, LITE_PK)
VALUES(335, '9B9DF2888BF1104E89448C7E5A2AFBD0');
INSERT INTO TNHT_LITE(LITE_PK) VALUES('170466C0B8E33641800E41DC15285BBD');
INSERT INTO TNHT_MULT(LITE_PK, LANG_PK, MULT_DESC)
VALUES('170466C0B8E33641800E41DC15285BBD', 1033, 'Regular');
INSERT INTO TNHT_MULT(LITE_PK, LANG_PK, MULT_DESC)
VALUES('170466C0B8E33641800E41DC15285BBD', 3082, 'Regular');
INSERT INTO TNHT_MULT(LITE_PK, LANG_PK, MULT_DESC)
VALUES('170466C0B8E33641800E41DC15285BBD', 2070, 'Regular');
INSERT INTO TNHT_MULT(LITE_PK, LANG_PK, MULT_DESC)
VALUES('170466C0B8E33641800E41DC15285BBD', 1036, 'Regular');
INSERT INTO TNHT_MULT(LITE_PK, LANG_PK, MULT_DESC)
VALUES('170466C0B8E33641800E41DC15285BBD', 1049, 'Постоянный');
INSERT INTO TNHT_ENUM (ENUM_PK, LITE_PK)
VALUES(361, '170466C0B8E33641800E41DC15285BBD');
INSERT INTO TNHT_LITE(LITE_PK) VALUES('3754BF7D91435D43A257265AA23DD34B');
INSERT INTO TNHT_MULT(LITE_PK, LANG_PK, MULT_DESC)
VALUES('3754BF7D91435D43A257265AA23DD34B', 1033, 'Charter');
INSERT INTO TNHT_MULT(LITE_PK, LANG_PK, MULT_DESC)
VALUES('3754BF7D91435D43A257265AA23DD34B', 3082, 'Charter');
INSERT INTO TNHT_MULT(LITE_PK, LANG_PK, MULT_DESC)
VALUES('3754BF7D91435D43A257265AA23DD34B', 2070, 'Charter');
INSERT INTO TNHT_MULT(LITE_PK, LANG_PK, MULT_DESC)
VALUES('3754BF7D91435D43A257265AA23DD34B', 1036, 'Charter');
INSERT INTO TNHT_MULT(LITE_PK, LANG_PK, MULT_DESC)
VALUES('3754BF7D91435D43A257265AA23DD34B', 1049, 'Аренда');
INSERT INTO TNHT_ENUM (ENUM_PK, LITE_PK)
VALUES(362, '3754BF7D91435D43A257265AA23DD34B');
INSERT INTO TNHT_LITE(LITE_PK) VALUES('E4405FCACC4C6C4BBE7A407224E8A775');
INSERT INTO TNHT_MULT(LITE_PK, LANG_PK, MULT_DESC)
VALUES('E4405FCACC4C6C4BBE7A407224E8A775', 1033, 'Summarized');
INSERT INTO TNHT_MULT(LITE_PK, LANG_PK, MULT_DESC)
VALUES('E4405FCACC4C6C4BBE7A407224E8A775', 3082, 'Resumida');
INSERT INTO TNHT_MULT(LITE_PK, LANG_PK, MULT_DESC)
VALUES('E4405FCACC4C6C4BBE7A407224E8A775', 2070, 'Resumida');
INSERT INTO TNHT_MULT(LITE_PK, LANG_PK, MULT_DESC)
VALUES('E4405FCACC4C6C4BBE7A407224E8A775', 1036, 'Résumées');
INSERT INTO TNHT_MULT(LITE_PK, LANG_PK, MULT_DESC)
VALUES('E4405FCACC4C6C4BBE7A407224E8A775', 1049, 'Обобщенный');
INSERT INTO TNHT_ENUM (ENUM_PK, LITE_PK)
VALUES(391, 'E4405FCACC4C6C4BBE7A407224E8A775');
INSERT INTO TNHT_LITE(LITE_PK) VALUES('EE22A0F0F2C74642B786473774006381');
INSERT INTO TNHT_MULT(LITE_PK, LANG_PK, MULT_DESC)
VALUES('EE22A0F0F2C74642B786473774006381', 1033, 'Detailed');
INSERT INTO TNHT_MULT(LITE_PK, LANG_PK, MULT_DESC)
VALUES('EE22A0F0F2C74642B786473774006381', 3082, 'Detallada');
INSERT INTO TNHT_MULT(LITE_PK, LANG_PK, MULT_DESC)
VALUES('EE22A0F0F2C74642B786473774006381', 2070, 'Detalhada');
INSERT INTO TNHT_MULT(LITE_PK, LANG_PK, MULT_DESC)
VALUES('EE22A0F0F2C74642B786473774006381', 1036, 'Détaillé');
INSERT INTO TNHT_MULT(LITE_PK, LANG_PK, MULT_DESC)
VALUES('EE22A0F0F2C74642B786473774006381', 1049, 'Детальный');
INSERT INTO TNHT_ENUM (ENUM_PK, LITE_PK)
VALUES(392, 'EE22A0F0F2C74642B786473774006381');
INSERT INTO TNHT_LITE(LITE_PK) VALUES('BEE3DF9A2E48B54698F82BE3ACF1EF49');
INSERT INTO TNHT_MULT(LITE_PK, LANG_PK, MULT_DESC)
VALUES('BEE3DF9A2E48B54698F82BE3ACF1EF49', 1033, 'Commercial Information');
INSERT INTO TNHT_MULT(LITE_PK, LANG_PK, MULT_DESC)
VALUES('BEE3DF9A2E48B54698F82BE3ACF1EF49', 3082, 'Información Comercial');
INSERT INTO TNHT_MULT(LITE_PK, LANG_PK, MULT_DESC)
VALUES('BEE3DF9A2E48B54698F82BE3ACF1EF49', 2070, 'Informações Comerciais');
INSERT INTO TNHT_MULT(LITE_PK, LANG_PK, MULT_DESC)
VALUES('BEE3DF9A2E48B54698F82BE3ACF1EF49', 1036, 'Information Commercial');
INSERT INTO TNHT_MULT(LITE_PK, LANG_PK, MULT_DESC)
VALUES('BEE3DF9A2E48B54698F82BE3ACF1EF49', 1049, 'Коммерческая информация');
INSERT INTO TNHT_ENUM (ENUM_PK, LITE_PK)
VALUES(421, 'BEE3DF9A2E48B54698F82BE3ACF1EF49');
INSERT INTO TNHT_LITE(LITE_PK) VALUES('0753C395304A43489414DB20501FCB53');
INSERT INTO TNHT_MULT(LITE_PK, LANG_PK, MULT_DESC)
VALUES('0753C395304A43489414DB20501FCB53', 1033, 'Billing Information');
INSERT INTO TNHT_MULT(LITE_PK, LANG_PK, MULT_DESC)
VALUES('0753C395304A43489414DB20501FCB53', 3082, 'Información Fiscal');
INSERT INTO TNHT_MULT(LITE_PK, LANG_PK, MULT_DESC)
VALUES('0753C395304A43489414DB20501FCB53', 2070, 'Informação Fiscal');
INSERT INTO TNHT_MULT(LITE_PK, LANG_PK, MULT_DESC)
VALUES('0753C395304A43489414DB20501FCB53', 1036, 'Information Fiscal');
INSERT INTO TNHT_MULT(LITE_PK, LANG_PK, MULT_DESC)
VALUES('0753C395304A43489414DB20501FCB53', 1049, 'Платежная информация');
INSERT INTO TNHT_ENUM (ENUM_PK, LITE_PK)
VALUES(422, '0753C395304A43489414DB20501FCB53');
INSERT INTO TNHT_LITE(LITE_PK) VALUES('A1DA451D66878743ADFBDD9A0D8E25EC');
INSERT INTO TNHT_MULT(LITE_PK, LANG_PK, MULT_DESC)
VALUES('A1DA451D66878743ADFBDD9A0D8E25EC', 1033, 'Wholesaler');
INSERT INTO TNHT_MULT(LITE_PK, LANG_PK, MULT_DESC)
VALUES('A1DA451D66878743ADFBDD9A0D8E25EC', 3082, 'Agencia Mayorista');
INSERT INTO TNHT_MULT(LITE_PK, LANG_PK, MULT_DESC)
VALUES('A1DA451D66878743ADFBDD9A0D8E25EC', 2070, 'Atacadista');
INSERT INTO TNHT_MULT(LITE_PK, LANG_PK, MULT_DESC)
VALUES('A1DA451D66878743ADFBDD9A0D8E25EC', 1036, 'Grossiste');
INSERT INTO TNHT_MULT(LITE_PK, LANG_PK, MULT_DESC)
VALUES('A1DA451D66878743ADFBDD9A0D8E25EC', 1049, 'Оптовик');
INSERT INTO TNHT_ENUM (ENUM_PK, LITE_PK)
VALUES(423, 'A1DA451D66878743ADFBDD9A0D8E25EC');
INSERT INTO TNHT_LITE(LITE_PK) VALUES('9363903034C2064DABF315C98C86D6B2');
INSERT INTO TNHT_MULT(LITE_PK, LANG_PK, MULT_DESC)
VALUES('9363903034C2064DABF315C98C86D6B2', 1033, 'Agent');
INSERT INTO TNHT_MULT(LITE_PK, LANG_PK, MULT_DESC)
VALUES('9363903034C2064DABF315C98C86D6B2', 3082, 'Representante');
INSERT INTO TNHT_MULT(LITE_PK, LANG_PK, MULT_DESC)
VALUES('9363903034C2064DABF315C98C86D6B2', 2070, 'Representante');
INSERT INTO TNHT_MULT(LITE_PK, LANG_PK, MULT_DESC)
VALUES('9363903034C2064DABF315C98C86D6B2', 1036, 'Réprésentant');
INSERT INTO TNHT_MULT(LITE_PK, LANG_PK, MULT_DESC)
VALUES('9363903034C2064DABF315C98C86D6B2', 1049, 'Агент');
INSERT INTO TNHT_ENUM (ENUM_PK, LITE_PK)
VALUES(424, '9363903034C2064DABF315C98C86D6B2');
INSERT INTO TNHT_LITE(LITE_PK) VALUES('CC042D6A5ED7AE4E81B8B4C085794CA3');
INSERT INTO TNHT_MULT(LITE_PK, LANG_PK, MULT_DESC)
VALUES('CC042D6A5ED7AE4E81B8B4C085794CA3', 1033, 'Gross');
INSERT INTO TNHT_MULT(LITE_PK, LANG_PK, MULT_DESC)
VALUES('CC042D6A5ED7AE4E81B8B4C085794CA3', 3082, 'Bruto');
INSERT INTO TNHT_MULT(LITE_PK, LANG_PK, MULT_DESC)
VALUES('CC042D6A5ED7AE4E81B8B4C085794CA3', 2070, 'Bruto');
INSERT INTO TNHT_MULT(LITE_PK, LANG_PK, MULT_DESC)
VALUES('CC042D6A5ED7AE4E81B8B4C085794CA3', 1036, 'Brut');
INSERT INTO TNHT_MULT(LITE_PK, LANG_PK, MULT_DESC)
VALUES('CC042D6A5ED7AE4E81B8B4C085794CA3', 1049, 'Валовой');
INSERT INTO TNHT_ENUM (ENUM_PK, LITE_PK)
VALUES(451, 'CC042D6A5ED7AE4E81B8B4C085794CA3');
INSERT INTO TNHT_LITE(LITE_PK) VALUES('AEED8E7DD1A39D41ACCE21C3B0E59B63');
INSERT INTO TNHT_MULT(LITE_PK, LANG_PK, MULT_DESC)
VALUES('AEED8E7DD1A39D41ACCE21C3B0E59B63', 1033, 'Net');
INSERT INTO TNHT_MULT(LITE_PK, LANG_PK, MULT_DESC)
VALUES('AEED8E7DD1A39D41ACCE21C3B0E59B63', 3082, 'Neto');
INSERT INTO TNHT_MULT(LITE_PK, LANG_PK, MULT_DESC)
VALUES('AEED8E7DD1A39D41ACCE21C3B0E59B63', 2070, 'Neto');
INSERT INTO TNHT_MULT(LITE_PK, LANG_PK, MULT_DESC)
VALUES('AEED8E7DD1A39D41ACCE21C3B0E59B63', 1036, 'Neto');
INSERT INTO TNHT_MULT(LITE_PK, LANG_PK, MULT_DESC)
VALUES('AEED8E7DD1A39D41ACCE21C3B0E59B63', 1049, 'Чистый');
INSERT INTO TNHT_ENUM (ENUM_PK, LITE_PK)
VALUES(452, 'AEED8E7DD1A39D41ACCE21C3B0E59B63');
INSERT INTO TNHT_LITE(LITE_PK) VALUES('99C6DD7D74939742B881C374AB86DFFB');
INSERT INTO TNHT_MULT(LITE_PK, LANG_PK, MULT_DESC)
VALUES('99C6DD7D74939742B881C374AB86DFFB', 1033, 'Room Rate');
INSERT INTO TNHT_MULT(LITE_PK, LANG_PK, MULT_DESC)
VALUES('99C6DD7D74939742B881C374AB86DFFB', 3082, 'Diaria');
INSERT INTO TNHT_MULT(LITE_PK, LANG_PK, MULT_DESC)
VALUES('99C6DD7D74939742B881C374AB86DFFB', 2070, 'Diária');
INSERT INTO TNHT_MULT(LITE_PK, LANG_PK, MULT_DESC)
VALUES('99C6DD7D74939742B881C374AB86DFFB', 1036, 'Prix par Jour');
INSERT INTO TNHT_MULT(LITE_PK, LANG_PK, MULT_DESC)
VALUES('99C6DD7D74939742B881C374AB86DFFB', 1049, 'Тариф номера');
INSERT INTO TNHT_ENUM (ENUM_PK, LITE_PK)
VALUES(481, '99C6DD7D74939742B881C374AB86DFFB');
INSERT INTO TNHT_LITE(LITE_PK) VALUES('7E61B1CE765F334E93C1352DBDD63DE4');
INSERT INTO TNHT_MULT(LITE_PK, LANG_PK, MULT_DESC)
VALUES('7E61B1CE765F334E93C1352DBDD63DE4', 1033, 'Time intervals');
INSERT INTO TNHT_MULT(LITE_PK, LANG_PK, MULT_DESC)
VALUES('7E61B1CE765F334E93C1352DBDD63DE4', 3082, 'Intervalos Tiempo');
INSERT INTO TNHT_MULT(LITE_PK, LANG_PK, MULT_DESC)
VALUES('7E61B1CE765F334E93C1352DBDD63DE4', 2070, 'Intervalos Tempo');
INSERT INTO TNHT_MULT(LITE_PK, LANG_PK, MULT_DESC)
VALUES('7E61B1CE765F334E93C1352DBDD63DE4', 1036, 'Intervalles de Temps');
INSERT INTO TNHT_MULT(LITE_PK, LANG_PK, MULT_DESC)
VALUES('7E61B1CE765F334E93C1352DBDD63DE4', 1049, 'Периоды времени');
INSERT INTO TNHT_ENUM (ENUM_PK, LITE_PK)
VALUES(482, '7E61B1CE765F334E93C1352DBDD63DE4');
INSERT INTO TNHT_LITE(LITE_PK) VALUES('8894F16651FA2E4BBF31F2DC1B71109A');
INSERT INTO TNHT_MULT(LITE_PK, LANG_PK, MULT_DESC)
VALUES('8894F16651FA2E4BBF31F2DC1B71109A', 1033, 'Manual');
INSERT INTO TNHT_MULT(LITE_PK, LANG_PK, MULT_DESC)
VALUES('8894F16651FA2E4BBF31F2DC1B71109A', 3082, 'Manual');
INSERT INTO TNHT_MULT(LITE_PK, LANG_PK, MULT_DESC)
VALUES('8894F16651FA2E4BBF31F2DC1B71109A', 2070, 'Manual');
INSERT INTO TNHT_MULT(LITE_PK, LANG_PK, MULT_DESC)
VALUES('8894F16651FA2E4BBF31F2DC1B71109A', 1036, 'Manuel');
INSERT INTO TNHT_MULT(LITE_PK, LANG_PK, MULT_DESC)
VALUES('8894F16651FA2E4BBF31F2DC1B71109A', 1049, 'Ручной');
INSERT INTO TNHT_ENUM (ENUM_PK, LITE_PK)
VALUES(511, '8894F16651FA2E4BBF31F2DC1B71109A');
INSERT INTO TNHT_LITE(LITE_PK) VALUES('6C1F9FB9F7593942AE1271CDFA93557F');
INSERT INTO TNHT_MULT(LITE_PK, LANG_PK, MULT_DESC)
VALUES('6C1F9FB9F7593942AE1271CDFA93557F', 1033, 'Automatic');
INSERT INTO TNHT_MULT(LITE_PK, LANG_PK, MULT_DESC)
VALUES('6C1F9FB9F7593942AE1271CDFA93557F', 3082, 'Automático');
INSERT INTO TNHT_MULT(LITE_PK, LANG_PK, MULT_DESC)
VALUES('6C1F9FB9F7593942AE1271CDFA93557F', 2070, 'Automático');
INSERT INTO TNHT_MULT(LITE_PK, LANG_PK, MULT_DESC)
VALUES('6C1F9FB9F7593942AE1271CDFA93557F', 1036, 'Automatique');
INSERT INTO TNHT_MULT(LITE_PK, LANG_PK, MULT_DESC)
VALUES('6C1F9FB9F7593942AE1271CDFA93557F', 1049, 'Автоматический');
INSERT INTO TNHT_ENUM (ENUM_PK, LITE_PK)
VALUES(512, '6C1F9FB9F7593942AE1271CDFA93557F');
INSERT INTO TNHT_LITE(LITE_PK) VALUES('AE82F579FC249C4B8BAD7227D6A58964');
INSERT INTO TNHT_MULT(LITE_PK, LANG_PK, MULT_DESC)
VALUES('AE82F579FC249C4B8BAD7227D6A58964', 1033, 'Control Report');
INSERT INTO TNHT_MULT(LITE_PK, LANG_PK, MULT_DESC)
VALUES('AE82F579FC249C4B8BAD7227D6A58964', 3082, 'Listado Control');
INSERT INTO TNHT_MULT(LITE_PK, LANG_PK, MULT_DESC)
VALUES('AE82F579FC249C4B8BAD7227D6A58964', 2070, 'Listagem Control');
INSERT INTO TNHT_MULT(LITE_PK, LANG_PK, MULT_DESC)
VALUES('AE82F579FC249C4B8BAD7227D6A58964', 1036, 'Control Rapport');
INSERT INTO TNHT_MULT(LITE_PK, LANG_PK, MULT_DESC)
VALUES('AE82F579FC249C4B8BAD7227D6A58964', 1049, 'Контрольный отчет');
INSERT INTO TNHT_ENUM (ENUM_PK, LITE_PK)
VALUES(541, 'AE82F579FC249C4B8BAD7227D6A58964');
INSERT INTO TNHT_LITE(LITE_PK) VALUES('8C2F728854F15840BBF54A3782B49713');
INSERT INTO TNHT_MULT(LITE_PK, LANG_PK, MULT_DESC)
VALUES('8C2F728854F15840BBF54A3782B49713', 1033, 'Final Repor');
INSERT INTO TNHT_MULT(LITE_PK, LANG_PK, MULT_DESC)
VALUES('8C2F728854F15840BBF54A3782B49713', 3082, 'Listado Final');
INSERT INTO TNHT_MULT(LITE_PK, LANG_PK, MULT_DESC)
VALUES('8C2F728854F15840BBF54A3782B49713', 2070, 'Listagem Final');
INSERT INTO TNHT_MULT(LITE_PK, LANG_PK, MULT_DESC)
VALUES('8C2F728854F15840BBF54A3782B49713', 1036, 'Final Rapport');
INSERT INTO TNHT_MULT(LITE_PK, LANG_PK, MULT_DESC)
VALUES('8C2F728854F15840BBF54A3782B49713', 1049, 'Итоговый отчет');
INSERT INTO TNHT_ENUM (ENUM_PK, LITE_PK)
VALUES(542, '8C2F728854F15840BBF54A3782B49713');
INSERT INTO TNHT_LITE(LITE_PK) VALUES('9E934B0406C59E4B99341B8C33E0EACA');
INSERT INTO TNHT_MULT(LITE_PK, LANG_PK, MULT_DESC)
VALUES('9E934B0406C59E4B99341B8C33E0EACA', 1033, 'Low');
INSERT INTO TNHT_MULT(LITE_PK, LANG_PK, MULT_DESC)
VALUES('9E934B0406C59E4B99341B8C33E0EACA', 3082, 'Baja');
INSERT INTO TNHT_MULT(LITE_PK, LANG_PK, MULT_DESC)
VALUES('9E934B0406C59E4B99341B8C33E0EACA', 2070, 'Baixa');
INSERT INTO TNHT_MULT(LITE_PK, LANG_PK, MULT_DESC)
VALUES('9E934B0406C59E4B99341B8C33E0EACA', 1036, 'Basse');
INSERT INTO TNHT_MULT(LITE_PK, LANG_PK, MULT_DESC)
VALUES('9E934B0406C59E4B99341B8C33E0EACA', 1049, 'Низкий');
INSERT INTO TNHT_ENUM (ENUM_PK, LITE_PK)
VALUES(571, '9E934B0406C59E4B99341B8C33E0EACA');
INSERT INTO TNHT_LITE(LITE_PK) VALUES('62328B644F10EF4D8C992D7FE5D67097');
INSERT INTO TNHT_MULT(LITE_PK, LANG_PK, MULT_DESC)
VALUES('62328B644F10EF4D8C992D7FE5D67097', 1033, 'Medium');
INSERT INTO TNHT_MULT(LITE_PK, LANG_PK, MULT_DESC)
VALUES('62328B644F10EF4D8C992D7FE5D67097', 3082, 'Media');
INSERT INTO TNHT_MULT(LITE_PK, LANG_PK, MULT_DESC)
VALUES('62328B644F10EF4D8C992D7FE5D67097', 2070, 'Media');
INSERT INTO TNHT_MULT(LITE_PK, LANG_PK, MULT_DESC)
VALUES('62328B644F10EF4D8C992D7FE5D67097', 1036, 'Moyenne');
INSERT INTO TNHT_MULT(LITE_PK, LANG_PK, MULT_DESC)
VALUES('62328B644F10EF4D8C992D7FE5D67097', 1049, 'Средний');
INSERT INTO TNHT_ENUM (ENUM_PK, LITE_PK)
VALUES(572, '62328B644F10EF4D8C992D7FE5D67097');
INSERT INTO TNHT_LITE(LITE_PK) VALUES('091BA3B5D88BE04DBA60CD90A4C98C3B');
INSERT INTO TNHT_MULT(LITE_PK, LANG_PK, MULT_DESC)
VALUES('091BA3B5D88BE04DBA60CD90A4C98C3B', 1033, 'High');
INSERT INTO TNHT_MULT(LITE_PK, LANG_PK, MULT_DESC)
VALUES('091BA3B5D88BE04DBA60CD90A4C98C3B', 3082, 'Alta');
INSERT INTO TNHT_MULT(LITE_PK, LANG_PK, MULT_DESC)
VALUES('091BA3B5D88BE04DBA60CD90A4C98C3B', 2070, 'Alta');
INSERT INTO TNHT_MULT(LITE_PK, LANG_PK, MULT_DESC)
VALUES('091BA3B5D88BE04DBA60CD90A4C98C3B', 1036, 'Haute');
INSERT INTO TNHT_MULT(LITE_PK, LANG_PK, MULT_DESC)
VALUES('091BA3B5D88BE04DBA60CD90A4C98C3B', 1049, 'Высокий');
INSERT INTO TNHT_ENUM (ENUM_PK, LITE_PK)
VALUES(573, '091BA3B5D88BE04DBA60CD90A4C98C3B');
INSERT INTO TNHT_LITE(LITE_PK) VALUES('3AD76BD9F8FA754E925D6AE8BE02DB8A');
INSERT INTO TNHT_MULT(LITE_PK, LANG_PK, MULT_DESC)
VALUES('3AD76BD9F8FA754E925D6AE8BE02DB8A', 1033, 'Reserved');
INSERT INTO TNHT_MULT(LITE_PK, LANG_PK, MULT_DESC)
VALUES('3AD76BD9F8FA754E925D6AE8BE02DB8A', 3082, 'Reservada');
INSERT INTO TNHT_MULT(LITE_PK, LANG_PK, MULT_DESC)
VALUES('3AD76BD9F8FA754E925D6AE8BE02DB8A', 2070, 'Reservada');
INSERT INTO TNHT_MULT(LITE_PK, LANG_PK, MULT_DESC)
VALUES('3AD76BD9F8FA754E925D6AE8BE02DB8A', 1036, 'Réservé');
INSERT INTO TNHT_MULT(LITE_PK, LANG_PK, MULT_DESC)
VALUES('3AD76BD9F8FA754E925D6AE8BE02DB8A', 1049, 'Забронированно');
INSERT INTO TNHT_ENUM (ENUM_PK, LITE_PK)
VALUES(601, '3AD76BD9F8FA754E925D6AE8BE02DB8A');
INSERT INTO TNHT_LITE(LITE_PK) VALUES('696119608C83E94E82F839BC28584060');
INSERT INTO TNHT_MULT(LITE_PK, LANG_PK, MULT_DESC)
VALUES('696119608C83E94E82F839BC28584060', 1033, 'Check-In');
INSERT INTO TNHT_MULT(LITE_PK, LANG_PK, MULT_DESC)
VALUES('696119608C83E94E82F839BC28584060', 3082, 'Check-In');
INSERT INTO TNHT_MULT(LITE_PK, LANG_PK, MULT_DESC)
VALUES('696119608C83E94E82F839BC28584060', 2070, 'Check-In');
INSERT INTO TNHT_MULT(LITE_PK, LANG_PK, MULT_DESC)
VALUES('696119608C83E94E82F839BC28584060', 1036, 'Check-In');
INSERT INTO TNHT_MULT(LITE_PK, LANG_PK, MULT_DESC)
VALUES('696119608C83E94E82F839BC28584060', 1049, 'Поселение');
INSERT INTO TNHT_ENUM (ENUM_PK, LITE_PK)
VALUES(602, '696119608C83E94E82F839BC28584060');
INSERT INTO TNHT_LITE(LITE_PK) VALUES('2E470DD57CA2504890F23DE7B9FC2D0B');
INSERT INTO TNHT_MULT(LITE_PK, LANG_PK, MULT_DESC)
VALUES('2E470DD57CA2504890F23DE7B9FC2D0B', 1033, 'No-Show');
INSERT INTO TNHT_MULT(LITE_PK, LANG_PK, MULT_DESC)
VALUES('2E470DD57CA2504890F23DE7B9FC2D0B', 3082, 'No-Show');
INSERT INTO TNHT_MULT(LITE_PK, LANG_PK, MULT_DESC)
VALUES('2E470DD57CA2504890F23DE7B9FC2D0B', 2070, 'No-Show');
INSERT INTO TNHT_MULT(LITE_PK, LANG_PK, MULT_DESC)
VALUES('2E470DD57CA2504890F23DE7B9FC2D0B', 1036, 'No-Show');
INSERT INTO TNHT_MULT(LITE_PK, LANG_PK, MULT_DESC)
VALUES('2E470DD57CA2504890F23DE7B9FC2D0B', 1049, 'Не явка');
INSERT INTO TNHT_ENUM (ENUM_PK, LITE_PK)
VALUES(604, '2E470DD57CA2504890F23DE7B9FC2D0B');
INSERT INTO TNHT_LITE(LITE_PK) VALUES('1C2D7B13F6551B42A9C6E38E2DD5845B');
INSERT INTO TNHT_MULT(LITE_PK, LANG_PK, MULT_DESC)
VALUES('1C2D7B13F6551B42A9C6E38E2DD5845B', 1033, 'Cancelled');
INSERT INTO TNHT_MULT(LITE_PK, LANG_PK, MULT_DESC)
VALUES('1C2D7B13F6551B42A9C6E38E2DD5845B', 3082, 'Anulada');
INSERT INTO TNHT_MULT(LITE_PK, LANG_PK, MULT_DESC)
VALUES('1C2D7B13F6551B42A9C6E38E2DD5845B', 2070, 'Anulada');
INSERT INTO TNHT_MULT(LITE_PK, LANG_PK, MULT_DESC)
VALUES('1C2D7B13F6551B42A9C6E38E2DD5845B', 1036, 'Annulé');
INSERT INTO TNHT_MULT(LITE_PK, LANG_PK, MULT_DESC)
VALUES('1C2D7B13F6551B42A9C6E38E2DD5845B', 1049, 'Отменено');
INSERT INTO TNHT_ENUM (ENUM_PK, LITE_PK)
VALUES(605, '1C2D7B13F6551B42A9C6E38E2DD5845B');
INSERT INTO TNHT_LITE(LITE_PK) VALUES('019C23F34E9A2340AA5DEEC332A46873');
INSERT INTO TNHT_MULT(LITE_PK, LANG_PK, MULT_DESC)
VALUES('019C23F34E9A2340AA5DEEC332A46873', 1033, 'Check-Out');
INSERT INTO TNHT_MULT(LITE_PK, LANG_PK, MULT_DESC)
VALUES('019C23F34E9A2340AA5DEEC332A46873', 3082, 'Check-Out');
INSERT INTO TNHT_MULT(LITE_PK, LANG_PK, MULT_DESC)
VALUES('019C23F34E9A2340AA5DEEC332A46873', 2070, 'Check-Out');
INSERT INTO TNHT_MULT(LITE_PK, LANG_PK, MULT_DESC)
VALUES('019C23F34E9A2340AA5DEEC332A46873', 1036, 'Check-Out');
INSERT INTO TNHT_MULT(LITE_PK, LANG_PK, MULT_DESC)
VALUES('019C23F34E9A2340AA5DEEC332A46873', 1049, 'Убытие');
INSERT INTO TNHT_ENUM (ENUM_PK, LITE_PK)
VALUES(606, '019C23F34E9A2340AA5DEEC332A46873');
INSERT INTO TNHT_LITE(LITE_PK) VALUES('CE4E5DC57CFECE46B0E9C9EBD2DE970C');
INSERT INTO TNHT_MULT(LITE_PK, LANG_PK, MULT_DESC)
VALUES('CE4E5DC57CFECE46B0E9C9EBD2DE970C', 1033, 'House');
INSERT INTO TNHT_MULT(LITE_PK, LANG_PK, MULT_DESC)
VALUES('CE4E5DC57CFECE46B0E9C9EBD2DE970C', 3082, 'Casa');
INSERT INTO TNHT_MULT(LITE_PK, LANG_PK, MULT_DESC)
VALUES('CE4E5DC57CFECE46B0E9C9EBD2DE970C', 2070, 'Casa');
INSERT INTO TNHT_MULT(LITE_PK, LANG_PK, MULT_DESC)
VALUES('CE4E5DC57CFECE46B0E9C9EBD2DE970C', 1036, 'Maison');
INSERT INTO TNHT_MULT(LITE_PK, LANG_PK, MULT_DESC)
VALUES('CE4E5DC57CFECE46B0E9C9EBD2DE970C', 1049, 'Дом');
INSERT INTO TNHT_ENUM (ENUM_PK, LITE_PK)
VALUES(631, 'CE4E5DC57CFECE46B0E9C9EBD2DE970C');
INSERT INTO TNHT_LITE(LITE_PK) VALUES('88503A5F3D70F647AFEDDF9CF2DFC3AE');
INSERT INTO TNHT_MULT(LITE_PK, LANG_PK, MULT_DESC)
VALUES('88503A5F3D70F647AFEDDF9CF2DFC3AE', 1033, 'Dirty');
INSERT INTO TNHT_MULT(LITE_PK, LANG_PK, MULT_DESC)
VALUES('88503A5F3D70F647AFEDDF9CF2DFC3AE', 3082, 'Sucio');
INSERT INTO TNHT_MULT(LITE_PK, LANG_PK, MULT_DESC)
VALUES('88503A5F3D70F647AFEDDF9CF2DFC3AE', 2070, 'Sujo');
INSERT INTO TNHT_MULT(LITE_PK, LANG_PK, MULT_DESC)
VALUES('88503A5F3D70F647AFEDDF9CF2DFC3AE', 1036, 'Sale');
INSERT INTO TNHT_MULT(LITE_PK, LANG_PK, MULT_DESC)
VALUES('88503A5F3D70F647AFEDDF9CF2DFC3AE', 1049, 'Не убран');
INSERT INTO TNHT_ENUM (ENUM_PK, LITE_PK)
VALUES(661, '88503A5F3D70F647AFEDDF9CF2DFC3AE');
INSERT INTO TNHT_LITE(LITE_PK) VALUES('C70DC8533E22154F98F30BE39BF6ED92');
INSERT INTO TNHT_MULT(LITE_PK, LANG_PK, MULT_DESC)
VALUES('C70DC8533E22154F98F30BE39BF6ED92', 1033, 'Cleaning');
INSERT INTO TNHT_MULT(LITE_PK, LANG_PK, MULT_DESC)
VALUES('C70DC8533E22154F98F30BE39BF6ED92', 3082, 'Limpiando');
INSERT INTO TNHT_MULT(LITE_PK, LANG_PK, MULT_DESC)
VALUES('C70DC8533E22154F98F30BE39BF6ED92', 2070, 'Limpando');
INSERT INTO TNHT_MULT(LITE_PK, LANG_PK, MULT_DESC)
VALUES('C70DC8533E22154F98F30BE39BF6ED92', 1036, 'Nettoyage');
INSERT INTO TNHT_MULT(LITE_PK, LANG_PK, MULT_DESC)
VALUES('C70DC8533E22154F98F30BE39BF6ED92', 1049, 'Уборка');
INSERT INTO TNHT_ENUM (ENUM_PK, LITE_PK)
VALUES(662, 'C70DC8533E22154F98F30BE39BF6ED92');
INSERT INTO TNHT_LITE(LITE_PK) VALUES('B5175512C99C3145A45DB559B98ECE0A');
INSERT INTO TNHT_MULT(LITE_PK, LANG_PK, MULT_DESC)
VALUES('B5175512C99C3145A45DB559B98ECE0A', 1033, 'Verify');
INSERT INTO TNHT_MULT(LITE_PK, LANG_PK, MULT_DESC)
VALUES('B5175512C99C3145A45DB559B98ECE0A', 3082, 'Verificar');
INSERT INTO TNHT_MULT(LITE_PK, LANG_PK, MULT_DESC)
VALUES('B5175512C99C3145A45DB559B98ECE0A', 2070, 'Verificar');
INSERT INTO TNHT_MULT(LITE_PK, LANG_PK, MULT_DESC)
VALUES('B5175512C99C3145A45DB559B98ECE0A', 1036, 'Vérifier');
INSERT INTO TNHT_MULT(LITE_PK, LANG_PK, MULT_DESC)
VALUES('B5175512C99C3145A45DB559B98ECE0A', 1049, 'Проверка');
INSERT INTO TNHT_ENUM (ENUM_PK, LITE_PK)
VALUES(663, 'B5175512C99C3145A45DB559B98ECE0A');
INSERT INTO TNHT_LITE(LITE_PK) VALUES('253A491969A06B46B2207283513FE56E');
INSERT INTO TNHT_MULT(LITE_PK, LANG_PK, MULT_DESC)
VALUES('253A491969A06B46B2207283513FE56E', 1033, 'Clean');
INSERT INTO TNHT_MULT(LITE_PK, LANG_PK, MULT_DESC)
VALUES('253A491969A06B46B2207283513FE56E', 3082, 'Limpia');
INSERT INTO TNHT_MULT(LITE_PK, LANG_PK, MULT_DESC)
VALUES('253A491969A06B46B2207283513FE56E', 2070, 'Limpo');
INSERT INTO TNHT_MULT(LITE_PK, LANG_PK, MULT_DESC)
VALUES('253A491969A06B46B2207283513FE56E', 1036, 'Nettoyé');
INSERT INTO TNHT_MULT(LITE_PK, LANG_PK, MULT_DESC)
VALUES('253A491969A06B46B2207283513FE56E', 1049, 'Чистый');
INSERT INTO TNHT_ENUM (ENUM_PK, LITE_PK)
VALUES(664, '253A491969A06B46B2207283513FE56E');
INSERT INTO TNHT_LITE(LITE_PK) VALUES('22D33A940ABE7A4CBC75723DC9A0BDC3');
INSERT INTO TNHT_MULT(LITE_PK, LANG_PK, MULT_DESC)
VALUES('22D33A940ABE7A4CBC75723DC9A0BDC3', 1033, 'Text + Numeric');
INSERT INTO TNHT_MULT(LITE_PK, LANG_PK, MULT_DESC)
VALUES('22D33A940ABE7A4CBC75723DC9A0BDC3', 3082, 'Texto + Númerico');
INSERT INTO TNHT_MULT(LITE_PK, LANG_PK, MULT_DESC)
VALUES('22D33A940ABE7A4CBC75723DC9A0BDC3', 2070, 'Texto + Numérico');
INSERT INTO TNHT_MULT(LITE_PK, LANG_PK, MULT_DESC)
VALUES('22D33A940ABE7A4CBC75723DC9A0BDC3', 1036, 'Texte + Numeric');
INSERT INTO TNHT_MULT(LITE_PK, LANG_PK, MULT_DESC)
VALUES('22D33A940ABE7A4CBC75723DC9A0BDC3', 1049, 'Текст + цифры');
INSERT INTO TNHT_ENUM (ENUM_PK, LITE_PK)
VALUES(691, '22D33A940ABE7A4CBC75723DC9A0BDC3');
INSERT INTO TNHT_LITE(LITE_PK) VALUES('336E76C3AC9D034CB31F0BC974FC6312');
INSERT INTO TNHT_MULT(LITE_PK, LANG_PK, MULT_DESC)
VALUES('336E76C3AC9D034CB31F0BC974FC6312', 1033, 'Numeric + Text');
INSERT INTO TNHT_MULT(LITE_PK, LANG_PK, MULT_DESC)
VALUES('336E76C3AC9D034CB31F0BC974FC6312', 3082, 'Númerico + Texto');
INSERT INTO TNHT_MULT(LITE_PK, LANG_PK, MULT_DESC)
VALUES('336E76C3AC9D034CB31F0BC974FC6312', 2070, 'Numérico + Texto');
INSERT INTO TNHT_MULT(LITE_PK, LANG_PK, MULT_DESC)
VALUES('336E76C3AC9D034CB31F0BC974FC6312', 1036, 'Numeric + Texte');
INSERT INTO TNHT_MULT(LITE_PK, LANG_PK, MULT_DESC)
VALUES('336E76C3AC9D034CB31F0BC974FC6312', 1049, 'Цифры + Tекст');
INSERT INTO TNHT_ENUM (ENUM_PK, LITE_PK)
VALUES(692, '336E76C3AC9D034CB31F0BC974FC6312');
INSERT INTO TNHT_LITE(LITE_PK) VALUES('D19358A7F52991438525E5668224FFE7');
INSERT INTO TNHT_MULT(LITE_PK, LANG_PK, MULT_DESC)
VALUES('D19358A7F52991438525E5668224FFE7', 1033, 'Active');
INSERT INTO TNHT_MULT(LITE_PK, LANG_PK, MULT_DESC)
VALUES('D19358A7F52991438525E5668224FFE7', 3082, 'Activa');
INSERT INTO TNHT_MULT(LITE_PK, LANG_PK, MULT_DESC)
VALUES('D19358A7F52991438525E5668224FFE7', 2070, 'Activa');
INSERT INTO TNHT_MULT(LITE_PK, LANG_PK, MULT_DESC)
VALUES('D19358A7F52991438525E5668224FFE7', 1036, 'Actif');
INSERT INTO TNHT_MULT(LITE_PK, LANG_PK, MULT_DESC)
VALUES('D19358A7F52991438525E5668224FFE7', 1049, 'Активный');
INSERT INTO TNHT_ENUM (ENUM_PK, LITE_PK)
VALUES(721, 'D19358A7F52991438525E5668224FFE7');
INSERT INTO TNHT_LITE(LITE_PK) VALUES('384DBA5DCAD4D54AB79659143BB617C7');
INSERT INTO TNHT_MULT(LITE_PK, LANG_PK, MULT_DESC)
VALUES('384DBA5DCAD4D54AB79659143BB617C7', 1033, 'Inactive');
INSERT INTO TNHT_MULT(LITE_PK, LANG_PK, MULT_DESC)
VALUES('384DBA5DCAD4D54AB79659143BB617C7', 3082, 'Inactiva');
INSERT INTO TNHT_MULT(LITE_PK, LANG_PK, MULT_DESC)
VALUES('384DBA5DCAD4D54AB79659143BB617C7', 2070, 'Inactiva');
INSERT INTO TNHT_MULT(LITE_PK, LANG_PK, MULT_DESC)
VALUES('384DBA5DCAD4D54AB79659143BB617C7', 1036, 'Inactif');
INSERT INTO TNHT_MULT(LITE_PK, LANG_PK, MULT_DESC)
VALUES('384DBA5DCAD4D54AB79659143BB617C7', 1049, 'Неактивный');
INSERT INTO TNHT_ENUM (ENUM_PK, LITE_PK)
VALUES(722, '384DBA5DCAD4D54AB79659143BB617C7');
INSERT INTO TNHT_LITE(LITE_PK) VALUES('8718F6ED6ADA1240B8E8916561180803');
INSERT INTO TNHT_MULT(LITE_PK, LANG_PK, MULT_DESC)
VALUES('8718F6ED6ADA1240B8E8916561180803', 1033, 'Future');
INSERT INTO TNHT_MULT(LITE_PK, LANG_PK, MULT_DESC)
VALUES('8718F6ED6ADA1240B8E8916561180803', 3082, 'Futura');
INSERT INTO TNHT_MULT(LITE_PK, LANG_PK, MULT_DESC)
VALUES('8718F6ED6ADA1240B8E8916561180803', 2070, 'Futura');
INSERT INTO TNHT_MULT(LITE_PK, LANG_PK, MULT_DESC)
VALUES('8718F6ED6ADA1240B8E8916561180803', 1036, 'Futur');
INSERT INTO TNHT_MULT(LITE_PK, LANG_PK, MULT_DESC)
VALUES('8718F6ED6ADA1240B8E8916561180803', 1049, 'Будущий');
INSERT INTO TNHT_ENUM (ENUM_PK, LITE_PK)
VALUES(723, '8718F6ED6ADA1240B8E8916561180803');
INSERT INTO TNHT_LITE(LITE_PK) VALUES('723C0A564A99A3448436DB7C11BAE845');
INSERT INTO TNHT_MULT(LITE_PK, LANG_PK, MULT_DESC)
VALUES('723C0A564A99A3448436DB7C11BAE845', 1033, 'Male');
INSERT INTO TNHT_MULT(LITE_PK, LANG_PK, MULT_DESC)
VALUES('723C0A564A99A3448436DB7C11BAE845', 3082, 'Masculino');
INSERT INTO TNHT_MULT(LITE_PK, LANG_PK, MULT_DESC)
VALUES('723C0A564A99A3448436DB7C11BAE845', 2070, 'Masculino');
INSERT INTO TNHT_MULT(LITE_PK, LANG_PK, MULT_DESC)
VALUES('723C0A564A99A3448436DB7C11BAE845', 1036, 'Masculin');
INSERT INTO TNHT_MULT(LITE_PK, LANG_PK, MULT_DESC)
VALUES('723C0A564A99A3448436DB7C11BAE845', 1049, 'Мужчина');
INSERT INTO TNHT_ENUM (ENUM_PK, LITE_PK)
VALUES(751, '723C0A564A99A3448436DB7C11BAE845');
INSERT INTO TNHT_LITE(LITE_PK) VALUES('0C13B3429731924DA1022BEF3DB778ED');
INSERT INTO TNHT_MULT(LITE_PK, LANG_PK, MULT_DESC)
VALUES('0C13B3429731924DA1022BEF3DB778ED', 1033, 'Female');
INSERT INTO TNHT_MULT(LITE_PK, LANG_PK, MULT_DESC)
VALUES('0C13B3429731924DA1022BEF3DB778ED', 3082, 'Femenino');
INSERT INTO TNHT_MULT(LITE_PK, LANG_PK, MULT_DESC)
VALUES('0C13B3429731924DA1022BEF3DB778ED', 2070, 'Feminino');
INSERT INTO TNHT_MULT(LITE_PK, LANG_PK, MULT_DESC)
VALUES('0C13B3429731924DA1022BEF3DB778ED', 1036, 'Féminin');
INSERT INTO TNHT_MULT(LITE_PK, LANG_PK, MULT_DESC)
VALUES('0C13B3429731924DA1022BEF3DB778ED', 1049, 'Женщина');
INSERT INTO TNHT_ENUM (ENUM_PK, LITE_PK)
VALUES(752, '0C13B3429731924DA1022BEF3DB778ED');
INSERT INTO TNHT_LITE(LITE_PK) VALUES('A8A4F60E974B0C48978B934FC033DFD7');
INSERT INTO TNHT_MULT(LITE_PK, LANG_PK, MULT_DESC)
VALUES('A8A4F60E974B0C48978B934FC033DFD7', 1033, 'Tax per services');
INSERT INTO TNHT_MULT(LITE_PK, LANG_PK, MULT_DESC)
VALUES('A8A4F60E974B0C48978B934FC033DFD7', 3082, 'Impuesto por servicio');
INSERT INTO TNHT_MULT(LITE_PK, LANG_PK, MULT_DESC)
VALUES('A8A4F60E974B0C48978B934FC033DFD7', 2070, 'Imposto por serviço');
INSERT INTO TNHT_MULT(LITE_PK, LANG_PK, MULT_DESC)
VALUES('A8A4F60E974B0C48978B934FC033DFD7', 1036, 'Impôt par service');
INSERT INTO TNHT_MULT(LITE_PK, LANG_PK, MULT_DESC)
VALUES('A8A4F60E974B0C48978B934FC033DFD7', 1049, 'Налог на услуги');
INSERT INTO TNHT_ENUM (ENUM_PK, LITE_PK)
VALUES(781, 'A8A4F60E974B0C48978B934FC033DFD7');
INSERT INTO TNHT_LITE(LITE_PK) VALUES('DA071B48D03CD0439ADD709E97C805F1');
INSERT INTO TNHT_MULT(LITE_PK, LANG_PK, MULT_DESC)
VALUES('DA071B48D03CD0439ADD709E97C805F1', 1033, 'Two taxes (Portugal)');
INSERT INTO TNHT_MULT(LITE_PK, LANG_PK, MULT_DESC)
VALUES('DA071B48D03CD0439ADD709E97C805F1', 3082, 'Modelo 2 tasas (Portugal)');
INSERT INTO TNHT_MULT(LITE_PK, LANG_PK, MULT_DESC)
VALUES('DA071B48D03CD0439ADD709E97C805F1', 2070, 'Modelo 2 taxas (Portugal)');
INSERT INTO TNHT_MULT(LITE_PK, LANG_PK, MULT_DESC)
VALUES('DA071B48D03CD0439ADD709E97C805F1', 1036, 'Deux impôts (Portugal)');
INSERT INTO TNHT_MULT(LITE_PK, LANG_PK, MULT_DESC)
VALUES('DA071B48D03CD0439ADD709E97C805F1', 1049, 'Два налога (Португалия)');
INSERT INTO TNHT_ENUM (ENUM_PK, LITE_PK)
VALUES(782, 'DA071B48D03CD0439ADD709E97C805F1');
INSERT INTO TNHT_LITE(LITE_PK) VALUES('7800400B91D20F489437575D98DC5C04');
INSERT INTO TNHT_MULT(LITE_PK, LANG_PK, MULT_DESC)
VALUES('7800400B91D20F489437575D98DC5C04', 1033, 'Input VAT');
INSERT INTO TNHT_MULT(LITE_PK, LANG_PK, MULT_DESC)
VALUES('7800400B91D20F489437575D98DC5C04', 3082, 'Entrada IVA');
INSERT INTO TNHT_MULT(LITE_PK, LANG_PK, MULT_DESC)
VALUES('7800400B91D20F489437575D98DC5C04', 2070, 'Entrada IVA');
INSERT INTO TNHT_MULT(LITE_PK, LANG_PK, MULT_DESC)
VALUES('7800400B91D20F489437575D98DC5C04', 1036, 'Input TVA');
INSERT INTO TNHT_MULT(LITE_PK, LANG_PK, MULT_DESC)
VALUES('7800400B91D20F489437575D98DC5C04', 1049, 'Включая НДС');
INSERT INTO TNHT_ENUM (ENUM_PK, LITE_PK)
VALUES(811, '7800400B91D20F489437575D98DC5C04');
INSERT INTO TNHT_LITE(LITE_PK) VALUES('61FFC2FB7A0C834DBBD5916F9B73A226');
INSERT INTO TNHT_MULT(LITE_PK, LANG_PK, MULT_DESC)
VALUES('61FFC2FB7A0C834DBBD5916F9B73A226', 1033, 'Output VAT');
INSERT INTO TNHT_MULT(LITE_PK, LANG_PK, MULT_DESC)
VALUES('61FFC2FB7A0C834DBBD5916F9B73A226', 3082, 'Salida IVA');
INSERT INTO TNHT_MULT(LITE_PK, LANG_PK, MULT_DESC)
VALUES('61FFC2FB7A0C834DBBD5916F9B73A226', 2070, 'Saida IVA');
INSERT INTO TNHT_MULT(LITE_PK, LANG_PK, MULT_DESC)
VALUES('61FFC2FB7A0C834DBBD5916F9B73A226', 1036, 'Output TVA');
INSERT INTO TNHT_MULT(LITE_PK, LANG_PK, MULT_DESC)
VALUES('61FFC2FB7A0C834DBBD5916F9B73A226', 1049, 'Без НДС');
INSERT INTO TNHT_ENUM (ENUM_PK, LITE_PK)
VALUES(812, '61FFC2FB7A0C834DBBD5916F9B73A226');
INSERT INTO TNHT_LITE(LITE_PK) VALUES('468E3E9CCB72874EBF290554E8DEF135');
INSERT INTO TNHT_MULT(LITE_PK, LANG_PK, MULT_DESC)
VALUES('468E3E9CCB72874EBF290554E8DEF135', 1033, 'All Services');
INSERT INTO TNHT_MULT(LITE_PK, LANG_PK, MULT_DESC)
VALUES('468E3E9CCB72874EBF290554E8DEF135', 3082, 'Todos Servicios');
INSERT INTO TNHT_MULT(LITE_PK, LANG_PK, MULT_DESC)
VALUES('468E3E9CCB72874EBF290554E8DEF135', 2070, 'Todos os Serviços');
INSERT INTO TNHT_MULT(LITE_PK, LANG_PK, MULT_DESC)
VALUES('468E3E9CCB72874EBF290554E8DEF135', 1036, 'Tous les Services');
INSERT INTO TNHT_MULT(LITE_PK, LANG_PK, MULT_DESC)
VALUES('468E3E9CCB72874EBF290554E8DEF135', 1049, 'Все услуги');
INSERT INTO TNHT_ENUM (ENUM_PK, LITE_PK)
VALUES(841, '468E3E9CCB72874EBF290554E8DEF135');
INSERT INTO TNHT_LITE(LITE_PK) VALUES('0213430E50335341B837BF8C8BF35DA5');
INSERT INTO TNHT_MULT(LITE_PK, LANG_PK, MULT_DESC)
VALUES('0213430E50335341B837BF8C8BF35DA5', 1033, 'Room');
INSERT INTO TNHT_MULT(LITE_PK, LANG_PK, MULT_DESC)
VALUES('0213430E50335341B837BF8C8BF35DA5', 3082, 'Habitación');
INSERT INTO TNHT_MULT(LITE_PK, LANG_PK, MULT_DESC)
VALUES('0213430E50335341B837BF8C8BF35DA5', 2070, 'Quarto');
INSERT INTO TNHT_MULT(LITE_PK, LANG_PK, MULT_DESC)
VALUES('0213430E50335341B837BF8C8BF35DA5', 1036, 'Chambre');
INSERT INTO TNHT_MULT(LITE_PK, LANG_PK, MULT_DESC)
VALUES('0213430E50335341B837BF8C8BF35DA5', 1049, 'Номер');
INSERT INTO TNHT_ENUM (ENUM_PK, LITE_PK)
VALUES(842, '0213430E50335341B837BF8C8BF35DA5');
INSERT INTO TNHT_LITE(LITE_PK) VALUES('F9E8E7E09035DB459947F5713B576137');
INSERT INTO TNHT_MULT(LITE_PK, LANG_PK, MULT_DESC)
VALUES('F9E8E7E09035DB459947F5713B576137', 1033, 'Breakfast');
INSERT INTO TNHT_MULT(LITE_PK, LANG_PK, MULT_DESC)
VALUES('F9E8E7E09035DB459947F5713B576137', 3082, 'Desayuno');
INSERT INTO TNHT_MULT(LITE_PK, LANG_PK, MULT_DESC)
VALUES('F9E8E7E09035DB459947F5713B576137', 2070, 'Pequeno Almoço');
INSERT INTO TNHT_MULT(LITE_PK, LANG_PK, MULT_DESC)
VALUES('F9E8E7E09035DB459947F5713B576137', 1036, 'Petit-dejeuner');
INSERT INTO TNHT_MULT(LITE_PK, LANG_PK, MULT_DESC)
VALUES('F9E8E7E09035DB459947F5713B576137', 1049, 'Завтрак');
INSERT INTO TNHT_ENUM (ENUM_PK, LITE_PK)
VALUES(843, 'F9E8E7E09035DB459947F5713B576137');
INSERT INTO TNHT_LITE(LITE_PK) VALUES('68CCAB28054DDD40B107AAEB1326F4CE');
INSERT INTO TNHT_MULT(LITE_PK, LANG_PK, MULT_DESC)
VALUES('68CCAB28054DDD40B107AAEB1326F4CE', 1033, 'Meals');
INSERT INTO TNHT_MULT(LITE_PK, LANG_PK, MULT_DESC)
VALUES('68CCAB28054DDD40B107AAEB1326F4CE', 3082, 'Comidas');
INSERT INTO TNHT_MULT(LITE_PK, LANG_PK, MULT_DESC)
VALUES('68CCAB28054DDD40B107AAEB1326F4CE', 2070, 'Comidas');
INSERT INTO TNHT_MULT(LITE_PK, LANG_PK, MULT_DESC)
VALUES('68CCAB28054DDD40B107AAEB1326F4CE', 1036, 'Repas');
INSERT INTO TNHT_MULT(LITE_PK, LANG_PK, MULT_DESC)
VALUES('68CCAB28054DDD40B107AAEB1326F4CE', 1049, 'Питание');
INSERT INTO TNHT_ENUM (ENUM_PK, LITE_PK)
VALUES(844, '68CCAB28054DDD40B107AAEB1326F4CE');
INSERT INTO TNHT_LITE(LITE_PK) VALUES('EDD5D578243EFF41BEEADA6997F8A1B8');
INSERT INTO TNHT_MULT(LITE_PK, LANG_PK, MULT_DESC)
VALUES('EDD5D578243EFF41BEEADA6997F8A1B8', 1033, 'Room+Breakfast');
INSERT INTO TNHT_MULT(LITE_PK, LANG_PK, MULT_DESC)
VALUES('EDD5D578243EFF41BEEADA6997F8A1B8', 3082, 'Habitación+Desayuno');
INSERT INTO TNHT_MULT(LITE_PK, LANG_PK, MULT_DESC)
VALUES('EDD5D578243EFF41BEEADA6997F8A1B8', 2070, 'Quarto+Peq.Almoço');
INSERT INTO TNHT_MULT(LITE_PK, LANG_PK, MULT_DESC)
VALUES('EDD5D578243EFF41BEEADA6997F8A1B8', 1036, 'Chambre+Petit-dejeuner');
INSERT INTO TNHT_MULT(LITE_PK, LANG_PK, MULT_DESC)
VALUES('EDD5D578243EFF41BEEADA6997F8A1B8', 1049, 'Проживание+Завтрак');
INSERT INTO TNHT_ENUM (ENUM_PK, LITE_PK)
VALUES(845, 'EDD5D578243EFF41BEEADA6997F8A1B8');
INSERT INTO TNHT_LITE(LITE_PK) VALUES('642D4A1814D5034381751DACF78905C1');
INSERT INTO TNHT_MULT(LITE_PK, LANG_PK, MULT_DESC)
VALUES('642D4A1814D5034381751DACF78905C1', 1033, 'Room+Meals');
INSERT INTO TNHT_MULT(LITE_PK, LANG_PK, MULT_DESC)
VALUES('642D4A1814D5034381751DACF78905C1', 3082, 'Habitación+Comidas');
INSERT INTO TNHT_MULT(LITE_PK, LANG_PK, MULT_DESC)
VALUES('642D4A1814D5034381751DACF78905C1', 2070, 'Quarto+Comidas');
INSERT INTO TNHT_MULT(LITE_PK, LANG_PK, MULT_DESC)
VALUES('642D4A1814D5034381751DACF78905C1', 1036, 'Chambre+Repas');
INSERT INTO TNHT_MULT(LITE_PK, LANG_PK, MULT_DESC)
VALUES('642D4A1814D5034381751DACF78905C1', 1049, 'Проживание+Питание');
INSERT INTO TNHT_ENUM (ENUM_PK, LITE_PK)
VALUES(846, '642D4A1814D5034381751DACF78905C1');
INSERT INTO TNHT_LITE(LITE_PK) VALUES('2D02C81601D087429BDEC8EBD47E9395');
INSERT INTO TNHT_MULT(LITE_PK, LANG_PK, MULT_DESC)
VALUES('2D02C81601D087429BDEC8EBD47E9395', 1033, 'Breakfast+Meals');
INSERT INTO TNHT_MULT(LITE_PK, LANG_PK, MULT_DESC)
VALUES('2D02C81601D087429BDEC8EBD47E9395', 3082, 'Desayuno+Comidas');
INSERT INTO TNHT_MULT(LITE_PK, LANG_PK, MULT_DESC)
VALUES('2D02C81601D087429BDEC8EBD47E9395', 2070, 'Peq.Almoço+Comidas');
INSERT INTO TNHT_MULT(LITE_PK, LANG_PK, MULT_DESC)
VALUES('2D02C81601D087429BDEC8EBD47E9395', 1036, 'Petit-dejeuner+Repas');
INSERT INTO TNHT_MULT(LITE_PK, LANG_PK, MULT_DESC)
VALUES('2D02C81601D087429BDEC8EBD47E9395', 1049, 'Завтрак+Питание');
INSERT INTO TNHT_ENUM (ENUM_PK, LITE_PK)
VALUES(847, '2D02C81601D087429BDEC8EBD47E9395');
INSERT INTO TNHT_LITE(LITE_PK) VALUES('FD4D2CEDE217554E803A03F092B05646');
INSERT INTO TNHT_MULT(LITE_PK, LANG_PK, MULT_DESC)
VALUES('FD4D2CEDE217554E803A03F092B05646', 1033, 'Room+Breakfast+Meals');
INSERT INTO TNHT_MULT(LITE_PK, LANG_PK, MULT_DESC)
VALUES('FD4D2CEDE217554E803A03F092B05646', 3082, 'Habitación+Desayuno+Comidas');
INSERT INTO TNHT_MULT(LITE_PK, LANG_PK, MULT_DESC)
VALUES('FD4D2CEDE217554E803A03F092B05646', 2070, 'Quarto+Peq.Almoço+Comidas');
INSERT INTO TNHT_MULT(LITE_PK, LANG_PK, MULT_DESC)
VALUES('FD4D2CEDE217554E803A03F092B05646', 1036, 'Chambre+Petit-dejeuner+Repas');
INSERT INTO TNHT_MULT(LITE_PK, LANG_PK, MULT_DESC)
VALUES('FD4D2CEDE217554E803A03F092B05646', 1049, 'Проживание+Завтрак+Питание');
INSERT INTO TNHT_ENUM (ENUM_PK, LITE_PK)
VALUES(848, 'FD4D2CEDE217554E803A03F092B05646');
INSERT INTO TNHT_LITE(LITE_PK) VALUES('0E30DD6472D9EE4AB3BF13C64B10D151');
INSERT INTO TNHT_MULT(LITE_PK, LANG_PK, MULT_DESC)
VALUES('0E30DD6472D9EE4AB3BF13C64B10D151', 1033, 'master');
INSERT INTO TNHT_MULT(LITE_PK, LANG_PK, MULT_DESC)
VALUES('0E30DD6472D9EE4AB3BF13C64B10D151', 3082, 'master');
INSERT INTO TNHT_MULT(LITE_PK, LANG_PK, MULT_DESC)
VALUES('0E30DD6472D9EE4AB3BF13C64B10D151', 2070, 'master');
INSERT INTO TNHT_MULT(LITE_PK, LANG_PK, MULT_DESC)
VALUES('0E30DD6472D9EE4AB3BF13C64B10D151', 1036, 'master');
INSERT INTO TNHT_MULT(LITE_PK, LANG_PK, MULT_DESC)
VALUES('0E30DD6472D9EE4AB3BF13C64B10D151', 1049, 'основной');
INSERT INTO TNHT_ENUM (ENUM_PK, LITE_PK)
VALUES(871, '0E30DD6472D9EE4AB3BF13C64B10D151');
INSERT INTO TNHT_LITE(LITE_PK) VALUES('E7FC4A3260F3944482098D48FAE38C14');
INSERT INTO TNHT_MULT(LITE_PK, LANG_PK, MULT_DESC)
VALUES('E7FC4A3260F3944482098D48FAE38C14', 1033, 'extra 1');
INSERT INTO TNHT_MULT(LITE_PK, LANG_PK, MULT_DESC)
VALUES('E7FC4A3260F3944482098D48FAE38C14', 3082, 'extra 1');
INSERT INTO TNHT_MULT(LITE_PK, LANG_PK, MULT_DESC)
VALUES('E7FC4A3260F3944482098D48FAE38C14', 2070, 'extra 1');
INSERT INTO TNHT_MULT(LITE_PK, LANG_PK, MULT_DESC)
VALUES('E7FC4A3260F3944482098D48FAE38C14', 1036, 'extra 1');
INSERT INTO TNHT_MULT(LITE_PK, LANG_PK, MULT_DESC)
VALUES('E7FC4A3260F3944482098D48FAE38C14', 1049, 'дополнительный 1');
INSERT INTO TNHT_ENUM (ENUM_PK, LITE_PK)
VALUES(872, 'E7FC4A3260F3944482098D48FAE38C14');
INSERT INTO TNHT_LITE(LITE_PK) VALUES('1C143038C8887B4ABBB124837BB8974F');
INSERT INTO TNHT_MULT(LITE_PK, LANG_PK, MULT_DESC)
VALUES('1C143038C8887B4ABBB124837BB8974F', 1033, 'extra 2');
INSERT INTO TNHT_MULT(LITE_PK, LANG_PK, MULT_DESC)
VALUES('1C143038C8887B4ABBB124837BB8974F', 3082, 'extra 2');
INSERT INTO TNHT_MULT(LITE_PK, LANG_PK, MULT_DESC)
VALUES('1C143038C8887B4ABBB124837BB8974F', 2070, 'extra 2');
INSERT INTO TNHT_MULT(LITE_PK, LANG_PK, MULT_DESC)
VALUES('1C143038C8887B4ABBB124837BB8974F', 1036, 'extra 2');
INSERT INTO TNHT_MULT(LITE_PK, LANG_PK, MULT_DESC)
VALUES('1C143038C8887B4ABBB124837BB8974F', 1049, 'дополнительный 2');
INSERT INTO TNHT_ENUM (ENUM_PK, LITE_PK)
VALUES(873, '1C143038C8887B4ABBB124837BB8974F');
INSERT INTO TNHT_LITE(LITE_PK) VALUES('1EF46D54DD40B24BB1B55CFF4C055FEC');
INSERT INTO TNHT_MULT(LITE_PK, LANG_PK, MULT_DESC)
VALUES('1EF46D54DD40B24BB1B55CFF4C055FEC', 1033, 'extra 3');
INSERT INTO TNHT_MULT(LITE_PK, LANG_PK, MULT_DESC)
VALUES('1EF46D54DD40B24BB1B55CFF4C055FEC', 3082, 'extra 3');
INSERT INTO TNHT_MULT(LITE_PK, LANG_PK, MULT_DESC)
VALUES('1EF46D54DD40B24BB1B55CFF4C055FEC', 2070, 'extra 3');
INSERT INTO TNHT_MULT(LITE_PK, LANG_PK, MULT_DESC)
VALUES('1EF46D54DD40B24BB1B55CFF4C055FEC', 1036, 'extra 3');
INSERT INTO TNHT_MULT(LITE_PK, LANG_PK, MULT_DESC)
VALUES('1EF46D54DD40B24BB1B55CFF4C055FEC', 1049, 'дополнительный 3');
INSERT INTO TNHT_ENUM (ENUM_PK, LITE_PK)
VALUES(874, '1EF46D54DD40B24BB1B55CFF4C055FEC');
INSERT INTO TNHT_LITE(LITE_PK) VALUES('2857A57CFA062C41B9712263789E9E31');
INSERT INTO TNHT_MULT(LITE_PK, LANG_PK, MULT_DESC)
VALUES('2857A57CFA062C41B9712263789E9E31', 1033, 'extra 4');
INSERT INTO TNHT_MULT(LITE_PK, LANG_PK, MULT_DESC)
VALUES('2857A57CFA062C41B9712263789E9E31', 3082, 'extra 4');
INSERT INTO TNHT_MULT(LITE_PK, LANG_PK, MULT_DESC)
VALUES('2857A57CFA062C41B9712263789E9E31', 2070, 'extra 4');
INSERT INTO TNHT_MULT(LITE_PK, LANG_PK, MULT_DESC)
VALUES('2857A57CFA062C41B9712263789E9E31', 1036, 'extra 4');
INSERT INTO TNHT_MULT(LITE_PK, LANG_PK, MULT_DESC)
VALUES('2857A57CFA062C41B9712263789E9E31', 1049, 'дополнительный 4');
INSERT INTO TNHT_ENUM (ENUM_PK, LITE_PK)
VALUES(875, '2857A57CFA062C41B9712263789E9E31');
INSERT INTO TNHT_LITE(LITE_PK) VALUES('5BC090C7DBCA544E8EF71D2C08592EA4');
INSERT INTO TNHT_MULT(LITE_PK, LANG_PK, MULT_DESC)
VALUES('5BC090C7DBCA544E8EF71D2C08592EA4', 1033, 'extra 5');
INSERT INTO TNHT_MULT(LITE_PK, LANG_PK, MULT_DESC)
VALUES('5BC090C7DBCA544E8EF71D2C08592EA4', 3082, 'extra 5');
INSERT INTO TNHT_MULT(LITE_PK, LANG_PK, MULT_DESC)
VALUES('5BC090C7DBCA544E8EF71D2C08592EA4', 2070, 'extra 5');
INSERT INTO TNHT_MULT(LITE_PK, LANG_PK, MULT_DESC)
VALUES('5BC090C7DBCA544E8EF71D2C08592EA4', 1036, 'extra 5');
INSERT INTO TNHT_MULT(LITE_PK, LANG_PK, MULT_DESC)
VALUES('5BC090C7DBCA544E8EF71D2C08592EA4', 1049, 'дополнительный 5');
INSERT INTO TNHT_ENUM (ENUM_PK, LITE_PK)
VALUES(876, '5BC090C7DBCA544E8EF71D2C08592EA4');
INSERT INTO TNHT_LITE(LITE_PK) VALUES('8020D90A50D78F469050267BECE38D39');
INSERT INTO TNHT_MULT(LITE_PK, LANG_PK, MULT_DESC)
VALUES('8020D90A50D78F469050267BECE38D39', 1033, 'Room');
INSERT INTO TNHT_MULT(LITE_PK, LANG_PK, MULT_DESC)
VALUES('8020D90A50D78F469050267BECE38D39', 3082, 'Alojamiento');
INSERT INTO TNHT_MULT(LITE_PK, LANG_PK, MULT_DESC)
VALUES('8020D90A50D78F469050267BECE38D39', 2070, 'Alojamiento');
INSERT INTO TNHT_MULT(LITE_PK, LANG_PK, MULT_DESC)
VALUES('8020D90A50D78F469050267BECE38D39', 1036, 'Séjour');
INSERT INTO TNHT_MULT(LITE_PK, LANG_PK, MULT_DESC)
VALUES('8020D90A50D78F469050267BECE38D39', 1049, 'Номер');
INSERT INTO TNHT_ENUM (ENUM_PK, LITE_PK)
VALUES(901, '8020D90A50D78F469050267BECE38D39');
INSERT INTO TNHT_LITE(LITE_PK) VALUES('2848BD2FC6FBDE47ADEB7E5DB5368963');
INSERT INTO TNHT_MULT(LITE_PK, LANG_PK, MULT_DESC)
VALUES('2848BD2FC6FBDE47ADEB7E5DB5368963', 1033, 'Pax');
INSERT INTO TNHT_MULT(LITE_PK, LANG_PK, MULT_DESC)
VALUES('2848BD2FC6FBDE47ADEB7E5DB5368963', 3082, 'Paxs');
INSERT INTO TNHT_MULT(LITE_PK, LANG_PK, MULT_DESC)
VALUES('2848BD2FC6FBDE47ADEB7E5DB5368963', 2070, 'Paxs');
INSERT INTO TNHT_MULT(LITE_PK, LANG_PK, MULT_DESC)
VALUES('2848BD2FC6FBDE47ADEB7E5DB5368963', 1036, 'Pers');
INSERT INTO TNHT_MULT(LITE_PK, LANG_PK, MULT_DESC)
VALUES('2848BD2FC6FBDE47ADEB7E5DB5368963', 1049, 'Человек');
INSERT INTO TNHT_ENUM (ENUM_PK, LITE_PK)
VALUES(902, '2848BD2FC6FBDE47ADEB7E5DB5368963');
INSERT INTO TNHT_LITE(LITE_PK) VALUES('4EA0DF0E51F8694893B730330B216CF0');
INSERT INTO TNHT_MULT(LITE_PK, LANG_PK, MULT_DESC)
VALUES('4EA0DF0E51F8694893B730330B216CF0', 1033, 'Room + Pax');
INSERT INTO TNHT_MULT(LITE_PK, LANG_PK, MULT_DESC)
VALUES('4EA0DF0E51F8694893B730330B216CF0', 3082, 'Aloj + Paxs');
INSERT INTO TNHT_MULT(LITE_PK, LANG_PK, MULT_DESC)
VALUES('4EA0DF0E51F8694893B730330B216CF0', 2070, 'Aloj + Paxs');
INSERT INTO TNHT_MULT(LITE_PK, LANG_PK, MULT_DESC)
VALUES('4EA0DF0E51F8694893B730330B216CF0', 1036, 'Chambre + Pers');
INSERT INTO TNHT_MULT(LITE_PK, LANG_PK, MULT_DESC)
VALUES('4EA0DF0E51F8694893B730330B216CF0', 1049, 'Номер + Человек');
INSERT INTO TNHT_ENUM (ENUM_PK, LITE_PK)
VALUES(903, '4EA0DF0E51F8694893B730330B216CF0');
INSERT INTO TNHT_LITE(LITE_PK) VALUES('F2E06DC2E38AD64EB742434EA654E5B5');
INSERT INTO TNHT_MULT(LITE_PK, LANG_PK, MULT_DESC)
VALUES('F2E06DC2E38AD64EB742434EA654E5B5', 1033, 'RO');
INSERT INTO TNHT_MULT(LITE_PK, LANG_PK, MULT_DESC)
VALUES('F2E06DC2E38AD64EB742434EA654E5B5', 3082, 'SA');
INSERT INTO TNHT_MULT(LITE_PK, LANG_PK, MULT_DESC)
VALUES('F2E06DC2E38AD64EB742434EA654E5B5', 2070, 'RO');
INSERT INTO TNHT_MULT(LITE_PK, LANG_PK, MULT_DESC)
VALUES('F2E06DC2E38AD64EB742434EA654E5B5', 1036, 'RO');
INSERT INTO TNHT_MULT(LITE_PK, LANG_PK, MULT_DESC)
VALUES('F2E06DC2E38AD64EB742434EA654E5B5', 1049, 'RO');
INSERT INTO TNHT_ENUM (ENUM_PK, LITE_PK)
VALUES(931, 'F2E06DC2E38AD64EB742434EA654E5B5');
INSERT INTO TNHT_LITE(LITE_PK) VALUES('257E8C1F84BA8145A262A52AAF13A263');
INSERT INTO TNHT_MULT(LITE_PK, LANG_PK, MULT_DESC)
VALUES('257E8C1F84BA8145A262A52AAF13A263', 1033, 'BB');
INSERT INTO TNHT_MULT(LITE_PK, LANG_PK, MULT_DESC)
VALUES('257E8C1F84BA8145A262A52AAF13A263', 3082, 'AD');
INSERT INTO TNHT_MULT(LITE_PK, LANG_PK, MULT_DESC)
VALUES('257E8C1F84BA8145A262A52AAF13A263', 2070, 'BB');
INSERT INTO TNHT_MULT(LITE_PK, LANG_PK, MULT_DESC)
VALUES('257E8C1F84BA8145A262A52AAF13A263', 1036, 'BB');
INSERT INTO TNHT_MULT(LITE_PK, LANG_PK, MULT_DESC)
VALUES('257E8C1F84BA8145A262A52AAF13A263', 1049, 'BB');
INSERT INTO TNHT_ENUM (ENUM_PK, LITE_PK)
VALUES(932, '257E8C1F84BA8145A262A52AAF13A263');
INSERT INTO TNHT_LITE(LITE_PK) VALUES('9B45A7E86AB122478E83813E0DFAB885');
INSERT INTO TNHT_MULT(LITE_PK, LANG_PK, MULT_DESC)
VALUES('9B45A7E86AB122478E83813E0DFAB885', 1033, 'HB');
INSERT INTO TNHT_MULT(LITE_PK, LANG_PK, MULT_DESC)
VALUES('9B45A7E86AB122478E83813E0DFAB885', 3082, 'MP');
INSERT INTO TNHT_MULT(LITE_PK, LANG_PK, MULT_DESC)
VALUES('9B45A7E86AB122478E83813E0DFAB885', 2070, 'HB');
INSERT INTO TNHT_MULT(LITE_PK, LANG_PK, MULT_DESC)
VALUES('9B45A7E86AB122478E83813E0DFAB885', 1036, 'HB');
INSERT INTO TNHT_MULT(LITE_PK, LANG_PK, MULT_DESC)
VALUES('9B45A7E86AB122478E83813E0DFAB885', 1049, 'HB');
INSERT INTO TNHT_ENUM (ENUM_PK, LITE_PK)
VALUES(933, '9B45A7E86AB122478E83813E0DFAB885');
INSERT INTO TNHT_LITE(LITE_PK) VALUES('3849A02B7625264A987DD37C97B1EE86');
INSERT INTO TNHT_MULT(LITE_PK, LANG_PK, MULT_DESC)
VALUES('3849A02B7625264A987DD37C97B1EE86', 1033, 'FB');
INSERT INTO TNHT_MULT(LITE_PK, LANG_PK, MULT_DESC)
VALUES('3849A02B7625264A987DD37C97B1EE86', 3082, 'PC');
INSERT INTO TNHT_MULT(LITE_PK, LANG_PK, MULT_DESC)
VALUES('3849A02B7625264A987DD37C97B1EE86', 2070, 'FB');
INSERT INTO TNHT_MULT(LITE_PK, LANG_PK, MULT_DESC)
VALUES('3849A02B7625264A987DD37C97B1EE86', 1036, 'FB');
INSERT INTO TNHT_MULT(LITE_PK, LANG_PK, MULT_DESC)
VALUES('3849A02B7625264A987DD37C97B1EE86', 1049, 'FB');
INSERT INTO TNHT_ENUM (ENUM_PK, LITE_PK)
VALUES(934, '3849A02B7625264A987DD37C97B1EE86');
INSERT INTO TNHT_LITE(LITE_PK) VALUES('87F85E1B9F41284CAC0A79DCBFF53584');
INSERT INTO TNHT_MULT(LITE_PK, LANG_PK, MULT_DESC)
VALUES('87F85E1B9F41284CAC0A79DCBFF53584', 1033, 'AI');
INSERT INTO TNHT_MULT(LITE_PK, LANG_PK, MULT_DESC)
VALUES('87F85E1B9F41284CAC0A79DCBFF53584', 3082, 'TI');
INSERT INTO TNHT_MULT(LITE_PK, LANG_PK, MULT_DESC)
VALUES('87F85E1B9F41284CAC0A79DCBFF53584', 2070, 'AI');
INSERT INTO TNHT_MULT(LITE_PK, LANG_PK, MULT_DESC)
VALUES('87F85E1B9F41284CAC0A79DCBFF53584', 1036, 'AI');
INSERT INTO TNHT_MULT(LITE_PK, LANG_PK, MULT_DESC)
VALUES('87F85E1B9F41284CAC0A79DCBFF53584', 1049, 'AI');
INSERT INTO TNHT_ENUM (ENUM_PK, LITE_PK)
VALUES(935, '87F85E1B9F41284CAC0A79DCBFF53584');
INSERT INTO TNHT_LITE(LITE_PK) VALUES('22421FD753B9B94CAA07642D30EF1549');
INSERT INTO TNHT_MULT(LITE_PK, LANG_PK, MULT_DESC)
VALUES('22421FD753B9B94CAA07642D30EF1549', 1033, 'Owner');
INSERT INTO TNHT_MULT(LITE_PK, LANG_PK, MULT_DESC)
VALUES('22421FD753B9B94CAA07642D30EF1549', 3082, 'Propietario');
INSERT INTO TNHT_MULT(LITE_PK, LANG_PK, MULT_DESC)
VALUES('22421FD753B9B94CAA07642D30EF1549', 2070, 'Proprietário');
INSERT INTO TNHT_MULT(LITE_PK, LANG_PK, MULT_DESC)
VALUES('22421FD753B9B94CAA07642D30EF1549', 1036, 'Propriétaire');
INSERT INTO TNHT_MULT(LITE_PK, LANG_PK, MULT_DESC)
VALUES('22421FD753B9B94CAA07642D30EF1549', 1049, 'Собственник');
INSERT INTO TNHT_ENUM (ENUM_PK, LITE_PK)
VALUES(961, '22421FD753B9B94CAA07642D30EF1549');
INSERT INTO TNHT_LITE(LITE_PK) VALUES('42FF0BC83E5BA74CB060FDC42616CFC9');
INSERT INTO TNHT_MULT(LITE_PK, LANG_PK, MULT_DESC)
VALUES('42FF0BC83E5BA74CB060FDC42616CFC9', 1033, 'Time-Share');
INSERT INTO TNHT_MULT(LITE_PK, LANG_PK, MULT_DESC)
VALUES('42FF0BC83E5BA74CB060FDC42616CFC9', 3082, 'Time-Share');
INSERT INTO TNHT_MULT(LITE_PK, LANG_PK, MULT_DESC)
VALUES('42FF0BC83E5BA74CB060FDC42616CFC9', 2070, 'Time-Share');
INSERT INTO TNHT_MULT(LITE_PK, LANG_PK, MULT_DESC)
VALUES('42FF0BC83E5BA74CB060FDC42616CFC9', 1036, 'Time-Share');
INSERT INTO TNHT_MULT(LITE_PK, LANG_PK, MULT_DESC)
VALUES('42FF0BC83E5BA74CB060FDC42616CFC9', 1049, 'Таймшер');
INSERT INTO TNHT_ENUM (ENUM_PK, LITE_PK)
VALUES(962, '42FF0BC83E5BA74CB060FDC42616CFC9');
INSERT INTO TNHT_LITE(LITE_PK) VALUES('C21520CA8FD7A8409E7997CA15C01EA5');
INSERT INTO TNHT_MULT(LITE_PK, LANG_PK, MULT_DESC)
VALUES('C21520CA8FD7A8409E7997CA15C01EA5', 1033, 'Contact');
INSERT INTO TNHT_MULT(LITE_PK, LANG_PK, MULT_DESC)
VALUES('C21520CA8FD7A8409E7997CA15C01EA5', 3082, 'Contacto');
INSERT INTO TNHT_MULT(LITE_PK, LANG_PK, MULT_DESC)
VALUES('C21520CA8FD7A8409E7997CA15C01EA5', 2070, 'Contacto');
INSERT INTO TNHT_MULT(LITE_PK, LANG_PK, MULT_DESC)
VALUES('C21520CA8FD7A8409E7997CA15C01EA5', 1036, 'Contact');
INSERT INTO TNHT_MULT(LITE_PK, LANG_PK, MULT_DESC)
VALUES('C21520CA8FD7A8409E7997CA15C01EA5', 1049, 'Контанты');
INSERT INTO TNHT_ENUM (ENUM_PK, LITE_PK)
VALUES(991, 'C21520CA8FD7A8409E7997CA15C01EA5');
INSERT INTO TNHT_LITE(LITE_PK) VALUES('B6A40E80D919684E8381870652F30633');
INSERT INTO TNHT_MULT(LITE_PK, LANG_PK, MULT_DESC)
VALUES('B6A40E80D919684E8381870652F30633', 1033, 'Salesman');
INSERT INTO TNHT_MULT(LITE_PK, LANG_PK, MULT_DESC)
VALUES('B6A40E80D919684E8381870652F30633', 3082, 'Vendedor');
INSERT INTO TNHT_MULT(LITE_PK, LANG_PK, MULT_DESC)
VALUES('B6A40E80D919684E8381870652F30633', 2070, 'Vendedor');
INSERT INTO TNHT_MULT(LITE_PK, LANG_PK, MULT_DESC)
VALUES('B6A40E80D919684E8381870652F30633', 1036, 'Vendeur');
INSERT INTO TNHT_MULT(LITE_PK, LANG_PK, MULT_DESC)
VALUES('B6A40E80D919684E8381870652F30633', 1049, 'Продавец');
INSERT INTO TNHT_ENUM (ENUM_PK, LITE_PK)
VALUES(992, 'B6A40E80D919684E8381870652F30633');
INSERT INTO TNHT_LITE(LITE_PK) VALUES('1678D1985DC70F42A4115ECC401F9C56');
INSERT INTO TNHT_MULT(LITE_PK, LANG_PK, MULT_DESC)
VALUES('1678D1985DC70F42A4115ECC401F9C56', 1033, 'Adviser');
INSERT INTO TNHT_MULT(LITE_PK, LANG_PK, MULT_DESC)
VALUES('1678D1985DC70F42A4115ECC401F9C56', 3082, 'Asesor');
INSERT INTO TNHT_MULT(LITE_PK, LANG_PK, MULT_DESC)
VALUES('1678D1985DC70F42A4115ECC401F9C56', 2070, 'Conselheiro');
INSERT INTO TNHT_MULT(LITE_PK, LANG_PK, MULT_DESC)
VALUES('1678D1985DC70F42A4115ECC401F9C56', 1036, 'Conseiller');
INSERT INTO TNHT_MULT(LITE_PK, LANG_PK, MULT_DESC)
VALUES('1678D1985DC70F42A4115ECC401F9C56', 1049, 'Консультант');
INSERT INTO TNHT_ENUM (ENUM_PK, LITE_PK)
VALUES(993, '1678D1985DC70F42A4115ECC401F9C56');
INSERT INTO TNHT_LITE(LITE_PK) VALUES('E8A78A0359C32D44ABD08D74B89FCD3F');
INSERT INTO TNHT_MULT(LITE_PK, LANG_PK, MULT_DESC)
VALUES('E8A78A0359C32D44ABD08D74B89FCD3F', 1033, 'Quote');
INSERT INTO TNHT_MULT(LITE_PK, LANG_PK, MULT_DESC)
VALUES('E8A78A0359C32D44ABD08D74B89FCD3F', 3082, 'Cotización');
INSERT INTO TNHT_MULT(LITE_PK, LANG_PK, MULT_DESC)
VALUES('E8A78A0359C32D44ABD08D74B89FCD3F', 2070, 'Cotar');
INSERT INTO TNHT_MULT(LITE_PK, LANG_PK, MULT_DESC)
VALUES('E8A78A0359C32D44ABD08D74B89FCD3F', 1036, 'Citer');
INSERT INTO TNHT_MULT(LITE_PK, LANG_PK, MULT_DESC)
VALUES('E8A78A0359C32D44ABD08D74B89FCD3F', 1049, 'Квота');
INSERT INTO TNHT_ENUM (ENUM_PK, LITE_PK)
VALUES(1021, 'E8A78A0359C32D44ABD08D74B89FCD3F');
INSERT INTO TNHT_LITE(LITE_PK) VALUES('D07C03420176504D8530E0598E77A1CC');
INSERT INTO TNHT_MULT(LITE_PK, LANG_PK, MULT_DESC)
VALUES('D07C03420176504D8530E0598E77A1CC', 1033, 'Waiting List');
INSERT INTO TNHT_MULT(LITE_PK, LANG_PK, MULT_DESC)
VALUES('D07C03420176504D8530E0598E77A1CC', 3082, 'Waiting List');
INSERT INTO TNHT_MULT(LITE_PK, LANG_PK, MULT_DESC)
VALUES('D07C03420176504D8530E0598E77A1CC', 2070, 'Waiting List');
INSERT INTO TNHT_MULT(LITE_PK, LANG_PK, MULT_DESC)
VALUES('D07C03420176504D8530E0598E77A1CC', 1036, 'Waiting List');
INSERT INTO TNHT_MULT(LITE_PK, LANG_PK, MULT_DESC)
VALUES('D07C03420176504D8530E0598E77A1CC', 1049, 'Список ожидания');
INSERT INTO TNHT_ENUM (ENUM_PK, LITE_PK)
VALUES(1022, 'D07C03420176504D8530E0598E77A1CC');
INSERT INTO TNHT_LITE(LITE_PK) VALUES('0C273C4B1675734A9BC1F24D2A3476F7');
INSERT INTO TNHT_MULT(LITE_PK, LANG_PK, MULT_DESC)
VALUES('0C273C4B1675734A9BC1F24D2A3476F7', 1033, 'Confirmed');
INSERT INTO TNHT_MULT(LITE_PK, LANG_PK, MULT_DESC)
VALUES('0C273C4B1675734A9BC1F24D2A3476F7', 3082, 'Confirmada');
INSERT INTO TNHT_MULT(LITE_PK, LANG_PK, MULT_DESC)
VALUES('0C273C4B1675734A9BC1F24D2A3476F7', 2070, 'Confirmada');
INSERT INTO TNHT_MULT(LITE_PK, LANG_PK, MULT_DESC)
VALUES('0C273C4B1675734A9BC1F24D2A3476F7', 1036, 'Confirmée');
INSERT INTO TNHT_MULT(LITE_PK, LANG_PK, MULT_DESC)
VALUES('0C273C4B1675734A9BC1F24D2A3476F7', 1049, 'Подтверждено');
INSERT INTO TNHT_ENUM (ENUM_PK, LITE_PK)
VALUES(1023, '0C273C4B1675734A9BC1F24D2A3476F7');
INSERT INTO TNHT_LITE(LITE_PK) VALUES('EDF0C486B7B6414187717395F52493C7');
INSERT INTO TNHT_MULT(LITE_PK, LANG_PK, MULT_DESC)
VALUES('EDF0C486B7B6414187717395F52493C7', 1033, 'Attempt');
INSERT INTO TNHT_MULT(LITE_PK, LANG_PK, MULT_DESC)
VALUES('EDF0C486B7B6414187717395F52493C7', 3082, 'Tentativa');
INSERT INTO TNHT_MULT(LITE_PK, LANG_PK, MULT_DESC)
VALUES('EDF0C486B7B6414187717395F52493C7', 2070, 'Tentativa');
INSERT INTO TNHT_MULT(LITE_PK, LANG_PK, MULT_DESC)
VALUES('EDF0C486B7B6414187717395F52493C7', 1036, 'Tentative');
INSERT INTO TNHT_MULT(LITE_PK, LANG_PK, MULT_DESC)
VALUES('EDF0C486B7B6414187717395F52493C7', 1049, 'попытка');
INSERT INTO TNHT_ENUM (ENUM_PK, LITE_PK)
VALUES(1050, 'EDF0C486B7B6414187717395F52493C7');
INSERT INTO TNHT_LITE(LITE_PK) VALUES('7CEFBAC07F5DA74898E37119811A9B35');
INSERT INTO TNHT_MULT(LITE_PK, LANG_PK, MULT_DESC)
VALUES('7CEFBAC07F5DA74898E37119811A9B35', 1033, 'Letter E-Mail');
INSERT INTO TNHT_MULT(LITE_PK, LANG_PK, MULT_DESC)
VALUES('7CEFBAC07F5DA74898E37119811A9B35', 3082, 'Carta E-Mail');
INSERT INTO TNHT_MULT(LITE_PK, LANG_PK, MULT_DESC)
VALUES('7CEFBAC07F5DA74898E37119811A9B35', 2070, 'Carta E-Mail');
INSERT INTO TNHT_MULT(LITE_PK, LANG_PK, MULT_DESC)
VALUES('7CEFBAC07F5DA74898E37119811A9B35', 1036, 'Lettre par E-Mail');
INSERT INTO TNHT_MULT(LITE_PK, LANG_PK, MULT_DESC)
VALUES('7CEFBAC07F5DA74898E37119811A9B35', 1049, 'Электронное письмо');
INSERT INTO TNHT_ENUM (ENUM_PK, LITE_PK)
VALUES(1051, '7CEFBAC07F5DA74898E37119811A9B35');
INSERT INTO TNHT_LITE(LITE_PK) VALUES('9DB9262EC224684BAB5E653600A0D6C5');
INSERT INTO TNHT_MULT(LITE_PK, LANG_PK, MULT_DESC)
VALUES('9DB9262EC224684BAB5E653600A0D6C5', 1033, 'Personal Confirmation');
INSERT INTO TNHT_MULT(LITE_PK, LANG_PK, MULT_DESC)
VALUES('9DB9262EC224684BAB5E653600A0D6C5', 3082, 'Confirmación Individual');
INSERT INTO TNHT_MULT(LITE_PK, LANG_PK, MULT_DESC)
VALUES('9DB9262EC224684BAB5E653600A0D6C5', 2070, 'Confirmação Individual');
INSERT INTO TNHT_MULT(LITE_PK, LANG_PK, MULT_DESC)
VALUES('9DB9262EC224684BAB5E653600A0D6C5', 1036, 'Confirmation Individuelle');
INSERT INTO TNHT_MULT(LITE_PK, LANG_PK, MULT_DESC)
VALUES('9DB9262EC224684BAB5E653600A0D6C5', 1049, 'Личное подтверждение');
INSERT INTO TNHT_ENUM (ENUM_PK, LITE_PK)
VALUES(1052, '9DB9262EC224684BAB5E653600A0D6C5');
INSERT INTO TNHT_LITE(LITE_PK) VALUES('7DDAC2F671628B45AE2CE4DC0930F462');
INSERT INTO TNHT_MULT(LITE_PK, LANG_PK, MULT_DESC)
VALUES('7DDAC2F671628B45AE2CE4DC0930F462', 1033, 'Labels');
INSERT INTO TNHT_MULT(LITE_PK, LANG_PK, MULT_DESC)
VALUES('7DDAC2F671628B45AE2CE4DC0930F462', 3082, 'Etiquetas');
INSERT INTO TNHT_MULT(LITE_PK, LANG_PK, MULT_DESC)
VALUES('7DDAC2F671628B45AE2CE4DC0930F462', 2070, 'Etiquetas');
INSERT INTO TNHT_MULT(LITE_PK, LANG_PK, MULT_DESC)
VALUES('7DDAC2F671628B45AE2CE4DC0930F462', 1036, 'Étiquettes');
INSERT INTO TNHT_MULT(LITE_PK, LANG_PK, MULT_DESC)
VALUES('7DDAC2F671628B45AE2CE4DC0930F462', 1049, 'Метки');
INSERT INTO TNHT_ENUM (ENUM_PK, LITE_PK)
VALUES(1053, '7DDAC2F671628B45AE2CE4DC0930F462');
INSERT INTO TNHT_LITE(LITE_PK) VALUES('F50B141BB62E2E4489CD8E844135A2DC');
INSERT INTO TNHT_MULT(LITE_PK, LANG_PK, MULT_DESC)
VALUES('F50B141BB62E2E4489CD8E844135A2DC', 1033, 'Cardex Record');
INSERT INTO TNHT_MULT(LITE_PK, LANG_PK, MULT_DESC)
VALUES('F50B141BB62E2E4489CD8E844135A2DC', 3082, 'Ficha Cardex');
INSERT INTO TNHT_MULT(LITE_PK, LANG_PK, MULT_DESC)
VALUES('F50B141BB62E2E4489CD8E844135A2DC', 2070, 'Ficha de Cardex');
INSERT INTO TNHT_MULT(LITE_PK, LANG_PK, MULT_DESC)
VALUES('F50B141BB62E2E4489CD8E844135A2DC', 1036, 'Fiche Cardex');
INSERT INTO TNHT_MULT(LITE_PK, LANG_PK, MULT_DESC)
VALUES('F50B141BB62E2E4489CD8E844135A2DC', 1049, 'Запись анкеты гостя');
INSERT INTO TNHT_ENUM (ENUM_PK, LITE_PK)
VALUES(1054, 'F50B141BB62E2E4489CD8E844135A2DC');
INSERT INTO TNHT_LITE(LITE_PK) VALUES('127E0F66AE9EDD46A0B2BE5BF30453B0');
INSERT INTO TNHT_MULT(LITE_PK, LANG_PK, MULT_DESC)
VALUES('127E0F66AE9EDD46A0B2BE5BF30453B0', 1033, 'Group Confirmation');
INSERT INTO TNHT_MULT(LITE_PK, LANG_PK, MULT_DESC)
VALUES('127E0F66AE9EDD46A0B2BE5BF30453B0', 3082, 'Confirmación de Grupo');
INSERT INTO TNHT_MULT(LITE_PK, LANG_PK, MULT_DESC)
VALUES('127E0F66AE9EDD46A0B2BE5BF30453B0', 2070, 'Confirmação de Grupo');
INSERT INTO TNHT_MULT(LITE_PK, LANG_PK, MULT_DESC)
VALUES('127E0F66AE9EDD46A0B2BE5BF30453B0', 1036, 'Confirmation Groupe');
INSERT INTO TNHT_MULT(LITE_PK, LANG_PK, MULT_DESC)
VALUES('127E0F66AE9EDD46A0B2BE5BF30453B0', 1049, 'Групповое подтверждение');
INSERT INTO TNHT_ENUM (ENUM_PK, LITE_PK)
VALUES(1055, '127E0F66AE9EDD46A0B2BE5BF30453B0');
INSERT INTO TNHT_LITE(LITE_PK) VALUES('9AD4C131D158CB4D8FDB4F77DFBB6EA3');
INSERT INTO TNHT_MULT(LITE_PK, LANG_PK, MULT_DESC)
VALUES('9AD4C131D158CB4D8FDB4F77DFBB6EA3', 1033, 'Deposit Request');
INSERT INTO TNHT_MULT(LITE_PK, LANG_PK, MULT_DESC)
VALUES('9AD4C131D158CB4D8FDB4F77DFBB6EA3', 3082, 'Solicitud de Depósito');
INSERT INTO TNHT_MULT(LITE_PK, LANG_PK, MULT_DESC)
VALUES('9AD4C131D158CB4D8FDB4F77DFBB6EA3', 2070, 'Pedido de Adiantamento');
INSERT INTO TNHT_MULT(LITE_PK, LANG_PK, MULT_DESC)
VALUES('9AD4C131D158CB4D8FDB4F77DFBB6EA3', 1036, 'Exiger Dépôt');
INSERT INTO TNHT_MULT(LITE_PK, LANG_PK, MULT_DESC)
VALUES('9AD4C131D158CB4D8FDB4F77DFBB6EA3', 1049, 'Требуется депозит');
INSERT INTO TNHT_ENUM (ENUM_PK, LITE_PK)
VALUES(1056, '9AD4C131D158CB4D8FDB4F77DFBB6EA3');
INSERT INTO TNHT_LITE(LITE_PK) VALUES('847E98C0CDE63440A2EA297D041AFDF6');
INSERT INTO TNHT_MULT(LITE_PK, LANG_PK, MULT_DESC)
VALUES('847E98C0CDE63440A2EA297D041AFDF6', 1033, 'Coupon');
INSERT INTO TNHT_MULT(LITE_PK, LANG_PK, MULT_DESC)
VALUES('847E98C0CDE63440A2EA297D041AFDF6', 3082, 'Cupón');
INSERT INTO TNHT_MULT(LITE_PK, LANG_PK, MULT_DESC)
VALUES('847E98C0CDE63440A2EA297D041AFDF6', 2070, 'Cupom');
INSERT INTO TNHT_MULT(LITE_PK, LANG_PK, MULT_DESC)
VALUES('847E98C0CDE63440A2EA297D041AFDF6', 1036, 'Coupon');
INSERT INTO TNHT_MULT(LITE_PK, LANG_PK, MULT_DESC)
VALUES('847E98C0CDE63440A2EA297D041AFDF6', 1049, 'Купон');
INSERT INTO TNHT_ENUM (ENUM_PK, LITE_PK)
VALUES(1057, '847E98C0CDE63440A2EA297D041AFDF6');
INSERT INTO TNHT_LITE(LITE_PK) VALUES('F0B6F6C1A2D8A34A8DD7290A04C38410');
INSERT INTO TNHT_MULT(LITE_PK, LANG_PK, MULT_DESC)
VALUES('F0B6F6C1A2D8A34A8DD7290A04C38410', 1033, 'Require, not sended');
INSERT INTO TNHT_MULT(LITE_PK, LANG_PK, MULT_DESC)
VALUES('F0B6F6C1A2D8A34A8DD7290A04C38410', 3082, 'Requiere, no enviado');
INSERT INTO TNHT_MULT(LITE_PK, LANG_PK, MULT_DESC)
VALUES('F0B6F6C1A2D8A34A8DD7290A04C38410', 2070, 'Requerem, não enviado');
INSERT INTO TNHT_MULT(LITE_PK, LANG_PK, MULT_DESC)
VALUES('F0B6F6C1A2D8A34A8DD7290A04C38410', 1036, 'Exigé, pas envoyée');
INSERT INTO TNHT_MULT(LITE_PK, LANG_PK, MULT_DESC)
VALUES('F0B6F6C1A2D8A34A8DD7290A04C38410', 1049, 'Требуется, не отправлен');
INSERT INTO TNHT_ENUM (ENUM_PK, LITE_PK)
VALUES(1081, 'F0B6F6C1A2D8A34A8DD7290A04C38410');
INSERT INTO TNHT_LITE(LITE_PK) VALUES('D67A591A42C8EA47979A5BCE94BEBCB4');
INSERT INTO TNHT_MULT(LITE_PK, LANG_PK, MULT_DESC)
VALUES('D67A591A42C8EA47979A5BCE94BEBCB4', 1033, 'Require, already sended');
INSERT INTO TNHT_MULT(LITE_PK, LANG_PK, MULT_DESC)
VALUES('D67A591A42C8EA47979A5BCE94BEBCB4', 3082, 'Requiere, ya enviado');
INSERT INTO TNHT_MULT(LITE_PK, LANG_PK, MULT_DESC)
VALUES('D67A591A42C8EA47979A5BCE94BEBCB4', 2070, 'Requerem, ja enviado');
INSERT INTO TNHT_MULT(LITE_PK, LANG_PK, MULT_DESC)
VALUES('D67A591A42C8EA47979A5BCE94BEBCB4', 1036, 'Exigé, dejà envoyée');
INSERT INTO TNHT_MULT(LITE_PK, LANG_PK, MULT_DESC)
VALUES('D67A591A42C8EA47979A5BCE94BEBCB4', 1049, 'Требуется, уже отправлен');
INSERT INTO TNHT_ENUM (ENUM_PK, LITE_PK)
VALUES(1082, 'D67A591A42C8EA47979A5BCE94BEBCB4');
INSERT INTO TNHT_LITE(LITE_PK) VALUES('35B327D7F4ED3140907D12B53A2946C3');
INSERT INTO TNHT_MULT(LITE_PK, LANG_PK, MULT_DESC)
VALUES('35B327D7F4ED3140907D12B53A2946C3', 1033, 'Authorization');
INSERT INTO TNHT_MULT(LITE_PK, LANG_PK, MULT_DESC)
VALUES('35B327D7F4ED3140907D12B53A2946C3', 3082, 'Autorizado');
INSERT INTO TNHT_MULT(LITE_PK, LANG_PK, MULT_DESC)
VALUES('35B327D7F4ED3140907D12B53A2946C3', 2070, 'Autorizado');
INSERT INTO TNHT_MULT(LITE_PK, LANG_PK, MULT_DESC)
VALUES('35B327D7F4ED3140907D12B53A2946C3', 1036, 'Autorisé');
INSERT INTO TNHT_MULT(LITE_PK, LANG_PK, MULT_DESC)
VALUES('35B327D7F4ED3140907D12B53A2946C3', 1049, 'Авторизированный');
INSERT INTO TNHT_ENUM (ENUM_PK, LITE_PK)
VALUES(1111, '35B327D7F4ED3140907D12B53A2946C3');
INSERT INTO TNHT_LITE(LITE_PK) VALUES('66B316120C318E4ABDAC8CC5AD1365E8');
INSERT INTO TNHT_MULT(LITE_PK, LANG_PK, MULT_DESC)
VALUES('66B316120C318E4ABDAC8CC5AD1365E8', 1033, 'Unauthorized');
INSERT INTO TNHT_MULT(LITE_PK, LANG_PK, MULT_DESC)
VALUES('66B316120C318E4ABDAC8CC5AD1365E8', 3082, 'No autorizado');
INSERT INTO TNHT_MULT(LITE_PK, LANG_PK, MULT_DESC)
VALUES('66B316120C318E4ABDAC8CC5AD1365E8', 2070, 'Não autorizado');
INSERT INTO TNHT_MULT(LITE_PK, LANG_PK, MULT_DESC)
VALUES('66B316120C318E4ABDAC8CC5AD1365E8', 1036, 'Non autorisée');
INSERT INTO TNHT_MULT(LITE_PK, LANG_PK, MULT_DESC)
VALUES('66B316120C318E4ABDAC8CC5AD1365E8', 1049, 'Неавторизированный');
INSERT INTO TNHT_ENUM (ENUM_PK, LITE_PK)
VALUES(1112, '66B316120C318E4ABDAC8CC5AD1365E8');
INSERT INTO TNHT_LITE(LITE_PK) VALUES('B8D58A86951C4843A79C70CE96683666');
INSERT INTO TNHT_MULT(LITE_PK, LANG_PK, MULT_DESC)
VALUES('B8D58A86951C4843A79C70CE96683666', 1033, 'Meal Plans');
INSERT INTO TNHT_MULT(LITE_PK, LANG_PK, MULT_DESC)
VALUES('B8D58A86951C4843A79C70CE96683666', 3082, 'Pensiones');
INSERT INTO TNHT_MULT(LITE_PK, LANG_PK, MULT_DESC)
VALUES('B8D58A86951C4843A79C70CE96683666', 2070, 'Pensões');
INSERT INTO TNHT_MULT(LITE_PK, LANG_PK, MULT_DESC)
VALUES('B8D58A86951C4843A79C70CE96683666', 1036, 'Pension');
INSERT INTO TNHT_MULT(LITE_PK, LANG_PK, MULT_DESC)
VALUES('B8D58A86951C4843A79C70CE96683666', 1049, 'План питания');
INSERT INTO TNHT_ENUM (ENUM_PK, LITE_PK)
VALUES(1141, 'B8D58A86951C4843A79C70CE96683666');
INSERT INTO TNHT_LITE(LITE_PK) VALUES('B38D946DAA0D1F4C81457AB116BC34E4');
INSERT INTO TNHT_MULT(LITE_PK, LANG_PK, MULT_DESC)
VALUES('B38D946DAA0D1F4C81457AB116BC34E4', 1033, 'Standard');
INSERT INTO TNHT_MULT(LITE_PK, LANG_PK, MULT_DESC)
VALUES('B38D946DAA0D1F4C81457AB116BC34E4', 3082, 'Standard');
INSERT INTO TNHT_MULT(LITE_PK, LANG_PK, MULT_DESC)
VALUES('B38D946DAA0D1F4C81457AB116BC34E4', 2070, 'Standard');
INSERT INTO TNHT_MULT(LITE_PK, LANG_PK, MULT_DESC)
VALUES('B38D946DAA0D1F4C81457AB116BC34E4', 1036, 'Standard');
INSERT INTO TNHT_MULT(LITE_PK, LANG_PK, MULT_DESC)
VALUES('B38D946DAA0D1F4C81457AB116BC34E4', 1049, 'Стандарт');
INSERT INTO TNHT_ENUM (ENUM_PK, LITE_PK)
VALUES(1171, 'B38D946DAA0D1F4C81457AB116BC34E4');
INSERT INTO TNHT_LITE(LITE_PK) VALUES('D87901578E39D442817A2636CBFC428D');
INSERT INTO TNHT_MULT(LITE_PK, LANG_PK, MULT_DESC)
VALUES('D87901578E39D442817A2636CBFC428D', 1033, 'House-use');
INSERT INTO TNHT_MULT(LITE_PK, LANG_PK, MULT_DESC)
VALUES('D87901578E39D442817A2636CBFC428D', 3082, 'Uso Casa');
INSERT INTO TNHT_MULT(LITE_PK, LANG_PK, MULT_DESC)
VALUES('D87901578E39D442817A2636CBFC428D', 2070, 'House-use');
INSERT INTO TNHT_MULT(LITE_PK, LANG_PK, MULT_DESC)
VALUES('D87901578E39D442817A2636CBFC428D', 1036, 'Usage Maison');
INSERT INTO TNHT_MULT(LITE_PK, LANG_PK, MULT_DESC)
VALUES('D87901578E39D442817A2636CBFC428D', 1049, 'Домашнее использование');
INSERT INTO TNHT_ENUM (ENUM_PK, LITE_PK)
VALUES(1172, 'D87901578E39D442817A2636CBFC428D');
INSERT INTO TNHT_LITE(LITE_PK) VALUES('14E7BCECF60B21489D3ED7487E04B514');
INSERT INTO TNHT_MULT(LITE_PK, LANG_PK, MULT_DESC)
VALUES('14E7BCECF60B21489D3ED7487E04B514', 1033, 'Complimentary');
INSERT INTO TNHT_MULT(LITE_PK, LANG_PK, MULT_DESC)
VALUES('14E7BCECF60B21489D3ED7487E04B514', 3082, 'Complimentary');
INSERT INTO TNHT_MULT(LITE_PK, LANG_PK, MULT_DESC)
VALUES('14E7BCECF60B21489D3ED7487E04B514', 2070, 'Complimentary');
INSERT INTO TNHT_MULT(LITE_PK, LANG_PK, MULT_DESC)
VALUES('14E7BCECF60B21489D3ED7487E04B514', 1036, 'Gratuit');
INSERT INTO TNHT_MULT(LITE_PK, LANG_PK, MULT_DESC)
VALUES('14E7BCECF60B21489D3ED7487E04B514', 1049, 'Бесплатно');
INSERT INTO TNHT_ENUM (ENUM_PK, LITE_PK)
VALUES(1173, '14E7BCECF60B21489D3ED7487E04B514');
INSERT INTO TNHT_LITE(LITE_PK) VALUES('720AE5BC0CD8F64FB74A824CF22A6A1F');
INSERT INTO TNHT_MULT(LITE_PK, LANG_PK, MULT_DESC)
VALUES('720AE5BC0CD8F64FB74A824CF22A6A1F', 1033, 'Invitation');
INSERT INTO TNHT_MULT(LITE_PK, LANG_PK, MULT_DESC)
VALUES('720AE5BC0CD8F64FB74A824CF22A6A1F', 3082, 'Invitación');
INSERT INTO TNHT_MULT(LITE_PK, LANG_PK, MULT_DESC)
VALUES('720AE5BC0CD8F64FB74A824CF22A6A1F', 2070, 'Convite');
INSERT INTO TNHT_MULT(LITE_PK, LANG_PK, MULT_DESC)
VALUES('720AE5BC0CD8F64FB74A824CF22A6A1F', 1036, 'Invitation');
INSERT INTO TNHT_MULT(LITE_PK, LANG_PK, MULT_DESC)
VALUES('720AE5BC0CD8F64FB74A824CF22A6A1F', 1049, 'Приглашение');
INSERT INTO TNHT_ENUM (ENUM_PK, LITE_PK)
VALUES(1174, '720AE5BC0CD8F64FB74A824CF22A6A1F');
INSERT INTO TNHT_LITE(LITE_PK) VALUES('9730DB3ED52DEF48802118471CC37B5F');
INSERT INTO TNHT_MULT(LITE_PK, LANG_PK, MULT_DESC)
VALUES('9730DB3ED52DEF48802118471CC37B5F', 1033, 'Age');
INSERT INTO TNHT_MULT(LITE_PK, LANG_PK, MULT_DESC)
VALUES('9730DB3ED52DEF48802118471CC37B5F', 3082, 'Edad');
INSERT INTO TNHT_MULT(LITE_PK, LANG_PK, MULT_DESC)
VALUES('9730DB3ED52DEF48802118471CC37B5F', 2070, 'Idade');
INSERT INTO TNHT_MULT(LITE_PK, LANG_PK, MULT_DESC)
VALUES('9730DB3ED52DEF48802118471CC37B5F', 1036, 'Age');
INSERT INTO TNHT_MULT(LITE_PK, LANG_PK, MULT_DESC)
VALUES('9730DB3ED52DEF48802118471CC37B5F', 1049, 'Возраст');
INSERT INTO TNHT_ENUM (ENUM_PK, LITE_PK)
VALUES(1201, '9730DB3ED52DEF48802118471CC37B5F');
INSERT INTO TNHT_LITE(LITE_PK) VALUES('C36E4F680D818946AAB31EC906344BB1');
INSERT INTO TNHT_MULT(LITE_PK, LANG_PK, MULT_DESC)
VALUES('C36E4F680D818946AAB31EC906344BB1', 1033, 'Order');
INSERT INTO TNHT_MULT(LITE_PK, LANG_PK, MULT_DESC)
VALUES('C36E4F680D818946AAB31EC906344BB1', 3082, 'Orden');
INSERT INTO TNHT_MULT(LITE_PK, LANG_PK, MULT_DESC)
VALUES('C36E4F680D818946AAB31EC906344BB1', 2070, 'Ordem');
INSERT INTO TNHT_MULT(LITE_PK, LANG_PK, MULT_DESC)
VALUES('C36E4F680D818946AAB31EC906344BB1', 1036, 'Ordre');
INSERT INTO TNHT_MULT(LITE_PK, LANG_PK, MULT_DESC)
VALUES('C36E4F680D818946AAB31EC906344BB1', 1049, 'Заказ');
INSERT INTO TNHT_ENUM (ENUM_PK, LITE_PK)
VALUES(1202, 'C36E4F680D818946AAB31EC906344BB1');
INSERT INTO TNHT_LITE(LITE_PK) VALUES('81365F655182444A8FEE928AA2A6545F');
INSERT INTO TNHT_MULT(LITE_PK, LANG_PK, MULT_DESC)
VALUES('81365F655182444A8FEE928AA2A6545F', 1033, 'Base');
INSERT INTO TNHT_MULT(LITE_PK, LANG_PK, MULT_DESC)
VALUES('81365F655182444A8FEE928AA2A6545F', 3082, 'Base');
INSERT INTO TNHT_MULT(LITE_PK, LANG_PK, MULT_DESC)
VALUES('81365F655182444A8FEE928AA2A6545F', 2070, 'Base');
INSERT INTO TNHT_MULT(LITE_PK, LANG_PK, MULT_DESC)
VALUES('81365F655182444A8FEE928AA2A6545F', 1036, 'Base');
INSERT INTO TNHT_MULT(LITE_PK, LANG_PK, MULT_DESC)
VALUES('81365F655182444A8FEE928AA2A6545F', 1049, 'Основа');
INSERT INTO TNHT_ENUM (ENUM_PK, LITE_PK)
VALUES(1231, '81365F655182444A8FEE928AA2A6545F');
INSERT INTO TNHT_LITE(LITE_PK) VALUES('95B1FBEB16ECC042A32CF4FA1D221594');
INSERT INTO TNHT_MULT(LITE_PK, LANG_PK, MULT_DESC)
VALUES('95B1FBEB16ECC042A32CF4FA1D221594', 1033, 'Extra');
INSERT INTO TNHT_MULT(LITE_PK, LANG_PK, MULT_DESC)
VALUES('95B1FBEB16ECC042A32CF4FA1D221594', 3082, 'Extra');
INSERT INTO TNHT_MULT(LITE_PK, LANG_PK, MULT_DESC)
VALUES('95B1FBEB16ECC042A32CF4FA1D221594', 2070, 'Extra');
INSERT INTO TNHT_MULT(LITE_PK, LANG_PK, MULT_DESC)
VALUES('95B1FBEB16ECC042A32CF4FA1D221594', 1036, 'Extra');
INSERT INTO TNHT_MULT(LITE_PK, LANG_PK, MULT_DESC)
VALUES('95B1FBEB16ECC042A32CF4FA1D221594', 1049, 'Дополнительно');
INSERT INTO TNHT_ENUM (ENUM_PK, LITE_PK)
VALUES(1232, '95B1FBEB16ECC042A32CF4FA1D221594');
INSERT INTO TNHT_LITE(LITE_PK) VALUES('B82B581F7648084798E8C5A9F092D45F');
INSERT INTO TNHT_MULT(LITE_PK, LANG_PK, MULT_DESC)
VALUES('B82B581F7648084798E8C5A9F092D45F', 1033, 'Breakfast');
INSERT INTO TNHT_MULT(LITE_PK, LANG_PK, MULT_DESC)
VALUES('B82B581F7648084798E8C5A9F092D45F', 3082, 'Desayuno');
INSERT INTO TNHT_MULT(LITE_PK, LANG_PK, MULT_DESC)
VALUES('B82B581F7648084798E8C5A9F092D45F', 2070, 'Peq. Almoço');
INSERT INTO TNHT_MULT(LITE_PK, LANG_PK, MULT_DESC)
VALUES('B82B581F7648084798E8C5A9F092D45F', 1036, 'Petit-déjeuner');
INSERT INTO TNHT_MULT(LITE_PK, LANG_PK, MULT_DESC)
VALUES('B82B581F7648084798E8C5A9F092D45F', 1049, 'Завтрак');
INSERT INTO TNHT_ENUM (ENUM_PK, LITE_PK)
VALUES(1261, 'B82B581F7648084798E8C5A9F092D45F');
INSERT INTO TNHT_LITE(LITE_PK) VALUES('224D2F7BB6D5164E932D728B66BBA8CA');
INSERT INTO TNHT_MULT(LITE_PK, LANG_PK, MULT_DESC)
VALUES('224D2F7BB6D5164E932D728B66BBA8CA', 1033, 'Lunch');
INSERT INTO TNHT_MULT(LITE_PK, LANG_PK, MULT_DESC)
VALUES('224D2F7BB6D5164E932D728B66BBA8CA', 3082, 'Almuerzo');
INSERT INTO TNHT_MULT(LITE_PK, LANG_PK, MULT_DESC)
VALUES('224D2F7BB6D5164E932D728B66BBA8CA', 2070, 'Almoço');
INSERT INTO TNHT_MULT(LITE_PK, LANG_PK, MULT_DESC)
VALUES('224D2F7BB6D5164E932D728B66BBA8CA', 1036, 'Déjeuner');
INSERT INTO TNHT_MULT(LITE_PK, LANG_PK, MULT_DESC)
VALUES('224D2F7BB6D5164E932D728B66BBA8CA', 1049, 'Обед');
INSERT INTO TNHT_ENUM (ENUM_PK, LITE_PK)
VALUES(1262, '224D2F7BB6D5164E932D728B66BBA8CA');
INSERT INTO TNHT_LITE(LITE_PK) VALUES('EBA340A69198E04DACE3F04FA851FFB5');
INSERT INTO TNHT_MULT(LITE_PK, LANG_PK, MULT_DESC)
VALUES('EBA340A69198E04DACE3F04FA851FFB5', 1033, 'Dinner');
INSERT INTO TNHT_MULT(LITE_PK, LANG_PK, MULT_DESC)
VALUES('EBA340A69198E04DACE3F04FA851FFB5', 3082, 'Cena');
INSERT INTO TNHT_MULT(LITE_PK, LANG_PK, MULT_DESC)
VALUES('EBA340A69198E04DACE3F04FA851FFB5', 2070, 'Jantar');
INSERT INTO TNHT_MULT(LITE_PK, LANG_PK, MULT_DESC)
VALUES('EBA340A69198E04DACE3F04FA851FFB5', 1036, 'Dîner');
INSERT INTO TNHT_MULT(LITE_PK, LANG_PK, MULT_DESC)
VALUES('EBA340A69198E04DACE3F04FA851FFB5', 1049, 'Ужин');
INSERT INTO TNHT_ENUM (ENUM_PK, LITE_PK)
VALUES(1263, 'EBA340A69198E04DACE3F04FA851FFB5');
INSERT INTO TNHT_LITE(LITE_PK) VALUES('9D1442E14F12E742AE4CCF2C08C2D7C6');
INSERT INTO TNHT_MULT(LITE_PK, LANG_PK, MULT_DESC)
VALUES('9D1442E14F12E742AE4CCF2C08C2D7C6', 1033, 'Nights');
INSERT INTO TNHT_MULT(LITE_PK, LANG_PK, MULT_DESC)
VALUES('9D1442E14F12E742AE4CCF2C08C2D7C6', 3082, 'Noches');
INSERT INTO TNHT_MULT(LITE_PK, LANG_PK, MULT_DESC)
VALUES('9D1442E14F12E742AE4CCF2C08C2D7C6', 2070, 'Noites');
INSERT INTO TNHT_MULT(LITE_PK, LANG_PK, MULT_DESC)
VALUES('9D1442E14F12E742AE4CCF2C08C2D7C6', 1036, 'Nuitées');
INSERT INTO TNHT_MULT(LITE_PK, LANG_PK, MULT_DESC)
VALUES('9D1442E14F12E742AE4CCF2C08C2D7C6', 1049, 'Суток');
INSERT INTO TNHT_ENUM (ENUM_PK, LITE_PK)
VALUES(1291, '9D1442E14F12E742AE4CCF2C08C2D7C6');
INSERT INTO TNHT_LITE(LITE_PK) VALUES('901962004FF1FC4AB35A47F47F479D7B');
INSERT INTO TNHT_MULT(LITE_PK, LANG_PK, MULT_DESC)
VALUES('901962004FF1FC4AB35A47F47F479D7B', 1033, 'Fixed');
INSERT INTO TNHT_MULT(LITE_PK, LANG_PK, MULT_DESC)
VALUES('901962004FF1FC4AB35A47F47F479D7B', 3082, 'Fijo');
INSERT INTO TNHT_MULT(LITE_PK, LANG_PK, MULT_DESC)
VALUES('901962004FF1FC4AB35A47F47F479D7B', 2070, 'Fixo');
INSERT INTO TNHT_MULT(LITE_PK, LANG_PK, MULT_DESC)
VALUES('901962004FF1FC4AB35A47F47F479D7B', 1036, 'Fixe');
INSERT INTO TNHT_MULT(LITE_PK, LANG_PK, MULT_DESC)
VALUES('901962004FF1FC4AB35A47F47F479D7B', 1049, 'Фиксированный');
INSERT INTO TNHT_ENUM (ENUM_PK, LITE_PK)
VALUES(1292, '901962004FF1FC4AB35A47F47F479D7B');
INSERT INTO TNHT_LITE(LITE_PK) VALUES('5F1968EB9274E64CBF0BD1FF51F3E31B');
INSERT INTO TNHT_MULT(LITE_PK, LANG_PK, MULT_DESC)
VALUES('5F1968EB9274E64CBF0BD1FF51F3E31B', 1033, '% Stay');
INSERT INTO TNHT_MULT(LITE_PK, LANG_PK, MULT_DESC)
VALUES('5F1968EB9274E64CBF0BD1FF51F3E31B', 3082, '% Estancia');
INSERT INTO TNHT_MULT(LITE_PK, LANG_PK, MULT_DESC)
VALUES('5F1968EB9274E64CBF0BD1FF51F3E31B', 2070, '% Estadia');
INSERT INTO TNHT_MULT(LITE_PK, LANG_PK, MULT_DESC)
VALUES('5F1968EB9274E64CBF0BD1FF51F3E31B', 1036, '% Séjour');
INSERT INTO TNHT_MULT(LITE_PK, LANG_PK, MULT_DESC)
VALUES('5F1968EB9274E64CBF0BD1FF51F3E31B', 1049, '% Остается');
INSERT INTO TNHT_ENUM (ENUM_PK, LITE_PK)
VALUES(1293, '5F1968EB9274E64CBF0BD1FF51F3E31B');
INSERT INTO TNHT_LITE(LITE_PK) VALUES('69C99583B8D8D54A90DDE0D68808D306');
INSERT INTO TNHT_MULT(LITE_PK, LANG_PK, MULT_DESC)
VALUES('69C99583B8D8D54A90DDE0D68808D306', 1033, 'Child');
INSERT INTO TNHT_MULT(LITE_PK, LANG_PK, MULT_DESC)
VALUES('69C99583B8D8D54A90DDE0D68808D306', 3082, 'Niño');
INSERT INTO TNHT_MULT(LITE_PK, LANG_PK, MULT_DESC)
VALUES('69C99583B8D8D54A90DDE0D68808D306', 2070, 'Criança');
INSERT INTO TNHT_MULT(LITE_PK, LANG_PK, MULT_DESC)
VALUES('69C99583B8D8D54A90DDE0D68808D306', 1036, 'Enfant');
INSERT INTO TNHT_MULT(LITE_PK, LANG_PK, MULT_DESC)
VALUES('69C99583B8D8D54A90DDE0D68808D306', 1049, 'Ребенок');
INSERT INTO TNHT_ENUM (ENUM_PK, LITE_PK)
VALUES(1321, '69C99583B8D8D54A90DDE0D68808D306');
INSERT INTO TNHT_LITE(LITE_PK) VALUES('458FC8717FEBAC4B81AF0C93EB9C81A9');
INSERT INTO TNHT_MULT(LITE_PK, LANG_PK, MULT_DESC)
VALUES('458FC8717FEBAC4B81AF0C93EB9C81A9', 1033, 'Infant');
INSERT INTO TNHT_MULT(LITE_PK, LANG_PK, MULT_DESC)
VALUES('458FC8717FEBAC4B81AF0C93EB9C81A9', 3082, 'Bebé');
INSERT INTO TNHT_MULT(LITE_PK, LANG_PK, MULT_DESC)
VALUES('458FC8717FEBAC4B81AF0C93EB9C81A9', 2070, 'Bebé');
INSERT INTO TNHT_MULT(LITE_PK, LANG_PK, MULT_DESC)
VALUES('458FC8717FEBAC4B81AF0C93EB9C81A9', 1036, 'Bebé');
INSERT INTO TNHT_MULT(LITE_PK, LANG_PK, MULT_DESC)
VALUES('458FC8717FEBAC4B81AF0C93EB9C81A9', 1049, 'Младенец');
INSERT INTO TNHT_ENUM (ENUM_PK, LITE_PK)
VALUES(1322, '458FC8717FEBAC4B81AF0C93EB9C81A9');
INSERT INTO TNHT_LITE(LITE_PK) VALUES('89F607FE1777D1428E863D75A534D10B');
INSERT INTO TNHT_MULT(LITE_PK, LANG_PK, MULT_DESC)
VALUES('89F607FE1777D1428E863D75A534D10B', 1033, 'Unlimited');
INSERT INTO TNHT_MULT(LITE_PK, LANG_PK, MULT_DESC)
VALUES('89F607FE1777D1428E863D75A534D10B', 3082, 'Ilimitado');
INSERT INTO TNHT_MULT(LITE_PK, LANG_PK, MULT_DESC)
VALUES('89F607FE1777D1428E863D75A534D10B', 2070, 'Ilimitado');
INSERT INTO TNHT_MULT(LITE_PK, LANG_PK, MULT_DESC)
VALUES('89F607FE1777D1428E863D75A534D10B', 1036, 'Illimité');
INSERT INTO TNHT_MULT(LITE_PK, LANG_PK, MULT_DESC)
VALUES('89F607FE1777D1428E863D75A534D10B', 1049, 'Неограниченный');
INSERT INTO TNHT_ENUM (ENUM_PK, LITE_PK)
VALUES(1351, '89F607FE1777D1428E863D75A534D10B');
INSERT INTO TNHT_LITE(LITE_PK) VALUES('F8ECAA66983FA24995CEEE63AFCB7ACA');
INSERT INTO TNHT_MULT(LITE_PK, LANG_PK, MULT_DESC)
VALUES('F8ECAA66983FA24995CEEE63AFCB7ACA', 1033, 'Limited');
INSERT INTO TNHT_MULT(LITE_PK, LANG_PK, MULT_DESC)
VALUES('F8ECAA66983FA24995CEEE63AFCB7ACA', 3082, 'Limitado');
INSERT INTO TNHT_MULT(LITE_PK, LANG_PK, MULT_DESC)
VALUES('F8ECAA66983FA24995CEEE63AFCB7ACA', 2070, 'Limitado');
INSERT INTO TNHT_MULT(LITE_PK, LANG_PK, MULT_DESC)
VALUES('F8ECAA66983FA24995CEEE63AFCB7ACA', 1036, 'Limité');
INSERT INTO TNHT_MULT(LITE_PK, LANG_PK, MULT_DESC)
VALUES('F8ECAA66983FA24995CEEE63AFCB7ACA', 1049, 'Ограниченнный');
INSERT INTO TNHT_ENUM (ENUM_PK, LITE_PK)
VALUES(1352, 'F8ECAA66983FA24995CEEE63AFCB7ACA');
INSERT INTO TNHT_LITE(LITE_PK) VALUES('227D2C79C6674D44B6C77793521FE33D');
INSERT INTO TNHT_MULT(LITE_PK, LANG_PK, MULT_DESC)
VALUES('227D2C79C6674D44B6C77793521FE33D', 1033, 'Base');
INSERT INTO TNHT_MULT(LITE_PK, LANG_PK, MULT_DESC)
VALUES('227D2C79C6674D44B6C77793521FE33D', 3082, 'Base');
INSERT INTO TNHT_MULT(LITE_PK, LANG_PK, MULT_DESC)
VALUES('227D2C79C6674D44B6C77793521FE33D', 2070, 'Base');
INSERT INTO TNHT_MULT(LITE_PK, LANG_PK, MULT_DESC)
VALUES('227D2C79C6674D44B6C77793521FE33D', 1036, 'Base');
INSERT INTO TNHT_MULT(LITE_PK, LANG_PK, MULT_DESC)
VALUES('227D2C79C6674D44B6C77793521FE33D', 1049, 'Основной');
INSERT INTO TNHT_ENUM (ENUM_PK, LITE_PK)
VALUES(1381, '227D2C79C6674D44B6C77793521FE33D');
INSERT INTO TNHT_LITE(LITE_PK) VALUES('D8A6723AEA554847BA9621491783BEA6');
INSERT INTO TNHT_MULT(LITE_PK, LANG_PK, MULT_DESC)
VALUES('D8A6723AEA554847BA9621491783BEA6', 1033, 'Supplementary');
INSERT INTO TNHT_MULT(LITE_PK, LANG_PK, MULT_DESC)
VALUES('D8A6723AEA554847BA9621491783BEA6', 3082, 'Suplementaria');
INSERT INTO TNHT_MULT(LITE_PK, LANG_PK, MULT_DESC)
VALUES('D8A6723AEA554847BA9621491783BEA6', 2070, 'Suplementar');
INSERT INTO TNHT_MULT(LITE_PK, LANG_PK, MULT_DESC)
VALUES('D8A6723AEA554847BA9621491783BEA6', 1036, 'Supplémentaire');
INSERT INTO TNHT_MULT(LITE_PK, LANG_PK, MULT_DESC)
VALUES('D8A6723AEA554847BA9621491783BEA6', 1049, 'Дополнительный');
INSERT INTO TNHT_ENUM (ENUM_PK, LITE_PK)
VALUES(1382, 'D8A6723AEA554847BA9621491783BEA6');
INSERT INTO TNHT_LITE(LITE_PK) VALUES('727A2C8165E76E449E838B3D7BEFC266');
INSERT INTO TNHT_MULT(LITE_PK, LANG_PK, MULT_DESC)
VALUES('727A2C8165E76E449E838B3D7BEFC266', 1033, 'Lunch (arrival day)');
INSERT INTO TNHT_MULT(LITE_PK, LANG_PK, MULT_DESC)
VALUES('727A2C8165E76E449E838B3D7BEFC266', 3082, 'Almuerza (día llegada)');
INSERT INTO TNHT_MULT(LITE_PK, LANG_PK, MULT_DESC)
VALUES('727A2C8165E76E449E838B3D7BEFC266', 2070, 'Almoço (día chegada)');
INSERT INTO TNHT_MULT(LITE_PK, LANG_PK, MULT_DESC)
VALUES('727A2C8165E76E449E838B3D7BEFC266', 1036, 'Déjeuner (jour arrivée)');
INSERT INTO TNHT_MULT(LITE_PK, LANG_PK, MULT_DESC)
VALUES('727A2C8165E76E449E838B3D7BEFC266', 1049, 'Обед (день заезда)');
INSERT INTO TNHT_ENUM (ENUM_PK, LITE_PK)
VALUES(1411, '727A2C8165E76E449E838B3D7BEFC266');
INSERT INTO TNHT_LITE(LITE_PK) VALUES('E01EB5B17E26F24F81FC381DC7D25F41');
INSERT INTO TNHT_MULT(LITE_PK, LANG_PK, MULT_DESC)
VALUES('E01EB5B17E26F24F81FC381DC7D25F41', 1033, 'Lunch (departure day)');
INSERT INTO TNHT_MULT(LITE_PK, LANG_PK, MULT_DESC)
VALUES('E01EB5B17E26F24F81FC381DC7D25F41', 3082, 'Almuerza (día salida)');
INSERT INTO TNHT_MULT(LITE_PK, LANG_PK, MULT_DESC)
VALUES('E01EB5B17E26F24F81FC381DC7D25F41', 2070, 'Almoço (día partida)');
INSERT INTO TNHT_MULT(LITE_PK, LANG_PK, MULT_DESC)
VALUES('E01EB5B17E26F24F81FC381DC7D25F41', 1036, 'Déjeuner (jour départ)');
INSERT INTO TNHT_MULT(LITE_PK, LANG_PK, MULT_DESC)
VALUES('E01EB5B17E26F24F81FC381DC7D25F41', 1049, 'Обед (день выезда)');
INSERT INTO TNHT_ENUM (ENUM_PK, LITE_PK)
VALUES(1412, 'E01EB5B17E26F24F81FC381DC7D25F41');
INSERT INTO TNHT_LITE(LITE_PK) VALUES('6FAD476971B64D44BC4C5C869B9BF433');
INSERT INTO TNHT_MULT(LITE_PK, LANG_PK, MULT_DESC)
VALUES('6FAD476971B64D44BC4C5C869B9BF433', 1033, 'Lunch (both days)');
INSERT INTO TNHT_MULT(LITE_PK, LANG_PK, MULT_DESC)
VALUES('6FAD476971B64D44BC4C5C869B9BF433', 3082, 'Almuerza (ambos días)');
INSERT INTO TNHT_MULT(LITE_PK, LANG_PK, MULT_DESC)
VALUES('6FAD476971B64D44BC4C5C869B9BF433', 2070, 'Almoço (ambos días)');
INSERT INTO TNHT_MULT(LITE_PK, LANG_PK, MULT_DESC)
VALUES('6FAD476971B64D44BC4C5C869B9BF433', 1036, 'Déjeuner (deux jours)');
INSERT INTO TNHT_MULT(LITE_PK, LANG_PK, MULT_DESC)
VALUES('6FAD476971B64D44BC4C5C869B9BF433', 1049, 'Обед (оба дня)');
INSERT INTO TNHT_ENUM (ENUM_PK, LITE_PK)
VALUES(1413, '6FAD476971B64D44BC4C5C869B9BF433');
INSERT INTO TNHT_LITE(LITE_PK) VALUES('384853495BD9AE41B0C1B3FD940E011D');
INSERT INTO TNHT_MULT(LITE_PK, LANG_PK, MULT_DESC)
VALUES('384853495BD9AE41B0C1B3FD940E011D', 1033, 'Golf');
INSERT INTO TNHT_MULT(LITE_PK, LANG_PK, MULT_DESC)
VALUES('384853495BD9AE41B0C1B3FD940E011D', 3082, 'Golf');
INSERT INTO TNHT_MULT(LITE_PK, LANG_PK, MULT_DESC)
VALUES('384853495BD9AE41B0C1B3FD940E011D', 2070, 'Golf');
INSERT INTO TNHT_MULT(LITE_PK, LANG_PK, MULT_DESC)
VALUES('384853495BD9AE41B0C1B3FD940E011D', 1036, 'Golf');
INSERT INTO TNHT_MULT(LITE_PK, LANG_PK, MULT_DESC)
VALUES('384853495BD9AE41B0C1B3FD940E011D', 1049, 'Гольф');
INSERT INTO TNHT_ENUM (ENUM_PK, LITE_PK)
VALUES(1441, '384853495BD9AE41B0C1B3FD940E011D');
INSERT INTO TNHT_LITE(LITE_PK) VALUES('1A854B82D249BE4D9AE21A7C882168CC');
INSERT INTO TNHT_MULT(LITE_PK, LANG_PK, MULT_DESC)
VALUES('1A854B82D249BE4D9AE21A7C882168CC', 1033, 'Charged');
INSERT INTO TNHT_MULT(LITE_PK, LANG_PK, MULT_DESC)
VALUES('1A854B82D249BE4D9AE21A7C882168CC', 3082, 'Cobrada');
INSERT INTO TNHT_MULT(LITE_PK, LANG_PK, MULT_DESC)
VALUES('1A854B82D249BE4D9AE21A7C882168CC', 2070, 'Cobrada');
INSERT INTO TNHT_MULT(LITE_PK, LANG_PK, MULT_DESC)
VALUES('1A854B82D249BE4D9AE21A7C882168CC', 1036, 'Charged');
INSERT INTO TNHT_MULT(LITE_PK, LANG_PK, MULT_DESC)
VALUES('1A854B82D249BE4D9AE21A7C882168CC', 1049, 'Заполненный');
INSERT INTO TNHT_ENUM (ENUM_PK, LITE_PK)
VALUES(1471, '1A854B82D249BE4D9AE21A7C882168CC');
INSERT INTO TNHT_LITE(LITE_PK) VALUES('3405878AA94F52408DBF851937F88A89');
INSERT INTO TNHT_MULT(LITE_PK, LANG_PK, MULT_DESC)
VALUES('3405878AA94F52408DBF851937F88A89', 1033, 'Totally transferred to accounting');
INSERT INTO TNHT_MULT(LITE_PK, LANG_PK, MULT_DESC)
VALUES('3405878AA94F52408DBF851937F88A89', 3082, 'Transferida totalmente a contabilidad');
INSERT INTO TNHT_MULT(LITE_PK, LANG_PK, MULT_DESC)
VALUES('3405878AA94F52408DBF851937F88A89', 2070, 'Transferida totalmente à contabilidade');
INSERT INTO TNHT_MULT(LITE_PK, LANG_PK, MULT_DESC)
VALUES('3405878AA94F52408DBF851937F88A89', 1036, 'Transféré totalement a comptabilité');
INSERT INTO TNHT_MULT(LITE_PK, LANG_PK, MULT_DESC)
VALUES('3405878AA94F52408DBF851937F88A89', 1049, 'Полностью передан для учета');
INSERT INTO TNHT_ENUM (ENUM_PK, LITE_PK)
VALUES(1472, '3405878AA94F52408DBF851937F88A89');
INSERT INTO TNHT_LITE(LITE_PK) VALUES('376C9970AA489844969A299C9CE7877B');
INSERT INTO TNHT_MULT(LITE_PK, LANG_PK, MULT_DESC)
VALUES('376C9970AA489844969A299C9CE7877B', 1033, 'Partly transferred to accounting');
INSERT INTO TNHT_MULT(LITE_PK, LANG_PK, MULT_DESC)
VALUES('376C9970AA489844969A299C9CE7877B', 3082, 'Transferida parcialmente a contabilidad');
INSERT INTO TNHT_MULT(LITE_PK, LANG_PK, MULT_DESC)
VALUES('376C9970AA489844969A299C9CE7877B', 2070, 'Transferida parcialmente à contabilidade');
INSERT INTO TNHT_MULT(LITE_PK, LANG_PK, MULT_DESC)
VALUES('376C9970AA489844969A299C9CE7877B', 1036, 'Transféré partiellement a comptabilité');
INSERT INTO TNHT_MULT(LITE_PK, LANG_PK, MULT_DESC)
VALUES('376C9970AA489844969A299C9CE7877B', 1049, 'Частично передан для учета');
INSERT INTO TNHT_ENUM (ENUM_PK, LITE_PK)
VALUES(1473, '376C9970AA489844969A299C9CE7877B');
INSERT INTO TNHT_LITE(LITE_PK) VALUES('DF151544B679E442BE434F741211780B');
INSERT INTO TNHT_MULT(LITE_PK, LANG_PK, MULT_DESC)
VALUES('DF151544B679E442BE434F741211780B', 1033, 'Pending to regularize');
INSERT INTO TNHT_MULT(LITE_PK, LANG_PK, MULT_DESC)
VALUES('DF151544B679E442BE434F741211780B', 3082, 'Pendiente de regularizar');
INSERT INTO TNHT_MULT(LITE_PK, LANG_PK, MULT_DESC)
VALUES('DF151544B679E442BE434F741211780B', 2070, 'Pendente de regularizar');
INSERT INTO TNHT_MULT(LITE_PK, LANG_PK, MULT_DESC)
VALUES('DF151544B679E442BE434F741211780B', 1036, 'Régularization pendant');
INSERT INTO TNHT_MULT(LITE_PK, LANG_PK, MULT_DESC)
VALUES('DF151544B679E442BE434F741211780B', 1049, 'Упорядочить по ожиданию');
INSERT INTO TNHT_ENUM (ENUM_PK, LITE_PK)
VALUES(1474, 'DF151544B679E442BE434F741211780B');
INSERT INTO TNHT_LITE(LITE_PK) VALUES('E7AACCA1A56D804FA943ABD120208532');
INSERT INTO TNHT_MULT(LITE_PK, LANG_PK, MULT_DESC)
VALUES('E7AACCA1A56D804FA943ABD120208532', 1033, 'CRM (Points)');
INSERT INTO TNHT_MULT(LITE_PK, LANG_PK, MULT_DESC)
VALUES('E7AACCA1A56D804FA943ABD120208532', 3082, 'CRM (Puntos)');
INSERT INTO TNHT_MULT(LITE_PK, LANG_PK, MULT_DESC)
VALUES('E7AACCA1A56D804FA943ABD120208532', 2070, 'CRM (Pontos)');
INSERT INTO TNHT_MULT(LITE_PK, LANG_PK, MULT_DESC)
VALUES('E7AACCA1A56D804FA943ABD120208532', 1036, 'CRM (Points)');
INSERT INTO TNHT_MULT(LITE_PK, LANG_PK, MULT_DESC)
VALUES('E7AACCA1A56D804FA943ABD120208532', 1049, 'Клиенты (баллы)');
INSERT INTO TNHT_ENUM (ENUM_PK, LITE_PK)
VALUES(1475, 'E7AACCA1A56D804FA943ABD120208532');
INSERT INTO TNHT_LITE(LITE_PK) VALUES('3F58A3878B7F1C4EAE2A837984AE763D');
INSERT INTO TNHT_MULT(LITE_PK, LANG_PK, MULT_DESC)
VALUES('3F58A3878B7F1C4EAE2A837984AE763D', 1033, 'Charged + Points');
INSERT INTO TNHT_MULT(LITE_PK, LANG_PK, MULT_DESC)
VALUES('3F58A3878B7F1C4EAE2A837984AE763D', 3082, 'Contado + Puntos');
INSERT INTO TNHT_MULT(LITE_PK, LANG_PK, MULT_DESC)
VALUES('3F58A3878B7F1C4EAE2A837984AE763D', 2070, 'Cobrada + Pontos');
INSERT INTO TNHT_MULT(LITE_PK, LANG_PK, MULT_DESC)
VALUES('3F58A3878B7F1C4EAE2A837984AE763D', 1036, 'Paie Liquide + Points');
INSERT INTO TNHT_MULT(LITE_PK, LANG_PK, MULT_DESC)
VALUES('3F58A3878B7F1C4EAE2A837984AE763D', 1049, 'Пополнение + Баллы');
INSERT INTO TNHT_ENUM (ENUM_PK, LITE_PK)
VALUES(1476, '3F58A3878B7F1C4EAE2A837984AE763D');
INSERT INTO TNHT_LITE(LITE_PK) VALUES('0E3597C1E03FF64D8FF1E5059B9C2334');
INSERT INTO TNHT_MULT(LITE_PK, LANG_PK, MULT_DESC)
VALUES('0E3597C1E03FF64D8FF1E5059B9C2334', 1033, 'Insertion');
INSERT INTO TNHT_MULT(LITE_PK, LANG_PK, MULT_DESC)
VALUES('0E3597C1E03FF64D8FF1E5059B9C2334', 3082, 'Insersión');
INSERT INTO TNHT_MULT(LITE_PK, LANG_PK, MULT_DESC)
VALUES('0E3597C1E03FF64D8FF1E5059B9C2334', 2070, 'Inserção');
INSERT INTO TNHT_MULT(LITE_PK, LANG_PK, MULT_DESC)
VALUES('0E3597C1E03FF64D8FF1E5059B9C2334', 1036, 'Insertion');
INSERT INTO TNHT_MULT(LITE_PK, LANG_PK, MULT_DESC)
VALUES('0E3597C1E03FF64D8FF1E5059B9C2334', 1049, 'Вставка');
INSERT INTO TNHT_ENUM (ENUM_PK, LITE_PK)
VALUES(1501, '0E3597C1E03FF64D8FF1E5059B9C2334');
INSERT INTO TNHT_LITE(LITE_PK) VALUES('45DCB5B46E42AA4EAAA79AF5E6DF11D6');
INSERT INTO TNHT_MULT(LITE_PK, LANG_PK, MULT_DESC)
VALUES('45DCB5B46E42AA4EAAA79AF5E6DF11D6', 1033, 'Modification');
INSERT INTO TNHT_MULT(LITE_PK, LANG_PK, MULT_DESC)
VALUES('45DCB5B46E42AA4EAAA79AF5E6DF11D6', 3082, 'Modificación');
INSERT INTO TNHT_MULT(LITE_PK, LANG_PK, MULT_DESC)
VALUES('45DCB5B46E42AA4EAAA79AF5E6DF11D6', 2070, 'Modificação');
INSERT INTO TNHT_MULT(LITE_PK, LANG_PK, MULT_DESC)
VALUES('45DCB5B46E42AA4EAAA79AF5E6DF11D6', 1036, 'Modification');
INSERT INTO TNHT_MULT(LITE_PK, LANG_PK, MULT_DESC)
VALUES('45DCB5B46E42AA4EAAA79AF5E6DF11D6', 1049, 'Изменение');
INSERT INTO TNHT_ENUM (ENUM_PK, LITE_PK)
VALUES(1502, '45DCB5B46E42AA4EAAA79AF5E6DF11D6');
INSERT INTO TNHT_LITE(LITE_PK) VALUES('AADF260918749E469FDE40D1896B941E');
INSERT INTO TNHT_MULT(LITE_PK, LANG_PK, MULT_DESC)
VALUES('AADF260918749E469FDE40D1896B941E', 1033, 'Stay');
INSERT INTO TNHT_MULT(LITE_PK, LANG_PK, MULT_DESC)
VALUES('AADF260918749E469FDE40D1896B941E', 3082, 'Estancia');
INSERT INTO TNHT_MULT(LITE_PK, LANG_PK, MULT_DESC)
VALUES('AADF260918749E469FDE40D1896B941E', 2070, 'Estada');
INSERT INTO TNHT_MULT(LITE_PK, LANG_PK, MULT_DESC)
VALUES('AADF260918749E469FDE40D1896B941E', 1036, 'Séjour');
INSERT INTO TNHT_MULT(LITE_PK, LANG_PK, MULT_DESC)
VALUES('AADF260918749E469FDE40D1896B941E', 1049, 'Оставаться');
INSERT INTO TNHT_ENUM (ENUM_PK, LITE_PK)
VALUES(1503, 'AADF260918749E469FDE40D1896B941E');
INSERT INTO TNHT_LITE(LITE_PK) VALUES('E650F03E87BB4E4B9A1B9D09207883E6');
INSERT INTO TNHT_MULT(LITE_PK, LANG_PK, MULT_DESC)
VALUES('E650F03E87BB4E4B9A1B9D09207883E6', 1033, 'Stop Reservation');
INSERT INTO TNHT_MULT(LITE_PK, LANG_PK, MULT_DESC)
VALUES('E650F03E87BB4E4B9A1B9D09207883E6', 3082, 'Stop Reservas');
INSERT INTO TNHT_MULT(LITE_PK, LANG_PK, MULT_DESC)
VALUES('E650F03E87BB4E4B9A1B9D09207883E6', 2070, 'Stop Reservas');
INSERT INTO TNHT_MULT(LITE_PK, LANG_PK, MULT_DESC)
VALUES('E650F03E87BB4E4B9A1B9D09207883E6', 1036, 'Stop Résérvation');
INSERT INTO TNHT_MULT(LITE_PK, LANG_PK, MULT_DESC)
VALUES('E650F03E87BB4E4B9A1B9D09207883E6', 1049, 'Остановка бронирования');
INSERT INTO TNHT_ENUM (ENUM_PK, LITE_PK)
VALUES(1504, 'E650F03E87BB4E4B9A1B9D09207883E6');
INSERT INTO TNHT_LITE(LITE_PK) VALUES('22A00B15EFE2154AB0EB3C970F1E7F89');
INSERT INTO TNHT_MULT(LITE_PK, LANG_PK, MULT_DESC)
VALUES('22A00B15EFE2154AB0EB3C970F1E7F89', 1033, 'Stop Check-In');
INSERT INTO TNHT_MULT(LITE_PK, LANG_PK, MULT_DESC)
VALUES('22A00B15EFE2154AB0EB3C970F1E7F89', 3082, 'Stop Check-In');
INSERT INTO TNHT_MULT(LITE_PK, LANG_PK, MULT_DESC)
VALUES('22A00B15EFE2154AB0EB3C970F1E7F89', 2070, 'Stop Check-In');
INSERT INTO TNHT_MULT(LITE_PK, LANG_PK, MULT_DESC)
VALUES('22A00B15EFE2154AB0EB3C970F1E7F89', 1036, 'Stop Check-In');
INSERT INTO TNHT_MULT(LITE_PK, LANG_PK, MULT_DESC)
VALUES('22A00B15EFE2154AB0EB3C970F1E7F89', 1049, 'Остановка поселения');
INSERT INTO TNHT_ENUM (ENUM_PK, LITE_PK)
VALUES(1505, '22A00B15EFE2154AB0EB3C970F1E7F89');
INSERT INTO TNHT_LITE(LITE_PK) VALUES('332F40DC34B5A0468902FB2AFBC383D8');
INSERT INTO TNHT_MULT(LITE_PK, LANG_PK, MULT_DESC)
VALUES('332F40DC34B5A0468902FB2AFBC383D8', 1033, 'Pre-Payment');
INSERT INTO TNHT_MULT(LITE_PK, LANG_PK, MULT_DESC)
VALUES('332F40DC34B5A0468902FB2AFBC383D8', 3082, 'Pre-Pago');
INSERT INTO TNHT_MULT(LITE_PK, LANG_PK, MULT_DESC)
VALUES('332F40DC34B5A0468902FB2AFBC383D8', 2070, 'Pré-Pagamento');
INSERT INTO TNHT_MULT(LITE_PK, LANG_PK, MULT_DESC)
VALUES('332F40DC34B5A0468902FB2AFBC383D8', 1036, 'Pre-Paiement');
INSERT INTO TNHT_MULT(LITE_PK, LANG_PK, MULT_DESC)
VALUES('332F40DC34B5A0468902FB2AFBC383D8', 1049, 'Предварит. оплата');
INSERT INTO TNHT_ENUM (ENUM_PK, LITE_PK)
VALUES(1506, '332F40DC34B5A0468902FB2AFBC383D8');
INSERT INTO TNHT_LITE(LITE_PK) VALUES('D5CCA4BB8A03154C80C626923520D70D');
INSERT INTO TNHT_MULT(LITE_PK, LANG_PK, MULT_DESC)
VALUES('D5CCA4BB8A03154C80C626923520D70D', 1033, 'Remove');
INSERT INTO TNHT_MULT(LITE_PK, LANG_PK, MULT_DESC)
VALUES('D5CCA4BB8A03154C80C626923520D70D', 3082, 'Eliminar');
INSERT INTO TNHT_MULT(LITE_PK, LANG_PK, MULT_DESC)
VALUES('D5CCA4BB8A03154C80C626923520D70D', 2070, 'Remover');
INSERT INTO TNHT_MULT(LITE_PK, LANG_PK, MULT_DESC)
VALUES('D5CCA4BB8A03154C80C626923520D70D', 1036, 'Éliminer');
INSERT INTO TNHT_MULT(LITE_PK, LANG_PK, MULT_DESC)
VALUES('D5CCA4BB8A03154C80C626923520D70D', 1049, 'Yдаление');
INSERT INTO TNHT_ENUM (ENUM_PK, LITE_PK)
VALUES(1507, 'D5CCA4BB8A03154C80C626923520D70D');
INSERT INTO TNHT_LITE(LITE_PK) VALUES('E2293E1AD86B6D4FA205FD1C1D51D08F');
INSERT INTO TNHT_MULT(LITE_PK, LANG_PK, MULT_DESC)
VALUES('E2293E1AD86B6D4FA205FD1C1D51D08F', 1033, 'Reservation and Check In');
INSERT INTO TNHT_MULT(LITE_PK, LANG_PK, MULT_DESC)
VALUES('E2293E1AD86B6D4FA205FD1C1D51D08F', 3082, 'Reserva y Check In');
INSERT INTO TNHT_MULT(LITE_PK, LANG_PK, MULT_DESC)
VALUES('E2293E1AD86B6D4FA205FD1C1D51D08F', 2070, 'Reserva e Check-In');
INSERT INTO TNHT_MULT(LITE_PK, LANG_PK, MULT_DESC)
VALUES('E2293E1AD86B6D4FA205FD1C1D51D08F', 1036, 'Résérvation et Check-In');
INSERT INTO TNHT_MULT(LITE_PK, LANG_PK, MULT_DESC)
VALUES('E2293E1AD86B6D4FA205FD1C1D51D08F', 1049, 'Бронирование и заезд');
INSERT INTO TNHT_ENUM (ENUM_PK, LITE_PK)
VALUES(1531, 'E2293E1AD86B6D4FA205FD1C1D51D08F');
INSERT INTO TNHT_LITE(LITE_PK) VALUES('2B5536CB651DC44F9D0801F91D406A63');
INSERT INTO TNHT_MULT(LITE_PK, LANG_PK, MULT_DESC)
VALUES('2B5536CB651DC44F9D0801F91D406A63', 1033, 'Check In and Night Auditor');
INSERT INTO TNHT_MULT(LITE_PK, LANG_PK, MULT_DESC)
VALUES('2B5536CB651DC44F9D0801F91D406A63', 3082, 'Check In y Cierre día');
INSERT INTO TNHT_MULT(LITE_PK, LANG_PK, MULT_DESC)
VALUES('2B5536CB651DC44F9D0801F91D406A63', 2070, 'Check-In e Fecho dia');
INSERT INTO TNHT_MULT(LITE_PK, LANG_PK, MULT_DESC)
VALUES('2B5536CB651DC44F9D0801F91D406A63', 1036, 'Check-In et Auditor Nocturne');
INSERT INTO TNHT_MULT(LITE_PK, LANG_PK, MULT_DESC)
VALUES('2B5536CB651DC44F9D0801F91D406A63', 1049, 'Заезд и ночной аудитор');
INSERT INTO TNHT_ENUM (ENUM_PK, LITE_PK)
VALUES(1532, '2B5536CB651DC44F9D0801F91D406A63');
INSERT INTO TNHT_LITE(LITE_PK) VALUES('97672AA78B9FD940A059DE0B4142F99C');
INSERT INTO TNHT_MULT(LITE_PK, LANG_PK, MULT_DESC)
VALUES('97672AA78B9FD940A059DE0B4142F99C', 1033, 'All in Reservation');
INSERT INTO TNHT_MULT(LITE_PK, LANG_PK, MULT_DESC)
VALUES('97672AA78B9FD940A059DE0B4142F99C', 3082, 'Todos en Reserva');
INSERT INTO TNHT_MULT(LITE_PK, LANG_PK, MULT_DESC)
VALUES('97672AA78B9FD940A059DE0B4142F99C', 2070, 'Todos em Reserva');
INSERT INTO TNHT_MULT(LITE_PK, LANG_PK, MULT_DESC)
VALUES('97672AA78B9FD940A059DE0B4142F99C', 1036, 'Tous en Résérvation');
INSERT INTO TNHT_MULT(LITE_PK, LANG_PK, MULT_DESC)
VALUES('97672AA78B9FD940A059DE0B4142F99C', 1049, 'Все в бронировании');
INSERT INTO TNHT_ENUM (ENUM_PK, LITE_PK)
VALUES(1561, '97672AA78B9FD940A059DE0B4142F99C');
INSERT INTO TNHT_LITE(LITE_PK) VALUES('EEB6D373FA29F2429384D89C2157ADF3');
INSERT INTO TNHT_MULT(LITE_PK, LANG_PK, MULT_DESC)
VALUES('EEB6D373FA29F2429384D89C2157ADF3', 1033, 'All in Check-In');
INSERT INTO TNHT_MULT(LITE_PK, LANG_PK, MULT_DESC)
VALUES('EEB6D373FA29F2429384D89C2157ADF3', 3082, 'Todos en Check-In');
INSERT INTO TNHT_MULT(LITE_PK, LANG_PK, MULT_DESC)
VALUES('EEB6D373FA29F2429384D89C2157ADF3', 2070, 'Todos em Check-In');
INSERT INTO TNHT_MULT(LITE_PK, LANG_PK, MULT_DESC)
VALUES('EEB6D373FA29F2429384D89C2157ADF3', 1036, 'Tous en Check-In');
INSERT INTO TNHT_MULT(LITE_PK, LANG_PK, MULT_DESC)
VALUES('EEB6D373FA29F2429384D89C2157ADF3', 1049, 'Все в поселении');
INSERT INTO TNHT_ENUM (ENUM_PK, LITE_PK)
VALUES(1562, 'EEB6D373FA29F2429384D89C2157ADF3');
INSERT INTO TNHT_LITE(LITE_PK) VALUES('8B0C03ABB8F3B64AAC4A4CA43A54E1D8');
INSERT INTO TNHT_MULT(LITE_PK, LANG_PK, MULT_DESC)
VALUES('8B0C03ABB8F3B64AAC4A4CA43A54E1D8', 1033, 'Only Holder in Reservation');
INSERT INTO TNHT_MULT(LITE_PK, LANG_PK, MULT_DESC)
VALUES('8B0C03ABB8F3B64AAC4A4CA43A54E1D8', 3082, 'Solo Titular en Reserva');
INSERT INTO TNHT_MULT(LITE_PK, LANG_PK, MULT_DESC)
VALUES('8B0C03ABB8F3B64AAC4A4CA43A54E1D8', 2070, 'Só Titular em Reserva');
INSERT INTO TNHT_MULT(LITE_PK, LANG_PK, MULT_DESC)
VALUES('8B0C03ABB8F3B64AAC4A4CA43A54E1D8', 1036, 'Seul Hôte Principal de Résérvation');
INSERT INTO TNHT_MULT(LITE_PK, LANG_PK, MULT_DESC)
VALUES('8B0C03ABB8F3B64AAC4A4CA43A54E1D8', 1049, 'Только держатели в бронировании');
INSERT INTO TNHT_ENUM (ENUM_PK, LITE_PK)
VALUES(1563, '8B0C03ABB8F3B64AAC4A4CA43A54E1D8');
INSERT INTO TNHT_LITE(LITE_PK) VALUES('ED3754075CBF09469FDE94C36C7088DF');
INSERT INTO TNHT_MULT(LITE_PK, LANG_PK, MULT_DESC)
VALUES('ED3754075CBF09469FDE94C36C7088DF', 1033, 'Only Holder in Check-In');
INSERT INTO TNHT_MULT(LITE_PK, LANG_PK, MULT_DESC)
VALUES('ED3754075CBF09469FDE94C36C7088DF', 3082, 'Solo Titular en Check-In');
INSERT INTO TNHT_MULT(LITE_PK, LANG_PK, MULT_DESC)
VALUES('ED3754075CBF09469FDE94C36C7088DF', 2070, 'Só Titular em Check-In');
INSERT INTO TNHT_MULT(LITE_PK, LANG_PK, MULT_DESC)
VALUES('ED3754075CBF09469FDE94C36C7088DF', 1036, 'Seul Hôte Principal en Check-In');
INSERT INTO TNHT_MULT(LITE_PK, LANG_PK, MULT_DESC)
VALUES('ED3754075CBF09469FDE94C36C7088DF', 1049, 'Только держатели в заезде');
INSERT INTO TNHT_ENUM (ENUM_PK, LITE_PK)
VALUES(1564, 'ED3754075CBF09469FDE94C36C7088DF');
INSERT INTO TNHT_LITE(LITE_PK) VALUES('59F335B1679FF847B69B84462A5E4F77');
INSERT INTO TNHT_MULT(LITE_PK, LANG_PK, MULT_DESC)
VALUES('59F335B1679FF847B69B84462A5E4F77', 1033, 'Without pre-release');
INSERT INTO TNHT_MULT(LITE_PK, LANG_PK, MULT_DESC)
VALUES('59F335B1679FF847B69B84462A5E4F77', 3082, 'Sin pre-emisión');
INSERT INTO TNHT_MULT(LITE_PK, LANG_PK, MULT_DESC)
VALUES('59F335B1679FF847B69B84462A5E4F77', 2070, 'Sem pré-emissão');
INSERT INTO TNHT_MULT(LITE_PK, LANG_PK, MULT_DESC)
VALUES('59F335B1679FF847B69B84462A5E4F77', 1036, 'Sans pre-issue');
INSERT INTO TNHT_MULT(LITE_PK, LANG_PK, MULT_DESC)
VALUES('59F335B1679FF847B69B84462A5E4F77', 1049, 'Без предварительного разрешения');
INSERT INTO TNHT_ENUM (ENUM_PK, LITE_PK)
VALUES(1591, '59F335B1679FF847B69B84462A5E4F77');
INSERT INTO TNHT_LITE(LITE_PK) VALUES('B44740206A92EC40AA51B316B707FF1A');
INSERT INTO TNHT_MULT(LITE_PK, LANG_PK, MULT_DESC)
VALUES('B44740206A92EC40AA51B316B707FF1A', 1033, 'Night Auditor');
INSERT INTO TNHT_MULT(LITE_PK, LANG_PK, MULT_DESC)
VALUES('B44740206A92EC40AA51B316B707FF1A', 3082, 'Cierre día');
INSERT INTO TNHT_MULT(LITE_PK, LANG_PK, MULT_DESC)
VALUES('B44740206A92EC40AA51B316B707FF1A', 2070, 'Fecho dia');
INSERT INTO TNHT_MULT(LITE_PK, LANG_PK, MULT_DESC)
VALUES('B44740206A92EC40AA51B316B707FF1A', 1036, 'Auditeur Nocturne');
INSERT INTO TNHT_MULT(LITE_PK, LANG_PK, MULT_DESC)
VALUES('B44740206A92EC40AA51B316B707FF1A', 1049, 'Ночной аудитор');
INSERT INTO TNHT_ENUM (ENUM_PK, LITE_PK)
VALUES(1621, 'B44740206A92EC40AA51B316B707FF1A');
INSERT INTO TNHT_LITE(LITE_PK) VALUES('1BF35895DA2C7D42B6DC2342D1E00CBD');
INSERT INTO TNHT_MULT(LITE_PK, LANG_PK, MULT_DESC)
VALUES('1BF35895DA2C7D42B6DC2342D1E00CBD', 1033, 'All Guest in Reservation');
INSERT INTO TNHT_MULT(LITE_PK, LANG_PK, MULT_DESC)
VALUES('1BF35895DA2C7D42B6DC2342D1E00CBD', 3082, 'Todos en Reserva');
INSERT INTO TNHT_MULT(LITE_PK, LANG_PK, MULT_DESC)
VALUES('1BF35895DA2C7D42B6DC2342D1E00CBD', 2070, 'Todos em Reserva');
INSERT INTO TNHT_MULT(LITE_PK, LANG_PK, MULT_DESC)
VALUES('1BF35895DA2C7D42B6DC2342D1E00CBD', 1036, 'Tous les Hôtes en Résérvation');
INSERT INTO TNHT_MULT(LITE_PK, LANG_PK, MULT_DESC)
VALUES('1BF35895DA2C7D42B6DC2342D1E00CBD', 1049, 'Все гости в бронировании');
INSERT INTO TNHT_ENUM (ENUM_PK, LITE_PK)
VALUES(1651, '1BF35895DA2C7D42B6DC2342D1E00CBD');
INSERT INTO TNHT_LITE(LITE_PK) VALUES('CC725EBB6490A54D83130853B2BF5BCE');
INSERT INTO TNHT_MULT(LITE_PK, LANG_PK, MULT_DESC)
VALUES('CC725EBB6490A54D83130853B2BF5BCE', 1033, 'All Guest in Check-In');
INSERT INTO TNHT_MULT(LITE_PK, LANG_PK, MULT_DESC)
VALUES('CC725EBB6490A54D83130853B2BF5BCE', 3082, 'Todos en Check-In');
INSERT INTO TNHT_MULT(LITE_PK, LANG_PK, MULT_DESC)
VALUES('CC725EBB6490A54D83130853B2BF5BCE', 2070, 'Todos em Check-In');
INSERT INTO TNHT_MULT(LITE_PK, LANG_PK, MULT_DESC)
VALUES('CC725EBB6490A54D83130853B2BF5BCE', 1036, 'Tous les Hôtes en Check-In');
INSERT INTO TNHT_MULT(LITE_PK, LANG_PK, MULT_DESC)
VALUES('CC725EBB6490A54D83130853B2BF5BCE', 1049, 'Все гости в поселении');
INSERT INTO TNHT_ENUM (ENUM_PK, LITE_PK)
VALUES(1652, 'CC725EBB6490A54D83130853B2BF5BCE');
INSERT INTO TNHT_LITE(LITE_PK) VALUES('C7D539DCAACFBC48A69386DE9609A5CE');
INSERT INTO TNHT_MULT(LITE_PK, LANG_PK, MULT_DESC)
VALUES('C7D539DCAACFBC48A69386DE9609A5CE', 1033, 'Only childs in Reservation');
INSERT INTO TNHT_MULT(LITE_PK, LANG_PK, MULT_DESC)
VALUES('C7D539DCAACFBC48A69386DE9609A5CE', 3082, 'Solo niños en Reserva');
INSERT INTO TNHT_MULT(LITE_PK, LANG_PK, MULT_DESC)
VALUES('C7D539DCAACFBC48A69386DE9609A5CE', 2070, 'Só crianças em Reserva');
INSERT INTO TNHT_MULT(LITE_PK, LANG_PK, MULT_DESC)
VALUES('C7D539DCAACFBC48A69386DE9609A5CE', 1036, 'Seul enfants en Résérvation');
INSERT INTO TNHT_MULT(LITE_PK, LANG_PK, MULT_DESC)
VALUES('C7D539DCAACFBC48A69386DE9609A5CE', 1049, 'Только дети в бронировании');
INSERT INTO TNHT_ENUM (ENUM_PK, LITE_PK)
VALUES(1653, 'C7D539DCAACFBC48A69386DE9609A5CE');
INSERT INTO TNHT_LITE(LITE_PK) VALUES('A66776F14FA9884697C5CE1502AB73D3');
INSERT INTO TNHT_MULT(LITE_PK, LANG_PK, MULT_DESC)
VALUES('A66776F14FA9884697C5CE1502AB73D3', 1033, 'Only childs in Check-In');
INSERT INTO TNHT_MULT(LITE_PK, LANG_PK, MULT_DESC)
VALUES('A66776F14FA9884697C5CE1502AB73D3', 3082, 'Solo niños en Check-In');
INSERT INTO TNHT_MULT(LITE_PK, LANG_PK, MULT_DESC)
VALUES('A66776F14FA9884697C5CE1502AB73D3', 2070, 'Só crianças em Check-In');
INSERT INTO TNHT_MULT(LITE_PK, LANG_PK, MULT_DESC)
VALUES('A66776F14FA9884697C5CE1502AB73D3', 1036, 'Seul enfants en Check-In');
INSERT INTO TNHT_MULT(LITE_PK, LANG_PK, MULT_DESC)
VALUES('A66776F14FA9884697C5CE1502AB73D3', 1049, 'Только дети в поселении');
INSERT INTO TNHT_ENUM (ENUM_PK, LITE_PK)
VALUES(1654, 'A66776F14FA9884697C5CE1502AB73D3');
INSERT INTO TNHT_LITE(LITE_PK) VALUES('46804F54FC3BE7498ADC44BCC0502E4C');
INSERT INTO TNHT_MULT(LITE_PK, LANG_PK, MULT_DESC)
VALUES('46804F54FC3BE7498ADC44BCC0502E4C', 1033, 'General');
INSERT INTO TNHT_MULT(LITE_PK, LANG_PK, MULT_DESC)
VALUES('46804F54FC3BE7498ADC44BCC0502E4C', 3082, 'General');
INSERT INTO TNHT_MULT(LITE_PK, LANG_PK, MULT_DESC)
VALUES('46804F54FC3BE7498ADC44BCC0502E4C', 2070, 'Geral');
INSERT INTO TNHT_MULT(LITE_PK, LANG_PK, MULT_DESC)
VALUES('46804F54FC3BE7498ADC44BCC0502E4C', 1036, 'Général');
INSERT INTO TNHT_MULT(LITE_PK, LANG_PK, MULT_DESC)
VALUES('46804F54FC3BE7498ADC44BCC0502E4C', 1049, 'Общий');
INSERT INTO TNHT_ENUM (ENUM_PK, LITE_PK)
VALUES(1681, '46804F54FC3BE7498ADC44BCC0502E4C');
INSERT INTO TNHT_LITE(LITE_PK) VALUES('C8DB48B12BAE6F409506EC5A87EC25EB');
INSERT INTO TNHT_MULT(LITE_PK, LANG_PK, MULT_DESC)
VALUES('C8DB48B12BAE6F409506EC5A87EC25EB', 1033, 'Specific');
INSERT INTO TNHT_MULT(LITE_PK, LANG_PK, MULT_DESC)
VALUES('C8DB48B12BAE6F409506EC5A87EC25EB', 3082, 'Específico');
INSERT INTO TNHT_MULT(LITE_PK, LANG_PK, MULT_DESC)
VALUES('C8DB48B12BAE6F409506EC5A87EC25EB', 2070, 'Específico');
INSERT INTO TNHT_MULT(LITE_PK, LANG_PK, MULT_DESC)
VALUES('C8DB48B12BAE6F409506EC5A87EC25EB', 1036, 'Specifique');
INSERT INTO TNHT_MULT(LITE_PK, LANG_PK, MULT_DESC)
VALUES('C8DB48B12BAE6F409506EC5A87EC25EB', 1049, 'Особый');
INSERT INTO TNHT_ENUM (ENUM_PK, LITE_PK)
VALUES(1682, 'C8DB48B12BAE6F409506EC5A87EC25EB');
INSERT INTO TNHT_LITE(LITE_PK) VALUES('F8BF7C463CD50942835D06F0A2DD2219');
INSERT INTO TNHT_MULT(LITE_PK, LANG_PK, MULT_DESC)
VALUES('F8BF7C463CD50942835D06F0A2DD2219', 1033, 'Dirty/Clean');
INSERT INTO TNHT_MULT(LITE_PK, LANG_PK, MULT_DESC)
VALUES('F8BF7C463CD50942835D06F0A2DD2219', 3082, 'Sucio/Limpio');
INSERT INTO TNHT_MULT(LITE_PK, LANG_PK, MULT_DESC)
VALUES('F8BF7C463CD50942835D06F0A2DD2219', 2070, 'Sujo/Limpo');
INSERT INTO TNHT_MULT(LITE_PK, LANG_PK, MULT_DESC)
VALUES('F8BF7C463CD50942835D06F0A2DD2219', 1036, 'Sale/Propre');
INSERT INTO TNHT_MULT(LITE_PK, LANG_PK, MULT_DESC)
VALUES('F8BF7C463CD50942835D06F0A2DD2219', 1049, 'Не убран/Чистый');
INSERT INTO TNHT_ENUM (ENUM_PK, LITE_PK)
VALUES(1711, 'F8BF7C463CD50942835D06F0A2DD2219');
INSERT INTO TNHT_LITE(LITE_PK) VALUES('202EF7B27036D74FA4A20FF1ACD62BE7');
INSERT INTO TNHT_MULT(LITE_PK, LANG_PK, MULT_DESC)
VALUES('202EF7B27036D74FA4A20FF1ACD62BE7', 1033, 'Dirty/Cleaning/Verify/Clean');
INSERT INTO TNHT_MULT(LITE_PK, LANG_PK, MULT_DESC)
VALUES('202EF7B27036D74FA4A20FF1ACD62BE7', 3082, 'Sucio/En Limpieza/Verificación/Limpio');
INSERT INTO TNHT_MULT(LITE_PK, LANG_PK, MULT_DESC)
VALUES('202EF7B27036D74FA4A20FF1ACD62BE7', 2070, 'Sujo/Em Limpeza/Verificação/Limpo');
INSERT INTO TNHT_MULT(LITE_PK, LANG_PK, MULT_DESC)
VALUES('202EF7B27036D74FA4A20FF1ACD62BE7', 1036, 'Sale/Nettoyage/Vérification/Propre');
INSERT INTO TNHT_MULT(LITE_PK, LANG_PK, MULT_DESC)
VALUES('202EF7B27036D74FA4A20FF1ACD62BE7', 1049, 'Не убран/Уборка/Проверка/Чистый');
INSERT INTO TNHT_ENUM (ENUM_PK, LITE_PK)
VALUES(1712, '202EF7B27036D74FA4A20FF1ACD62BE7');
INSERT INTO TNHT_LITE(LITE_PK) VALUES('E0F224E97E8BC046BD8F6D6C0890D35F');
INSERT INTO TNHT_MULT(LITE_PK, LANG_PK, MULT_DESC)
VALUES('E0F224E97E8BC046BD8F6D6C0890D35F', 1033, 'Elevator');
INSERT INTO TNHT_MULT(LITE_PK, LANG_PK, MULT_DESC)
VALUES('E0F224E97E8BC046BD8F6D6C0890D35F', 3082, 'Ascensor');
INSERT INTO TNHT_MULT(LITE_PK, LANG_PK, MULT_DESC)
VALUES('E0F224E97E8BC046BD8F6D6C0890D35F', 2070, 'Elevador');
INSERT INTO TNHT_MULT(LITE_PK, LANG_PK, MULT_DESC)
VALUES('E0F224E97E8BC046BD8F6D6C0890D35F', 1036, 'Ascenseur');
INSERT INTO TNHT_MULT(LITE_PK, LANG_PK, MULT_DESC)
VALUES('E0F224E97E8BC046BD8F6D6C0890D35F', 1049, 'Лифт');
INSERT INTO TNHT_ENUM (ENUM_PK, LITE_PK)
VALUES(1741, 'E0F224E97E8BC046BD8F6D6C0890D35F');
INSERT INTO TNHT_LITE(LITE_PK) VALUES('2B9F7FF3E355424FBA87D61469CDFAF9');
INSERT INTO TNHT_MULT(LITE_PK, LANG_PK, MULT_DESC)
VALUES('2B9F7FF3E355424FBA87D61469CDFAF9', 1033, 'Stairs');
INSERT INTO TNHT_MULT(LITE_PK, LANG_PK, MULT_DESC)
VALUES('2B9F7FF3E355424FBA87D61469CDFAF9', 3082, 'Escaleras');
INSERT INTO TNHT_MULT(LITE_PK, LANG_PK, MULT_DESC)
VALUES('2B9F7FF3E355424FBA87D61469CDFAF9', 2070, 'Escadas');
INSERT INTO TNHT_MULT(LITE_PK, LANG_PK, MULT_DESC)
VALUES('2B9F7FF3E355424FBA87D61469CDFAF9', 1036, 'Escalier');
INSERT INTO TNHT_MULT(LITE_PK, LANG_PK, MULT_DESC)
VALUES('2B9F7FF3E355424FBA87D61469CDFAF9', 1049, 'Ступеньки');
INSERT INTO TNHT_ENUM (ENUM_PK, LITE_PK)
VALUES(1742, '2B9F7FF3E355424FBA87D61469CDFAF9');
INSERT INTO TNHT_LITE(LITE_PK) VALUES('1B527C44FB068D4D8C60B9657B64BA3F');
INSERT INTO TNHT_MULT(LITE_PK, LANG_PK, MULT_DESC)
VALUES('1B527C44FB068D4D8C60B9657B64BA3F', 1033, 'Housekeeping');
INSERT INTO TNHT_MULT(LITE_PK, LANG_PK, MULT_DESC)
VALUES('1B527C44FB068D4D8C60B9657B64BA3F', 3082, 'Ama Llaves');
INSERT INTO TNHT_MULT(LITE_PK, LANG_PK, MULT_DESC)
VALUES('1B527C44FB068D4D8C60B9657B64BA3F', 2070, 'Governanta');
INSERT INTO TNHT_MULT(LITE_PK, LANG_PK, MULT_DESC)
VALUES('1B527C44FB068D4D8C60B9657B64BA3F', 1036, 'Gouvernante');
INSERT INTO TNHT_MULT(LITE_PK, LANG_PK, MULT_DESC)
VALUES('1B527C44FB068D4D8C60B9657B64BA3F', 1049, 'Уборка номеров');
INSERT INTO TNHT_ENUM (ENUM_PK, LITE_PK)
VALUES(1743, '1B527C44FB068D4D8C60B9657B64BA3F');
INSERT INTO TNHT_LITE(LITE_PK) VALUES('CCABA808B9295B4499750D95F0436062');
INSERT INTO TNHT_MULT(LITE_PK, LANG_PK, MULT_DESC)
VALUES('CCABA808B9295B4499750D95F0436062', 1033, 'Stay');
INSERT INTO TNHT_MULT(LITE_PK, LANG_PK, MULT_DESC)
VALUES('CCABA808B9295B4499750D95F0436062', 3082, 'Estadia');
INSERT INTO TNHT_MULT(LITE_PK, LANG_PK, MULT_DESC)
VALUES('CCABA808B9295B4499750D95F0436062', 2070, 'Estada');
INSERT INTO TNHT_MULT(LITE_PK, LANG_PK, MULT_DESC)
VALUES('CCABA808B9295B4499750D95F0436062', 1036, 'Séjour');
INSERT INTO TNHT_MULT(LITE_PK, LANG_PK, MULT_DESC)
VALUES('CCABA808B9295B4499750D95F0436062', 1049, 'Оставаться');
INSERT INTO TNHT_ENUM (ENUM_PK, LITE_PK)
VALUES(1771, 'CCABA808B9295B4499750D95F0436062');
INSERT INTO TNHT_LITE(LITE_PK) VALUES('55BEE91479B2B04B90DF0325BFEA8045');
INSERT INTO TNHT_MULT(LITE_PK, LANG_PK, MULT_DESC)
VALUES('55BEE91479B2B04B90DF0325BFEA8045', 1033, 'Add');
INSERT INTO TNHT_MULT(LITE_PK, LANG_PK, MULT_DESC)
VALUES('55BEE91479B2B04B90DF0325BFEA8045', 3082, 'Adicionar');
INSERT INTO TNHT_MULT(LITE_PK, LANG_PK, MULT_DESC)
VALUES('55BEE91479B2B04B90DF0325BFEA8045', 2070, 'Adicionar');
INSERT INTO TNHT_MULT(LITE_PK, LANG_PK, MULT_DESC)
VALUES('55BEE91479B2B04B90DF0325BFEA8045', 1036, 'Additionner');
INSERT INTO TNHT_MULT(LITE_PK, LANG_PK, MULT_DESC)
VALUES('55BEE91479B2B04B90DF0325BFEA8045', 1049, 'Добавить');
INSERT INTO TNHT_ENUM (ENUM_PK, LITE_PK)
VALUES(1801, '55BEE91479B2B04B90DF0325BFEA8045');
INSERT INTO TNHT_LITE(LITE_PK) VALUES('066C3AFFA74FAE4B9D083EF8AAC1362E');
INSERT INTO TNHT_MULT(LITE_PK, LANG_PK, MULT_DESC)
VALUES('066C3AFFA74FAE4B9D083EF8AAC1362E', 1033, 'Daily Discount');
INSERT INTO TNHT_MULT(LITE_PK, LANG_PK, MULT_DESC)
VALUES('066C3AFFA74FAE4B9D083EF8AAC1362E', 3082, 'Descontar de Diaria');
INSERT INTO TNHT_MULT(LITE_PK, LANG_PK, MULT_DESC)
VALUES('066C3AFFA74FAE4B9D083EF8AAC1362E', 2070, 'Descontar de Diaria');
INSERT INTO TNHT_MULT(LITE_PK, LANG_PK, MULT_DESC)
VALUES('066C3AFFA74FAE4B9D083EF8AAC1362E', 1036, 'Rabais du Tarif Jour');
INSERT INTO TNHT_MULT(LITE_PK, LANG_PK, MULT_DESC)
VALUES('066C3AFFA74FAE4B9D083EF8AAC1362E', 1049, 'Дневная скидка');
INSERT INTO TNHT_ENUM (ENUM_PK, LITE_PK)
VALUES(1802, '066C3AFFA74FAE4B9D083EF8AAC1362E');
INSERT INTO TNHT_LITE(LITE_PK) VALUES('405AE5D4470F304BB9023AD9770EC061');
INSERT INTO TNHT_MULT(LITE_PK, LANG_PK, MULT_DESC)
VALUES('405AE5D4470F304BB9023AD9770EC061', 1033, 'Phones');
INSERT INTO TNHT_MULT(LITE_PK, LANG_PK, MULT_DESC)
VALUES('405AE5D4470F304BB9023AD9770EC061', 3082, 'Teléfonos');
INSERT INTO TNHT_MULT(LITE_PK, LANG_PK, MULT_DESC)
VALUES('405AE5D4470F304BB9023AD9770EC061', 2070, 'Telefones');
INSERT INTO TNHT_MULT(LITE_PK, LANG_PK, MULT_DESC)
VALUES('405AE5D4470F304BB9023AD9770EC061', 1036, 'Téléphones');
INSERT INTO TNHT_MULT(LITE_PK, LANG_PK, MULT_DESC)
VALUES('405AE5D4470F304BB9023AD9770EC061', 1049, 'Телефоны');
INSERT INTO TNHT_ENUM (ENUM_PK, LITE_PK)
VALUES(1831, '405AE5D4470F304BB9023AD9770EC061');
INSERT INTO TNHT_LITE(LITE_PK) VALUES('853726AFA7454A45887C514275C322D5');
INSERT INTO TNHT_MULT(LITE_PK, LANG_PK, MULT_DESC)
VALUES('853726AFA7454A45887C514275C322D5', 1033, 'Pay-Tv');
INSERT INTO TNHT_MULT(LITE_PK, LANG_PK, MULT_DESC)
VALUES('853726AFA7454A45887C514275C322D5', 3082, 'Pay-Tv');
INSERT INTO TNHT_MULT(LITE_PK, LANG_PK, MULT_DESC)
VALUES('853726AFA7454A45887C514275C322D5', 2070, 'Pay-Tv');
INSERT INTO TNHT_MULT(LITE_PK, LANG_PK, MULT_DESC)
VALUES('853726AFA7454A45887C514275C322D5', 1036, 'Pay-Tv');
INSERT INTO TNHT_MULT(LITE_PK, LANG_PK, MULT_DESC)
VALUES('853726AFA7454A45887C514275C322D5', 1049, 'Платное телевидение');
INSERT INTO TNHT_ENUM (ENUM_PK, LITE_PK)
VALUES(1832, '853726AFA7454A45887C514275C322D5');
INSERT INTO TNHT_LITE(LITE_PK) VALUES('485E28F974CEAD43985F5C61CAFF9641');
INSERT INTO TNHT_MULT(LITE_PK, LANG_PK, MULT_DESC)
VALUES('485E28F974CEAD43985F5C61CAFF9641', 1033, 'Keys');
INSERT INTO TNHT_MULT(LITE_PK, LANG_PK, MULT_DESC)
VALUES('485E28F974CEAD43985F5C61CAFF9641', 3082, 'Llaves');
INSERT INTO TNHT_MULT(LITE_PK, LANG_PK, MULT_DESC)
VALUES('485E28F974CEAD43985F5C61CAFF9641', 2070, 'Chaves');
INSERT INTO TNHT_MULT(LITE_PK, LANG_PK, MULT_DESC)
VALUES('485E28F974CEAD43985F5C61CAFF9641', 1036, 'Clés');
INSERT INTO TNHT_MULT(LITE_PK, LANG_PK, MULT_DESC)
VALUES('485E28F974CEAD43985F5C61CAFF9641', 1049, 'Ключи');
INSERT INTO TNHT_ENUM (ENUM_PK, LITE_PK)
VALUES(1833, '485E28F974CEAD43985F5C61CAFF9641');
INSERT INTO TNHT_LITE(LITE_PK) VALUES('2252E64E4AB78D4EB3CC734958AC8396');
INSERT INTO TNHT_MULT(LITE_PK, LANG_PK, MULT_DESC)
VALUES('2252E64E4AB78D4EB3CC734958AC8396', 1033, 'Internet');
INSERT INTO TNHT_MULT(LITE_PK, LANG_PK, MULT_DESC)
VALUES('2252E64E4AB78D4EB3CC734958AC8396', 3082, 'Internet');
INSERT INTO TNHT_MULT(LITE_PK, LANG_PK, MULT_DESC)
VALUES('2252E64E4AB78D4EB3CC734958AC8396', 2070, 'Internet');
INSERT INTO TNHT_MULT(LITE_PK, LANG_PK, MULT_DESC)
VALUES('2252E64E4AB78D4EB3CC734958AC8396', 1036, 'Internet');
INSERT INTO TNHT_MULT(LITE_PK, LANG_PK, MULT_DESC)
VALUES('2252E64E4AB78D4EB3CC734958AC8396', 1049, 'Интернет');
INSERT INTO TNHT_ENUM (ENUM_PK, LITE_PK)
VALUES(1834, '2252E64E4AB78D4EB3CC734958AC8396');
INSERT INTO TNHT_LITE(LITE_PK) VALUES('A0D0FDA57AB80C4582F336EBAA47ADDF');
INSERT INTO TNHT_MULT(LITE_PK, LANG_PK, MULT_DESC)
VALUES('A0D0FDA57AB80C4582F336EBAA47ADDF', 1033, 'Gates');
INSERT INTO TNHT_MULT(LITE_PK, LANG_PK, MULT_DESC)
VALUES('A0D0FDA57AB80C4582F336EBAA47ADDF', 3082, 'Verjas');
INSERT INTO TNHT_MULT(LITE_PK, LANG_PK, MULT_DESC)
VALUES('A0D0FDA57AB80C4582F336EBAA47ADDF', 2070, 'Portões');
INSERT INTO TNHT_MULT(LITE_PK, LANG_PK, MULT_DESC)
VALUES('A0D0FDA57AB80C4582F336EBAA47ADDF', 1036, 'Portes');
INSERT INTO TNHT_MULT(LITE_PK, LANG_PK, MULT_DESC)
VALUES('A0D0FDA57AB80C4582F336EBAA47ADDF', 1049, 'Выходы');
INSERT INTO TNHT_ENUM (ENUM_PK, LITE_PK)
VALUES(1835, 'A0D0FDA57AB80C4582F336EBAA47ADDF');
INSERT INTO TNHT_LITE(LITE_PK) VALUES('2AECF9C953DA864C9D03387C429DCF60');
INSERT INTO TNHT_MULT(LITE_PK, LANG_PK, MULT_DESC)
VALUES('2AECF9C953DA864C9D03387C429DCF60', 1033, 'Air Condition');
INSERT INTO TNHT_MULT(LITE_PK, LANG_PK, MULT_DESC)
VALUES('2AECF9C953DA864C9D03387C429DCF60', 3082, 'Aire Acondicionado');
INSERT INTO TNHT_MULT(LITE_PK, LANG_PK, MULT_DESC)
VALUES('2AECF9C953DA864C9D03387C429DCF60', 2070, 'Ar Condicionado');
INSERT INTO TNHT_MULT(LITE_PK, LANG_PK, MULT_DESC)
VALUES('2AECF9C953DA864C9D03387C429DCF60', 1036, 'Air Conditionné');
INSERT INTO TNHT_MULT(LITE_PK, LANG_PK, MULT_DESC)
VALUES('2AECF9C953DA864C9D03387C429DCF60', 1049, 'Кондиционер');
INSERT INTO TNHT_ENUM (ENUM_PK, LITE_PK)
VALUES(1836, '2AECF9C953DA864C9D03387C429DCF60');
INSERT INTO TNHT_LITE(LITE_PK) VALUES('F2C5C452ABEBD547857CD1554A2B73CB');
INSERT INTO TNHT_MULT(LITE_PK, LANG_PK, MULT_DESC)
VALUES('F2C5C452ABEBD547857CD1554A2B73CB', 1033, 'External POS');
INSERT INTO TNHT_MULT(LITE_PK, LANG_PK, MULT_DESC)
VALUES('F2C5C452ABEBD547857CD1554A2B73CB', 3082, 'POS Externo');
INSERT INTO TNHT_MULT(LITE_PK, LANG_PK, MULT_DESC)
VALUES('F2C5C452ABEBD547857CD1554A2B73CB', 2070, 'POS Externo');
INSERT INTO TNHT_MULT(LITE_PK, LANG_PK, MULT_DESC)
VALUES('F2C5C452ABEBD547857CD1554A2B73CB', 1036, 'POS Externe');
INSERT INTO TNHT_MULT(LITE_PK, LANG_PK, MULT_DESC)
VALUES('F2C5C452ABEBD547857CD1554A2B73CB', 1049, 'Выносная точка продажи');
INSERT INTO TNHT_ENUM (ENUM_PK, LITE_PK)
VALUES(1837, 'F2C5C452ABEBD547857CD1554A2B73CB');
INSERT INTO TNHT_LITE(LITE_PK) VALUES('33E25E056CE76949B2A06A7594F44E72');
INSERT INTO TNHT_MULT(LITE_PK, LANG_PK, MULT_DESC)
VALUES('33E25E056CE76949B2A06A7594F44E72', 1033, 'Requested');
INSERT INTO TNHT_MULT(LITE_PK, LANG_PK, MULT_DESC)
VALUES('33E25E056CE76949B2A06A7594F44E72', 3082, 'Solicitada');
INSERT INTO TNHT_MULT(LITE_PK, LANG_PK, MULT_DESC)
VALUES('33E25E056CE76949B2A06A7594F44E72', 2070, 'Solicitada');
INSERT INTO TNHT_MULT(LITE_PK, LANG_PK, MULT_DESC)
VALUES('33E25E056CE76949B2A06A7594F44E72', 1036, 'Demandée');
INSERT INTO TNHT_MULT(LITE_PK, LANG_PK, MULT_DESC)
VALUES('33E25E056CE76949B2A06A7594F44E72', 1049, 'Запрошено');
INSERT INTO TNHT_ENUM (ENUM_PK, LITE_PK)
VALUES(1861, '33E25E056CE76949B2A06A7594F44E72');
INSERT INTO TNHT_LITE(LITE_PK) VALUES('CAFC8BBA4AFDA24C9709802329E050FE');
INSERT INTO TNHT_MULT(LITE_PK, LANG_PK, MULT_DESC)
VALUES('CAFC8BBA4AFDA24C9709802329E050FE', 1033, 'Cancelled');
INSERT INTO TNHT_MULT(LITE_PK, LANG_PK, MULT_DESC)
VALUES('CAFC8BBA4AFDA24C9709802329E050FE', 3082, 'Anulada');
INSERT INTO TNHT_MULT(LITE_PK, LANG_PK, MULT_DESC)
VALUES('CAFC8BBA4AFDA24C9709802329E050FE', 2070, 'Anulada');
INSERT INTO TNHT_MULT(LITE_PK, LANG_PK, MULT_DESC)
VALUES('CAFC8BBA4AFDA24C9709802329E050FE', 1036, 'Annulée');
INSERT INTO TNHT_MULT(LITE_PK, LANG_PK, MULT_DESC)
VALUES('CAFC8BBA4AFDA24C9709802329E050FE', 1049, 'Отменено');
INSERT INTO TNHT_ENUM (ENUM_PK, LITE_PK)
VALUES(1862, 'CAFC8BBA4AFDA24C9709802329E050FE');
INSERT INTO TNHT_LITE(LITE_PK) VALUES('A6769C724E939C40A2776613B8DBCA4A');
INSERT INTO TNHT_MULT(LITE_PK, LANG_PK, MULT_DESC)
VALUES('A6769C724E939C40A2776613B8DBCA4A', 1033, 'Executed');
INSERT INTO TNHT_MULT(LITE_PK, LANG_PK, MULT_DESC)
VALUES('A6769C724E939C40A2776613B8DBCA4A', 3082, 'Ejecutada');
INSERT INTO TNHT_MULT(LITE_PK, LANG_PK, MULT_DESC)
VALUES('A6769C724E939C40A2776613B8DBCA4A', 2070, 'Executada');
INSERT INTO TNHT_MULT(LITE_PK, LANG_PK, MULT_DESC)
VALUES('A6769C724E939C40A2776613B8DBCA4A', 1036, 'Effectuée ');
INSERT INTO TNHT_MULT(LITE_PK, LANG_PK, MULT_DESC)
VALUES('A6769C724E939C40A2776613B8DBCA4A', 1049, 'Выполнено ');
INSERT INTO TNHT_ENUM (ENUM_PK, LITE_PK)
VALUES(1863, 'A6769C724E939C40A2776613B8DBCA4A');
INSERT INTO TNHT_LITE(LITE_PK) VALUES('137B02A91ABBD444B242E7EAA773C456');
INSERT INTO TNHT_MULT(LITE_PK, LANG_PK, MULT_DESC)
VALUES('137B02A91ABBD444B242E7EAA773C456', 1033, 'Scheduled');
INSERT INTO TNHT_MULT(LITE_PK, LANG_PK, MULT_DESC)
VALUES('137B02A91ABBD444B242E7EAA773C456', 3082, 'Programada');
INSERT INTO TNHT_MULT(LITE_PK, LANG_PK, MULT_DESC)
VALUES('137B02A91ABBD444B242E7EAA773C456', 2070, 'Programada');
INSERT INTO TNHT_MULT(LITE_PK, LANG_PK, MULT_DESC)
VALUES('137B02A91ABBD444B242E7EAA773C456', 1036, 'Programmée');
INSERT INTO TNHT_MULT(LITE_PK, LANG_PK, MULT_DESC)
VALUES('137B02A91ABBD444B242E7EAA773C456', 1049, 'Плановый');
INSERT INTO TNHT_ENUM (ENUM_PK, LITE_PK)
VALUES(1864, '137B02A91ABBD444B242E7EAA773C456');
INSERT INTO TNHT_LITE(LITE_PK) VALUES('5CF70FA08A1CBD4B9299326D0349D8D6');
INSERT INTO TNHT_MULT(LITE_PK, LANG_PK, MULT_DESC)
VALUES('5CF70FA08A1CBD4B9299326D0349D8D6', 1033, 'No response');
INSERT INTO TNHT_MULT(LITE_PK, LANG_PK, MULT_DESC)
VALUES('5CF70FA08A1CBD4B9299326D0349D8D6', 3082, 'Sin respuesta');
INSERT INTO TNHT_MULT(LITE_PK, LANG_PK, MULT_DESC)
VALUES('5CF70FA08A1CBD4B9299326D0349D8D6', 2070, 'Sem respuesta');
INSERT INTO TNHT_MULT(LITE_PK, LANG_PK, MULT_DESC)
VALUES('5CF70FA08A1CBD4B9299326D0349D8D6', 1036, 'Sans réponse');
INSERT INTO TNHT_MULT(LITE_PK, LANG_PK, MULT_DESC)
VALUES('5CF70FA08A1CBD4B9299326D0349D8D6', 1049, 'Нет ответа');
INSERT INTO TNHT_ENUM (ENUM_PK, LITE_PK)
VALUES(1865, '5CF70FA08A1CBD4B9299326D0349D8D6');
INSERT INTO TNHT_LITE(LITE_PK) VALUES('D256235C723DA747A2E7DF399F2FEA48');
INSERT INTO TNHT_MULT(LITE_PK, LANG_PK, MULT_DESC)
VALUES('D256235C723DA747A2E7DF399F2FEA48', 1033, 'Cancel Requested');
INSERT INTO TNHT_MULT(LITE_PK, LANG_PK, MULT_DESC)
VALUES('D256235C723DA747A2E7DF399F2FEA48', 3082, 'Solicitud Anulada');
INSERT INTO TNHT_MULT(LITE_PK, LANG_PK, MULT_DESC)
VALUES('D256235C723DA747A2E7DF399F2FEA48', 2070, 'Solicitude Anulada');
INSERT INTO TNHT_MULT(LITE_PK, LANG_PK, MULT_DESC)
VALUES('D256235C723DA747A2E7DF399F2FEA48', 1036, 'Annuler requis');
INSERT INTO TNHT_MULT(LITE_PK, LANG_PK, MULT_DESC)
VALUES('D256235C723DA747A2E7DF399F2FEA48', 1049, 'Отменить просил');
INSERT INTO TNHT_ENUM (ENUM_PK, LITE_PK)
VALUES(1866, 'D256235C723DA747A2E7DF399F2FEA48');
INSERT INTO TNHT_LITE(LITE_PK) VALUES('1FC158975F331E45846B46CDFB4141BB');
INSERT INTO TNHT_MULT(LITE_PK, LANG_PK, MULT_DESC)
VALUES('1FC158975F331E45846B46CDFB4141BB', 1033, 'Letter');
INSERT INTO TNHT_MULT(LITE_PK, LANG_PK, MULT_DESC)
VALUES('1FC158975F331E45846B46CDFB4141BB', 3082, 'Carta');
INSERT INTO TNHT_MULT(LITE_PK, LANG_PK, MULT_DESC)
VALUES('1FC158975F331E45846B46CDFB4141BB', 2070, 'Carta');
INSERT INTO TNHT_MULT(LITE_PK, LANG_PK, MULT_DESC)
VALUES('1FC158975F331E45846B46CDFB4141BB', 1036, 'Lettre');
INSERT INTO TNHT_MULT(LITE_PK, LANG_PK, MULT_DESC)
VALUES('1FC158975F331E45846B46CDFB4141BB', 1049, 'Письмо');
INSERT INTO TNHT_ENUM (ENUM_PK, LITE_PK)
VALUES(1891, '1FC158975F331E45846B46CDFB4141BB');
INSERT INTO TNHT_LITE(LITE_PK) VALUES('4442DEEEA823F24DAFAEB59190AA2A26');
INSERT INTO TNHT_MULT(LITE_PK, LANG_PK, MULT_DESC)
VALUES('4442DEEEA823F24DAFAEB59190AA2A26', 1033, 'E-Mail');
INSERT INTO TNHT_MULT(LITE_PK, LANG_PK, MULT_DESC)
VALUES('4442DEEEA823F24DAFAEB59190AA2A26', 3082, 'E-Mail');
INSERT INTO TNHT_MULT(LITE_PK, LANG_PK, MULT_DESC)
VALUES('4442DEEEA823F24DAFAEB59190AA2A26', 2070, 'E-Mail');
INSERT INTO TNHT_MULT(LITE_PK, LANG_PK, MULT_DESC)
VALUES('4442DEEEA823F24DAFAEB59190AA2A26', 1036, 'E-Mail');
INSERT INTO TNHT_MULT(LITE_PK, LANG_PK, MULT_DESC)
VALUES('4442DEEEA823F24DAFAEB59190AA2A26', 1049, 'E-Mail');
INSERT INTO TNHT_ENUM (ENUM_PK, LITE_PK)
VALUES(1892, '4442DEEEA823F24DAFAEB59190AA2A26');
INSERT INTO TNHT_LITE(LITE_PK) VALUES('DBB18FA623455A4EB53C964171977796');
INSERT INTO TNHT_MULT(LITE_PK, LANG_PK, MULT_DESC)
VALUES('DBB18FA623455A4EB53C964171977796', 1033, 'Phone');
INSERT INTO TNHT_MULT(LITE_PK, LANG_PK, MULT_DESC)
VALUES('DBB18FA623455A4EB53C964171977796', 3082, 'Teléfono');
INSERT INTO TNHT_MULT(LITE_PK, LANG_PK, MULT_DESC)
VALUES('DBB18FA623455A4EB53C964171977796', 2070, 'Telefones');
INSERT INTO TNHT_MULT(LITE_PK, LANG_PK, MULT_DESC)
VALUES('DBB18FA623455A4EB53C964171977796', 1036, 'Téléphones');
INSERT INTO TNHT_MULT(LITE_PK, LANG_PK, MULT_DESC)
VALUES('DBB18FA623455A4EB53C964171977796', 1049, 'Телефон');
INSERT INTO TNHT_ENUM (ENUM_PK, LITE_PK)
VALUES(1893, 'DBB18FA623455A4EB53C964171977796');
INSERT INTO TNHT_LITE(LITE_PK) VALUES('04908A80E66F6C4C96798FA271DF92C5');
INSERT INTO TNHT_MULT(LITE_PK, LANG_PK, MULT_DESC)
VALUES('04908A80E66F6C4C96798FA271DF92C5', 1033, 'Fax');
INSERT INTO TNHT_MULT(LITE_PK, LANG_PK, MULT_DESC)
VALUES('04908A80E66F6C4C96798FA271DF92C5', 3082, 'Fax');
INSERT INTO TNHT_MULT(LITE_PK, LANG_PK, MULT_DESC)
VALUES('04908A80E66F6C4C96798FA271DF92C5', 2070, 'Fax');
INSERT INTO TNHT_MULT(LITE_PK, LANG_PK, MULT_DESC)
VALUES('04908A80E66F6C4C96798FA271DF92C5', 1036, 'Fax');
INSERT INTO TNHT_MULT(LITE_PK, LANG_PK, MULT_DESC)
VALUES('04908A80E66F6C4C96798FA271DF92C5', 1049, 'Факс');
INSERT INTO TNHT_ENUM (ENUM_PK, LITE_PK)
VALUES(1894, '04908A80E66F6C4C96798FA271DF92C5');
INSERT INTO TNHT_LITE(LITE_PK) VALUES('751529DA7B67004E907E0FD022ECD0EF');
INSERT INTO TNHT_MULT(LITE_PK, LANG_PK, MULT_DESC)
VALUES('751529DA7B67004E907E0FD022ECD0EF', 1033, 'SMS');
INSERT INTO TNHT_MULT(LITE_PK, LANG_PK, MULT_DESC)
VALUES('751529DA7B67004E907E0FD022ECD0EF', 3082, 'SMS');
INSERT INTO TNHT_MULT(LITE_PK, LANG_PK, MULT_DESC)
VALUES('751529DA7B67004E907E0FD022ECD0EF', 2070, 'SMS');
INSERT INTO TNHT_MULT(LITE_PK, LANG_PK, MULT_DESC)
VALUES('751529DA7B67004E907E0FD022ECD0EF', 1036, 'SMS');
INSERT INTO TNHT_MULT(LITE_PK, LANG_PK, MULT_DESC)
VALUES('751529DA7B67004E907E0FD022ECD0EF', 1049, 'СМС');
INSERT INTO TNHT_ENUM (ENUM_PK, LITE_PK)
VALUES(1895, '751529DA7B67004E907E0FD022ECD0EF');
INSERT INTO TNHT_LITE(LITE_PK) VALUES('E6006AF6D25EF9449DAB7F3B72B9B6AA');
INSERT INTO TNHT_MULT(LITE_PK, LANG_PK, MULT_DESC)
VALUES('E6006AF6D25EF9449DAB7F3B72B9B6AA', 1033, 'By Services');
INSERT INTO TNHT_MULT(LITE_PK, LANG_PK, MULT_DESC)
VALUES('E6006AF6D25EF9449DAB7F3B72B9B6AA', 3082, 'Por Servicios');
INSERT INTO TNHT_MULT(LITE_PK, LANG_PK, MULT_DESC)
VALUES('E6006AF6D25EF9449DAB7F3B72B9B6AA', 2070, 'Por Serviços');
INSERT INTO TNHT_MULT(LITE_PK, LANG_PK, MULT_DESC)
VALUES('E6006AF6D25EF9449DAB7F3B72B9B6AA', 1036, 'Par Services');
INSERT INTO TNHT_MULT(LITE_PK, LANG_PK, MULT_DESC)
VALUES('E6006AF6D25EF9449DAB7F3B72B9B6AA', 1049, 'За услуги');
INSERT INTO TNHT_ENUM (ENUM_PK, LITE_PK)
VALUES(1921, 'E6006AF6D25EF9449DAB7F3B72B9B6AA');
INSERT INTO TNHT_LITE(LITE_PK) VALUES('AEA03462701E6E41B592B39DC3B02AB9');
INSERT INTO TNHT_MULT(LITE_PK, LANG_PK, MULT_DESC)
VALUES('AEA03462701E6E41B592B39DC3B02AB9', 1033, 'Portuguese');
INSERT INTO TNHT_MULT(LITE_PK, LANG_PK, MULT_DESC)
VALUES('AEA03462701E6E41B592B39DC3B02AB9', 3082, 'Portugues');
INSERT INTO TNHT_MULT(LITE_PK, LANG_PK, MULT_DESC)
VALUES('AEA03462701E6E41B592B39DC3B02AB9', 2070, 'Português');
INSERT INTO TNHT_MULT(LITE_PK, LANG_PK, MULT_DESC)
VALUES('AEA03462701E6E41B592B39DC3B02AB9', 1036, 'Portuguais');
INSERT INTO TNHT_MULT(LITE_PK, LANG_PK, MULT_DESC)
VALUES('AEA03462701E6E41B592B39DC3B02AB9', 1049, 'Португальский');
INSERT INTO TNHT_ENUM (ENUM_PK, LITE_PK)
VALUES(1922, 'AEA03462701E6E41B592B39DC3B02AB9');
INSERT INTO TNHT_LITE(LITE_PK) VALUES('36F4E43A6CEDB045809836A92DBBDCA3');
INSERT INTO TNHT_MULT(LITE_PK, LANG_PK, MULT_DESC)
VALUES('36F4E43A6CEDB045809836A92DBBDCA3', 1033, 'Max. Reservations');
INSERT INTO TNHT_MULT(LITE_PK, LANG_PK, MULT_DESC)
VALUES('36F4E43A6CEDB045809836A92DBBDCA3', 3082, 'Máx. Reservas');
INSERT INTO TNHT_MULT(LITE_PK, LANG_PK, MULT_DESC)
VALUES('36F4E43A6CEDB045809836A92DBBDCA3', 2070, 'Max. Reservas');
INSERT INTO TNHT_MULT(LITE_PK, LANG_PK, MULT_DESC)
VALUES('36F4E43A6CEDB045809836A92DBBDCA3', 1036, 'Max. Résérvations');
INSERT INTO TNHT_MULT(LITE_PK, LANG_PK, MULT_DESC)
VALUES('36F4E43A6CEDB045809836A92DBBDCA3', 1049, 'Максимальное бронирование');
INSERT INTO TNHT_ENUM (ENUM_PK, LITE_PK)
VALUES(1951, '36F4E43A6CEDB045809836A92DBBDCA3');
INSERT INTO TNHT_LITE(LITE_PK) VALUES('3670A41227E6E94C94B98622DDD625B9');
INSERT INTO TNHT_MULT(LITE_PK, LANG_PK, MULT_DESC)
VALUES('3670A41227E6E94C94B98622DDD625B9', 1033, '% Critical Occupation');
INSERT INTO TNHT_MULT(LITE_PK, LANG_PK, MULT_DESC)
VALUES('3670A41227E6E94C94B98622DDD625B9', 3082, '% Ocupación Crítica');
INSERT INTO TNHT_MULT(LITE_PK, LANG_PK, MULT_DESC)
VALUES('3670A41227E6E94C94B98622DDD625B9', 2070, '% Ocupação Crítica');
INSERT INTO TNHT_MULT(LITE_PK, LANG_PK, MULT_DESC)
VALUES('3670A41227E6E94C94B98622DDD625B9', 1036, '% Occupation critique');
INSERT INTO TNHT_MULT(LITE_PK, LANG_PK, MULT_DESC)
VALUES('3670A41227E6E94C94B98622DDD625B9', 1049, '% критической занятости');
INSERT INTO TNHT_ENUM (ENUM_PK, LITE_PK)
VALUES(1952, '3670A41227E6E94C94B98622DDD625B9');
INSERT INTO TNHT_LITE(LITE_PK) VALUES('CD86A2F7EF6E8744A69BBE1AD3832D68');
INSERT INTO TNHT_MULT(LITE_PK, LANG_PK, MULT_DESC)
VALUES('CD86A2F7EF6E8744A69BBE1AD3832D68', 1033, 'Occupied');
INSERT INTO TNHT_MULT(LITE_PK, LANG_PK, MULT_DESC)
VALUES('CD86A2F7EF6E8744A69BBE1AD3832D68', 3082, 'Ocupadas');
INSERT INTO TNHT_MULT(LITE_PK, LANG_PK, MULT_DESC)
VALUES('CD86A2F7EF6E8744A69BBE1AD3832D68', 2070, 'Ocupadas');
INSERT INTO TNHT_MULT(LITE_PK, LANG_PK, MULT_DESC)
VALUES('CD86A2F7EF6E8744A69BBE1AD3832D68', 1036, 'Occupées');
INSERT INTO TNHT_MULT(LITE_PK, LANG_PK, MULT_DESC)
VALUES('CD86A2F7EF6E8744A69BBE1AD3832D68', 1049, 'Занято');
INSERT INTO TNHT_ENUM (ENUM_PK, LITE_PK)
VALUES(1981, 'CD86A2F7EF6E8744A69BBE1AD3832D68');
INSERT INTO TNHT_LITE(LITE_PK) VALUES('BBDB83872C46654490A946F7CA33E447');
INSERT INTO TNHT_MULT(LITE_PK, LANG_PK, MULT_DESC)
VALUES('BBDB83872C46654490A946F7CA33E447', 1033, 'All');
INSERT INTO TNHT_MULT(LITE_PK, LANG_PK, MULT_DESC)
VALUES('BBDB83872C46654490A946F7CA33E447', 3082, 'Todas');
INSERT INTO TNHT_MULT(LITE_PK, LANG_PK, MULT_DESC)
VALUES('BBDB83872C46654490A946F7CA33E447', 2070, 'Todas');
INSERT INTO TNHT_MULT(LITE_PK, LANG_PK, MULT_DESC)
VALUES('BBDB83872C46654490A946F7CA33E447', 1036, 'Touts');
INSERT INTO TNHT_MULT(LITE_PK, LANG_PK, MULT_DESC)
VALUES('BBDB83872C46654490A946F7CA33E447', 1049, 'Все');
INSERT INTO TNHT_ENUM (ENUM_PK, LITE_PK)
VALUES(1982, 'BBDB83872C46654490A946F7CA33E447');
INSERT INTO TNHT_LITE(LITE_PK) VALUES('8DF0F4C84F95DF42855BDD538A6F882E');
INSERT INTO TNHT_MULT(LITE_PK, LANG_PK, MULT_DESC)
VALUES('8DF0F4C84F95DF42855BDD538A6F882E', 1033, 'By default');
INSERT INTO TNHT_MULT(LITE_PK, LANG_PK, MULT_DESC)
VALUES('8DF0F4C84F95DF42855BDD538A6F882E', 3082, 'Por defecto');
INSERT INTO TNHT_MULT(LITE_PK, LANG_PK, MULT_DESC)
VALUES('8DF0F4C84F95DF42855BDD538A6F882E', 2070, 'Por defeito');
INSERT INTO TNHT_MULT(LITE_PK, LANG_PK, MULT_DESC)
VALUES('8DF0F4C84F95DF42855BDD538A6F882E', 1036, 'Par défault');
INSERT INTO TNHT_MULT(LITE_PK, LANG_PK, MULT_DESC)
VALUES('8DF0F4C84F95DF42855BDD538A6F882E', 1049, 'По умолчанию');
INSERT INTO TNHT_ENUM (ENUM_PK, LITE_PK)
VALUES(2011, '8DF0F4C84F95DF42855BDD538A6F882E');
INSERT INTO TNHT_LITE(LITE_PK) VALUES('11A0CDBFFB955A4093C9524D6CE5C1B3');
INSERT INTO TNHT_MULT(LITE_PK, LANG_PK, MULT_DESC)
VALUES('11A0CDBFFB955A4093C9524D6CE5C1B3', 1033, 'Included');
INSERT INTO TNHT_MULT(LITE_PK, LANG_PK, MULT_DESC)
VALUES('11A0CDBFFB955A4093C9524D6CE5C1B3', 3082, 'Incluido');
INSERT INTO TNHT_MULT(LITE_PK, LANG_PK, MULT_DESC)
VALUES('11A0CDBFFB955A4093C9524D6CE5C1B3', 2070, 'Incluido');
INSERT INTO TNHT_MULT(LITE_PK, LANG_PK, MULT_DESC)
VALUES('11A0CDBFFB955A4093C9524D6CE5C1B3', 1036, 'Compris');
INSERT INTO TNHT_MULT(LITE_PK, LANG_PK, MULT_DESC)
VALUES('11A0CDBFFB955A4093C9524D6CE5C1B3', 1049, 'Включено');
INSERT INTO TNHT_ENUM (ENUM_PK, LITE_PK)
VALUES(2012, '11A0CDBFFB955A4093C9524D6CE5C1B3');
INSERT INTO TNHT_LITE(LITE_PK) VALUES('2BE32CFCC41FE24D87E181281989F93D');
INSERT INTO TNHT_MULT(LITE_PK, LANG_PK, MULT_DESC)
VALUES('2BE32CFCC41FE24D87E181281989F93D', 1033, 'Not included');
INSERT INTO TNHT_MULT(LITE_PK, LANG_PK, MULT_DESC)
VALUES('2BE32CFCC41FE24D87E181281989F93D', 3082, 'No incluido');
INSERT INTO TNHT_MULT(LITE_PK, LANG_PK, MULT_DESC)
VALUES('2BE32CFCC41FE24D87E181281989F93D', 2070, 'Não incluido');
INSERT INTO TNHT_MULT(LITE_PK, LANG_PK, MULT_DESC)
VALUES('2BE32CFCC41FE24D87E181281989F93D', 1036, 'Pas Compris');
INSERT INTO TNHT_MULT(LITE_PK, LANG_PK, MULT_DESC)
VALUES('2BE32CFCC41FE24D87E181281989F93D', 1049, 'Не включено');
INSERT INTO TNHT_ENUM (ENUM_PK, LITE_PK)
VALUES(2013, '2BE32CFCC41FE24D87E181281989F93D');
INSERT INTO TNHT_LITE(LITE_PK) VALUES('EDE1D6BCA54C5647A5D99C5D9EF81544');
INSERT INTO TNHT_MULT(LITE_PK, LANG_PK, MULT_DESC)
VALUES('EDE1D6BCA54C5647A5D99C5D9EF81544', 1033, 'Real -> Invoice');
INSERT INTO TNHT_MULT(LITE_PK, LANG_PK, MULT_DESC)
VALUES('EDE1D6BCA54C5647A5D99C5D9EF81544', 3082, 'Real -> Factura');
INSERT INTO TNHT_MULT(LITE_PK, LANG_PK, MULT_DESC)
VALUES('EDE1D6BCA54C5647A5D99C5D9EF81544', 2070, 'Real -> Factura');
INSERT INTO TNHT_MULT(LITE_PK, LANG_PK, MULT_DESC)
VALUES('EDE1D6BCA54C5647A5D99C5D9EF81544', 1036, 'Réel -> Facture');
INSERT INTO TNHT_MULT(LITE_PK, LANG_PK, MULT_DESC)
VALUES('EDE1D6BCA54C5647A5D99C5D9EF81544', 1049, 'Действительный -> Счет');
INSERT INTO TNHT_ENUM (ENUM_PK, LITE_PK)
VALUES(2041, 'EDE1D6BCA54C5647A5D99C5D9EF81544');
INSERT INTO TNHT_LITE(LITE_PK) VALUES('4B1DB9DC480AE9419B3512677BE87E47');
INSERT INTO TNHT_MULT(LITE_PK, LANG_PK, MULT_DESC)
VALUES('4B1DB9DC480AE9419B3512677BE87E47', 1033, 'Invoice -> Real');
INSERT INTO TNHT_MULT(LITE_PK, LANG_PK, MULT_DESC)
VALUES('4B1DB9DC480AE9419B3512677BE87E47', 3082, 'Factura -> Real');
INSERT INTO TNHT_MULT(LITE_PK, LANG_PK, MULT_DESC)
VALUES('4B1DB9DC480AE9419B3512677BE87E47', 2070, 'Factura -> Real');
INSERT INTO TNHT_MULT(LITE_PK, LANG_PK, MULT_DESC)
VALUES('4B1DB9DC480AE9419B3512677BE87E47', 1036, 'Facture -> Réel');
INSERT INTO TNHT_MULT(LITE_PK, LANG_PK, MULT_DESC)
VALUES('4B1DB9DC480AE9419B3512677BE87E47', 1049, 'Счет -> Действительный');
INSERT INTO TNHT_ENUM (ENUM_PK, LITE_PK)
VALUES(2042, '4B1DB9DC480AE9419B3512677BE87E47');
INSERT INTO TNHT_LITE(LITE_PK) VALUES('8C2B09772B684543B83B6D5629252318');
INSERT INTO TNHT_MULT(LITE_PK, LANG_PK, MULT_DESC)
VALUES('8C2B09772B684543B83B6D5629252318', 1033, 'Verify');
INSERT INTO TNHT_MULT(LITE_PK, LANG_PK, MULT_DESC)
VALUES('8C2B09772B684543B83B6D5629252318', 3082, 'Verificar');
INSERT INTO TNHT_MULT(LITE_PK, LANG_PK, MULT_DESC)
VALUES('8C2B09772B684543B83B6D5629252318', 2070, 'Verificar');
INSERT INTO TNHT_MULT(LITE_PK, LANG_PK, MULT_DESC)
VALUES('8C2B09772B684543B83B6D5629252318', 1036, 'Vérifier');
INSERT INTO TNHT_MULT(LITE_PK, LANG_PK, MULT_DESC)
VALUES('8C2B09772B684543B83B6D5629252318', 1049, 'Проверить');
INSERT INTO TNHT_ENUM (ENUM_PK, LITE_PK)
VALUES(2071, '8C2B09772B684543B83B6D5629252318');
INSERT INTO TNHT_LITE(LITE_PK) VALUES('9D0E2AD5DEA9514D925984472CC59B67');
INSERT INTO TNHT_MULT(LITE_PK, LANG_PK, MULT_DESC)
VALUES('9D0E2AD5DEA9514D925984472CC59B67', 1033, 'Exclude cancelled');
INSERT INTO TNHT_MULT(LITE_PK, LANG_PK, MULT_DESC)
VALUES('9D0E2AD5DEA9514D925984472CC59B67', 3082, 'Excluir canceladas');
INSERT INTO TNHT_MULT(LITE_PK, LANG_PK, MULT_DESC)
VALUES('9D0E2AD5DEA9514D925984472CC59B67', 2070, 'Excluir canceladas');
INSERT INTO TNHT_MULT(LITE_PK, LANG_PK, MULT_DESC)
VALUES('9D0E2AD5DEA9514D925984472CC59B67', 1036, 'Exclude cancelled');
INSERT INTO TNHT_MULT(LITE_PK, LANG_PK, MULT_DESC)
VALUES('9D0E2AD5DEA9514D925984472CC59B67', 1049, 'Исключения отменены');
INSERT INTO TNHT_ENUM (ENUM_PK, LITE_PK)
VALUES(2072, '9D0E2AD5DEA9514D925984472CC59B67');
INSERT INTO TNHT_LITE(LITE_PK) VALUES('EC7D1BBEFB793D46BEC3480039D843A0');
INSERT INTO TNHT_MULT(LITE_PK, LANG_PK, MULT_DESC)
VALUES('EC7D1BBEFB793D46BEC3480039D843A0', 1033, 'Exclude');
INSERT INTO TNHT_MULT(LITE_PK, LANG_PK, MULT_DESC)
VALUES('EC7D1BBEFB793D46BEC3480039D843A0', 3082, 'Excluir');
INSERT INTO TNHT_MULT(LITE_PK, LANG_PK, MULT_DESC)
VALUES('EC7D1BBEFB793D46BEC3480039D843A0', 2070, 'Excluir');
INSERT INTO TNHT_MULT(LITE_PK, LANG_PK, MULT_DESC)
VALUES('EC7D1BBEFB793D46BEC3480039D843A0', 1036, 'Exclusion');
INSERT INTO TNHT_MULT(LITE_PK, LANG_PK, MULT_DESC)
VALUES('EC7D1BBEFB793D46BEC3480039D843A0', 1049, 'Исключить');
INSERT INTO TNHT_ENUM (ENUM_PK, LITE_PK)
VALUES(2101, 'EC7D1BBEFB793D46BEC3480039D843A0');
INSERT INTO TNHT_LITE(LITE_PK) VALUES('7B1C98E2B9AFDE40B2B756B8787FAEB6');
INSERT INTO TNHT_MULT(LITE_PK, LANG_PK, MULT_DESC)
VALUES('7B1C98E2B9AFDE40B2B756B8787FAEB6', 1033, 'Include');
INSERT INTO TNHT_MULT(LITE_PK, LANG_PK, MULT_DESC)
VALUES('7B1C98E2B9AFDE40B2B756B8787FAEB6', 3082, 'Incluir');
INSERT INTO TNHT_MULT(LITE_PK, LANG_PK, MULT_DESC)
VALUES('7B1C98E2B9AFDE40B2B756B8787FAEB6', 2070, 'Incluir');
INSERT INTO TNHT_MULT(LITE_PK, LANG_PK, MULT_DESC)
VALUES('7B1C98E2B9AFDE40B2B756B8787FAEB6', 1036, 'Comprennent');
INSERT INTO TNHT_MULT(LITE_PK, LANG_PK, MULT_DESC)
VALUES('7B1C98E2B9AFDE40B2B756B8787FAEB6', 1049, 'Включить');
INSERT INTO TNHT_ENUM (ENUM_PK, LITE_PK)
VALUES(2102, '7B1C98E2B9AFDE40B2B756B8787FAEB6');
INSERT INTO TNHT_LITE(LITE_PK) VALUES('6937AABC5577E941B44341D79A47D3EF');
INSERT INTO TNHT_MULT(LITE_PK, LANG_PK, MULT_DESC)
VALUES('6937AABC5577E941B44341D79A47D3EF', 1033, 'Just for daily');
INSERT INTO TNHT_MULT(LITE_PK, LANG_PK, MULT_DESC)
VALUES('6937AABC5577E941B44341D79A47D3EF', 3082, 'Solo diaria');
INSERT INTO TNHT_MULT(LITE_PK, LANG_PK, MULT_DESC)
VALUES('6937AABC5577E941B44341D79A47D3EF', 2070, 'Só diaria');
INSERT INTO TNHT_MULT(LITE_PK, LANG_PK, MULT_DESC)
VALUES('6937AABC5577E941B44341D79A47D3EF', 1036, 'Seul Tarif Jour');
INSERT INTO TNHT_MULT(LITE_PK, LANG_PK, MULT_DESC)
VALUES('6937AABC5577E941B44341D79A47D3EF', 1049, 'Только для дневной');
INSERT INTO TNHT_ENUM (ENUM_PK, LITE_PK)
VALUES(2103, '6937AABC5577E941B44341D79A47D3EF');
INSERT INTO TNHT_LITE(LITE_PK) VALUES('4B8A356AB05D024CBF713AC1E07C38A6');
INSERT INTO TNHT_MULT(LITE_PK, LANG_PK, MULT_DESC)
VALUES('4B8A356AB05D024CBF713AC1E07C38A6', 1033, 'Payments');
INSERT INTO TNHT_MULT(LITE_PK, LANG_PK, MULT_DESC)
VALUES('4B8A356AB05D024CBF713AC1E07C38A6', 3082, 'Cobros');
INSERT INTO TNHT_MULT(LITE_PK, LANG_PK, MULT_DESC)
VALUES('4B8A356AB05D024CBF713AC1E07C38A6', 2070, 'Recebimentos');
INSERT INTO TNHT_MULT(LITE_PK, LANG_PK, MULT_DESC)
VALUES('4B8A356AB05D024CBF713AC1E07C38A6', 1036, 'Règlements');
INSERT INTO TNHT_MULT(LITE_PK, LANG_PK, MULT_DESC)
VALUES('4B8A356AB05D024CBF713AC1E07C38A6', 1049, 'Платежи');
INSERT INTO TNHT_ENUM (ENUM_PK, LITE_PK)
VALUES(2131, '4B8A356AB05D024CBF713AC1E07C38A6');
INSERT INTO TNHT_LITE(LITE_PK) VALUES('18189A43953564429F06744CE21683F5');
INSERT INTO TNHT_MULT(LITE_PK, LANG_PK, MULT_DESC)
VALUES('18189A43953564429F06744CE21683F5', 1033, 'Account Transfer');
INSERT INTO TNHT_MULT(LITE_PK, LANG_PK, MULT_DESC)
VALUES('18189A43953564429F06744CE21683F5', 3082, 'Transferido Contabilidad');
INSERT INTO TNHT_MULT(LITE_PK, LANG_PK, MULT_DESC)
VALUES('18189A43953564429F06744CE21683F5', 2070, 'Transferido Contabilidade');
INSERT INTO TNHT_MULT(LITE_PK, LANG_PK, MULT_DESC)
VALUES('18189A43953564429F06744CE21683F5', 1036, 'Transfert');
INSERT INTO TNHT_MULT(LITE_PK, LANG_PK, MULT_DESC)
VALUES('18189A43953564429F06744CE21683F5', 1049, 'Внутренний перевод');
INSERT INTO TNHT_ENUM (ENUM_PK, LITE_PK)
VALUES(2132, '18189A43953564429F06744CE21683F5');
INSERT INTO TNHT_LITE(LITE_PK) VALUES('D99CBC7F6943DB41AC5651CC94D30DC9');
INSERT INTO TNHT_MULT(LITE_PK, LANG_PK, MULT_DESC)
VALUES('D99CBC7F6943DB41AC5651CC94D30DC9', 1033, 'Discount by Points');
INSERT INTO TNHT_MULT(LITE_PK, LANG_PK, MULT_DESC)
VALUES('D99CBC7F6943DB41AC5651CC94D30DC9', 3082, 'Descuento por Puntos');
INSERT INTO TNHT_MULT(LITE_PK, LANG_PK, MULT_DESC)
VALUES('D99CBC7F6943DB41AC5651CC94D30DC9', 2070, 'Desconto por Pontos');
INSERT INTO TNHT_MULT(LITE_PK, LANG_PK, MULT_DESC)
VALUES('D99CBC7F6943DB41AC5651CC94D30DC9', 1036, 'Discount by Points');
INSERT INTO TNHT_MULT(LITE_PK, LANG_PK, MULT_DESC)
VALUES('D99CBC7F6943DB41AC5651CC94D30DC9', 1049, 'Скидка по баллам');
INSERT INTO TNHT_ENUM (ENUM_PK, LITE_PK)
VALUES(2133, 'D99CBC7F6943DB41AC5651CC94D30DC9');
INSERT INTO TNHT_LITE(LITE_PK) VALUES('2398A9DBCE967F4B9278AC6FD42BA7F0');
INSERT INTO TNHT_MULT(LITE_PK, LANG_PK, MULT_DESC)
VALUES('2398A9DBCE967F4B9278AC6FD42BA7F0', 1033, 'Cash advance');
INSERT INTO TNHT_MULT(LITE_PK, LANG_PK, MULT_DESC)
VALUES('2398A9DBCE967F4B9278AC6FD42BA7F0', 3082, 'Desembolso');
INSERT INTO TNHT_MULT(LITE_PK, LANG_PK, MULT_DESC)
VALUES('2398A9DBCE967F4B9278AC6FD42BA7F0', 2070, 'Desembolso');
INSERT INTO TNHT_MULT(LITE_PK, LANG_PK, MULT_DESC)
VALUES('2398A9DBCE967F4B9278AC6FD42BA7F0', 1036, 'Déboursement');
INSERT INTO TNHT_MULT(LITE_PK, LANG_PK, MULT_DESC)
VALUES('2398A9DBCE967F4B9278AC6FD42BA7F0', 1049, 'Аванс наличными');
INSERT INTO TNHT_ENUM (ENUM_PK, LITE_PK)
VALUES(2134, '2398A9DBCE967F4B9278AC6FD42BA7F0');
INSERT INTO TNHT_LITE(LITE_PK) VALUES('3B79D51EEC513445A94BBC010E9B74AF');
INSERT INTO TNHT_MULT(LITE_PK, LANG_PK, MULT_DESC)
VALUES('3B79D51EEC513445A94BBC010E9B74AF', 1033, 'Devolution');
INSERT INTO TNHT_MULT(LITE_PK, LANG_PK, MULT_DESC)
VALUES('3B79D51EEC513445A94BBC010E9B74AF', 3082, 'Devolución');
INSERT INTO TNHT_MULT(LITE_PK, LANG_PK, MULT_DESC)
VALUES('3B79D51EEC513445A94BBC010E9B74AF', 2070, 'Devolução');
INSERT INTO TNHT_MULT(LITE_PK, LANG_PK, MULT_DESC)
VALUES('3B79D51EEC513445A94BBC010E9B74AF', 1036, 'Dévolution');
INSERT INTO TNHT_MULT(LITE_PK, LANG_PK, MULT_DESC)
VALUES('3B79D51EEC513445A94BBC010E9B74AF', 1049, 'Переход');
INSERT INTO TNHT_ENUM (ENUM_PK, LITE_PK)
VALUES(2135, '3B79D51EEC513445A94BBC010E9B74AF');
INSERT INTO TNHT_LITE(LITE_PK) VALUES('472BB15FF602674CB410FE12BDE60396');
INSERT INTO TNHT_MULT(LITE_PK, LANG_PK, MULT_DESC)
VALUES('472BB15FF602674CB410FE12BDE60396', 1033, 'Unofficial Invoice');
INSERT INTO TNHT_MULT(LITE_PK, LANG_PK, MULT_DESC)
VALUES('472BB15FF602674CB410FE12BDE60396', 3082, 'Factura No Oficial');
INSERT INTO TNHT_MULT(LITE_PK, LANG_PK, MULT_DESC)
VALUES('472BB15FF602674CB410FE12BDE60396', 2070, 'Factura No Oficial');
INSERT INTO TNHT_MULT(LITE_PK, LANG_PK, MULT_DESC)
VALUES('472BB15FF602674CB410FE12BDE60396', 1036, 'Facture N-Officielle');
INSERT INTO TNHT_MULT(LITE_PK, LANG_PK, MULT_DESC)
VALUES('472BB15FF602674CB410FE12BDE60396', 1049, 'Неофициальный счет');
INSERT INTO TNHT_ENUM (ENUM_PK, LITE_PK)
VALUES(2136, '472BB15FF602674CB410FE12BDE60396');
INSERT INTO TNHT_LITE(LITE_PK) VALUES('95A59CA0A356B74DA5456D86A5543500');
INSERT INTO TNHT_MULT(LITE_PK, LANG_PK, MULT_DESC)
VALUES('95A59CA0A356B74DA5456D86A5543500', 1033, 'Discount');
INSERT INTO TNHT_MULT(LITE_PK, LANG_PK, MULT_DESC)
VALUES('95A59CA0A356B74DA5456D86A5543500', 3082, 'Descuento');
INSERT INTO TNHT_MULT(LITE_PK, LANG_PK, MULT_DESC)
VALUES('95A59CA0A356B74DA5456D86A5543500', 2070, 'Desconto');
INSERT INTO TNHT_MULT(LITE_PK, LANG_PK, MULT_DESC)
VALUES('95A59CA0A356B74DA5456D86A5543500', 1036, 'Discount');
INSERT INTO TNHT_MULT(LITE_PK, LANG_PK, MULT_DESC)
VALUES('95A59CA0A356B74DA5456D86A5543500', 1049, 'Скидка');
INSERT INTO TNHT_ENUM (ENUM_PK, LITE_PK)
VALUES(2137, '95A59CA0A356B74DA5456D86A5543500');
INSERT INTO TNHT_LITE(LITE_PK) VALUES('DCFFBD647374F64DB1FC1F05BC503FD4');
INSERT INTO TNHT_MULT(LITE_PK, LANG_PK, MULT_DESC)
VALUES('DCFFBD647374F64DB1FC1F05BC503FD4', 1033, 'Free Title');
INSERT INTO TNHT_MULT(LITE_PK, LANG_PK, MULT_DESC)
VALUES('DCFFBD647374F64DB1FC1F05BC503FD4', 3082, 'Título Gratuito');
INSERT INTO TNHT_MULT(LITE_PK, LANG_PK, MULT_DESC)
VALUES('DCFFBD647374F64DB1FC1F05BC503FD4', 2070, 'Título Gratuito');
INSERT INTO TNHT_MULT(LITE_PK, LANG_PK, MULT_DESC)
VALUES('DCFFBD647374F64DB1FC1F05BC503FD4', 1036, 'Titre gratuit');
INSERT INTO TNHT_MULT(LITE_PK, LANG_PK, MULT_DESC)
VALUES('DCFFBD647374F64DB1FC1F05BC503FD4', 1049, 'Свободное название');
INSERT INTO TNHT_ENUM (ENUM_PK, LITE_PK)
VALUES(2138, 'DCFFBD647374F64DB1FC1F05BC503FD4');
INSERT INTO TNHT_LITE(LITE_PK) VALUES('0124A6365F16D2409FB27CE89CEB822C');
INSERT INTO TNHT_MULT(LITE_PK, LANG_PK, MULT_DESC)
VALUES('0124A6365F16D2409FB27CE89CEB822C', 1033, 'Room Plan');
INSERT INTO TNHT_MULT(LITE_PK, LANG_PK, MULT_DESC)
VALUES('0124A6365F16D2409FB27CE89CEB822C', 3082, 'Room Plan');
INSERT INTO TNHT_MULT(LITE_PK, LANG_PK, MULT_DESC)
VALUES('0124A6365F16D2409FB27CE89CEB822C', 2070, 'Room Plan');
INSERT INTO TNHT_MULT(LITE_PK, LANG_PK, MULT_DESC)
VALUES('0124A6365F16D2409FB27CE89CEB822C', 1036, 'Room Plan');
INSERT INTO TNHT_MULT(LITE_PK, LANG_PK, MULT_DESC)
VALUES('0124A6365F16D2409FB27CE89CEB822C', 1049, 'План номеров');
INSERT INTO TNHT_ENUM (ENUM_PK, LITE_PK)
VALUES(2139, '0124A6365F16D2409FB27CE89CEB822C');
INSERT INTO TNHT_LITE(LITE_PK) VALUES('175BCDEC675890419A5B7949D94AABE2');
INSERT INTO TNHT_MULT(LITE_PK, LANG_PK, MULT_DESC)
VALUES('175BCDEC675890419A5B7949D94AABE2', 1033, 'Transference');
INSERT INTO TNHT_MULT(LITE_PK, LANG_PK, MULT_DESC)
VALUES('175BCDEC675890419A5B7949D94AABE2', 3082, 'Transferencia');
INSERT INTO TNHT_MULT(LITE_PK, LANG_PK, MULT_DESC)
VALUES('175BCDEC675890419A5B7949D94AABE2', 2070, 'Transferência');
INSERT INTO TNHT_MULT(LITE_PK, LANG_PK, MULT_DESC)
VALUES('175BCDEC675890419A5B7949D94AABE2', 1036, 'Transférence');
INSERT INTO TNHT_MULT(LITE_PK, LANG_PK, MULT_DESC)
VALUES('175BCDEC675890419A5B7949D94AABE2', 1049, 'Передоверие');
INSERT INTO TNHT_ENUM (ENUM_PK, LITE_PK)
VALUES(2140, '175BCDEC675890419A5B7949D94AABE2');
INSERT INTO TNHT_LITE(LITE_PK) VALUES('7FBC478D5662AA4BADE24E26D5095B32');
INSERT INTO TNHT_MULT(LITE_PK, LANG_PK, MULT_DESC)
VALUES('7FBC478D5662AA4BADE24E26D5095B32', 1033, 'Tax Retention');
INSERT INTO TNHT_MULT(LITE_PK, LANG_PK, MULT_DESC)
VALUES('7FBC478D5662AA4BADE24E26D5095B32', 3082, 'Retención de Impuesto');
INSERT INTO TNHT_MULT(LITE_PK, LANG_PK, MULT_DESC)
VALUES('7FBC478D5662AA4BADE24E26D5095B32', 2070, 'Retenção de Imposto');
INSERT INTO TNHT_MULT(LITE_PK, LANG_PK, MULT_DESC)
VALUES('7FBC478D5662AA4BADE24E26D5095B32', 1036, 'Retenue d´impôt');
INSERT INTO TNHT_MULT(LITE_PK, LANG_PK, MULT_DESC)
VALUES('7FBC478D5662AA4BADE24E26D5095B32', 1049, 'Налоговые Сохранение');
INSERT INTO TNHT_ENUM (ENUM_PK, LITE_PK)
VALUES(2141, '7FBC478D5662AA4BADE24E26D5095B32');
INSERT INTO TNHT_LITE(LITE_PK) VALUES('2810E9760C830845B47AA70DF224F6DC');
INSERT INTO TNHT_MULT(LITE_PK, LANG_PK, MULT_DESC)
VALUES('2810E9760C830845B47AA70DF224F6DC', 1033, 'Extra child');
INSERT INTO TNHT_MULT(LITE_PK, LANG_PK, MULT_DESC)
VALUES('2810E9760C830845B47AA70DF224F6DC', 3082, 'Niño extra');
INSERT INTO TNHT_MULT(LITE_PK, LANG_PK, MULT_DESC)
VALUES('2810E9760C830845B47AA70DF224F6DC', 2070, 'Criança extra');
INSERT INTO TNHT_MULT(LITE_PK, LANG_PK, MULT_DESC)
VALUES('2810E9760C830845B47AA70DF224F6DC', 1036, 'Enfant extra');
INSERT INTO TNHT_MULT(LITE_PK, LANG_PK, MULT_DESC)
VALUES('2810E9760C830845B47AA70DF224F6DC', 1049, 'Дополнительный ребенок');
INSERT INTO TNHT_ENUM (ENUM_PK, LITE_PK)
VALUES(2161, '2810E9760C830845B47AA70DF224F6DC');
INSERT INTO TNHT_LITE(LITE_PK) VALUES('DCC3B8A677ECB74AAD8838963B5A1579');
INSERT INTO TNHT_MULT(LITE_PK, LANG_PK, MULT_DESC)
VALUES('DCC3B8A677ECB74AAD8838963B5A1579', 1033, 'Nothing');
INSERT INTO TNHT_MULT(LITE_PK, LANG_PK, MULT_DESC)
VALUES('DCC3B8A677ECB74AAD8838963B5A1579', 3082, 'Nada');
INSERT INTO TNHT_MULT(LITE_PK, LANG_PK, MULT_DESC)
VALUES('DCC3B8A677ECB74AAD8838963B5A1579', 2070, 'Nada');
INSERT INTO TNHT_MULT(LITE_PK, LANG_PK, MULT_DESC)
VALUES('DCC3B8A677ECB74AAD8838963B5A1579', 1036, 'Rien');
INSERT INTO TNHT_MULT(LITE_PK, LANG_PK, MULT_DESC)
VALUES('DCC3B8A677ECB74AAD8838963B5A1579', 1049, 'Ничего');
INSERT INTO TNHT_ENUM (ENUM_PK, LITE_PK)
VALUES(2191, 'DCC3B8A677ECB74AAD8838963B5A1579');
INSERT INTO TNHT_LITE(LITE_PK) VALUES('95CD9D3F19132E4AB6C2422562178C0F');
INSERT INTO TNHT_MULT(LITE_PK, LANG_PK, MULT_DESC)
VALUES('95CD9D3F19132E4AB6C2422562178C0F', 1033, 'Invoice');
INSERT INTO TNHT_MULT(LITE_PK, LANG_PK, MULT_DESC)
VALUES('95CD9D3F19132E4AB6C2422562178C0F', 3082, 'Factura');
INSERT INTO TNHT_MULT(LITE_PK, LANG_PK, MULT_DESC)
VALUES('95CD9D3F19132E4AB6C2422562178C0F', 2070, 'Factura');
INSERT INTO TNHT_MULT(LITE_PK, LANG_PK, MULT_DESC)
VALUES('95CD9D3F19132E4AB6C2422562178C0F', 1036, 'Facture');
INSERT INTO TNHT_MULT(LITE_PK, LANG_PK, MULT_DESC)
VALUES('95CD9D3F19132E4AB6C2422562178C0F', 1049, 'Счет');
INSERT INTO TNHT_ENUM (ENUM_PK, LITE_PK)
VALUES(2192, '95CD9D3F19132E4AB6C2422562178C0F');
INSERT INTO TNHT_LITE(LITE_PK) VALUES('7BD5427F7C8D974F894C8526AE888FE3');
INSERT INTO TNHT_MULT(LITE_PK, LANG_PK, MULT_DESC)
VALUES('7BD5427F7C8D974F894C8526AE888FE3', 1033, 'Current account');
INSERT INTO TNHT_MULT(LITE_PK, LANG_PK, MULT_DESC)
VALUES('7BD5427F7C8D974F894C8526AE888FE3', 3082, 'Cuenta corriente');
INSERT INTO TNHT_MULT(LITE_PK, LANG_PK, MULT_DESC)
VALUES('7BD5427F7C8D974F894C8526AE888FE3', 2070, 'Conta corrente');
INSERT INTO TNHT_MULT(LITE_PK, LANG_PK, MULT_DESC)
VALUES('7BD5427F7C8D974F894C8526AE888FE3', 1036, 'Compte courrant');
INSERT INTO TNHT_MULT(LITE_PK, LANG_PK, MULT_DESC)
VALUES('7BD5427F7C8D974F894C8526AE888FE3', 1049, 'Текущий счет');
INSERT INTO TNHT_ENUM (ENUM_PK, LITE_PK)
VALUES(2193, '7BD5427F7C8D974F894C8526AE888FE3');
INSERT INTO TNHT_LITE(LITE_PK) VALUES('4B27BC43DF329C45BB1A2D6C3720B268');
INSERT INTO TNHT_MULT(LITE_PK, LANG_PK, MULT_DESC)
VALUES('4B27BC43DF329C45BB1A2D6C3720B268', 1033, '=');
INSERT INTO TNHT_MULT(LITE_PK, LANG_PK, MULT_DESC)
VALUES('4B27BC43DF329C45BB1A2D6C3720B268', 3082, '=');
INSERT INTO TNHT_MULT(LITE_PK, LANG_PK, MULT_DESC)
VALUES('4B27BC43DF329C45BB1A2D6C3720B268', 2070, '=');
INSERT INTO TNHT_MULT(LITE_PK, LANG_PK, MULT_DESC)
VALUES('4B27BC43DF329C45BB1A2D6C3720B268', 1036, '=');
INSERT INTO TNHT_MULT(LITE_PK, LANG_PK, MULT_DESC)
VALUES('4B27BC43DF329C45BB1A2D6C3720B268', 1049, '=');
INSERT INTO TNHT_ENUM (ENUM_PK, LITE_PK)
VALUES(2221, '4B27BC43DF329C45BB1A2D6C3720B268');
INSERT INTO TNHT_LITE(LITE_PK) VALUES('D2F48070479EE44E9515305E13FA9A03');
INSERT INTO TNHT_MULT(LITE_PK, LANG_PK, MULT_DESC)
VALUES('D2F48070479EE44E9515305E13FA9A03', 1033, '<>');
INSERT INTO TNHT_MULT(LITE_PK, LANG_PK, MULT_DESC)
VALUES('D2F48070479EE44E9515305E13FA9A03', 3082, '<>');
INSERT INTO TNHT_MULT(LITE_PK, LANG_PK, MULT_DESC)
VALUES('D2F48070479EE44E9515305E13FA9A03', 2070, '<>');
INSERT INTO TNHT_MULT(LITE_PK, LANG_PK, MULT_DESC)
VALUES('D2F48070479EE44E9515305E13FA9A03', 1036, '<>');
INSERT INTO TNHT_MULT(LITE_PK, LANG_PK, MULT_DESC)
VALUES('D2F48070479EE44E9515305E13FA9A03', 1049, '<>');
INSERT INTO TNHT_ENUM (ENUM_PK, LITE_PK)
VALUES(2222, 'D2F48070479EE44E9515305E13FA9A03');
INSERT INTO TNHT_LITE(LITE_PK) VALUES('D936A9B8761652418E76177CEEEDE3C1');
INSERT INTO TNHT_MULT(LITE_PK, LANG_PK, MULT_DESC)
VALUES('D936A9B8761652418E76177CEEEDE3C1', 1033, '<');
INSERT INTO TNHT_MULT(LITE_PK, LANG_PK, MULT_DESC)
VALUES('D936A9B8761652418E76177CEEEDE3C1', 3082, '<');
INSERT INTO TNHT_MULT(LITE_PK, LANG_PK, MULT_DESC)
VALUES('D936A9B8761652418E76177CEEEDE3C1', 2070, '<');
INSERT INTO TNHT_MULT(LITE_PK, LANG_PK, MULT_DESC)
VALUES('D936A9B8761652418E76177CEEEDE3C1', 1036, '<');
INSERT INTO TNHT_MULT(LITE_PK, LANG_PK, MULT_DESC)
VALUES('D936A9B8761652418E76177CEEEDE3C1', 1049, '<');
INSERT INTO TNHT_ENUM (ENUM_PK, LITE_PK)
VALUES(2223, 'D936A9B8761652418E76177CEEEDE3C1');
INSERT INTO TNHT_LITE(LITE_PK) VALUES('F6A3EEC56ABE2D4CB1CBB980C3D919CB');
INSERT INTO TNHT_MULT(LITE_PK, LANG_PK, MULT_DESC)
VALUES('F6A3EEC56ABE2D4CB1CBB980C3D919CB', 1033, '<=');
INSERT INTO TNHT_MULT(LITE_PK, LANG_PK, MULT_DESC)
VALUES('F6A3EEC56ABE2D4CB1CBB980C3D919CB', 3082, '<=');
INSERT INTO TNHT_MULT(LITE_PK, LANG_PK, MULT_DESC)
VALUES('F6A3EEC56ABE2D4CB1CBB980C3D919CB', 2070, '<=');
INSERT INTO TNHT_MULT(LITE_PK, LANG_PK, MULT_DESC)
VALUES('F6A3EEC56ABE2D4CB1CBB980C3D919CB', 1036, '<=');
INSERT INTO TNHT_MULT(LITE_PK, LANG_PK, MULT_DESC)
VALUES('F6A3EEC56ABE2D4CB1CBB980C3D919CB', 1049, '<=');
INSERT INTO TNHT_ENUM (ENUM_PK, LITE_PK)
VALUES(2224, 'F6A3EEC56ABE2D4CB1CBB980C3D919CB');
INSERT INTO TNHT_LITE(LITE_PK) VALUES('59F134079311464C910B536300790134');
INSERT INTO TNHT_MULT(LITE_PK, LANG_PK, MULT_DESC)
VALUES('59F134079311464C910B536300790134', 1033, '>');
INSERT INTO TNHT_MULT(LITE_PK, LANG_PK, MULT_DESC)
VALUES('59F134079311464C910B536300790134', 3082, '>');
INSERT INTO TNHT_MULT(LITE_PK, LANG_PK, MULT_DESC)
VALUES('59F134079311464C910B536300790134', 2070, '>');
INSERT INTO TNHT_MULT(LITE_PK, LANG_PK, MULT_DESC)
VALUES('59F134079311464C910B536300790134', 1036, '>');
INSERT INTO TNHT_MULT(LITE_PK, LANG_PK, MULT_DESC)
VALUES('59F134079311464C910B536300790134', 1049, '>');
INSERT INTO TNHT_ENUM (ENUM_PK, LITE_PK)
VALUES(2225, '59F134079311464C910B536300790134');
INSERT INTO TNHT_LITE(LITE_PK) VALUES('6E1DE19D4CF840438F468D85A6272A3B');
INSERT INTO TNHT_MULT(LITE_PK, LANG_PK, MULT_DESC)
VALUES('6E1DE19D4CF840438F468D85A6272A3B', 1033, '>=');
INSERT INTO TNHT_MULT(LITE_PK, LANG_PK, MULT_DESC)
VALUES('6E1DE19D4CF840438F468D85A6272A3B', 3082, '>=');
INSERT INTO TNHT_MULT(LITE_PK, LANG_PK, MULT_DESC)
VALUES('6E1DE19D4CF840438F468D85A6272A3B', 2070, '>=');
INSERT INTO TNHT_MULT(LITE_PK, LANG_PK, MULT_DESC)
VALUES('6E1DE19D4CF840438F468D85A6272A3B', 1036, '>=');
INSERT INTO TNHT_MULT(LITE_PK, LANG_PK, MULT_DESC)
VALUES('6E1DE19D4CF840438F468D85A6272A3B', 1049, '>=');
INSERT INTO TNHT_ENUM (ENUM_PK, LITE_PK)
VALUES(2226, '6E1DE19D4CF840438F468D85A6272A3B');
INSERT INTO TNHT_LITE(LITE_PK) VALUES('BBEC5132782CEA43A303D786599303E3');
INSERT INTO TNHT_MULT(LITE_PK, LANG_PK, MULT_DESC)
VALUES('BBEC5132782CEA43A303D786599303E3', 1033, 'Contain');
INSERT INTO TNHT_MULT(LITE_PK, LANG_PK, MULT_DESC)
VALUES('BBEC5132782CEA43A303D786599303E3', 3082, 'Contiene');
INSERT INTO TNHT_MULT(LITE_PK, LANG_PK, MULT_DESC)
VALUES('BBEC5132782CEA43A303D786599303E3', 2070, 'Conter');
INSERT INTO TNHT_MULT(LITE_PK, LANG_PK, MULT_DESC)
VALUES('BBEC5132782CEA43A303D786599303E3', 1036, 'Compris');
INSERT INTO TNHT_MULT(LITE_PK, LANG_PK, MULT_DESC)
VALUES('BBEC5132782CEA43A303D786599303E3', 1049, 'Содержать');
INSERT INTO TNHT_ENUM (ENUM_PK, LITE_PK)
VALUES(2227, 'BBEC5132782CEA43A303D786599303E3');
INSERT INTO TNHT_LITE(LITE_PK) VALUES('0F0F95B87BEEE64E996F49F757EA2371');
INSERT INTO TNHT_MULT(LITE_PK, LANG_PK, MULT_DESC)
VALUES('0F0F95B87BEEE64E996F49F757EA2371', 1033, 'Between');
INSERT INTO TNHT_MULT(LITE_PK, LANG_PK, MULT_DESC)
VALUES('0F0F95B87BEEE64E996F49F757EA2371', 3082, 'Entre');
INSERT INTO TNHT_MULT(LITE_PK, LANG_PK, MULT_DESC)
VALUES('0F0F95B87BEEE64E996F49F757EA2371', 2070, 'Entre');
INSERT INTO TNHT_MULT(LITE_PK, LANG_PK, MULT_DESC)
VALUES('0F0F95B87BEEE64E996F49F757EA2371', 1036, 'Entre');
INSERT INTO TNHT_MULT(LITE_PK, LANG_PK, MULT_DESC)
VALUES('0F0F95B87BEEE64E996F49F757EA2371', 1049, 'Между');
INSERT INTO TNHT_ENUM (ENUM_PK, LITE_PK)
VALUES(2228, '0F0F95B87BEEE64E996F49F757EA2371');
INSERT INTO TNHT_LITE(LITE_PK) VALUES('57D9B0140ADCB84485636106D7F910D1');
INSERT INTO TNHT_MULT(LITE_PK, LANG_PK, MULT_DESC)
VALUES('57D9B0140ADCB84485636106D7F910D1', 1033, 'Like');
INSERT INTO TNHT_MULT(LITE_PK, LANG_PK, MULT_DESC)
VALUES('57D9B0140ADCB84485636106D7F910D1', 3082, 'Similar');
INSERT INTO TNHT_MULT(LITE_PK, LANG_PK, MULT_DESC)
VALUES('57D9B0140ADCB84485636106D7F910D1', 2070, 'Similar');
INSERT INTO TNHT_MULT(LITE_PK, LANG_PK, MULT_DESC)
VALUES('57D9B0140ADCB84485636106D7F910D1', 1036, 'Pareil ');
INSERT INTO TNHT_MULT(LITE_PK, LANG_PK, MULT_DESC)
VALUES('57D9B0140ADCB84485636106D7F910D1', 1049, 'Нравится ');
INSERT INTO TNHT_ENUM (ENUM_PK, LITE_PK)
VALUES(2229, '57D9B0140ADCB84485636106D7F910D1');
INSERT INTO TNHT_LITE(LITE_PK) VALUES('B0395315E148E74FA1B237D9D6974F33');
INSERT INTO TNHT_MULT(LITE_PK, LANG_PK, MULT_DESC)
VALUES('B0395315E148E74FA1B237D9D6974F33', 1033, 'Exclude');
INSERT INTO TNHT_MULT(LITE_PK, LANG_PK, MULT_DESC)
VALUES('B0395315E148E74FA1B237D9D6974F33', 3082, 'Excluir');
INSERT INTO TNHT_MULT(LITE_PK, LANG_PK, MULT_DESC)
VALUES('B0395315E148E74FA1B237D9D6974F33', 2070, 'Excluir');
INSERT INTO TNHT_MULT(LITE_PK, LANG_PK, MULT_DESC)
VALUES('B0395315E148E74FA1B237D9D6974F33', 1036, 'Éliminer');
INSERT INTO TNHT_MULT(LITE_PK, LANG_PK, MULT_DESC)
VALUES('B0395315E148E74FA1B237D9D6974F33', 1049, 'Исключать');
INSERT INTO TNHT_ENUM (ENUM_PK, LITE_PK)
VALUES(2230, 'B0395315E148E74FA1B237D9D6974F33');
INSERT INTO TNHT_LITE(LITE_PK) VALUES('3FEBA754ABDA4D49A1487F03680D6854');
INSERT INTO TNHT_MULT(LITE_PK, LANG_PK, MULT_DESC)
VALUES('3FEBA754ABDA4D49A1487F03680D6854', 1033, 'Credit-Debit');
INSERT INTO TNHT_MULT(LITE_PK, LANG_PK, MULT_DESC)
VALUES('3FEBA754ABDA4D49A1487F03680D6854', 3082, 'Crédito-Débito');
INSERT INTO TNHT_MULT(LITE_PK, LANG_PK, MULT_DESC)
VALUES('3FEBA754ABDA4D49A1487F03680D6854', 2070, 'Crédito-Débito');
INSERT INTO TNHT_MULT(LITE_PK, LANG_PK, MULT_DESC)
VALUES('3FEBA754ABDA4D49A1487F03680D6854', 1036, 'Crédit-Débit');
INSERT INTO TNHT_MULT(LITE_PK, LANG_PK, MULT_DESC)
VALUES('3FEBA754ABDA4D49A1487F03680D6854', 1049, 'Кредит-Дебет');
INSERT INTO TNHT_ENUM (ENUM_PK, LITE_PK)
VALUES(2261, '3FEBA754ABDA4D49A1487F03680D6854');
INSERT INTO TNHT_LITE(LITE_PK) VALUES('45FE92BB33189940B874AC3F355F59D7');
INSERT INTO TNHT_MULT(LITE_PK, LANG_PK, MULT_DESC)
VALUES('45FE92BB33189940B874AC3F355F59D7', 1033, 'Value');
INSERT INTO TNHT_MULT(LITE_PK, LANG_PK, MULT_DESC)
VALUES('45FE92BB33189940B874AC3F355F59D7', 3082, 'Valor');
INSERT INTO TNHT_MULT(LITE_PK, LANG_PK, MULT_DESC)
VALUES('45FE92BB33189940B874AC3F355F59D7', 2070, 'Valor');
INSERT INTO TNHT_MULT(LITE_PK, LANG_PK, MULT_DESC)
VALUES('45FE92BB33189940B874AC3F355F59D7', 1036, 'Valeur');
INSERT INTO TNHT_MULT(LITE_PK, LANG_PK, MULT_DESC)
VALUES('45FE92BB33189940B874AC3F355F59D7', 1049, 'Величина');
INSERT INTO TNHT_ENUM (ENUM_PK, LITE_PK)
VALUES(2291, '45FE92BB33189940B874AC3F355F59D7');
INSERT INTO TNHT_LITE(LITE_PK) VALUES('5C1DAB8D7251A848AE42388F991B0DC1');
INSERT INTO TNHT_MULT(LITE_PK, LANG_PK, MULT_DESC)
VALUES('5C1DAB8D7251A848AE42388F991B0DC1', 1033, 'Percent');
INSERT INTO TNHT_MULT(LITE_PK, LANG_PK, MULT_DESC)
VALUES('5C1DAB8D7251A848AE42388F991B0DC1', 3082, 'Porciento');
INSERT INTO TNHT_MULT(LITE_PK, LANG_PK, MULT_DESC)
VALUES('5C1DAB8D7251A848AE42388F991B0DC1', 2070, 'Porciento');
INSERT INTO TNHT_MULT(LITE_PK, LANG_PK, MULT_DESC)
VALUES('5C1DAB8D7251A848AE42388F991B0DC1', 1036, 'Pourcentage');
INSERT INTO TNHT_MULT(LITE_PK, LANG_PK, MULT_DESC)
VALUES('5C1DAB8D7251A848AE42388F991B0DC1', 1049, 'Процент');
INSERT INTO TNHT_ENUM (ENUM_PK, LITE_PK)
VALUES(2292, '5C1DAB8D7251A848AE42388F991B0DC1');
INSERT INTO TNHT_LITE(LITE_PK) VALUES('BD88EA162E9652478EF1D38451AAD56C');
INSERT INTO TNHT_MULT(LITE_PK, LANG_PK, MULT_DESC)
VALUES('BD88EA162E9652478EF1D38451AAD56C', 1033, 'Company');
INSERT INTO TNHT_MULT(LITE_PK, LANG_PK, MULT_DESC)
VALUES('BD88EA162E9652478EF1D38451AAD56C', 3082, 'Entidad');
INSERT INTO TNHT_MULT(LITE_PK, LANG_PK, MULT_DESC)
VALUES('BD88EA162E9652478EF1D38451AAD56C', 2070, 'Entidade');
INSERT INTO TNHT_MULT(LITE_PK, LANG_PK, MULT_DESC)
VALUES('BD88EA162E9652478EF1D38451AAD56C', 1036, 'Compagnie');
INSERT INTO TNHT_MULT(LITE_PK, LANG_PK, MULT_DESC)
VALUES('BD88EA162E9652478EF1D38451AAD56C', 1049, 'Компания');
INSERT INTO TNHT_ENUM (ENUM_PK, LITE_PK)
VALUES(2321, 'BD88EA162E9652478EF1D38451AAD56C');
INSERT INTO TNHT_LITE(LITE_PK) VALUES('D5D40FCC4ADF3D48B7563A483A868E44');
INSERT INTO TNHT_MULT(LITE_PK, LANG_PK, MULT_DESC)
VALUES('D5D40FCC4ADF3D48B7563A483A868E44', 1033, 'Agent');
INSERT INTO TNHT_MULT(LITE_PK, LANG_PK, MULT_DESC)
VALUES('D5D40FCC4ADF3D48B7563A483A868E44', 3082, 'Agente');
INSERT INTO TNHT_MULT(LITE_PK, LANG_PK, MULT_DESC)
VALUES('D5D40FCC4ADF3D48B7563A483A868E44', 2070, 'Agente');
INSERT INTO TNHT_MULT(LITE_PK, LANG_PK, MULT_DESC)
VALUES('D5D40FCC4ADF3D48B7563A483A868E44', 1036, 'Agent');
INSERT INTO TNHT_MULT(LITE_PK, LANG_PK, MULT_DESC)
VALUES('D5D40FCC4ADF3D48B7563A483A868E44', 1049, 'Aгент');
INSERT INTO TNHT_ENUM (ENUM_PK, LITE_PK)
VALUES(2322, 'D5D40FCC4ADF3D48B7563A483A868E44');
INSERT INTO TNHT_LITE(LITE_PK) VALUES('7A2DA2419B623E41A3198A43FBE734EA');
INSERT INTO TNHT_MULT(LITE_PK, LANG_PK, MULT_DESC)
VALUES('7A2DA2419B623E41A3198A43FBE734EA', 1033, 'Contract');
INSERT INTO TNHT_MULT(LITE_PK, LANG_PK, MULT_DESC)
VALUES('7A2DA2419B623E41A3198A43FBE734EA', 3082, 'Contrato');
INSERT INTO TNHT_MULT(LITE_PK, LANG_PK, MULT_DESC)
VALUES('7A2DA2419B623E41A3198A43FBE734EA', 2070, 'Contrato');
INSERT INTO TNHT_MULT(LITE_PK, LANG_PK, MULT_DESC)
VALUES('7A2DA2419B623E41A3198A43FBE734EA', 1036, 'Contrat');
INSERT INTO TNHT_MULT(LITE_PK, LANG_PK, MULT_DESC)
VALUES('7A2DA2419B623E41A3198A43FBE734EA', 1049, 'Контакты');
INSERT INTO TNHT_ENUM (ENUM_PK, LITE_PK)
VALUES(2351, '7A2DA2419B623E41A3198A43FBE734EA');
INSERT INTO TNHT_LITE(LITE_PK) VALUES('664FD40F7425ED4796D6089C5AA338BD');
INSERT INTO TNHT_MULT(LITE_PK, LANG_PK, MULT_DESC)
VALUES('664FD40F7425ED4796D6089C5AA338BD', 1033, 'Offer');
INSERT INTO TNHT_MULT(LITE_PK, LANG_PK, MULT_DESC)
VALUES('664FD40F7425ED4796D6089C5AA338BD', 3082, 'Oferta');
INSERT INTO TNHT_MULT(LITE_PK, LANG_PK, MULT_DESC)
VALUES('664FD40F7425ED4796D6089C5AA338BD', 2070, 'Oferta');
INSERT INTO TNHT_MULT(LITE_PK, LANG_PK, MULT_DESC)
VALUES('664FD40F7425ED4796D6089C5AA338BD', 1036, 'Offre');
INSERT INTO TNHT_MULT(LITE_PK, LANG_PK, MULT_DESC)
VALUES('664FD40F7425ED4796D6089C5AA338BD', 1049, 'Предложение');
INSERT INTO TNHT_ENUM (ENUM_PK, LITE_PK)
VALUES(2352, '664FD40F7425ED4796D6089C5AA338BD');
INSERT INTO TNHT_LITE(LITE_PK) VALUES('DE32DB3EF9167A42B127E854889438A8');
INSERT INTO TNHT_MULT(LITE_PK, LANG_PK, MULT_DESC)
VALUES('DE32DB3EF9167A42B127E854889438A8', 1033, 'Early booking');
INSERT INTO TNHT_MULT(LITE_PK, LANG_PK, MULT_DESC)
VALUES('DE32DB3EF9167A42B127E854889438A8', 3082, 'Early booking');
INSERT INTO TNHT_MULT(LITE_PK, LANG_PK, MULT_DESC)
VALUES('DE32DB3EF9167A42B127E854889438A8', 2070, 'Early booking');
INSERT INTO TNHT_MULT(LITE_PK, LANG_PK, MULT_DESC)
VALUES('DE32DB3EF9167A42B127E854889438A8', 1036, 'Early booking');
INSERT INTO TNHT_MULT(LITE_PK, LANG_PK, MULT_DESC)
VALUES('DE32DB3EF9167A42B127E854889438A8', 1049, 'Раннее бронирование');
INSERT INTO TNHT_ENUM (ENUM_PK, LITE_PK)
VALUES(2353, 'DE32DB3EF9167A42B127E854889438A8');
INSERT INTO TNHT_LITE(LITE_PK) VALUES('A968FB78F3FE7B44874440EECC0E1CF0');
INSERT INTO TNHT_MULT(LITE_PK, LANG_PK, MULT_DESC)
VALUES('A968FB78F3FE7B44874440EECC0E1CF0', 1033, 'Future');
INSERT INTO TNHT_MULT(LITE_PK, LANG_PK, MULT_DESC)
VALUES('A968FB78F3FE7B44874440EECC0E1CF0', 3082, 'Futura');
INSERT INTO TNHT_MULT(LITE_PK, LANG_PK, MULT_DESC)
VALUES('A968FB78F3FE7B44874440EECC0E1CF0', 2070, 'Futura');
INSERT INTO TNHT_MULT(LITE_PK, LANG_PK, MULT_DESC)
VALUES('A968FB78F3FE7B44874440EECC0E1CF0', 1036, 'Future');
INSERT INTO TNHT_MULT(LITE_PK, LANG_PK, MULT_DESC)
VALUES('A968FB78F3FE7B44874440EECC0E1CF0', 1049, 'Будущее');
INSERT INTO TNHT_ENUM (ENUM_PK, LITE_PK)
VALUES(2381, 'A968FB78F3FE7B44874440EECC0E1CF0');
INSERT INTO TNHT_LITE(LITE_PK) VALUES('A20F4377638F704ABF6F49ED8F3866DF');
INSERT INTO TNHT_MULT(LITE_PK, LANG_PK, MULT_DESC)
VALUES('A20F4377638F704ABF6F49ED8F3866DF', 1033, 'Order');
INSERT INTO TNHT_MULT(LITE_PK, LANG_PK, MULT_DESC)
VALUES('A20F4377638F704ABF6F49ED8F3866DF', 3082, 'Orden');
INSERT INTO TNHT_MULT(LITE_PK, LANG_PK, MULT_DESC)
VALUES('A20F4377638F704ABF6F49ED8F3866DF', 2070, 'Orden');
INSERT INTO TNHT_MULT(LITE_PK, LANG_PK, MULT_DESC)
VALUES('A20F4377638F704ABF6F49ED8F3866DF', 1036, 'Ordre');
INSERT INTO TNHT_MULT(LITE_PK, LANG_PK, MULT_DESC)
VALUES('A20F4377638F704ABF6F49ED8F3866DF', 1049, 'Заказ');
INSERT INTO TNHT_ENUM (ENUM_PK, LITE_PK)
VALUES(2382, 'A20F4377638F704ABF6F49ED8F3866DF');
INSERT INTO TNHT_LITE(LITE_PK) VALUES('B57CF4B28A3B9648AF895CAA0ADDF660');
INSERT INTO TNHT_MULT(LITE_PK, LANG_PK, MULT_DESC)
VALUES('B57CF4B28A3B9648AF895CAA0ADDF660', 1033, 'Autogenerate');
INSERT INTO TNHT_MULT(LITE_PK, LANG_PK, MULT_DESC)
VALUES('B57CF4B28A3B9648AF895CAA0ADDF660', 3082, 'Autogenerar');
INSERT INTO TNHT_MULT(LITE_PK, LANG_PK, MULT_DESC)
VALUES('B57CF4B28A3B9648AF895CAA0ADDF660', 2070, 'Autogenerar');
INSERT INTO TNHT_MULT(LITE_PK, LANG_PK, MULT_DESC)
VALUES('B57CF4B28A3B9648AF895CAA0ADDF660', 1036, 'Autogénérer');
INSERT INTO TNHT_MULT(LITE_PK, LANG_PK, MULT_DESC)
VALUES('B57CF4B28A3B9648AF895CAA0ADDF660', 1049, 'Автоматическое создание');
INSERT INTO TNHT_ENUM (ENUM_PK, LITE_PK)
VALUES(2383, 'B57CF4B28A3B9648AF895CAA0ADDF660');
INSERT INTO TNHT_LITE(LITE_PK) VALUES('8DB874AE92CA7E4191BE58F335730514');
INSERT INTO TNHT_MULT(LITE_PK, LANG_PK, MULT_DESC)
VALUES('8DB874AE92CA7E4191BE58F335730514', 1033, 'Service');
INSERT INTO TNHT_MULT(LITE_PK, LANG_PK, MULT_DESC)
VALUES('8DB874AE92CA7E4191BE58F335730514', 3082, 'Servicio');
INSERT INTO TNHT_MULT(LITE_PK, LANG_PK, MULT_DESC)
VALUES('8DB874AE92CA7E4191BE58F335730514', 2070, 'Serviço');
INSERT INTO TNHT_MULT(LITE_PK, LANG_PK, MULT_DESC)
VALUES('8DB874AE92CA7E4191BE58F335730514', 1036, 'Service');
INSERT INTO TNHT_MULT(LITE_PK, LANG_PK, MULT_DESC)
VALUES('8DB874AE92CA7E4191BE58F335730514', 1049, 'Услуга');
INSERT INTO TNHT_ENUM (ENUM_PK, LITE_PK)
VALUES(2401, '8DB874AE92CA7E4191BE58F335730514');
INSERT INTO TNHT_LITE(LITE_PK) VALUES('BD08D04B277D1A44A08A8567B4CD2E37');
INSERT INTO TNHT_MULT(LITE_PK, LANG_PK, MULT_DESC)
VALUES('BD08D04B277D1A44A08A8567B4CD2E37', 1033, 'Payment');
INSERT INTO TNHT_MULT(LITE_PK, LANG_PK, MULT_DESC)
VALUES('BD08D04B277D1A44A08A8567B4CD2E37', 3082, 'Cobro');
INSERT INTO TNHT_MULT(LITE_PK, LANG_PK, MULT_DESC)
VALUES('BD08D04B277D1A44A08A8567B4CD2E37', 2070, 'Cobrança');
INSERT INTO TNHT_MULT(LITE_PK, LANG_PK, MULT_DESC)
VALUES('BD08D04B277D1A44A08A8567B4CD2E37', 1036, 'Paiement');
INSERT INTO TNHT_MULT(LITE_PK, LANG_PK, MULT_DESC)
VALUES('BD08D04B277D1A44A08A8567B4CD2E37', 1049, 'Платеж');
INSERT INTO TNHT_ENUM (ENUM_PK, LITE_PK)
VALUES(2402, 'BD08D04B277D1A44A08A8567B4CD2E37');
INSERT INTO TNHT_LITE(LITE_PK) VALUES('57542708E7F5114987B2216195FFEC12');
INSERT INTO TNHT_MULT(LITE_PK, LANG_PK, MULT_DESC)
VALUES('57542708E7F5114987B2216195FFEC12', 1033, 'POS');
INSERT INTO TNHT_MULT(LITE_PK, LANG_PK, MULT_DESC)
VALUES('57542708E7F5114987B2216195FFEC12', 3082, 'POS');
INSERT INTO TNHT_MULT(LITE_PK, LANG_PK, MULT_DESC)
VALUES('57542708E7F5114987B2216195FFEC12', 2070, 'POS');
INSERT INTO TNHT_MULT(LITE_PK, LANG_PK, MULT_DESC)
VALUES('57542708E7F5114987B2216195FFEC12', 1036, 'POS');
INSERT INTO TNHT_MULT(LITE_PK, LANG_PK, MULT_DESC)
VALUES('57542708E7F5114987B2216195FFEC12', 1049, 'Точка продажи');
INSERT INTO TNHT_ENUM (ENUM_PK, LITE_PK)
VALUES(2431, '57542708E7F5114987B2216195FFEC12');
INSERT INTO TNHT_LITE(LITE_PK) VALUES('7D5BCD1F540BA942BD4BBAB4D0980C09');
INSERT INTO TNHT_MULT(LITE_PK, LANG_PK, MULT_DESC)
VALUES('7D5BCD1F540BA942BD4BBAB4D0980C09', 1033, 'Out of Order');
INSERT INTO TNHT_MULT(LITE_PK, LANG_PK, MULT_DESC)
VALUES('7D5BCD1F540BA942BD4BBAB4D0980C09', 3082, 'Fuera de Servicio');
INSERT INTO TNHT_MULT(LITE_PK, LANG_PK, MULT_DESC)
VALUES('7D5BCD1F540BA942BD4BBAB4D0980C09', 2070, 'Fora do Funcionamento');
INSERT INTO TNHT_MULT(LITE_PK, LANG_PK, MULT_DESC)
VALUES('7D5BCD1F540BA942BD4BBAB4D0980C09', 1036, 'En dérangement');
INSERT INTO TNHT_MULT(LITE_PK, LANG_PK, MULT_DESC)
VALUES('7D5BCD1F540BA942BD4BBAB4D0980C09', 1049, 'Без заказа');
INSERT INTO TNHT_ENUM (ENUM_PK, LITE_PK)
VALUES(2461, '7D5BCD1F540BA942BD4BBAB4D0980C09');
INSERT INTO TNHT_LITE(LITE_PK) VALUES('0F155917E4E17E4FAFB966EFE285FB36');
INSERT INTO TNHT_MULT(LITE_PK, LANG_PK, MULT_DESC)
VALUES('0F155917E4E17E4FAFB966EFE285FB36', 1033, 'Available');
INSERT INTO TNHT_MULT(LITE_PK, LANG_PK, MULT_DESC)
VALUES('0F155917E4E17E4FAFB966EFE285FB36', 3082, 'Disponible');
INSERT INTO TNHT_MULT(LITE_PK, LANG_PK, MULT_DESC)
VALUES('0F155917E4E17E4FAFB966EFE285FB36', 2070, 'Disponível');
INSERT INTO TNHT_MULT(LITE_PK, LANG_PK, MULT_DESC)
VALUES('0F155917E4E17E4FAFB966EFE285FB36', 1036, 'Disponible');
INSERT INTO TNHT_MULT(LITE_PK, LANG_PK, MULT_DESC)
VALUES('0F155917E4E17E4FAFB966EFE285FB36', 1049, 'Возможно');
INSERT INTO TNHT_ENUM (ENUM_PK, LITE_PK)
VALUES(2491, '0F155917E4E17E4FAFB966EFE285FB36');
INSERT INTO TNHT_LITE(LITE_PK) VALUES('2AD6F4EB8B50A84F954154CA5B37504D');
INSERT INTO TNHT_MULT(LITE_PK, LANG_PK, MULT_DESC)
VALUES('2AD6F4EB8B50A84F954154CA5B37504D', 1033, 'Closed Account');
INSERT INTO TNHT_MULT(LITE_PK, LANG_PK, MULT_DESC)
VALUES('2AD6F4EB8B50A84F954154CA5B37504D', 3082, 'Cuenta Cerrada');
INSERT INTO TNHT_MULT(LITE_PK, LANG_PK, MULT_DESC)
VALUES('2AD6F4EB8B50A84F954154CA5B37504D', 2070, 'Conta Fechada');
INSERT INTO TNHT_MULT(LITE_PK, LANG_PK, MULT_DESC)
VALUES('2AD6F4EB8B50A84F954154CA5B37504D', 1036, 'Fermé le compte');
INSERT INTO TNHT_MULT(LITE_PK, LANG_PK, MULT_DESC)
VALUES('2AD6F4EB8B50A84F954154CA5B37504D', 1049, 'Закрытый счет');
INSERT INTO TNHT_ENUM (ENUM_PK, LITE_PK)
VALUES(2521, '2AD6F4EB8B50A84F954154CA5B37504D');
INSERT INTO TNHT_LITE(LITE_PK) VALUES('BF239AAD27AEE04EA03F9998900B6003');
INSERT INTO TNHT_MULT(LITE_PK, LANG_PK, MULT_DESC)
VALUES('BF239AAD27AEE04EA03F9998900B6003', 1033, 'Error');
INSERT INTO TNHT_MULT(LITE_PK, LANG_PK, MULT_DESC)
VALUES('BF239AAD27AEE04EA03F9998900B6003', 3082, 'Error');
INSERT INTO TNHT_MULT(LITE_PK, LANG_PK, MULT_DESC)
VALUES('BF239AAD27AEE04EA03F9998900B6003', 2070, 'Erro');
INSERT INTO TNHT_MULT(LITE_PK, LANG_PK, MULT_DESC)
VALUES('BF239AAD27AEE04EA03F9998900B6003', 1036, 'Erreur');
INSERT INTO TNHT_MULT(LITE_PK, LANG_PK, MULT_DESC)
VALUES('BF239AAD27AEE04EA03F9998900B6003', 1049, 'Ошибка');
INSERT INTO TNHT_ENUM (ENUM_PK, LITE_PK)
VALUES(2522, 'BF239AAD27AEE04EA03F9998900B6003');
INSERT INTO TNHT_LITE(LITE_PK) VALUES('066F826D4FF6A24BA507BC3E056B887F');
INSERT INTO TNHT_MULT(LITE_PK, LANG_PK, MULT_DESC)
VALUES('066F826D4FF6A24BA507BC3E056B887F', 1033, 'Extension does not exist');
INSERT INTO TNHT_MULT(LITE_PK, LANG_PK, MULT_DESC)
VALUES('066F826D4FF6A24BA507BC3E056B887F', 3082, 'Extensión inexistente');
INSERT INTO TNHT_MULT(LITE_PK, LANG_PK, MULT_DESC)
VALUES('066F826D4FF6A24BA507BC3E056B887F', 2070, 'Extensão não existe');
INSERT INTO TNHT_MULT(LITE_PK, LANG_PK, MULT_DESC)
VALUES('066F826D4FF6A24BA507BC3E056B887F', 1036, 'Extension n´existe pas');
INSERT INTO TNHT_MULT(LITE_PK, LANG_PK, MULT_DESC)
VALUES('066F826D4FF6A24BA507BC3E056B887F', 1049, 'Продление не существует');
INSERT INTO TNHT_ENUM (ENUM_PK, LITE_PK)
VALUES(2523, '066F826D4FF6A24BA507BC3E056B887F');
INSERT INTO TNHT_LITE(LITE_PK) VALUES('D44CC7B88C9D7847B89F041225BBF656');
INSERT INTO TNHT_MULT(LITE_PK, LANG_PK, MULT_DESC)
VALUES('D44CC7B88C9D7847B89F041225BBF656', 1033, 'Room does not exist');
INSERT INTO TNHT_MULT(LITE_PK, LANG_PK, MULT_DESC)
VALUES('D44CC7B88C9D7847B89F041225BBF656', 3082, 'Habitación inexistente');
INSERT INTO TNHT_MULT(LITE_PK, LANG_PK, MULT_DESC)
VALUES('D44CC7B88C9D7847B89F041225BBF656', 2070, 'Quarto não existe');
INSERT INTO TNHT_MULT(LITE_PK, LANG_PK, MULT_DESC)
VALUES('D44CC7B88C9D7847B89F041225BBF656', 1036, 'Chambre n´existe pas');
INSERT INTO TNHT_MULT(LITE_PK, LANG_PK, MULT_DESC)
VALUES('D44CC7B88C9D7847B89F041225BBF656', 1049, 'Номер не существует');
INSERT INTO TNHT_ENUM (ENUM_PK, LITE_PK)
VALUES(2524, 'D44CC7B88C9D7847B89F041225BBF656');
INSERT INTO TNHT_LITE(LITE_PK) VALUES('8FB950D2B01863439F48921EFC68ED3F');
INSERT INTO TNHT_MULT(LITE_PK, LANG_PK, MULT_DESC)
VALUES('8FB950D2B01863439F48921EFC68ED3F', 1033, 'Vacant room');
INSERT INTO TNHT_MULT(LITE_PK, LANG_PK, MULT_DESC)
VALUES('8FB950D2B01863439F48921EFC68ED3F', 3082, 'Habitación libre');
INSERT INTO TNHT_MULT(LITE_PK, LANG_PK, MULT_DESC)
VALUES('8FB950D2B01863439F48921EFC68ED3F', 2070, 'Quarto vago');
INSERT INTO TNHT_MULT(LITE_PK, LANG_PK, MULT_DESC)
VALUES('8FB950D2B01863439F48921EFC68ED3F', 1036, 'Chambre libre');
INSERT INTO TNHT_MULT(LITE_PK, LANG_PK, MULT_DESC)
VALUES('8FB950D2B01863439F48921EFC68ED3F', 1049, 'Свободный номер');
INSERT INTO TNHT_ENUM (ENUM_PK, LITE_PK)
VALUES(2525, '8FB950D2B01863439F48921EFC68ED3F');
INSERT INTO TNHT_LITE(LITE_PK) VALUES('FD669AB14B78BA4781FADA32D05DF914');
INSERT INTO TNHT_MULT(LITE_PK, LANG_PK, MULT_DESC)
VALUES('FD669AB14B78BA4781FADA32D05DF914', 1033, 'Daily');
INSERT INTO TNHT_MULT(LITE_PK, LANG_PK, MULT_DESC)
VALUES('FD669AB14B78BA4781FADA32D05DF914', 3082, 'Diário');
INSERT INTO TNHT_MULT(LITE_PK, LANG_PK, MULT_DESC)
VALUES('FD669AB14B78BA4781FADA32D05DF914', 2070, 'Diário');
INSERT INTO TNHT_MULT(LITE_PK, LANG_PK, MULT_DESC)
VALUES('FD669AB14B78BA4781FADA32D05DF914', 1036, 'Journalier');
INSERT INTO TNHT_MULT(LITE_PK, LANG_PK, MULT_DESC)
VALUES('FD669AB14B78BA4781FADA32D05DF914', 1049, 'Дневной');
INSERT INTO TNHT_ENUM (ENUM_PK, LITE_PK)
VALUES(2551, 'FD669AB14B78BA4781FADA32D05DF914');
INSERT INTO TNHT_LITE(LITE_PK) VALUES('9C27699CBAA980409A702B9B9E3E13E5');
INSERT INTO TNHT_MULT(LITE_PK, LANG_PK, MULT_DESC)
VALUES('9C27699CBAA980409A702B9B9E3E13E5', 1033, 'Summary');
INSERT INTO TNHT_MULT(LITE_PK, LANG_PK, MULT_DESC)
VALUES('9C27699CBAA980409A702B9B9E3E13E5', 3082, 'Resumen');
INSERT INTO TNHT_MULT(LITE_PK, LANG_PK, MULT_DESC)
VALUES('9C27699CBAA980409A702B9B9E3E13E5', 2070, 'Sumário');
INSERT INTO TNHT_MULT(LITE_PK, LANG_PK, MULT_DESC)
VALUES('9C27699CBAA980409A702B9B9E3E13E5', 1036, 'Sommaire');
INSERT INTO TNHT_MULT(LITE_PK, LANG_PK, MULT_DESC)
VALUES('9C27699CBAA980409A702B9B9E3E13E5', 1049, 'Сводка');
INSERT INTO TNHT_ENUM (ENUM_PK, LITE_PK)
VALUES(2552, '9C27699CBAA980409A702B9B9E3E13E5');
INSERT INTO TNHT_LITE(LITE_PK) VALUES('6BFD82B566EBC2459F152F9A263544C3');
INSERT INTO TNHT_MULT(LITE_PK, LANG_PK, MULT_DESC)
VALUES('6BFD82B566EBC2459F152F9A263544C3', 1033, 'Period');
INSERT INTO TNHT_MULT(LITE_PK, LANG_PK, MULT_DESC)
VALUES('6BFD82B566EBC2459F152F9A263544C3', 3082, 'Período');
INSERT INTO TNHT_MULT(LITE_PK, LANG_PK, MULT_DESC)
VALUES('6BFD82B566EBC2459F152F9A263544C3', 2070, 'Período');
INSERT INTO TNHT_MULT(LITE_PK, LANG_PK, MULT_DESC)
VALUES('6BFD82B566EBC2459F152F9A263544C3', 1036, 'Période');
INSERT INTO TNHT_MULT(LITE_PK, LANG_PK, MULT_DESC)
VALUES('6BFD82B566EBC2459F152F9A263544C3', 1049, 'Период');
INSERT INTO TNHT_ENUM (ENUM_PK, LITE_PK)
VALUES(2553, '6BFD82B566EBC2459F152F9A263544C3');
INSERT INTO TNHT_LITE(LITE_PK) VALUES('2985242463400E4A9DFB3B451D7DDE59');
INSERT INTO TNHT_MULT(LITE_PK, LANG_PK, MULT_DESC)
VALUES('2985242463400E4A9DFB3B451D7DDE59', 1033, 'Single Day');
INSERT INTO TNHT_MULT(LITE_PK, LANG_PK, MULT_DESC)
VALUES('2985242463400E4A9DFB3B451D7DDE59', 3082, 'Único Día');
INSERT INTO TNHT_MULT(LITE_PK, LANG_PK, MULT_DESC)
VALUES('2985242463400E4A9DFB3B451D7DDE59', 2070, 'Único Dia');
INSERT INTO TNHT_MULT(LITE_PK, LANG_PK, MULT_DESC)
VALUES('2985242463400E4A9DFB3B451D7DDE59', 1036, 'Une Journée');
INSERT INTO TNHT_MULT(LITE_PK, LANG_PK, MULT_DESC)
VALUES('2985242463400E4A9DFB3B451D7DDE59', 1049, 'Один день');
INSERT INTO TNHT_ENUM (ENUM_PK, LITE_PK)
VALUES(2554, '2985242463400E4A9DFB3B451D7DDE59');
INSERT INTO TNHT_LITE(LITE_PK) VALUES('598172108C54C44290F23E8CBB2ADC36');
INSERT INTO TNHT_MULT(LITE_PK, LANG_PK, MULT_DESC)
VALUES('598172108C54C44290F23E8CBB2ADC36', 1033, 'Graphic');
INSERT INTO TNHT_MULT(LITE_PK, LANG_PK, MULT_DESC)
VALUES('598172108C54C44290F23E8CBB2ADC36', 3082, 'Gráfico');
INSERT INTO TNHT_MULT(LITE_PK, LANG_PK, MULT_DESC)
VALUES('598172108C54C44290F23E8CBB2ADC36', 2070, 'Gráfico');
INSERT INTO TNHT_MULT(LITE_PK, LANG_PK, MULT_DESC)
VALUES('598172108C54C44290F23E8CBB2ADC36', 1036, 'Graphique');
INSERT INTO TNHT_MULT(LITE_PK, LANG_PK, MULT_DESC)
VALUES('598172108C54C44290F23E8CBB2ADC36', 1049, 'Графический');
INSERT INTO TNHT_ENUM (ENUM_PK, LITE_PK)
VALUES(2555, '598172108C54C44290F23E8CBB2ADC36');
INSERT INTO TNHT_LITE(LITE_PK) VALUES('916288B1DDACB746AE8917552C97B160');
INSERT INTO TNHT_MULT(LITE_PK, LANG_PK, MULT_DESC)
VALUES('916288B1DDACB746AE8917552C97B160', 1033, 'Hide');
INSERT INTO TNHT_MULT(LITE_PK, LANG_PK, MULT_DESC)
VALUES('916288B1DDACB746AE8917552C97B160', 3082, 'Ocultar');
INSERT INTO TNHT_MULT(LITE_PK, LANG_PK, MULT_DESC)
VALUES('916288B1DDACB746AE8917552C97B160', 2070, 'Esconder');
INSERT INTO TNHT_MULT(LITE_PK, LANG_PK, MULT_DESC)
VALUES('916288B1DDACB746AE8917552C97B160', 1036, 'Hide');
INSERT INTO TNHT_MULT(LITE_PK, LANG_PK, MULT_DESC)
VALUES('916288B1DDACB746AE8917552C97B160', 1049, 'Скрыть');
INSERT INTO TNHT_ENUM (ENUM_PK, LITE_PK)
VALUES(2581, '916288B1DDACB746AE8917552C97B160');
INSERT INTO TNHT_LITE(LITE_PK) VALUES('823D4264F9D59B4AB0E0FECCB3C15BDA');
INSERT INTO TNHT_MULT(LITE_PK, LANG_PK, MULT_DESC)
VALUES('823D4264F9D59B4AB0E0FECCB3C15BDA', 1033, 'Read');
INSERT INTO TNHT_MULT(LITE_PK, LANG_PK, MULT_DESC)
VALUES('823D4264F9D59B4AB0E0FECCB3C15BDA', 3082, 'Leer');
INSERT INTO TNHT_MULT(LITE_PK, LANG_PK, MULT_DESC)
VALUES('823D4264F9D59B4AB0E0FECCB3C15BDA', 2070, 'Ler');
INSERT INTO TNHT_MULT(LITE_PK, LANG_PK, MULT_DESC)
VALUES('823D4264F9D59B4AB0E0FECCB3C15BDA', 1036, 'Lire');
INSERT INTO TNHT_MULT(LITE_PK, LANG_PK, MULT_DESC)
VALUES('823D4264F9D59B4AB0E0FECCB3C15BDA', 1049, 'Читать');
INSERT INTO TNHT_ENUM (ENUM_PK, LITE_PK)
VALUES(2582, '823D4264F9D59B4AB0E0FECCB3C15BDA');
INSERT INTO TNHT_LITE(LITE_PK) VALUES('63DC5039FA9CBB408BC575B3F48E4641');
INSERT INTO TNHT_MULT(LITE_PK, LANG_PK, MULT_DESC)
VALUES('63DC5039FA9CBB408BC575B3F48E4641', 1033, 'Read/Print');
INSERT INTO TNHT_MULT(LITE_PK, LANG_PK, MULT_DESC)
VALUES('63DC5039FA9CBB408BC575B3F48E4641', 3082, 'Leer/Imprimir');
INSERT INTO TNHT_MULT(LITE_PK, LANG_PK, MULT_DESC)
VALUES('63DC5039FA9CBB408BC575B3F48E4641', 2070, 'Ler/Imprimir');
INSERT INTO TNHT_MULT(LITE_PK, LANG_PK, MULT_DESC)
VALUES('63DC5039FA9CBB408BC575B3F48E4641', 1036, 'Lire/Imprimer');
INSERT INTO TNHT_MULT(LITE_PK, LANG_PK, MULT_DESC)
VALUES('63DC5039FA9CBB408BC575B3F48E4641', 1049, 'Читать/Печатать');
INSERT INTO TNHT_ENUM (ENUM_PK, LITE_PK)
VALUES(2583, '63DC5039FA9CBB408BC575B3F48E4641');
INSERT INTO TNHT_LITE(LITE_PK) VALUES('1AFDA4CFD258374F8DFDA9FCBBA55237');
INSERT INTO TNHT_MULT(LITE_PK, LANG_PK, MULT_DESC)
VALUES('1AFDA4CFD258374F8DFDA9FCBBA55237', 1033, 'Read/Write');
INSERT INTO TNHT_MULT(LITE_PK, LANG_PK, MULT_DESC)
VALUES('1AFDA4CFD258374F8DFDA9FCBBA55237', 3082, 'Leer/Escribir');
INSERT INTO TNHT_MULT(LITE_PK, LANG_PK, MULT_DESC)
VALUES('1AFDA4CFD258374F8DFDA9FCBBA55237', 2070, 'Ler/Escrever');
INSERT INTO TNHT_MULT(LITE_PK, LANG_PK, MULT_DESC)
VALUES('1AFDA4CFD258374F8DFDA9FCBBA55237', 1036, 'Lire/Rédiger');
INSERT INTO TNHT_MULT(LITE_PK, LANG_PK, MULT_DESC)
VALUES('1AFDA4CFD258374F8DFDA9FCBBA55237', 1049, 'Читать/Писать');
INSERT INTO TNHT_ENUM (ENUM_PK, LITE_PK)
VALUES(2584, '1AFDA4CFD258374F8DFDA9FCBBA55237');
INSERT INTO TNHT_LITE(LITE_PK) VALUES('F425E303B3F90F4E9BF97B02347940ED');
INSERT INTO TNHT_MULT(LITE_PK, LANG_PK, MULT_DESC)
VALUES('F425E303B3F90F4E9BF97B02347940ED', 1033, 'Full Access');
INSERT INTO TNHT_MULT(LITE_PK, LANG_PK, MULT_DESC)
VALUES('F425E303B3F90F4E9BF97B02347940ED', 3082, 'Acceso Total');
INSERT INTO TNHT_MULT(LITE_PK, LANG_PK, MULT_DESC)
VALUES('F425E303B3F90F4E9BF97B02347940ED', 2070, 'Acesso Total');
INSERT INTO TNHT_MULT(LITE_PK, LANG_PK, MULT_DESC)
VALUES('F425E303B3F90F4E9BF97B02347940ED', 1036, 'Full Access');
INSERT INTO TNHT_MULT(LITE_PK, LANG_PK, MULT_DESC)
VALUES('F425E303B3F90F4E9BF97B02347940ED', 1049, 'Полный доступ');
INSERT INTO TNHT_ENUM (ENUM_PK, LITE_PK)
VALUES(2586, 'F425E303B3F90F4E9BF97B02347940ED');
INSERT INTO TNHT_LITE(LITE_PK) VALUES('C189F3F2D06CF243B2C63000C7E0E074');
INSERT INTO TNHT_MULT(LITE_PK, LANG_PK, MULT_DESC)
VALUES('C189F3F2D06CF243B2C63000C7E0E074', 1033, 'SAF-T Portugal');
INSERT INTO TNHT_MULT(LITE_PK, LANG_PK, MULT_DESC)
VALUES('C189F3F2D06CF243B2C63000C7E0E074', 3082, 'SAF-T Portugal');
INSERT INTO TNHT_MULT(LITE_PK, LANG_PK, MULT_DESC)
VALUES('C189F3F2D06CF243B2C63000C7E0E074', 2070, 'SAF-T Portugal');
INSERT INTO TNHT_MULT(LITE_PK, LANG_PK, MULT_DESC)
VALUES('C189F3F2D06CF243B2C63000C7E0E074', 1036, 'SAF-T Portugal');
INSERT INTO TNHT_MULT(LITE_PK, LANG_PK, MULT_DESC)
VALUES('C189F3F2D06CF243B2C63000C7E0E074', 1049, 'SAF-T Португальский');
INSERT INTO TNHT_ENUM (ENUM_PK, LITE_PK)
VALUES(2611, 'C189F3F2D06CF243B2C63000C7E0E074');
INSERT INTO TNHT_LITE(LITE_PK) VALUES('BEE6A9ADB2C9C649BDAC51B2FEAFBDAA');
INSERT INTO TNHT_MULT(LITE_PK, LANG_PK, MULT_DESC)
VALUES('BEE6A9ADB2C9C649BDAC51B2FEAFBDAA', 1033, 'NF-e Brazil');
INSERT INTO TNHT_MULT(LITE_PK, LANG_PK, MULT_DESC)
VALUES('BEE6A9ADB2C9C649BDAC51B2FEAFBDAA', 3082, 'NF-e Brazil');
INSERT INTO TNHT_MULT(LITE_PK, LANG_PK, MULT_DESC)
VALUES('BEE6A9ADB2C9C649BDAC51B2FEAFBDAA', 2070, 'NF-e Brazil');
INSERT INTO TNHT_MULT(LITE_PK, LANG_PK, MULT_DESC)
VALUES('BEE6A9ADB2C9C649BDAC51B2FEAFBDAA', 1036, 'NF-e Brazil');
INSERT INTO TNHT_MULT(LITE_PK, LANG_PK, MULT_DESC)
VALUES('BEE6A9ADB2C9C649BDAC51B2FEAFBDAA', 1049, 'NF-e Бразилия');
INSERT INTO TNHT_ENUM (ENUM_PK, LITE_PK)
VALUES(2612, 'BEE6A9ADB2C9C649BDAC51B2FEAFBDAA');
INSERT INTO TNHT_LITE(LITE_PK) VALUES('3A62DCCABBDDEE4791733CF327D0D1D4');
INSERT INTO TNHT_MULT(LITE_PK, LANG_PK, MULT_DESC)
VALUES('3A62DCCABBDDEE4791733CF327D0D1D4', 1033, 'Fiscalization Croatia');
INSERT INTO TNHT_MULT(LITE_PK, LANG_PK, MULT_DESC)
VALUES('3A62DCCABBDDEE4791733CF327D0D1D4', 3082, 'Fiscalización Croacia');
INSERT INTO TNHT_MULT(LITE_PK, LANG_PK, MULT_DESC)
VALUES('3A62DCCABBDDEE4791733CF327D0D1D4', 2070, 'Fiscalizaçao Croacia');
INSERT INTO TNHT_MULT(LITE_PK, LANG_PK, MULT_DESC)
VALUES('3A62DCCABBDDEE4791733CF327D0D1D4', 1036, 'Contrôle Croatie');
INSERT INTO TNHT_MULT(LITE_PK, LANG_PK, MULT_DESC)
VALUES('3A62DCCABBDDEE4791733CF327D0D1D4', 1049, 'Управление Хорватия');
INSERT INTO TNHT_ENUM (ENUM_PK, LITE_PK)
VALUES(2613, '3A62DCCABBDDEE4791733CF327D0D1D4');
INSERT INTO TNHT_LITE(LITE_PK) VALUES('8E150DB5100A674181DF97010EA59BB2');
INSERT INTO TNHT_MULT(LITE_PK, LANG_PK, MULT_DESC)
VALUES('8E150DB5100A674181DF97010EA59BB2', 1033, 'Fixed Menu');
INSERT INTO TNHT_MULT(LITE_PK, LANG_PK, MULT_DESC)
VALUES('8E150DB5100A674181DF97010EA59BB2', 3082, 'Menú Fijo');
INSERT INTO TNHT_MULT(LITE_PK, LANG_PK, MULT_DESC)
VALUES('8E150DB5100A674181DF97010EA59BB2', 2070, 'Menu Fixo');
INSERT INTO TNHT_MULT(LITE_PK, LANG_PK, MULT_DESC)
VALUES('8E150DB5100A674181DF97010EA59BB2', 1036, 'Menu Fixe');
INSERT INTO TNHT_MULT(LITE_PK, LANG_PK, MULT_DESC)
VALUES('8E150DB5100A674181DF97010EA59BB2', 1049, 'Фиксированное меню');
INSERT INTO TNHT_ENUM (ENUM_PK, LITE_PK)
VALUES(2641, '8E150DB5100A674181DF97010EA59BB2');
INSERT INTO TNHT_LITE(LITE_PK) VALUES('68864A8513479D498D9E1B448B2A9C76');
INSERT INTO TNHT_MULT(LITE_PK, LANG_PK, MULT_DESC)
VALUES('68864A8513479D498D9E1B448B2A9C76', 1033, 'Dynamic Menu');
INSERT INTO TNHT_MULT(LITE_PK, LANG_PK, MULT_DESC)
VALUES('68864A8513479D498D9E1B448B2A9C76', 3082, 'Menú Dinámico');
INSERT INTO TNHT_MULT(LITE_PK, LANG_PK, MULT_DESC)
VALUES('68864A8513479D498D9E1B448B2A9C76', 2070, 'Menu Dinâmico');
INSERT INTO TNHT_MULT(LITE_PK, LANG_PK, MULT_DESC)
VALUES('68864A8513479D498D9E1B448B2A9C76', 1036, 'Menu Dynamique');
INSERT INTO TNHT_MULT(LITE_PK, LANG_PK, MULT_DESC)
VALUES('68864A8513479D498D9E1B448B2A9C76', 1049, 'Динамическое меню');
INSERT INTO TNHT_ENUM (ENUM_PK, LITE_PK)
VALUES(2642, '68864A8513479D498D9E1B448B2A9C76');
INSERT INTO TNHT_LITE(LITE_PK) VALUES('249EA9CE1138254BB3CB36FB2BD47131');
INSERT INTO TNHT_MULT(LITE_PK, LANG_PK, MULT_DESC)
VALUES('249EA9CE1138254BB3CB36FB2BD47131', 1033, 'Round Menu');
INSERT INTO TNHT_MULT(LITE_PK, LANG_PK, MULT_DESC)
VALUES('249EA9CE1138254BB3CB36FB2BD47131', 3082, 'Menu de Ronda');
INSERT INTO TNHT_MULT(LITE_PK, LANG_PK, MULT_DESC)
VALUES('249EA9CE1138254BB3CB36FB2BD47131', 2070, 'Menu de Ronda');
INSERT INTO TNHT_MULT(LITE_PK, LANG_PK, MULT_DESC)
VALUES('249EA9CE1138254BB3CB36FB2BD47131', 1036, 'Menu Ronde');
INSERT INTO TNHT_MULT(LITE_PK, LANG_PK, MULT_DESC)
VALUES('249EA9CE1138254BB3CB36FB2BD47131', 1049, 'Повторяющееся меню');
INSERT INTO TNHT_ENUM (ENUM_PK, LITE_PK)
VALUES(2643, '249EA9CE1138254BB3CB36FB2BD47131');
INSERT INTO TNHT_LITE(LITE_PK) VALUES('FFDE3179D2A7804493F647D0F66ADF43');
INSERT INTO TNHT_MULT(LITE_PK, LANG_PK, MULT_DESC)
VALUES('FFDE3179D2A7804493F647D0F66ADF43', 1033, 'Gastronomic');
INSERT INTO TNHT_MULT(LITE_PK, LANG_PK, MULT_DESC)
VALUES('FFDE3179D2A7804493F647D0F66ADF43', 3082, 'Gastronómico');
INSERT INTO TNHT_MULT(LITE_PK, LANG_PK, MULT_DESC)
VALUES('FFDE3179D2A7804493F647D0F66ADF43', 2070, 'Gastronômico');
INSERT INTO TNHT_MULT(LITE_PK, LANG_PK, MULT_DESC)
VALUES('FFDE3179D2A7804493F647D0F66ADF43', 1036, 'Gastronomiques');
INSERT INTO TNHT_MULT(LITE_PK, LANG_PK, MULT_DESC)
VALUES('FFDE3179D2A7804493F647D0F66ADF43', 1049, 'Гастрономический');
INSERT INTO TNHT_ENUM (ENUM_PK, LITE_PK)
VALUES(2671, 'FFDE3179D2A7804493F647D0F66ADF43');
INSERT INTO TNHT_LITE(LITE_PK) VALUES('8E6A56798FED2F449D3A1B869DD8A561');
INSERT INTO TNHT_MULT(LITE_PK, LANG_PK, MULT_DESC)
VALUES('8E6A56798FED2F449D3A1B869DD8A561', 1033, 'Supermarket');
INSERT INTO TNHT_MULT(LITE_PK, LANG_PK, MULT_DESC)
VALUES('8E6A56798FED2F449D3A1B869DD8A561', 3082, 'Supermercado');
INSERT INTO TNHT_MULT(LITE_PK, LANG_PK, MULT_DESC)
VALUES('8E6A56798FED2F449D3A1B869DD8A561', 2070, 'Supermercado');
INSERT INTO TNHT_MULT(LITE_PK, LANG_PK, MULT_DESC)
VALUES('8E6A56798FED2F449D3A1B869DD8A561', 1036, 'Supermarché');
INSERT INTO TNHT_MULT(LITE_PK, LANG_PK, MULT_DESC)
VALUES('8E6A56798FED2F449D3A1B869DD8A561', 1049, 'Супермаркет');
INSERT INTO TNHT_ENUM (ENUM_PK, LITE_PK)
VALUES(2672, '8E6A56798FED2F449D3A1B869DD8A561');
INSERT INTO TNHT_LITE(LITE_PK) VALUES('15DCC90C0110D94799FC22A38214AA01');
INSERT INTO TNHT_MULT(LITE_PK, LANG_PK, MULT_DESC)
VALUES('15DCC90C0110D94799FC22A38214AA01', 1033, 'Shop');
INSERT INTO TNHT_MULT(LITE_PK, LANG_PK, MULT_DESC)
VALUES('15DCC90C0110D94799FC22A38214AA01', 3082, 'Tienda');
INSERT INTO TNHT_MULT(LITE_PK, LANG_PK, MULT_DESC)
VALUES('15DCC90C0110D94799FC22A38214AA01', 2070, 'Loja');
INSERT INTO TNHT_MULT(LITE_PK, LANG_PK, MULT_DESC)
VALUES('15DCC90C0110D94799FC22A38214AA01', 1036, 'Boutique');
INSERT INTO TNHT_MULT(LITE_PK, LANG_PK, MULT_DESC)
VALUES('15DCC90C0110D94799FC22A38214AA01', 1049, 'Магазин');
INSERT INTO TNHT_ENUM (ENUM_PK, LITE_PK)
VALUES(2673, '15DCC90C0110D94799FC22A38214AA01');
INSERT INTO TNHT_LITE(LITE_PK) VALUES('244C1095FE5A754282478CECE6B3A277');
INSERT INTO TNHT_MULT(LITE_PK, LANG_PK, MULT_DESC)
VALUES('244C1095FE5A754282478CECE6B3A277', 1033, 'Small for buttons');
INSERT INTO TNHT_MULT(LITE_PK, LANG_PK, MULT_DESC)
VALUES('244C1095FE5A754282478CECE6B3A277', 3082, 'Pequeñas para botones');
INSERT INTO TNHT_MULT(LITE_PK, LANG_PK, MULT_DESC)
VALUES('244C1095FE5A754282478CECE6B3A277', 2070, 'Pequenas para botões');
INSERT INTO TNHT_MULT(LITE_PK, LANG_PK, MULT_DESC)
VALUES('244C1095FE5A754282478CECE6B3A277', 1036, 'Petite pour les boutons');
INSERT INTO TNHT_MULT(LITE_PK, LANG_PK, MULT_DESC)
VALUES('244C1095FE5A754282478CECE6B3A277', 1049, 'Маленький для кнопок');
INSERT INTO TNHT_ENUM (ENUM_PK, LITE_PK)
VALUES(2701, '244C1095FE5A754282478CECE6B3A277');
INSERT INTO TNHT_LITE(LITE_PK) VALUES('B073FDE6AC6659428F2B165839E59B1B');
INSERT INTO TNHT_MULT(LITE_PK, LANG_PK, MULT_DESC)
VALUES('B073FDE6AC6659428F2B165839E59B1B', 1033, 'Medium for Presentation');
INSERT INTO TNHT_MULT(LITE_PK, LANG_PK, MULT_DESC)
VALUES('B073FDE6AC6659428F2B165839E59B1B', 3082, 'Mediana para Presentaciones');
INSERT INTO TNHT_MULT(LITE_PK, LANG_PK, MULT_DESC)
VALUES('B073FDE6AC6659428F2B165839E59B1B', 2070, 'Meio para Apresentações');
INSERT INTO TNHT_MULT(LITE_PK, LANG_PK, MULT_DESC)
VALUES('B073FDE6AC6659428F2B165839E59B1B', 1036, 'Moyenne pour les présentations');
INSERT INTO TNHT_MULT(LITE_PK, LANG_PK, MULT_DESC)
VALUES('B073FDE6AC6659428F2B165839E59B1B', 1049, 'Средний для презентации');
INSERT INTO TNHT_ENUM (ENUM_PK, LITE_PK)
VALUES(2702, 'B073FDE6AC6659428F2B165839E59B1B');
INSERT INTO TNHT_LITE(LITE_PK) VALUES('B7E91067EB91C64AAFAA2B08FAB725C5');
INSERT INTO TNHT_MULT(LITE_PK, LANG_PK, MULT_DESC)
VALUES('B7E91067EB91C64AAFAA2B08FAB725C5', 1033, 'Internal');
INSERT INTO TNHT_MULT(LITE_PK, LANG_PK, MULT_DESC)
VALUES('B7E91067EB91C64AAFAA2B08FAB725C5', 3082, 'Internas');
INSERT INTO TNHT_MULT(LITE_PK, LANG_PK, MULT_DESC)
VALUES('B7E91067EB91C64AAFAA2B08FAB725C5', 2070, 'Internas');
INSERT INTO TNHT_MULT(LITE_PK, LANG_PK, MULT_DESC)
VALUES('B7E91067EB91C64AAFAA2B08FAB725C5', 1036, 'Interne');
INSERT INTO TNHT_MULT(LITE_PK, LANG_PK, MULT_DESC)
VALUES('B7E91067EB91C64AAFAA2B08FAB725C5', 1049, 'Внутренний');
INSERT INTO TNHT_ENUM (ENUM_PK, LITE_PK)
VALUES(2732, 'B7E91067EB91C64AAFAA2B08FAB725C5');
INSERT INTO TNHT_LITE(LITE_PK) VALUES('BDA5B3A3743B39479E1A802A3129B7DC');
INSERT INTO TNHT_MULT(LITE_PK, LANG_PK, MULT_DESC)
VALUES('BDA5B3A3743B39479E1A802A3129B7DC', 1033, 'Extra');
INSERT INTO TNHT_MULT(LITE_PK, LANG_PK, MULT_DESC)
VALUES('BDA5B3A3743B39479E1A802A3129B7DC', 3082, 'Extra');
INSERT INTO TNHT_MULT(LITE_PK, LANG_PK, MULT_DESC)
VALUES('BDA5B3A3743B39479E1A802A3129B7DC', 2070, 'Extra');
INSERT INTO TNHT_MULT(LITE_PK, LANG_PK, MULT_DESC)
VALUES('BDA5B3A3743B39479E1A802A3129B7DC', 1036, 'Extra');
INSERT INTO TNHT_MULT(LITE_PK, LANG_PK, MULT_DESC)
VALUES('BDA5B3A3743B39479E1A802A3129B7DC', 1049, 'Дополнительные услуги');
INSERT INTO TNHT_ENUM (ENUM_PK, LITE_PK)
VALUES(2735, 'BDA5B3A3743B39479E1A802A3129B7DC');
INSERT INTO TNHT_LITE(LITE_PK) VALUES('034AAD4BA465184B8405940BEAA54D13');
INSERT INTO TNHT_MULT(LITE_PK, LANG_PK, MULT_DESC)
VALUES('034AAD4BA465184B8405940BEAA54D13', 1033, 'EGDS');
INSERT INTO TNHT_MULT(LITE_PK, LANG_PK, MULT_DESC)
VALUES('034AAD4BA465184B8405940BEAA54D13', 3082, 'EGDS');
INSERT INTO TNHT_MULT(LITE_PK, LANG_PK, MULT_DESC)
VALUES('034AAD4BA465184B8405940BEAA54D13', 2070, 'EGDS');
INSERT INTO TNHT_MULT(LITE_PK, LANG_PK, MULT_DESC)
VALUES('034AAD4BA465184B8405940BEAA54D13', 1036, 'EGDS');
INSERT INTO TNHT_MULT(LITE_PK, LANG_PK, MULT_DESC)
VALUES('034AAD4BA465184B8405940BEAA54D13', 1049, 'EGDS');
INSERT INTO TNHT_ENUM (ENUM_PK, LITE_PK)
VALUES(2760, '034AAD4BA465184B8405940BEAA54D13');
INSERT INTO TNHT_LITE(LITE_PK) VALUES('4B5A8BD334057F44B7B8CB9062726A96');
INSERT INTO TNHT_MULT(LITE_PK, LANG_PK, MULT_DESC)
VALUES('4B5A8BD334057F44B7B8CB9062726A96', 1033, 'Expedia');
INSERT INTO TNHT_MULT(LITE_PK, LANG_PK, MULT_DESC)
VALUES('4B5A8BD334057F44B7B8CB9062726A96', 3082, 'Expedia');
INSERT INTO TNHT_MULT(LITE_PK, LANG_PK, MULT_DESC)
VALUES('4B5A8BD334057F44B7B8CB9062726A96', 2070, 'Expedia');
INSERT INTO TNHT_MULT(LITE_PK, LANG_PK, MULT_DESC)
VALUES('4B5A8BD334057F44B7B8CB9062726A96', 1036, 'Expedia');
INSERT INTO TNHT_MULT(LITE_PK, LANG_PK, MULT_DESC)
VALUES('4B5A8BD334057F44B7B8CB9062726A96', 1049, 'Expedia');
INSERT INTO TNHT_ENUM (ENUM_PK, LITE_PK)
VALUES(2761, '4B5A8BD334057F44B7B8CB9062726A96');
INSERT INTO TNHT_LITE(LITE_PK) VALUES('CC6EBCA6BE02A942BA052B1946FC0063');
INSERT INTO TNHT_MULT(LITE_PK, LANG_PK, MULT_DESC)
VALUES('CC6EBCA6BE02A942BA052B1946FC0063', 1033, 'Guestcentric');
INSERT INTO TNHT_MULT(LITE_PK, LANG_PK, MULT_DESC)
VALUES('CC6EBCA6BE02A942BA052B1946FC0063', 3082, 'Guestcentric');
INSERT INTO TNHT_MULT(LITE_PK, LANG_PK, MULT_DESC)
VALUES('CC6EBCA6BE02A942BA052B1946FC0063', 2070, 'Guestcentric');
INSERT INTO TNHT_MULT(LITE_PK, LANG_PK, MULT_DESC)
VALUES('CC6EBCA6BE02A942BA052B1946FC0063', 1036, 'Guestcentric');
INSERT INTO TNHT_MULT(LITE_PK, LANG_PK, MULT_DESC)
VALUES('CC6EBCA6BE02A942BA052B1946FC0063', 1049, 'Guestcentric');
INSERT INTO TNHT_ENUM (ENUM_PK, LITE_PK)
VALUES(2762, 'CC6EBCA6BE02A942BA052B1946FC0063');
INSERT INTO TNHT_LITE(LITE_PK) VALUES('980C4EC202EE4441945332F5A254DA5E');
INSERT INTO TNHT_MULT(LITE_PK, LANG_PK, MULT_DESC)
VALUES('980C4EC202EE4441945332F5A254DA5E', 1033, 'BookAssist');
INSERT INTO TNHT_MULT(LITE_PK, LANG_PK, MULT_DESC)
VALUES('980C4EC202EE4441945332F5A254DA5E', 3082, 'BookAssist');
INSERT INTO TNHT_MULT(LITE_PK, LANG_PK, MULT_DESC)
VALUES('980C4EC202EE4441945332F5A254DA5E', 2070, 'BookAssist');
INSERT INTO TNHT_MULT(LITE_PK, LANG_PK, MULT_DESC)
VALUES('980C4EC202EE4441945332F5A254DA5E', 1036, 'BookAssist');
INSERT INTO TNHT_MULT(LITE_PK, LANG_PK, MULT_DESC)
VALUES('980C4EC202EE4441945332F5A254DA5E', 1049, 'BookAssist');
INSERT INTO TNHT_ENUM (ENUM_PK, LITE_PK)
VALUES(2763, '980C4EC202EE4441945332F5A254DA5E');
INSERT INTO TNHT_LITE(LITE_PK) VALUES('E927F8807BF0AB45A4EFAA134671B904');
INSERT INTO TNHT_MULT(LITE_PK, LANG_PK, MULT_DESC)
VALUES('E927F8807BF0AB45A4EFAA134671B904', 1033, 'Synxis');
INSERT INTO TNHT_MULT(LITE_PK, LANG_PK, MULT_DESC)
VALUES('E927F8807BF0AB45A4EFAA134671B904', 3082, 'Synxis');
INSERT INTO TNHT_MULT(LITE_PK, LANG_PK, MULT_DESC)
VALUES('E927F8807BF0AB45A4EFAA134671B904', 2070, 'Synxis');
INSERT INTO TNHT_MULT(LITE_PK, LANG_PK, MULT_DESC)
VALUES('E927F8807BF0AB45A4EFAA134671B904', 1036, 'Synxis');
INSERT INTO TNHT_MULT(LITE_PK, LANG_PK, MULT_DESC)
VALUES('E927F8807BF0AB45A4EFAA134671B904', 1049, 'Synxis');
INSERT INTO TNHT_ENUM (ENUM_PK, LITE_PK)
VALUES(2764, 'E927F8807BF0AB45A4EFAA134671B904');
INSERT INTO TNHT_LITE(LITE_PK) VALUES('A0E9348A11495F4DA4E636275901C7A0');
INSERT INTO TNHT_MULT(LITE_PK, LANG_PK, MULT_DESC)
VALUES('A0E9348A11495F4DA4E636275901C7A0', 1033, 'Other');
INSERT INTO TNHT_MULT(LITE_PK, LANG_PK, MULT_DESC)
VALUES('A0E9348A11495F4DA4E636275901C7A0', 3082, 'Other');
INSERT INTO TNHT_MULT(LITE_PK, LANG_PK, MULT_DESC)
VALUES('A0E9348A11495F4DA4E636275901C7A0', 2070, 'Other');
INSERT INTO TNHT_MULT(LITE_PK, LANG_PK, MULT_DESC)
VALUES('A0E9348A11495F4DA4E636275901C7A0', 1036, 'Other');
INSERT INTO TNHT_MULT(LITE_PK, LANG_PK, MULT_DESC)
VALUES('A0E9348A11495F4DA4E636275901C7A0', 1049, 'Другие');
INSERT INTO TNHT_ENUM (ENUM_PK, LITE_PK)
VALUES(2765, 'A0E9348A11495F4DA4E636275901C7A0');
INSERT INTO TNHT_LITE(LITE_PK) VALUES('99513AD0FFEE6B4099CCB13F8F725E1A');
INSERT INTO TNHT_MULT(LITE_PK, LANG_PK, MULT_DESC)
VALUES('99513AD0FFEE6B4099CCB13F8F725E1A', 1033, 'Pegasus');
INSERT INTO TNHT_MULT(LITE_PK, LANG_PK, MULT_DESC)
VALUES('99513AD0FFEE6B4099CCB13F8F725E1A', 3082, 'Pegasus');
INSERT INTO TNHT_MULT(LITE_PK, LANG_PK, MULT_DESC)
VALUES('99513AD0FFEE6B4099CCB13F8F725E1A', 2070, 'Pegasus');
INSERT INTO TNHT_MULT(LITE_PK, LANG_PK, MULT_DESC)
VALUES('99513AD0FFEE6B4099CCB13F8F725E1A', 1036, 'Pegasus');
INSERT INTO TNHT_MULT(LITE_PK, LANG_PK, MULT_DESC)
VALUES('99513AD0FFEE6B4099CCB13F8F725E1A', 1049, 'Pegasus');
INSERT INTO TNHT_ENUM (ENUM_PK, LITE_PK)
VALUES(2766, '99513AD0FFEE6B4099CCB13F8F725E1A');
INSERT INTO TNHT_LITE(LITE_PK) VALUES('83664ECF75560E45B3E18F573ACB510C');
INSERT INTO TNHT_MULT(LITE_PK, LANG_PK, MULT_DESC)
VALUES('83664ECF75560E45B3E18F573ACB510C', 1033, 'Cubilis');
INSERT INTO TNHT_MULT(LITE_PK, LANG_PK, MULT_DESC)
VALUES('83664ECF75560E45B3E18F573ACB510C', 3082, 'Cubilis');
INSERT INTO TNHT_MULT(LITE_PK, LANG_PK, MULT_DESC)
VALUES('83664ECF75560E45B3E18F573ACB510C', 2070, 'Cubilis');
INSERT INTO TNHT_MULT(LITE_PK, LANG_PK, MULT_DESC)
VALUES('83664ECF75560E45B3E18F573ACB510C', 1036, 'Cubilis');
INSERT INTO TNHT_MULT(LITE_PK, LANG_PK, MULT_DESC)
VALUES('83664ECF75560E45B3E18F573ACB510C', 1049, 'Cubilis');
INSERT INTO TNHT_ENUM (ENUM_PK, LITE_PK)
VALUES(2767, '83664ECF75560E45B3E18F573ACB510C');
INSERT INTO TNHT_LITE(LITE_PK) VALUES('6E8EDA0218B92C4B8EB994434F92B151');
INSERT INTO TNHT_MULT(LITE_PK, LANG_PK, MULT_DESC)
VALUES('6E8EDA0218B92C4B8EB994434F92B151', 1033, 'WebBooking');
INSERT INTO TNHT_MULT(LITE_PK, LANG_PK, MULT_DESC)
VALUES('6E8EDA0218B92C4B8EB994434F92B151', 3082, 'WebBooking');
INSERT INTO TNHT_MULT(LITE_PK, LANG_PK, MULT_DESC)
VALUES('6E8EDA0218B92C4B8EB994434F92B151', 2070, 'WebBooking');
INSERT INTO TNHT_MULT(LITE_PK, LANG_PK, MULT_DESC)
VALUES('6E8EDA0218B92C4B8EB994434F92B151', 1036, 'WebBooking');
INSERT INTO TNHT_MULT(LITE_PK, LANG_PK, MULT_DESC)
VALUES('6E8EDA0218B92C4B8EB994434F92B151', 1049, 'WebBooking');
INSERT INTO TNHT_ENUM (ENUM_PK, LITE_PK)
VALUES(2768, '6E8EDA0218B92C4B8EB994434F92B151');
INSERT INTO TNHT_LITE(LITE_PK) VALUES('EDA4FBBC006CF041A9FDC5D5B9724C23');
INSERT INTO TNHT_MULT(LITE_PK, LANG_PK, MULT_DESC)
VALUES('EDA4FBBC006CF041A9FDC5D5B9724C23', 1033, 'One Cloud Booking Engine');
INSERT INTO TNHT_MULT(LITE_PK, LANG_PK, MULT_DESC)
VALUES('EDA4FBBC006CF041A9FDC5D5B9724C23', 3082, 'One Cloud Booking Engine');
INSERT INTO TNHT_MULT(LITE_PK, LANG_PK, MULT_DESC)
VALUES('EDA4FBBC006CF041A9FDC5D5B9724C23', 2070, 'One Cloud Booking Engine');
INSERT INTO TNHT_MULT(LITE_PK, LANG_PK, MULT_DESC)
VALUES('EDA4FBBC006CF041A9FDC5D5B9724C23', 1036, 'One Cloud Booking Engine');
INSERT INTO TNHT_MULT(LITE_PK, LANG_PK, MULT_DESC)
VALUES('EDA4FBBC006CF041A9FDC5D5B9724C23', 1049, 'One Cloud Booking Engine');
INSERT INTO TNHT_ENUM (ENUM_PK, LITE_PK)
VALUES(2769, 'EDA4FBBC006CF041A9FDC5D5B9724C23');
INSERT INTO TNHT_LITE(LITE_PK) VALUES('C7CF2FAD32712F43BECB5B20E387329A');
INSERT INTO TNHT_MULT(LITE_PK, LANG_PK, MULT_DESC)
VALUES('C7CF2FAD32712F43BECB5B20E387329A', 1033, 'TravelClick');
INSERT INTO TNHT_MULT(LITE_PK, LANG_PK, MULT_DESC)
VALUES('C7CF2FAD32712F43BECB5B20E387329A', 3082, 'TravelClick');
INSERT INTO TNHT_MULT(LITE_PK, LANG_PK, MULT_DESC)
VALUES('C7CF2FAD32712F43BECB5B20E387329A', 2070, 'TravelClick');
INSERT INTO TNHT_MULT(LITE_PK, LANG_PK, MULT_DESC)
VALUES('C7CF2FAD32712F43BECB5B20E387329A', 1036, 'TravelClick');
INSERT INTO TNHT_MULT(LITE_PK, LANG_PK, MULT_DESC)
VALUES('C7CF2FAD32712F43BECB5B20E387329A', 1049, 'TravelClick');
INSERT INTO TNHT_ENUM (ENUM_PK, LITE_PK)
VALUES(2770, 'C7CF2FAD32712F43BECB5B20E387329A');
INSERT INTO TNHT_LITE(LITE_PK) VALUES('9C05D0DEE009BF49AB00F5B86D8A6F21');
INSERT INTO TNHT_MULT(LITE_PK, LANG_PK, MULT_DESC)
VALUES('9C05D0DEE009BF49AB00F5B86D8A6F21', 1033, 'SiteMinder');
INSERT INTO TNHT_MULT(LITE_PK, LANG_PK, MULT_DESC)
VALUES('9C05D0DEE009BF49AB00F5B86D8A6F21', 3082, 'SiteMinder');
INSERT INTO TNHT_MULT(LITE_PK, LANG_PK, MULT_DESC)
VALUES('9C05D0DEE009BF49AB00F5B86D8A6F21', 2070, 'SiteMinder');
INSERT INTO TNHT_MULT(LITE_PK, LANG_PK, MULT_DESC)
VALUES('9C05D0DEE009BF49AB00F5B86D8A6F21', 1036, 'SiteMinder');
INSERT INTO TNHT_MULT(LITE_PK, LANG_PK, MULT_DESC)
VALUES('9C05D0DEE009BF49AB00F5B86D8A6F21', 1049, 'SiteMinder');
INSERT INTO TNHT_ENUM (ENUM_PK, LITE_PK)
VALUES(2771, '9C05D0DEE009BF49AB00F5B86D8A6F21');
INSERT INTO TNHT_LITE(LITE_PK) VALUES('E943982DCE23424B87E343D7BD7AC37B');
INSERT INTO TNHT_MULT(LITE_PK, LANG_PK, MULT_DESC)
VALUES('E943982DCE23424B87E343D7BD7AC37B', 1033, 'AvailPro');
INSERT INTO TNHT_MULT(LITE_PK, LANG_PK, MULT_DESC)
VALUES('E943982DCE23424B87E343D7BD7AC37B', 3082, 'AvailPro');
INSERT INTO TNHT_MULT(LITE_PK, LANG_PK, MULT_DESC)
VALUES('E943982DCE23424B87E343D7BD7AC37B', 2070, 'AvailPro');
INSERT INTO TNHT_MULT(LITE_PK, LANG_PK, MULT_DESC)
VALUES('E943982DCE23424B87E343D7BD7AC37B', 1036, 'AvailPro');
INSERT INTO TNHT_MULT(LITE_PK, LANG_PK, MULT_DESC)
VALUES('E943982DCE23424B87E343D7BD7AC37B', 1049, 'AvailPro');
INSERT INTO TNHT_ENUM (ENUM_PK, LITE_PK)
VALUES(2772, 'E943982DCE23424B87E343D7BD7AC37B');
INSERT INTO TNHT_LITE(LITE_PK) VALUES('EA4EA2B0CF7CAE4FB7A13BCACE7186A3');
INSERT INTO TNHT_MULT(LITE_PK, LANG_PK, MULT_DESC)
VALUES('EA4EA2B0CF7CAE4FB7A13BCACE7186A3', 1033, 'TripAdvisor');
INSERT INTO TNHT_MULT(LITE_PK, LANG_PK, MULT_DESC)
VALUES('EA4EA2B0CF7CAE4FB7A13BCACE7186A3', 3082, 'TripAdvisor');
INSERT INTO TNHT_MULT(LITE_PK, LANG_PK, MULT_DESC)
VALUES('EA4EA2B0CF7CAE4FB7A13BCACE7186A3', 2070, 'TripAdvisor');
INSERT INTO TNHT_MULT(LITE_PK, LANG_PK, MULT_DESC)
VALUES('EA4EA2B0CF7CAE4FB7A13BCACE7186A3', 1036, 'TripAdvisor');
INSERT INTO TNHT_MULT(LITE_PK, LANG_PK, MULT_DESC)
VALUES('EA4EA2B0CF7CAE4FB7A13BCACE7186A3', 1049, 'TripAdvisor');
INSERT INTO TNHT_ENUM (ENUM_PK, LITE_PK)
VALUES(2773, 'EA4EA2B0CF7CAE4FB7A13BCACE7186A3');
INSERT INTO TNHT_LITE(LITE_PK) VALUES('9EE552C6D0104D47A6370237BB722471');
INSERT INTO TNHT_MULT(LITE_PK, LANG_PK, MULT_DESC)
VALUES('9EE552C6D0104D47A6370237BB722471', 1033, 'Booking');
INSERT INTO TNHT_MULT(LITE_PK, LANG_PK, MULT_DESC)
VALUES('9EE552C6D0104D47A6370237BB722471', 3082, 'Booking');
INSERT INTO TNHT_MULT(LITE_PK, LANG_PK, MULT_DESC)
VALUES('9EE552C6D0104D47A6370237BB722471', 2070, 'Booking');
INSERT INTO TNHT_MULT(LITE_PK, LANG_PK, MULT_DESC)
VALUES('9EE552C6D0104D47A6370237BB722471', 1036, 'Booking');
INSERT INTO TNHT_MULT(LITE_PK, LANG_PK, MULT_DESC)
VALUES('9EE552C6D0104D47A6370237BB722471', 1049, 'Booking');
INSERT INTO TNHT_ENUM (ENUM_PK, LITE_PK)
VALUES(2774, '9EE552C6D0104D47A6370237BB722471');
INSERT INTO TNHT_LITE(LITE_PK) VALUES('57DF420093A0BA4ABA6E6AFE6A996E3E');
INSERT INTO TNHT_MULT(LITE_PK, LANG_PK, MULT_DESC)
VALUES('57DF420093A0BA4ABA6E6AFE6A996E3E', 1033, 'Fixed');
INSERT INTO TNHT_MULT(LITE_PK, LANG_PK, MULT_DESC)
VALUES('57DF420093A0BA4ABA6E6AFE6A996E3E', 3082, 'Fijo');
INSERT INTO TNHT_MULT(LITE_PK, LANG_PK, MULT_DESC)
VALUES('57DF420093A0BA4ABA6E6AFE6A996E3E', 2070, 'Fixo');
INSERT INTO TNHT_MULT(LITE_PK, LANG_PK, MULT_DESC)
VALUES('57DF420093A0BA4ABA6E6AFE6A996E3E', 1036, 'Fixes');
INSERT INTO TNHT_MULT(LITE_PK, LANG_PK, MULT_DESC)
VALUES('57DF420093A0BA4ABA6E6AFE6A996E3E', 1049, 'Фиксированный');
INSERT INTO TNHT_ENUM (ENUM_PK, LITE_PK)
VALUES(2790, '57DF420093A0BA4ABA6E6AFE6A996E3E');
INSERT INTO TNHT_LITE(LITE_PK) VALUES('2AB36974A378984E9BC655C6A420438E');
INSERT INTO TNHT_MULT(LITE_PK, LANG_PK, MULT_DESC)
VALUES('2AB36974A378984E9BC655C6A420438E', 1033, 'By Nights');
INSERT INTO TNHT_MULT(LITE_PK, LANG_PK, MULT_DESC)
VALUES('2AB36974A378984E9BC655C6A420438E', 3082, 'Por Noches');
INSERT INTO TNHT_MULT(LITE_PK, LANG_PK, MULT_DESC)
VALUES('2AB36974A378984E9BC655C6A420438E', 2070, 'À noite');
INSERT INTO TNHT_MULT(LITE_PK, LANG_PK, MULT_DESC)
VALUES('2AB36974A378984E9BC655C6A420438E', 1036, 'La nuit');
INSERT INTO TNHT_MULT(LITE_PK, LANG_PK, MULT_DESC)
VALUES('2AB36974A378984E9BC655C6A420438E', 1049, 'За сутки');
INSERT INTO TNHT_ENUM (ENUM_PK, LITE_PK)
VALUES(2791, '2AB36974A378984E9BC655C6A420438E');
INSERT INTO TNHT_LITE(LITE_PK) VALUES('0B53D4F4C04DFC42AAD17A3E20D3380B');
INSERT INTO TNHT_MULT(LITE_PK, LANG_PK, MULT_DESC)
VALUES('0B53D4F4C04DFC42AAD17A3E20D3380B', 1033, 'Room Type');
INSERT INTO TNHT_MULT(LITE_PK, LANG_PK, MULT_DESC)
VALUES('0B53D4F4C04DFC42AAD17A3E20D3380B', 3082, 'Tipo de Habitación');
INSERT INTO TNHT_MULT(LITE_PK, LANG_PK, MULT_DESC)
VALUES('0B53D4F4C04DFC42AAD17A3E20D3380B', 2070, 'Tipo de quarto');
INSERT INTO TNHT_MULT(LITE_PK, LANG_PK, MULT_DESC)
VALUES('0B53D4F4C04DFC42AAD17A3E20D3380B', 1036, 'Type de chambre');
INSERT INTO TNHT_MULT(LITE_PK, LANG_PK, MULT_DESC)
VALUES('0B53D4F4C04DFC42AAD17A3E20D3380B', 1049, 'Категория номера');
INSERT INTO TNHT_ENUM (ENUM_PK, LITE_PK)
VALUES(2820, '0B53D4F4C04DFC42AAD17A3E20D3380B');
INSERT INTO TNHT_LITE(LITE_PK) VALUES('DC8C2986B4471F43B5A4E9E2F4904D92');
INSERT INTO TNHT_MULT(LITE_PK, LANG_PK, MULT_DESC)
VALUES('DC8C2986B4471F43B5A4E9E2F4904D92', 1033, 'Room Block');
INSERT INTO TNHT_MULT(LITE_PK, LANG_PK, MULT_DESC)
VALUES('DC8C2986B4471F43B5A4E9E2F4904D92', 3082, 'Bloque de Habitación');
INSERT INTO TNHT_MULT(LITE_PK, LANG_PK, MULT_DESC)
VALUES('DC8C2986B4471F43B5A4E9E2F4904D92', 2070, 'Bloque de quarto');
INSERT INTO TNHT_MULT(LITE_PK, LANG_PK, MULT_DESC)
VALUES('DC8C2986B4471F43B5A4E9E2F4904D92', 1036, 'Bloc de chambres');
INSERT INTO TNHT_MULT(LITE_PK, LANG_PK, MULT_DESC)
VALUES('DC8C2986B4471F43B5A4E9E2F4904D92', 1049, 'Расположение номера');
INSERT INTO TNHT_ENUM (ENUM_PK, LITE_PK)
VALUES(2821, 'DC8C2986B4471F43B5A4E9E2F4904D92');
INSERT INTO TNHT_LITE(LITE_PK) VALUES('364F92E83699E6468D6B795DDB33BB15');
INSERT INTO TNHT_MULT(LITE_PK, LANG_PK, MULT_DESC)
VALUES('364F92E83699E6468D6B795DDB33BB15', 1033, 'Open Line');
INSERT INTO TNHT_MULT(LITE_PK, LANG_PK, MULT_DESC)
VALUES('364F92E83699E6468D6B795DDB33BB15', 3082, 'Abrir Linea');
INSERT INTO TNHT_MULT(LITE_PK, LANG_PK, MULT_DESC)
VALUES('364F92E83699E6468D6B795DDB33BB15', 2070, 'Linha aberta');
INSERT INTO TNHT_MULT(LITE_PK, LANG_PK, MULT_DESC)
VALUES('364F92E83699E6468D6B795DDB33BB15', 1036, 'Ligne ouverte');
INSERT INTO TNHT_MULT(LITE_PK, LANG_PK, MULT_DESC)
VALUES('364F92E83699E6468D6B795DDB33BB15', 1049, 'Открытая линия');
INSERT INTO TNHT_ENUM (ENUM_PK, LITE_PK)
VALUES(2851, '364F92E83699E6468D6B795DDB33BB15');
INSERT INTO TNHT_LITE(LITE_PK) VALUES('EA4DCEDC5F9F7A44B7C8ABBA7451E979');
INSERT INTO TNHT_MULT(LITE_PK, LANG_PK, MULT_DESC)
VALUES('EA4DCEDC5F9F7A44B7C8ABBA7451E979', 1033, 'Close Line');
INSERT INTO TNHT_MULT(LITE_PK, LANG_PK, MULT_DESC)
VALUES('EA4DCEDC5F9F7A44B7C8ABBA7451E979', 3082, 'Cerrar Linea');
INSERT INTO TNHT_MULT(LITE_PK, LANG_PK, MULT_DESC)
VALUES('EA4DCEDC5F9F7A44B7C8ABBA7451E979', 2070, 'Linha Fechar');
INSERT INTO TNHT_MULT(LITE_PK, LANG_PK, MULT_DESC)
VALUES('EA4DCEDC5F9F7A44B7C8ABBA7451E979', 1036, 'Ligne près');
INSERT INTO TNHT_MULT(LITE_PK, LANG_PK, MULT_DESC)
VALUES('EA4DCEDC5F9F7A44B7C8ABBA7451E979', 1049, 'Закрытая линия');
INSERT INTO TNHT_ENUM (ENUM_PK, LITE_PK)
VALUES(2852, 'EA4DCEDC5F9F7A44B7C8ABBA7451E979');
INSERT INTO TNHT_LITE(LITE_PK) VALUES('3382BE5662A2A64FB7312C01F9862983');
INSERT INTO TNHT_MULT(LITE_PK, LANG_PK, MULT_DESC)
VALUES('3382BE5662A2A64FB7312C01F9862983', 1033, 'Data exchange');
INSERT INTO TNHT_MULT(LITE_PK, LANG_PK, MULT_DESC)
VALUES('3382BE5662A2A64FB7312C01F9862983', 3082, 'Cambio de Datos');
INSERT INTO TNHT_MULT(LITE_PK, LANG_PK, MULT_DESC)
VALUES('3382BE5662A2A64FB7312C01F9862983', 2070, 'Troca de dados');
INSERT INTO TNHT_MULT(LITE_PK, LANG_PK, MULT_DESC)
VALUES('3382BE5662A2A64FB7312C01F9862983', 1036, 'L´échange de données');
INSERT INTO TNHT_MULT(LITE_PK, LANG_PK, MULT_DESC)
VALUES('3382BE5662A2A64FB7312C01F9862983', 1049, 'Обмен данными');
INSERT INTO TNHT_ENUM (ENUM_PK, LITE_PK)
VALUES(2853, '3382BE5662A2A64FB7312C01F9862983');
INSERT INTO TNHT_LITE(LITE_PK) VALUES('8E42A5BDAC399C49B7B794CEB1C84D57');
INSERT INTO TNHT_MULT(LITE_PK, LANG_PK, MULT_DESC)
VALUES('8E42A5BDAC399C49B7B794CEB1C84D57', 1033, 'Change Room');
INSERT INTO TNHT_MULT(LITE_PK, LANG_PK, MULT_DESC)
VALUES('8E42A5BDAC399C49B7B794CEB1C84D57', 3082, 'Cambiar de habitacion');
INSERT INTO TNHT_MULT(LITE_PK, LANG_PK, MULT_DESC)
VALUES('8E42A5BDAC399C49B7B794CEB1C84D57', 2070, 'Mudar de quarto');
INSERT INTO TNHT_MULT(LITE_PK, LANG_PK, MULT_DESC)
VALUES('8E42A5BDAC399C49B7B794CEB1C84D57', 1036, 'Changement de salle');
INSERT INTO TNHT_MULT(LITE_PK, LANG_PK, MULT_DESC)
VALUES('8E42A5BDAC399C49B7B794CEB1C84D57', 1049, 'Смена номера');
INSERT INTO TNHT_ENUM (ENUM_PK, LITE_PK)
VALUES(2854, '8E42A5BDAC399C49B7B794CEB1C84D57');
INSERT INTO TNHT_LITE(LITE_PK) VALUES('FAE82624BB13F64AA2DF91EB3434DEEA');
INSERT INTO TNHT_MULT(LITE_PK, LANG_PK, MULT_DESC)
VALUES('FAE82624BB13F64AA2DF91EB3434DEEA', 1033, 'Open line without reservation');
INSERT INTO TNHT_MULT(LITE_PK, LANG_PK, MULT_DESC)
VALUES('FAE82624BB13F64AA2DF91EB3434DEEA', 3082, 'Abrir linea sin reserva');
INSERT INTO TNHT_MULT(LITE_PK, LANG_PK, MULT_DESC)
VALUES('FAE82624BB13F64AA2DF91EB3434DEEA', 2070, 'Linha aberta sem reservas');
INSERT INTO TNHT_MULT(LITE_PK, LANG_PK, MULT_DESC)
VALUES('FAE82624BB13F64AA2DF91EB3434DEEA', 1036, 'Ligne ouverte sans réserve');
INSERT INTO TNHT_MULT(LITE_PK, LANG_PK, MULT_DESC)
VALUES('FAE82624BB13F64AA2DF91EB3434DEEA', 1049, 'Открытая линия без резервирования');
INSERT INTO TNHT_ENUM (ENUM_PK, LITE_PK)
VALUES(2855, 'FAE82624BB13F64AA2DF91EB3434DEEA');
INSERT INTO TNHT_LITE(LITE_PK) VALUES('DA8E6946403D2E44A3FB3B1BCEF243E9');
INSERT INTO TNHT_MULT(LITE_PK, LANG_PK, MULT_DESC)
VALUES('DA8E6946403D2E44A3FB3B1BCEF243E9', 1033, 'Close line without reservation');
INSERT INTO TNHT_MULT(LITE_PK, LANG_PK, MULT_DESC)
VALUES('DA8E6946403D2E44A3FB3B1BCEF243E9', 3082, 'Cerrar linea sin reserva');
INSERT INTO TNHT_MULT(LITE_PK, LANG_PK, MULT_DESC)
VALUES('DA8E6946403D2E44A3FB3B1BCEF243E9', 2070, 'Linha fechada sem reservas');
INSERT INTO TNHT_MULT(LITE_PK, LANG_PK, MULT_DESC)
VALUES('DA8E6946403D2E44A3FB3B1BCEF243E9', 1036, 'Fermer en ligne sans réserve');
INSERT INTO TNHT_MULT(LITE_PK, LANG_PK, MULT_DESC)
VALUES('DA8E6946403D2E44A3FB3B1BCEF243E9', 1049, 'Закрытая линия без резервирования');
INSERT INTO TNHT_ENUM (ENUM_PK, LITE_PK)
VALUES(2856, 'DA8E6946403D2E44A3FB3B1BCEF243E9');
INSERT INTO TNHT_LITE(LITE_PK) VALUES('C3490F965899C24BBFD10BD67A35E561');
INSERT INTO TNHT_MULT(LITE_PK, LANG_PK, MULT_DESC)
VALUES('C3490F965899C24BBFD10BD67A35E561', 1033, 'Do Not Disturb');
INSERT INTO TNHT_MULT(LITE_PK, LANG_PK, MULT_DESC)
VALUES('C3490F965899C24BBFD10BD67A35E561', 3082, 'Não perturbar');
INSERT INTO TNHT_MULT(LITE_PK, LANG_PK, MULT_DESC)
VALUES('C3490F965899C24BBFD10BD67A35E561', 2070, 'Linha fechada sem reservas');
INSERT INTO TNHT_MULT(LITE_PK, LANG_PK, MULT_DESC)
VALUES('C3490F965899C24BBFD10BD67A35E561', 1036, 'Ne pas déranger');
INSERT INTO TNHT_MULT(LITE_PK, LANG_PK, MULT_DESC)
VALUES('C3490F965899C24BBFD10BD67A35E561', 1049, 'Не беспокоить');
INSERT INTO TNHT_ENUM (ENUM_PK, LITE_PK)
VALUES(2857, 'C3490F965899C24BBFD10BD67A35E561');
INSERT INTO TNHT_LITE(LITE_PK) VALUES('E6BA2FBFF7D78945B94AFD876F309EF2');
INSERT INTO TNHT_MULT(LITE_PK, LANG_PK, MULT_DESC)
VALUES('E6BA2FBFF7D78945B94AFD876F309EF2', 1033, 'Alarm clock');
INSERT INTO TNHT_MULT(LITE_PK, LANG_PK, MULT_DESC)
VALUES('E6BA2FBFF7D78945B94AFD876F309EF2', 3082, 'Despertador');
INSERT INTO TNHT_MULT(LITE_PK, LANG_PK, MULT_DESC)
VALUES('E6BA2FBFF7D78945B94AFD876F309EF2', 2070, 'Despertador');
INSERT INTO TNHT_MULT(LITE_PK, LANG_PK, MULT_DESC)
VALUES('E6BA2FBFF7D78945B94AFD876F309EF2', 1036, 'Réveil');
INSERT INTO TNHT_MULT(LITE_PK, LANG_PK, MULT_DESC)
VALUES('E6BA2FBFF7D78945B94AFD876F309EF2', 1049, 'Будильник');
INSERT INTO TNHT_ENUM (ENUM_PK, LITE_PK)
VALUES(2858, 'E6BA2FBFF7D78945B94AFD876F309EF2');
INSERT INTO TNHT_LITE(LITE_PK) VALUES('35115FD85CBF2E4E867CD55F2B1BF71D');
INSERT INTO TNHT_MULT(LITE_PK, LANG_PK, MULT_DESC)
VALUES('35115FD85CBF2E4E867CD55F2B1BF71D', 1033, '<NIF>.<Hotel>.<Number>.DAT');
INSERT INTO TNHT_MULT(LITE_PK, LANG_PK, MULT_DESC)
VALUES('35115FD85CBF2E4E867CD55F2B1BF71D', 3082, '<NIF>.<Hotel>.<Número>.DAT');
INSERT INTO TNHT_MULT(LITE_PK, LANG_PK, MULT_DESC)
VALUES('35115FD85CBF2E4E867CD55F2B1BF71D', 2070, '<NIF>.<Hotel>.<Número>.DAT');
INSERT INTO TNHT_MULT(LITE_PK, LANG_PK, MULT_DESC)
VALUES('35115FD85CBF2E4E867CD55F2B1BF71D', 1036, '<NIF>.<Hôtel>.<Numéro>.DAT');
INSERT INTO TNHT_MULT(LITE_PK, LANG_PK, MULT_DESC)
VALUES('35115FD85CBF2E4E867CD55F2B1BF71D', 1049, '<Налоговый номер>.<Гостиница>.<Номер>.DAT');
INSERT INTO TNHT_ENUM (ENUM_PK, LITE_PK)
VALUES(2890, '35115FD85CBF2E4E867CD55F2B1BF71D');
INSERT INTO TNHT_LITE(LITE_PK) VALUES('E2F6A8225C273B4085D7C7BA0B9A3710');
INSERT INTO TNHT_MULT(LITE_PK, LANG_PK, MULT_DESC)
VALUES('E2F6A8225C273B4085D7C7BA0B9A3710', 1033, '<Hotel>.<Number>');
INSERT INTO TNHT_MULT(LITE_PK, LANG_PK, MULT_DESC)
VALUES('E2F6A8225C273B4085D7C7BA0B9A3710', 3082, '<Hotel>.<Número>');
INSERT INTO TNHT_MULT(LITE_PK, LANG_PK, MULT_DESC)
VALUES('E2F6A8225C273B4085D7C7BA0B9A3710', 2070, '<Hotel>.<Número>');
INSERT INTO TNHT_MULT(LITE_PK, LANG_PK, MULT_DESC)
VALUES('E2F6A8225C273B4085D7C7BA0B9A3710', 1036, '<Hôtel>.<Numéro>');
INSERT INTO TNHT_MULT(LITE_PK, LANG_PK, MULT_DESC)
VALUES('E2F6A8225C273B4085D7C7BA0B9A3710', 1049, '<Гостиница>.<Номер>');
INSERT INTO TNHT_ENUM (ENUM_PK, LITE_PK)
VALUES(2891, 'E2F6A8225C273B4085D7C7BA0B9A3710');
INSERT INTO TNHT_LITE(LITE_PK) VALUES('711C41B09A3DE2428C3DFA3BC06F6904');
INSERT INTO TNHT_MULT(LITE_PK, LANG_PK, MULT_DESC)
VALUES('711C41B09A3DE2428C3DFA3BC06F6904', 1033, 'Door Nº');
INSERT INTO TNHT_MULT(LITE_PK, LANG_PK, MULT_DESC)
VALUES('711C41B09A3DE2428C3DFA3BC06F6904', 3082, 'Puerta Nº');
INSERT INTO TNHT_MULT(LITE_PK, LANG_PK, MULT_DESC)
VALUES('711C41B09A3DE2428C3DFA3BC06F6904', 2070, 'Porta Nº');
INSERT INTO TNHT_MULT(LITE_PK, LANG_PK, MULT_DESC)
VALUES('711C41B09A3DE2428C3DFA3BC06F6904', 1036, 'Porte Nº');
INSERT INTO TNHT_MULT(LITE_PK, LANG_PK, MULT_DESC)
VALUES('711C41B09A3DE2428C3DFA3BC06F6904', 1049, 'Дверь №');
INSERT INTO TNHT_ENUM (ENUM_PK, LITE_PK)
VALUES(2921, '711C41B09A3DE2428C3DFA3BC06F6904');
INSERT INTO TNHT_LITE(LITE_PK) VALUES('6CE969EC9EF3214489281B1CD888ECA7');
INSERT INTO TNHT_MULT(LITE_PK, LANG_PK, MULT_DESC)
VALUES('6CE969EC9EF3214489281B1CD888ECA7', 1033, 'Room Type');
INSERT INTO TNHT_MULT(LITE_PK, LANG_PK, MULT_DESC)
VALUES('6CE969EC9EF3214489281B1CD888ECA7', 3082, 'Tipo Habitación');
INSERT INTO TNHT_MULT(LITE_PK, LANG_PK, MULT_DESC)
VALUES('6CE969EC9EF3214489281B1CD888ECA7', 2070, 'Tipo Quarto');
INSERT INTO TNHT_MULT(LITE_PK, LANG_PK, MULT_DESC)
VALUES('6CE969EC9EF3214489281B1CD888ECA7', 1036, 'Type Chambre');
INSERT INTO TNHT_MULT(LITE_PK, LANG_PK, MULT_DESC)
VALUES('6CE969EC9EF3214489281B1CD888ECA7', 1049, 'Категория номера');
INSERT INTO TNHT_ENUM (ENUM_PK, LITE_PK)
VALUES(2922, '6CE969EC9EF3214489281B1CD888ECA7');
INSERT INTO TNHT_LITE(LITE_PK) VALUES('0278E7DE26105F48A8FA84DD1FB463B9');
INSERT INTO TNHT_MULT(LITE_PK, LANG_PK, MULT_DESC)
VALUES('0278E7DE26105F48A8FA84DD1FB463B9', 1033, 'Room Block');
INSERT INTO TNHT_MULT(LITE_PK, LANG_PK, MULT_DESC)
VALUES('0278E7DE26105F48A8FA84DD1FB463B9', 3082, 'Bloque Habitación');
INSERT INTO TNHT_MULT(LITE_PK, LANG_PK, MULT_DESC)
VALUES('0278E7DE26105F48A8FA84DD1FB463B9', 2070, 'Bloco Alojamento');
INSERT INTO TNHT_MULT(LITE_PK, LANG_PK, MULT_DESC)
VALUES('0278E7DE26105F48A8FA84DD1FB463B9', 1036, 'Bloc de Chambre');
INSERT INTO TNHT_MULT(LITE_PK, LANG_PK, MULT_DESC)
VALUES('0278E7DE26105F48A8FA84DD1FB463B9', 1049, 'Расположение номера');
INSERT INTO TNHT_ENUM (ENUM_PK, LITE_PK)
VALUES(2923, '0278E7DE26105F48A8FA84DD1FB463B9');
INSERT INTO TNHT_LITE(LITE_PK) VALUES('049BF1AA5976884FA0405D34A6422300');
INSERT INTO TNHT_MULT(LITE_PK, LANG_PK, MULT_DESC)
VALUES('049BF1AA5976884FA0405D34A6422300', 1033, 'Floor Nº');
INSERT INTO TNHT_MULT(LITE_PK, LANG_PK, MULT_DESC)
VALUES('049BF1AA5976884FA0405D34A6422300', 3082, 'Piso Nº');
INSERT INTO TNHT_MULT(LITE_PK, LANG_PK, MULT_DESC)
VALUES('049BF1AA5976884FA0405D34A6422300', 2070, 'Andar Nº');
INSERT INTO TNHT_MULT(LITE_PK, LANG_PK, MULT_DESC)
VALUES('049BF1AA5976884FA0405D34A6422300', 1036, 'Étage Nº');
INSERT INTO TNHT_MULT(LITE_PK, LANG_PK, MULT_DESC)
VALUES('049BF1AA5976884FA0405D34A6422300', 1049, 'Этаж №');
INSERT INTO TNHT_ENUM (ENUM_PK, LITE_PK)
VALUES(2924, '049BF1AA5976884FA0405D34A6422300');
INSERT INTO TNHT_LITE(LITE_PK) VALUES('0E011827CFC0D54F8668C65852751326');
INSERT INTO TNHT_MULT(LITE_PK, LANG_PK, MULT_DESC)
VALUES('0E011827CFC0D54F8668C65852751326', 1033, 'Refuse Reservation');
INSERT INTO TNHT_MULT(LITE_PK, LANG_PK, MULT_DESC)
VALUES('0E011827CFC0D54F8668C65852751326', 3082, 'Refuse Reservation');
INSERT INTO TNHT_MULT(LITE_PK, LANG_PK, MULT_DESC)
VALUES('0E011827CFC0D54F8668C65852751326', 2070, 'Refuse Reservation');
INSERT INTO TNHT_MULT(LITE_PK, LANG_PK, MULT_DESC)
VALUES('0E011827CFC0D54F8668C65852751326', 1036, 'Refuse Reservation');
INSERT INTO TNHT_MULT(LITE_PK, LANG_PK, MULT_DESC)
VALUES('0E011827CFC0D54F8668C65852751326', 1049, 'Отказаться от бронирования');
INSERT INTO TNHT_ENUM (ENUM_PK, LITE_PK)
VALUES(2950, '0E011827CFC0D54F8668C65852751326');
INSERT INTO TNHT_LITE(LITE_PK) VALUES('39CD62A6F7EFAD4F9EBACAFA0DFC7A7A');
INSERT INTO TNHT_MULT(LITE_PK, LANG_PK, MULT_DESC)
VALUES('39CD62A6F7EFAD4F9EBACAFA0DFC7A7A', 1033, 'Fix Manual Price');
INSERT INTO TNHT_MULT(LITE_PK, LANG_PK, MULT_DESC)
VALUES('39CD62A6F7EFAD4F9EBACAFA0DFC7A7A', 3082, 'Fix Manual Price');
INSERT INTO TNHT_MULT(LITE_PK, LANG_PK, MULT_DESC)
VALUES('39CD62A6F7EFAD4F9EBACAFA0DFC7A7A', 2070, 'Fix Manual Price');
INSERT INTO TNHT_MULT(LITE_PK, LANG_PK, MULT_DESC)
VALUES('39CD62A6F7EFAD4F9EBACAFA0DFC7A7A', 1036, 'Fix Manual Price');
INSERT INTO TNHT_MULT(LITE_PK, LANG_PK, MULT_DESC)
VALUES('39CD62A6F7EFAD4F9EBACAFA0DFC7A7A', 1049, 'Фиксированная вручную цена');
INSERT INTO TNHT_ENUM (ENUM_PK, LITE_PK)
VALUES(2951, '39CD62A6F7EFAD4F9EBACAFA0DFC7A7A');
INSERT INTO TNHT_LITE(LITE_PK) VALUES('D393CD9B06C1DF4CBC97AC66EFA47F0F');
INSERT INTO TNHT_MULT(LITE_PK, LANG_PK, MULT_DESC)
VALUES('D393CD9B06C1DF4CBC97AC66EFA47F0F', 1033, 'Use Default');
INSERT INTO TNHT_MULT(LITE_PK, LANG_PK, MULT_DESC)
VALUES('D393CD9B06C1DF4CBC97AC66EFA47F0F', 3082, 'Use Default');
INSERT INTO TNHT_MULT(LITE_PK, LANG_PK, MULT_DESC)
VALUES('D393CD9B06C1DF4CBC97AC66EFA47F0F', 2070, 'Use Default');
INSERT INTO TNHT_MULT(LITE_PK, LANG_PK, MULT_DESC)
VALUES('D393CD9B06C1DF4CBC97AC66EFA47F0F', 1036, 'Use Default');
INSERT INTO TNHT_MULT(LITE_PK, LANG_PK, MULT_DESC)
VALUES('D393CD9B06C1DF4CBC97AC66EFA47F0F', 1049, 'Использовать по умолчанию');
INSERT INTO TNHT_ENUM (ENUM_PK, LITE_PK)
VALUES(2952, 'D393CD9B06C1DF4CBC97AC66EFA47F0F');
INSERT INTO TNHT_LITE(LITE_PK) VALUES('5FE5CD0DA644864DBE829E9B5183CAAD');
INSERT INTO TNHT_MULT(LITE_PK, LANG_PK, MULT_DESC)
VALUES('5FE5CD0DA644864DBE829E9B5183CAAD', 1033, 'Default If Not Exist');
INSERT INTO TNHT_MULT(LITE_PK, LANG_PK, MULT_DESC)
VALUES('5FE5CD0DA644864DBE829E9B5183CAAD', 3082, 'Default If Not Exist');
INSERT INTO TNHT_MULT(LITE_PK, LANG_PK, MULT_DESC)
VALUES('5FE5CD0DA644864DBE829E9B5183CAAD', 2070, 'Default If Not Exist');
INSERT INTO TNHT_MULT(LITE_PK, LANG_PK, MULT_DESC)
VALUES('5FE5CD0DA644864DBE829E9B5183CAAD', 1036, 'Default If Not Exist');
INSERT INTO TNHT_MULT(LITE_PK, LANG_PK, MULT_DESC)
VALUES('5FE5CD0DA644864DBE829E9B5183CAAD', 1049, 'По умолчанию, если не существует');
INSERT INTO TNHT_ENUM (ENUM_PK, LITE_PK)
VALUES(2953, '5FE5CD0DA644864DBE829E9B5183CAAD');
INSERT INTO TNHT_LITE(LITE_PK) VALUES('E5F945144320AD43AB52BF8FA568EADB');
INSERT INTO TNHT_MULT(LITE_PK, LANG_PK, MULT_DESC)
VALUES('E5F945144320AD43AB52BF8FA568EADB', 1033, 'Use Original');
INSERT INTO TNHT_MULT(LITE_PK, LANG_PK, MULT_DESC)
VALUES('E5F945144320AD43AB52BF8FA568EADB', 3082, 'Use Original');
INSERT INTO TNHT_MULT(LITE_PK, LANG_PK, MULT_DESC)
VALUES('E5F945144320AD43AB52BF8FA568EADB', 2070, 'Use Original');
INSERT INTO TNHT_MULT(LITE_PK, LANG_PK, MULT_DESC)
VALUES('E5F945144320AD43AB52BF8FA568EADB', 1036, 'Use Original');
INSERT INTO TNHT_MULT(LITE_PK, LANG_PK, MULT_DESC)
VALUES('E5F945144320AD43AB52BF8FA568EADB', 1049, 'Использовать оригинал');
INSERT INTO TNHT_ENUM (ENUM_PK, LITE_PK)
VALUES(2954, 'E5F945144320AD43AB52BF8FA568EADB');
INSERT INTO TNHT_LITE(LITE_PK) VALUES('3DE64EEB65F92F4192CC7F1EDBEA9527');
INSERT INTO TNHT_MULT(LITE_PK, LANG_PK, MULT_DESC)
VALUES('3DE64EEB65F92F4192CC7F1EDBEA9527', 1033, 'BASIC EMAILS');
INSERT INTO TNHT_MULT(LITE_PK, LANG_PK, MULT_DESC)
VALUES('3DE64EEB65F92F4192CC7F1EDBEA9527', 3082, 'EMAILS BÁSICOS');
INSERT INTO TNHT_MULT(LITE_PK, LANG_PK, MULT_DESC)
VALUES('3DE64EEB65F92F4192CC7F1EDBEA9527', 2070, 'EMAILS BÁSICOS');
INSERT INTO TNHT_MULT(LITE_PK, LANG_PK, MULT_DESC)
VALUES('3DE64EEB65F92F4192CC7F1EDBEA9527', 1036, 'BASIC EMAILS');
INSERT INTO TNHT_MULT(LITE_PK, LANG_PK, MULT_DESC)
VALUES('3DE64EEB65F92F4192CC7F1EDBEA9527', 1049, 'ОСНОВНЫЕ  E-MAILS');
INSERT INTO TNHT_ENUM (ENUM_PK, LITE_PK)
VALUES(2981, '3DE64EEB65F92F4192CC7F1EDBEA9527');
INSERT INTO TNHT_LITE(LITE_PK) VALUES('CB162DDF20195F4CAACBA59F6EF9B05F');
INSERT INTO TNHT_MULT(LITE_PK, LANG_PK, MULT_DESC)
VALUES('CB162DDF20195F4CAACBA59F6EF9B05F', 1033, 'PRE BOOKING / BOOKING');
INSERT INTO TNHT_MULT(LITE_PK, LANG_PK, MULT_DESC)
VALUES('CB162DDF20195F4CAACBA59F6EF9B05F', 3082, 'PRE RESERVA / RESERVA');
INSERT INTO TNHT_MULT(LITE_PK, LANG_PK, MULT_DESC)
VALUES('CB162DDF20195F4CAACBA59F6EF9B05F', 2070, 'PRE RESERVA / RESERVA');
INSERT INTO TNHT_MULT(LITE_PK, LANG_PK, MULT_DESC)
VALUES('CB162DDF20195F4CAACBA59F6EF9B05F', 1036, 'PRE BOOKING / BOOKING');
INSERT INTO TNHT_MULT(LITE_PK, LANG_PK, MULT_DESC)
VALUES('CB162DDF20195F4CAACBA59F6EF9B05F', 1049, 'ПРЕДВАРИТЕЛЬНЫЙ ЗАКАЗ / ЗАКАЗ');
INSERT INTO TNHT_ENUM (ENUM_PK, LITE_PK)
VALUES(2982, 'CB162DDF20195F4CAACBA59F6EF9B05F');
INSERT INTO TNHT_LITE(LITE_PK) VALUES('7A1CE3B1AE82164BA85E88198285BD9D');
INSERT INTO TNHT_MULT(LITE_PK, LANG_PK, MULT_DESC)
VALUES('7A1CE3B1AE82164BA85E88198285BD9D', 1033, 'POST BOOKING / PRE TRAVEL');
INSERT INTO TNHT_MULT(LITE_PK, LANG_PK, MULT_DESC)
VALUES('7A1CE3B1AE82164BA85E88198285BD9D', 3082, 'POST RESERVA / PRE VIAJE');
INSERT INTO TNHT_MULT(LITE_PK, LANG_PK, MULT_DESC)
VALUES('7A1CE3B1AE82164BA85E88198285BD9D', 2070, 'POST BOOKING / PRE VIAGEM');
INSERT INTO TNHT_MULT(LITE_PK, LANG_PK, MULT_DESC)
VALUES('7A1CE3B1AE82164BA85E88198285BD9D', 1036, 'POST BOOKING / PRE TRAVEL');
INSERT INTO TNHT_MULT(LITE_PK, LANG_PK, MULT_DESC)
VALUES('7A1CE3B1AE82164BA85E88198285BD9D', 1049, 'ПОСЛЕ ЗАКАЗА / ПЕРЕД ПОЕЗДКОЙ');
INSERT INTO TNHT_ENUM (ENUM_PK, LITE_PK)
VALUES(2983, '7A1CE3B1AE82164BA85E88198285BD9D');
INSERT INTO TNHT_LITE(LITE_PK) VALUES('E78285F0555CA44990B70A03253D39A1');
INSERT INTO TNHT_MULT(LITE_PK, LANG_PK, MULT_DESC)
VALUES('E78285F0555CA44990B70A03253D39A1', 1033, 'POST TRAVEL');
INSERT INTO TNHT_MULT(LITE_PK, LANG_PK, MULT_DESC)
VALUES('E78285F0555CA44990B70A03253D39A1', 3082, 'POST VIAJE');
INSERT INTO TNHT_MULT(LITE_PK, LANG_PK, MULT_DESC)
VALUES('E78285F0555CA44990B70A03253D39A1', 2070, 'POST VIAGEM');
INSERT INTO TNHT_MULT(LITE_PK, LANG_PK, MULT_DESC)
VALUES('E78285F0555CA44990B70A03253D39A1', 1036, 'POST TRAVEL');
INSERT INTO TNHT_MULT(LITE_PK, LANG_PK, MULT_DESC)
VALUES('E78285F0555CA44990B70A03253D39A1', 1049, 'ПОСЛЕ ПОЕЗДКИ');
INSERT INTO TNHT_ENUM (ENUM_PK, LITE_PK)
VALUES(2984, 'E78285F0555CA44990B70A03253D39A1');
INSERT INTO TNHT_LITE(LITE_PK) VALUES('B49F612F52E93D4FAD132B4E6068E30D');
INSERT INTO TNHT_MULT(LITE_PK, LANG_PK, MULT_DESC)
VALUES('B49F612F52E93D4FAD132B4E6068E30D', 1033, 'Unread');
INSERT INTO TNHT_MULT(LITE_PK, LANG_PK, MULT_DESC)
VALUES('B49F612F52E93D4FAD132B4E6068E30D', 3082, 'No leído');
INSERT INTO TNHT_MULT(LITE_PK, LANG_PK, MULT_DESC)
VALUES('B49F612F52E93D4FAD132B4E6068E30D', 2070, 'Não lido');
INSERT INTO TNHT_MULT(LITE_PK, LANG_PK, MULT_DESC)
VALUES('B49F612F52E93D4FAD132B4E6068E30D', 1036, 'Unread');
INSERT INTO TNHT_MULT(LITE_PK, LANG_PK, MULT_DESC)
VALUES('B49F612F52E93D4FAD132B4E6068E30D', 1049, 'Непрочитано');
INSERT INTO TNHT_ENUM (ENUM_PK, LITE_PK)
VALUES(3011, 'B49F612F52E93D4FAD132B4E6068E30D');
INSERT INTO TNHT_LITE(LITE_PK) VALUES('AAEB894968092D4A9B29420FCBA4C57F');
INSERT INTO TNHT_MULT(LITE_PK, LANG_PK, MULT_DESC)
VALUES('AAEB894968092D4A9B29420FCBA4C57F', 1033, 'Read');
INSERT INTO TNHT_MULT(LITE_PK, LANG_PK, MULT_DESC)
VALUES('AAEB894968092D4A9B29420FCBA4C57F', 3082, 'Leer');
INSERT INTO TNHT_MULT(LITE_PK, LANG_PK, MULT_DESC)
VALUES('AAEB894968092D4A9B29420FCBA4C57F', 2070, 'Ler');
INSERT INTO TNHT_MULT(LITE_PK, LANG_PK, MULT_DESC)
VALUES('AAEB894968092D4A9B29420FCBA4C57F', 1036, 'Lire');
INSERT INTO TNHT_MULT(LITE_PK, LANG_PK, MULT_DESC)
VALUES('AAEB894968092D4A9B29420FCBA4C57F', 1049, 'Читать');
INSERT INTO TNHT_ENUM (ENUM_PK, LITE_PK)
VALUES(3012, 'AAEB894968092D4A9B29420FCBA4C57F');
INSERT INTO TNHT_LITE(LITE_PK) VALUES('E7395E8E02F37B419467AAEE2F67B9E5');
INSERT INTO TNHT_MULT(LITE_PK, LANG_PK, MULT_DESC)
VALUES('E7395E8E02F37B419467AAEE2F67B9E5', 1033, 'Replied');
INSERT INTO TNHT_MULT(LITE_PK, LANG_PK, MULT_DESC)
VALUES('E7395E8E02F37B419467AAEE2F67B9E5', 3082, 'Replied');
INSERT INTO TNHT_MULT(LITE_PK, LANG_PK, MULT_DESC)
VALUES('E7395E8E02F37B419467AAEE2F67B9E5', 2070, 'Replied');
INSERT INTO TNHT_MULT(LITE_PK, LANG_PK, MULT_DESC)
VALUES('E7395E8E02F37B419467AAEE2F67B9E5', 1036, 'Replied');
INSERT INTO TNHT_MULT(LITE_PK, LANG_PK, MULT_DESC)
VALUES('E7395E8E02F37B419467AAEE2F67B9E5', 1049, 'Ответил');
INSERT INTO TNHT_ENUM (ENUM_PK, LITE_PK)
VALUES(3013, 'E7395E8E02F37B419467AAEE2F67B9E5');
INSERT INTO TNHT_LITE(LITE_PK) VALUES('D5B2C9B22FD4B34BB875C04BE3F037D2');
INSERT INTO TNHT_MULT(LITE_PK, LANG_PK, MULT_DESC)
VALUES('D5B2C9B22FD4B34BB875C04BE3F037D2', 1033, 'Bar');
INSERT INTO TNHT_MULT(LITE_PK, LANG_PK, MULT_DESC)
VALUES('D5B2C9B22FD4B34BB875C04BE3F037D2', 3082, 'Bar');
INSERT INTO TNHT_MULT(LITE_PK, LANG_PK, MULT_DESC)
VALUES('D5B2C9B22FD4B34BB875C04BE3F037D2', 2070, 'Bar');
INSERT INTO TNHT_MULT(LITE_PK, LANG_PK, MULT_DESC)
VALUES('D5B2C9B22FD4B34BB875C04BE3F037D2', 1036, 'Bar');
INSERT INTO TNHT_MULT(LITE_PK, LANG_PK, MULT_DESC)
VALUES('D5B2C9B22FD4B34BB875C04BE3F037D2', 1049, 'бар');
INSERT INTO TNHT_ENUM (ENUM_PK, LITE_PK)
VALUES(3041, 'D5B2C9B22FD4B34BB875C04BE3F037D2');
INSERT INTO TNHT_LITE(LITE_PK) VALUES('429D4A8C0729EF448D2460DC35A635EA');
INSERT INTO TNHT_MULT(LITE_PK, LANG_PK, MULT_DESC)
VALUES('429D4A8C0729EF448D2460DC35A635EA', 1033, 'General Income');
INSERT INTO TNHT_MULT(LITE_PK, LANG_PK, MULT_DESC)
VALUES('429D4A8C0729EF448D2460DC35A635EA', 3082, 'Ingresos Generales');
INSERT INTO TNHT_MULT(LITE_PK, LANG_PK, MULT_DESC)
VALUES('429D4A8C0729EF448D2460DC35A635EA', 2070, 'Ingressos Gerais');
INSERT INTO TNHT_MULT(LITE_PK, LANG_PK, MULT_DESC)
VALUES('429D4A8C0729EF448D2460DC35A635EA', 1036, 'Général sur le revenu');
INSERT INTO TNHT_MULT(LITE_PK, LANG_PK, MULT_DESC)
VALUES('429D4A8C0729EF448D2460DC35A635EA', 1049, 'Общие поступления');
INSERT INTO TNHT_ENUM (ENUM_PK, LITE_PK)
VALUES(3071, '429D4A8C0729EF448D2460DC35A635EA');
INSERT INTO TNHT_LITE(LITE_PK) VALUES('0B58154BB65AC449923F1429BD0F7262');
INSERT INTO TNHT_MULT(LITE_PK, LANG_PK, MULT_DESC)
VALUES('0B58154BB65AC449923F1429BD0F7262', 1033, 'General Payment');
INSERT INTO TNHT_MULT(LITE_PK, LANG_PK, MULT_DESC)
VALUES('0B58154BB65AC449923F1429BD0F7262', 3082, 'Pagos Generales');
INSERT INTO TNHT_MULT(LITE_PK, LANG_PK, MULT_DESC)
VALUES('0B58154BB65AC449923F1429BD0F7262', 2070, 'Pagos Gerals');
INSERT INTO TNHT_MULT(LITE_PK, LANG_PK, MULT_DESC)
VALUES('0B58154BB65AC449923F1429BD0F7262', 1036, 'Paiement Générale');
INSERT INTO TNHT_MULT(LITE_PK, LANG_PK, MULT_DESC)
VALUES('0B58154BB65AC449923F1429BD0F7262', 1049, 'Генеральный оплаты');
INSERT INTO TNHT_ENUM (ENUM_PK, LITE_PK)
VALUES(3072, '0B58154BB65AC449923F1429BD0F7262');
INSERT INTO TNHT_LITE(LITE_PK) VALUES('5FFEDF066FEC7B4CBCD5063344FF5420');
INSERT INTO TNHT_MULT(LITE_PK, LANG_PK, MULT_DESC)
VALUES('5FFEDF066FEC7B4CBCD5063344FF5420', 1033, 'General Discount');
INSERT INTO TNHT_MULT(LITE_PK, LANG_PK, MULT_DESC)
VALUES('5FFEDF066FEC7B4CBCD5063344FF5420', 3082, 'Descuentos Generales');
INSERT INTO TNHT_MULT(LITE_PK, LANG_PK, MULT_DESC)
VALUES('5FFEDF066FEC7B4CBCD5063344FF5420', 2070, 'Desconto Geral');
INSERT INTO TNHT_MULT(LITE_PK, LANG_PK, MULT_DESC)
VALUES('5FFEDF066FEC7B4CBCD5063344FF5420', 1036, 'Remise Générale');
INSERT INTO TNHT_MULT(LITE_PK, LANG_PK, MULT_DESC)
VALUES('5FFEDF066FEC7B4CBCD5063344FF5420', 1049, 'Генеральный скидкой');
INSERT INTO TNHT_ENUM (ENUM_PK, LITE_PK)
VALUES(3073, '5FFEDF066FEC7B4CBCD5063344FF5420');
INSERT INTO TNHT_LITE(LITE_PK) VALUES('C238D0D05F80F54E8A8F07716179977C');
INSERT INTO TNHT_MULT(LITE_PK, LANG_PK, MULT_DESC)
VALUES('C238D0D05F80F54E8A8F07716179977C', 1033, 'General In Advance');
INSERT INTO TNHT_MULT(LITE_PK, LANG_PK, MULT_DESC)
VALUES('C238D0D05F80F54E8A8F07716179977C', 3082, 'Cuentas de Control');
INSERT INTO TNHT_MULT(LITE_PK, LANG_PK, MULT_DESC)
VALUES('C238D0D05F80F54E8A8F07716179977C', 2070, 'Geral com antecedência');
INSERT INTO TNHT_MULT(LITE_PK, LANG_PK, MULT_DESC)
VALUES('C238D0D05F80F54E8A8F07716179977C', 1036, 'En général Advance');
INSERT INTO TNHT_MULT(LITE_PK, LANG_PK, MULT_DESC)
VALUES('C238D0D05F80F54E8A8F07716179977C', 1049, 'Общие В Предварительный');
INSERT INTO TNHT_ENUM (ENUM_PK, LITE_PK)
VALUES(3074, 'C238D0D05F80F54E8A8F07716179977C');
INSERT INTO TNHT_LITE(LITE_PK) VALUES('C3C16C455106B5498BCAB15949E305A0');
INSERT INTO TNHT_MULT(LITE_PK, LANG_PK, MULT_DESC)
VALUES('C3C16C455106B5498BCAB15949E305A0', 1033, 'Incomes');
INSERT INTO TNHT_MULT(LITE_PK, LANG_PK, MULT_DESC)
VALUES('C3C16C455106B5498BCAB15949E305A0', 3082, 'Ingresos');
INSERT INTO TNHT_MULT(LITE_PK, LANG_PK, MULT_DESC)
VALUES('C3C16C455106B5498BCAB15949E305A0', 2070, 'Ingressos');
INSERT INTO TNHT_MULT(LITE_PK, LANG_PK, MULT_DESC)
VALUES('C3C16C455106B5498BCAB15949E305A0', 1036, 'Impôts');
INSERT INTO TNHT_MULT(LITE_PK, LANG_PK, MULT_DESC)
VALUES('C3C16C455106B5498BCAB15949E305A0', 1049, 'налогов');
INSERT INTO TNHT_ENUM (ENUM_PK, LITE_PK)
VALUES(3075, 'C3C16C455106B5498BCAB15949E305A0');
INSERT INTO TNHT_LITE(LITE_PK) VALUES('FB8597D5162A294FAF9AD833747AD7E6');
INSERT INTO TNHT_MULT(LITE_PK, LANG_PK, MULT_DESC)
VALUES('FB8597D5162A294FAF9AD833747AD7E6', 1033, 'Taxes');
INSERT INTO TNHT_MULT(LITE_PK, LANG_PK, MULT_DESC)
VALUES('FB8597D5162A294FAF9AD833747AD7E6', 3082, 'Impuestos');
INSERT INTO TNHT_MULT(LITE_PK, LANG_PK, MULT_DESC)
VALUES('FB8597D5162A294FAF9AD833747AD7E6', 2070, 'Impostos');
INSERT INTO TNHT_MULT(LITE_PK, LANG_PK, MULT_DESC)
VALUES('FB8597D5162A294FAF9AD833747AD7E6', 1036, 'Externe');
INSERT INTO TNHT_MULT(LITE_PK, LANG_PK, MULT_DESC)
VALUES('FB8597D5162A294FAF9AD833747AD7E6', 1049, 'внешний');
INSERT INTO TNHT_ENUM (ENUM_PK, LITE_PK)
VALUES(3076, 'FB8597D5162A294FAF9AD833747AD7E6');
INSERT INTO TNHT_LITE(LITE_PK) VALUES('3913FCC2807EE149855296F05ECAE11D');
INSERT INTO TNHT_MULT(LITE_PK, LANG_PK, MULT_DESC)
VALUES('3913FCC2807EE149855296F05ECAE11D', 1033, 'Client');
INSERT INTO TNHT_MULT(LITE_PK, LANG_PK, MULT_DESC)
VALUES('3913FCC2807EE149855296F05ECAE11D', 3082, 'Clientes');
INSERT INTO TNHT_MULT(LITE_PK, LANG_PK, MULT_DESC)
VALUES('3913FCC2807EE149855296F05ECAE11D', 2070, 'Clientes');
INSERT INTO TNHT_MULT(LITE_PK, LANG_PK, MULT_DESC)
VALUES('3913FCC2807EE149855296F05ECAE11D', 1036, 'Clientèle');
INSERT INTO TNHT_MULT(LITE_PK, LANG_PK, MULT_DESC)
VALUES('3913FCC2807EE149855296F05ECAE11D', 1049, 'Клиенты');
INSERT INTO TNHT_ENUM (ENUM_PK, LITE_PK)
VALUES(3077, '3913FCC2807EE149855296F05ECAE11D');
INSERT INTO TNHT_LITE(LITE_PK) VALUES('BDFD07396A59C740976F497753C62E15');
INSERT INTO TNHT_MULT(LITE_PK, LANG_PK, MULT_DESC)
VALUES('BDFD07396A59C740976F497753C62E15', 1033, 'Clients In Advance');
INSERT INTO TNHT_MULT(LITE_PK, LANG_PK, MULT_DESC)
VALUES('BDFD07396A59C740976F497753C62E15', 3082, 'Clientes Aticipo');
INSERT INTO TNHT_MULT(LITE_PK, LANG_PK, MULT_DESC)
VALUES('BDFD07396A59C740976F497753C62E15', 2070, 'Clientes com antecedência');
INSERT INTO TNHT_MULT(LITE_PK, LANG_PK, MULT_DESC)
VALUES('BDFD07396A59C740976F497753C62E15', 1036, 'Clients à lavance');
INSERT INTO TNHT_MULT(LITE_PK, LANG_PK, MULT_DESC)
VALUES('BDFD07396A59C740976F497753C62E15', 1049, 'Клиентам заранее');
INSERT INTO TNHT_ENUM (ENUM_PK, LITE_PK)
VALUES(3078, 'BDFD07396A59C740976F497753C62E15');
INSERT INTO TNHT_LITE(LITE_PK) VALUES('A47CD1094C8EF543BA586EBF2F27BA87');
INSERT INTO TNHT_MULT(LITE_PK, LANG_PK, MULT_DESC)
VALUES('A47CD1094C8EF543BA586EBF2F27BA87', 1033, 'Tax Account');
INSERT INTO TNHT_MULT(LITE_PK, LANG_PK, MULT_DESC)
VALUES('A47CD1094C8EF543BA586EBF2F27BA87', 3082, 'Tax Account');
INSERT INTO TNHT_MULT(LITE_PK, LANG_PK, MULT_DESC)
VALUES('A47CD1094C8EF543BA586EBF2F27BA87', 2070, 'Tax Account');
INSERT INTO TNHT_MULT(LITE_PK, LANG_PK, MULT_DESC)
VALUES('A47CD1094C8EF543BA586EBF2F27BA87', 1036, 'Tax Account');
INSERT INTO TNHT_MULT(LITE_PK, LANG_PK, MULT_DESC)
VALUES('A47CD1094C8EF543BA586EBF2F27BA87', 1049, 'налогового учета');
INSERT INTO TNHT_ENUM (ENUM_PK, LITE_PK)
VALUES(3101, 'A47CD1094C8EF543BA586EBF2F27BA87');
INSERT INTO TNHT_LITE(LITE_PK) VALUES('DFA51857A309E848B5C637FE9DC85CD0');
INSERT INTO TNHT_MULT(LITE_PK, LANG_PK, MULT_DESC)
VALUES('DFA51857A309E848B5C637FE9DC85CD0', 1033, 'Receivable Account');
INSERT INTO TNHT_MULT(LITE_PK, LANG_PK, MULT_DESC)
VALUES('DFA51857A309E848B5C637FE9DC85CD0', 3082, 'Tax Account');
INSERT INTO TNHT_MULT(LITE_PK, LANG_PK, MULT_DESC)
VALUES('DFA51857A309E848B5C637FE9DC85CD0', 2070, 'Contas a Receber');
INSERT INTO TNHT_MULT(LITE_PK, LANG_PK, MULT_DESC)
VALUES('DFA51857A309E848B5C637FE9DC85CD0', 1036, 'Compte à recevoir');
INSERT INTO TNHT_MULT(LITE_PK, LANG_PK, MULT_DESC)
VALUES('DFA51857A309E848B5C637FE9DC85CD0', 1049, 'дебиторской задолженности');
INSERT INTO TNHT_ENUM (ENUM_PK, LITE_PK)
VALUES(3102, 'DFA51857A309E848B5C637FE9DC85CD0');
INSERT INTO TNHT_LITE(LITE_PK) VALUES('2642A655E2B62A499CB68842D23BE4E6');
INSERT INTO TNHT_MULT(LITE_PK, LANG_PK, MULT_DESC)
VALUES('2642A655E2B62A499CB68842D23BE4E6', 1033, 'Proposal');
INSERT INTO TNHT_MULT(LITE_PK, LANG_PK, MULT_DESC)
VALUES('2642A655E2B62A499CB68842D23BE4E6', 3082, 'Propuesta');
INSERT INTO TNHT_MULT(LITE_PK, LANG_PK, MULT_DESC)
VALUES('2642A655E2B62A499CB68842D23BE4E6', 2070, 'Proposta');
INSERT INTO TNHT_MULT(LITE_PK, LANG_PK, MULT_DESC)
VALUES('2642A655E2B62A499CB68842D23BE4E6', 1036, 'Proposal');
INSERT INTO TNHT_MULT(LITE_PK, LANG_PK, MULT_DESC)
VALUES('2642A655E2B62A499CB68842D23BE4E6', 1049, 'предложение');
INSERT INTO TNHT_ENUM (ENUM_PK, LITE_PK)
VALUES(3131, '2642A655E2B62A499CB68842D23BE4E6');
INSERT INTO TNHT_LITE(LITE_PK) VALUES('C63C532EFD143F4A9154073380BAB273');
INSERT INTO TNHT_MULT(LITE_PK, LANG_PK, MULT_DESC)
VALUES('C63C532EFD143F4A9154073380BAB273', 1033, 'Demo');
INSERT INTO TNHT_MULT(LITE_PK, LANG_PK, MULT_DESC)
VALUES('C63C532EFD143F4A9154073380BAB273', 3082, 'Demo');
INSERT INTO TNHT_MULT(LITE_PK, LANG_PK, MULT_DESC)
VALUES('C63C532EFD143F4A9154073380BAB273', 2070, 'Demo');
INSERT INTO TNHT_MULT(LITE_PK, LANG_PK, MULT_DESC)
VALUES('C63C532EFD143F4A9154073380BAB273', 1036, 'Demo');
INSERT INTO TNHT_MULT(LITE_PK, LANG_PK, MULT_DESC)
VALUES('C63C532EFD143F4A9154073380BAB273', 1049, 'демонстрация');
INSERT INTO TNHT_ENUM (ENUM_PK, LITE_PK)
VALUES(3132, 'C63C532EFD143F4A9154073380BAB273');
INSERT INTO TNHT_LITE(LITE_PK) VALUES('4199A16C86163A4FB442071028EED3B1');
INSERT INTO TNHT_MULT(LITE_PK, LANG_PK, MULT_DESC)
VALUES('4199A16C86163A4FB442071028EED3B1', 1033, 'Subscription');
INSERT INTO TNHT_MULT(LITE_PK, LANG_PK, MULT_DESC)
VALUES('4199A16C86163A4FB442071028EED3B1', 3082, 'Suscripción');
INSERT INTO TNHT_MULT(LITE_PK, LANG_PK, MULT_DESC)
VALUES('4199A16C86163A4FB442071028EED3B1', 2070, 'Subscrição');
INSERT INTO TNHT_MULT(LITE_PK, LANG_PK, MULT_DESC)
VALUES('4199A16C86163A4FB442071028EED3B1', 1036, 'Subscription');
INSERT INTO TNHT_MULT(LITE_PK, LANG_PK, MULT_DESC)
VALUES('4199A16C86163A4FB442071028EED3B1', 1049, 'подписка');
INSERT INTO TNHT_ENUM (ENUM_PK, LITE_PK)
VALUES(3133, '4199A16C86163A4FB442071028EED3B1');
INSERT INTO TNHT_LITE(LITE_PK) VALUES('4A1C96CD908EF74890D25844A000E074');
INSERT INTO TNHT_MULT(LITE_PK, LANG_PK, MULT_DESC)
VALUES('4A1C96CD908EF74890D25844A000E074', 1033, 'License Upgrade');
INSERT INTO TNHT_MULT(LITE_PK, LANG_PK, MULT_DESC)
VALUES('4A1C96CD908EF74890D25844A000E074', 3082, 'Licencia de actualización');
INSERT INTO TNHT_MULT(LITE_PK, LANG_PK, MULT_DESC)
VALUES('4A1C96CD908EF74890D25844A000E074', 2070, 'Atualização de licença');
INSERT INTO TNHT_MULT(LITE_PK, LANG_PK, MULT_DESC)
VALUES('4A1C96CD908EF74890D25844A000E074', 1036, 'License Upgrade');
INSERT INTO TNHT_MULT(LITE_PK, LANG_PK, MULT_DESC)
VALUES('4A1C96CD908EF74890D25844A000E074', 1049, 'Обновление лицензии');
INSERT INTO TNHT_ENUM (ENUM_PK, LITE_PK)
VALUES(3134, '4A1C96CD908EF74890D25844A000E074');
INSERT INTO TNHT_LITE(LITE_PK) VALUES('0C9D35165365DC46ADC1BA1732453D34');
INSERT INTO TNHT_MULT(LITE_PK, LANG_PK, MULT_DESC)
VALUES('0C9D35165365DC46ADC1BA1732453D34', 1033, 'Hotel Creation');
INSERT INTO TNHT_MULT(LITE_PK, LANG_PK, MULT_DESC)
VALUES('0C9D35165365DC46ADC1BA1732453D34', 3082, 'Creación Hotel');
INSERT INTO TNHT_MULT(LITE_PK, LANG_PK, MULT_DESC)
VALUES('0C9D35165365DC46ADC1BA1732453D34', 2070, 'Criação Hotel');
INSERT INTO TNHT_MULT(LITE_PK, LANG_PK, MULT_DESC)
VALUES('0C9D35165365DC46ADC1BA1732453D34', 1036, 'Hotel Creation');
INSERT INTO TNHT_MULT(LITE_PK, LANG_PK, MULT_DESC)
VALUES('0C9D35165365DC46ADC1BA1732453D34', 1049, 'Отель создание');
INSERT INTO TNHT_ENUM (ENUM_PK, LITE_PK)
VALUES(3135, '0C9D35165365DC46ADC1BA1732453D34');
INSERT INTO TNHT_LITE(LITE_PK) VALUES('CF38E6C7C35A2449A64538924F22F0FA');
INSERT INTO TNHT_MULT(LITE_PK, LANG_PK, MULT_DESC)
VALUES('CF38E6C7C35A2449A64538924F22F0FA', 1033, 'Event');
INSERT INTO TNHT_MULT(LITE_PK, LANG_PK, MULT_DESC)
VALUES('CF38E6C7C35A2449A64538924F22F0FA', 3082, 'Event');
INSERT INTO TNHT_MULT(LITE_PK, LANG_PK, MULT_DESC)
VALUES('CF38E6C7C35A2449A64538924F22F0FA', 2070, 'Event');
INSERT INTO TNHT_MULT(LITE_PK, LANG_PK, MULT_DESC)
VALUES('CF38E6C7C35A2449A64538924F22F0FA', 1036, 'Event');
INSERT INTO TNHT_MULT(LITE_PK, LANG_PK, MULT_DESC)
VALUES('CF38E6C7C35A2449A64538924F22F0FA', 1049, 'Event');
INSERT INTO TNHT_ENUM (ENUM_PK, LITE_PK)
VALUES(3136, 'CF38E6C7C35A2449A64538924F22F0FA');
INSERT INTO TNHT_LITE(LITE_PK) VALUES('B8B2172249895C46B6B77BB9C03A9BBD');
INSERT INTO TNHT_MULT(LITE_PK, LANG_PK, MULT_DESC)
VALUES('B8B2172249895C46B6B77BB9C03A9BBD', 1033, 'OfficeBox');
INSERT INTO TNHT_MULT(LITE_PK, LANG_PK, MULT_DESC)
VALUES('B8B2172249895C46B6B77BB9C03A9BBD', 3082, 'OfficeBox');
INSERT INTO TNHT_MULT(LITE_PK, LANG_PK, MULT_DESC)
VALUES('B8B2172249895C46B6B77BB9C03A9BBD', 2070, 'OfficeBox');
INSERT INTO TNHT_MULT(LITE_PK, LANG_PK, MULT_DESC)
VALUES('B8B2172249895C46B6B77BB9C03A9BBD', 1036, 'OfficeBox');
INSERT INTO TNHT_MULT(LITE_PK, LANG_PK, MULT_DESC)
VALUES('B8B2172249895C46B6B77BB9C03A9BBD', 1049, 'OfficeBox');
INSERT INTO TNHT_ENUM (ENUM_PK, LITE_PK)
VALUES(3137, 'B8B2172249895C46B6B77BB9C03A9BBD');
INSERT INTO TNHT_LITE(LITE_PK) VALUES('7D02EC79339FCD478DB0A56E4B5E69B9');
INSERT INTO TNHT_MULT(LITE_PK, LANG_PK, MULT_DESC)
VALUES('7D02EC79339FCD478DB0A56E4B5E69B9', 1033, 'Persons');
INSERT INTO TNHT_MULT(LITE_PK, LANG_PK, MULT_DESC)
VALUES('7D02EC79339FCD478DB0A56E4B5E69B9', 3082, 'Personas');
INSERT INTO TNHT_MULT(LITE_PK, LANG_PK, MULT_DESC)
VALUES('7D02EC79339FCD478DB0A56E4B5E69B9', 2070, 'Pessoas');
INSERT INTO TNHT_MULT(LITE_PK, LANG_PK, MULT_DESC)
VALUES('7D02EC79339FCD478DB0A56E4B5E69B9', 1036, 'Personnes');
INSERT INTO TNHT_MULT(LITE_PK, LANG_PK, MULT_DESC)
VALUES('7D02EC79339FCD478DB0A56E4B5E69B9', 1049, 'Лица');
INSERT INTO TNHT_ENUM (ENUM_PK, LITE_PK)
VALUES(3161, '7D02EC79339FCD478DB0A56E4B5E69B9');
INSERT INTO TNHT_LITE(LITE_PK) VALUES('83F8E298A5FEFB4B96EE48549467ED18');
INSERT INTO TNHT_MULT(LITE_PK, LANG_PK, MULT_DESC)
VALUES('83F8E298A5FEFB4B96EE48549467ED18', 1033, 'Persons per day');
INSERT INTO TNHT_MULT(LITE_PK, LANG_PK, MULT_DESC)
VALUES('83F8E298A5FEFB4B96EE48549467ED18', 3082, 'Personas por dia');
INSERT INTO TNHT_MULT(LITE_PK, LANG_PK, MULT_DESC)
VALUES('83F8E298A5FEFB4B96EE48549467ED18', 2070, 'Pessoas por dia');
INSERT INTO TNHT_MULT(LITE_PK, LANG_PK, MULT_DESC)
VALUES('83F8E298A5FEFB4B96EE48549467ED18', 1036, 'Personnes par jour');
INSERT INTO TNHT_MULT(LITE_PK, LANG_PK, MULT_DESC)
VALUES('83F8E298A5FEFB4B96EE48549467ED18', 1049, 'Человек в день');
INSERT INTO TNHT_ENUM (ENUM_PK, LITE_PK)
VALUES(3162, '83F8E298A5FEFB4B96EE48549467ED18');
INSERT INTO TNHT_LITE(LITE_PK) VALUES('A87C3F670F73D1428C1A6F89A12A0FC7');
INSERT INTO TNHT_MULT(LITE_PK, LANG_PK, MULT_DESC)
VALUES('A87C3F670F73D1428C1A6F89A12A0FC7', 1033, 'Persons by Hours');
INSERT INTO TNHT_MULT(LITE_PK, LANG_PK, MULT_DESC)
VALUES('A87C3F670F73D1428C1A6F89A12A0FC7', 3082, 'Personas por hora');
INSERT INTO TNHT_MULT(LITE_PK, LANG_PK, MULT_DESC)
VALUES('A87C3F670F73D1428C1A6F89A12A0FC7', 2070, 'Pessoas por hora');
INSERT INTO TNHT_MULT(LITE_PK, LANG_PK, MULT_DESC)
VALUES('A87C3F670F73D1428C1A6F89A12A0FC7', 1036, 'Personnes selon les heures');
INSERT INTO TNHT_MULT(LITE_PK, LANG_PK, MULT_DESC)
VALUES('A87C3F670F73D1428C1A6F89A12A0FC7', 1049, 'Лица по часам');
INSERT INTO TNHT_ENUM (ENUM_PK, LITE_PK)
VALUES(3163, 'A87C3F670F73D1428C1A6F89A12A0FC7');
INSERT INTO TNHT_LITE(LITE_PK) VALUES('36A1F122A8B5894891DECDF06A11A804');
INSERT INTO TNHT_MULT(LITE_PK, LANG_PK, MULT_DESC)
VALUES('36A1F122A8B5894891DECDF06A11A804', 1033, 'Units');
INSERT INTO TNHT_MULT(LITE_PK, LANG_PK, MULT_DESC)
VALUES('36A1F122A8B5894891DECDF06A11A804', 3082, 'Units');
INSERT INTO TNHT_MULT(LITE_PK, LANG_PK, MULT_DESC)
VALUES('36A1F122A8B5894891DECDF06A11A804', 2070, 'Units');
INSERT INTO TNHT_MULT(LITE_PK, LANG_PK, MULT_DESC)
VALUES('36A1F122A8B5894891DECDF06A11A804', 1036, 'Units');
INSERT INTO TNHT_MULT(LITE_PK, LANG_PK, MULT_DESC)
VALUES('36A1F122A8B5894891DECDF06A11A804', 1049, 'Единицы');
INSERT INTO TNHT_ENUM (ENUM_PK, LITE_PK)
VALUES(3164, '36A1F122A8B5894891DECDF06A11A804');
INSERT INTO TNHT_LITE(LITE_PK) VALUES('9ED8313C90F5A54BA3C6432C17874913');
INSERT INTO TNHT_MULT(LITE_PK, LANG_PK, MULT_DESC)
VALUES('9ED8313C90F5A54BA3C6432C17874913', 1033, 'Times');
INSERT INTO TNHT_MULT(LITE_PK, LANG_PK, MULT_DESC)
VALUES('9ED8313C90F5A54BA3C6432C17874913', 3082, 'Tiempos');
INSERT INTO TNHT_MULT(LITE_PK, LANG_PK, MULT_DESC)
VALUES('9ED8313C90F5A54BA3C6432C17874913', 2070, 'Tempos');
INSERT INTO TNHT_MULT(LITE_PK, LANG_PK, MULT_DESC)
VALUES('9ED8313C90F5A54BA3C6432C17874913', 1036, 'Temps');
INSERT INTO TNHT_MULT(LITE_PK, LANG_PK, MULT_DESC)
VALUES('9ED8313C90F5A54BA3C6432C17874913', 1049, 'Pаз');
INSERT INTO TNHT_ENUM (ENUM_PK, LITE_PK)
VALUES(3165, '9ED8313C90F5A54BA3C6432C17874913');
INSERT INTO TNHT_LITE(LITE_PK) VALUES('3D63CD809B9BE14993AFCA6253A18712');
INSERT INTO TNHT_MULT(LITE_PK, LANG_PK, MULT_DESC)
VALUES('3D63CD809B9BE14993AFCA6253A18712', 1033, 'Persons Times');
INSERT INTO TNHT_MULT(LITE_PK, LANG_PK, MULT_DESC)
VALUES('3D63CD809B9BE14993AFCA6253A18712', 3082, 'Personas Tiempos');
INSERT INTO TNHT_MULT(LITE_PK, LANG_PK, MULT_DESC)
VALUES('3D63CD809B9BE14993AFCA6253A18712', 2070, 'Pessoas Tempos');
INSERT INTO TNHT_MULT(LITE_PK, LANG_PK, MULT_DESC)
VALUES('3D63CD809B9BE14993AFCA6253A18712', 1036, 'Temps personnes');
INSERT INTO TNHT_MULT(LITE_PK, LANG_PK, MULT_DESC)
VALUES('3D63CD809B9BE14993AFCA6253A18712', 1049, 'Лица раз');
INSERT INTO TNHT_ENUM (ENUM_PK, LITE_PK)
VALUES(3166, '3D63CD809B9BE14993AFCA6253A18712');
INSERT INTO TNHT_LITE(LITE_PK) VALUES('C1740D48A7EA074EA54EB139E61582F6');
INSERT INTO TNHT_MULT(LITE_PK, LANG_PK, MULT_DESC)
VALUES('C1740D48A7EA074EA54EB139E61582F6', 1033, 'Reservation Times');
INSERT INTO TNHT_MULT(LITE_PK, LANG_PK, MULT_DESC)
VALUES('C1740D48A7EA074EA54EB139E61582F6', 3082, 'Tiempos de reservación');
INSERT INTO TNHT_MULT(LITE_PK, LANG_PK, MULT_DESC)
VALUES('C1740D48A7EA074EA54EB139E61582F6', 2070, 'Tempos de reservación');
INSERT INTO TNHT_MULT(LITE_PK, LANG_PK, MULT_DESC)
VALUES('C1740D48A7EA074EA54EB139E61582F6', 1036, 'Temps de réservation');
INSERT INTO TNHT_MULT(LITE_PK, LANG_PK, MULT_DESC)
VALUES('C1740D48A7EA074EA54EB139E61582F6', 1049, 'Бронирование раз');
INSERT INTO TNHT_ENUM (ENUM_PK, LITE_PK)
VALUES(3167, 'C1740D48A7EA074EA54EB139E61582F6');
INSERT INTO TNHT_LITE(LITE_PK) VALUES('637267EC686D4947BF15685485EC6DAA');
INSERT INTO TNHT_MULT(LITE_PK, LANG_PK, MULT_DESC)
VALUES('637267EC686D4947BF15685485EC6DAA', 1033, 'Hours');
INSERT INTO TNHT_MULT(LITE_PK, LANG_PK, MULT_DESC)
VALUES('637267EC686D4947BF15685485EC6DAA', 3082, 'Horas');
INSERT INTO TNHT_MULT(LITE_PK, LANG_PK, MULT_DESC)
VALUES('637267EC686D4947BF15685485EC6DAA', 2070, 'Horas');
INSERT INTO TNHT_MULT(LITE_PK, LANG_PK, MULT_DESC)
VALUES('637267EC686D4947BF15685485EC6DAA', 1036, 'Heures');
INSERT INTO TNHT_MULT(LITE_PK, LANG_PK, MULT_DESC)
VALUES('637267EC686D4947BF15685485EC6DAA', 1049, 'часов');
INSERT INTO TNHT_ENUM (ENUM_PK, LITE_PK)
VALUES(3168, '637267EC686D4947BF15685485EC6DAA');
INSERT INTO TNHT_LITE(LITE_PK) VALUES('D22D57D07A0B964F94C8D5B6B8C32986');
INSERT INTO TNHT_MULT(LITE_PK, LANG_PK, MULT_DESC)
VALUES('D22D57D07A0B964F94C8D5B6B8C32986', 1033, 'Balance');
INSERT INTO TNHT_MULT(LITE_PK, LANG_PK, MULT_DESC)
VALUES('D22D57D07A0B964F94C8D5B6B8C32986', 3082, 'Saldo');
INSERT INTO TNHT_MULT(LITE_PK, LANG_PK, MULT_DESC)
VALUES('D22D57D07A0B964F94C8D5B6B8C32986', 2070, 'Saldo');
INSERT INTO TNHT_MULT(LITE_PK, LANG_PK, MULT_DESC)
VALUES('D22D57D07A0B964F94C8D5B6B8C32986', 1036, 'Salde');
INSERT INTO TNHT_MULT(LITE_PK, LANG_PK, MULT_DESC)
VALUES('D22D57D07A0B964F94C8D5B6B8C32986', 1049, 'Баланс');
INSERT INTO TNHT_ENUM (ENUM_PK, LITE_PK)
VALUES(3191, 'D22D57D07A0B964F94C8D5B6B8C32986');
INSERT INTO TNHT_LITE(LITE_PK) VALUES('10C8489A9BFD074AB9B34000043D8920');
INSERT INTO TNHT_MULT(LITE_PK, LANG_PK, MULT_DESC)
VALUES('10C8489A9BFD074AB9B34000043D8920', 1033, 'Entrance');
INSERT INTO TNHT_MULT(LITE_PK, LANG_PK, MULT_DESC)
VALUES('10C8489A9BFD074AB9B34000043D8920', 3082, 'Entrada');
INSERT INTO TNHT_MULT(LITE_PK, LANG_PK, MULT_DESC)
VALUES('10C8489A9BFD074AB9B34000043D8920', 2070, 'Entrada');
INSERT INTO TNHT_MULT(LITE_PK, LANG_PK, MULT_DESC)
VALUES('10C8489A9BFD074AB9B34000043D8920', 1036, 'Entrée');
INSERT INTO TNHT_MULT(LITE_PK, LANG_PK, MULT_DESC)
VALUES('10C8489A9BFD074AB9B34000043D8920', 1049, 'Вход');
INSERT INTO TNHT_ENUM (ENUM_PK, LITE_PK)
VALUES(3192, '10C8489A9BFD074AB9B34000043D8920');
INSERT INTO TNHT_LITE(LITE_PK) VALUES('77E5111CD052C24C9249F2C68551378B');
INSERT INTO TNHT_MULT(LITE_PK, LANG_PK, MULT_DESC)
VALUES('77E5111CD052C24C9249F2C68551378B', 1033, 'Annual');
INSERT INTO TNHT_MULT(LITE_PK, LANG_PK, MULT_DESC)
VALUES('77E5111CD052C24C9249F2C68551378B', 3082, 'Anual');
INSERT INTO TNHT_MULT(LITE_PK, LANG_PK, MULT_DESC)
VALUES('77E5111CD052C24C9249F2C68551378B', 2070, 'Anual');
INSERT INTO TNHT_MULT(LITE_PK, LANG_PK, MULT_DESC)
VALUES('77E5111CD052C24C9249F2C68551378B', 1036, 'Annuel');
INSERT INTO TNHT_MULT(LITE_PK, LANG_PK, MULT_DESC)
VALUES('77E5111CD052C24C9249F2C68551378B', 1049, 'Годовой');
INSERT INTO TNHT_ENUM (ENUM_PK, LITE_PK)
VALUES(3221, '77E5111CD052C24C9249F2C68551378B');
INSERT INTO TNHT_LITE(LITE_PK) VALUES('5ACA1D3182B5DA4AB2AAF941DC209D85');
INSERT INTO TNHT_MULT(LITE_PK, LANG_PK, MULT_DESC)
VALUES('5ACA1D3182B5DA4AB2AAF941DC209D85', 1033, 'Semiannual');
INSERT INTO TNHT_MULT(LITE_PK, LANG_PK, MULT_DESC)
VALUES('5ACA1D3182B5DA4AB2AAF941DC209D85', 3082, 'Semestral');
INSERT INTO TNHT_MULT(LITE_PK, LANG_PK, MULT_DESC)
VALUES('5ACA1D3182B5DA4AB2AAF941DC209D85', 2070, 'Semestral');
INSERT INTO TNHT_MULT(LITE_PK, LANG_PK, MULT_DESC)
VALUES('5ACA1D3182B5DA4AB2AAF941DC209D85', 1036, 'Semi-annuel');
INSERT INTO TNHT_MULT(LITE_PK, LANG_PK, MULT_DESC)
VALUES('5ACA1D3182B5DA4AB2AAF941DC209D85', 1049, 'Полугодовой');
INSERT INTO TNHT_ENUM (ENUM_PK, LITE_PK)
VALUES(3222, '5ACA1D3182B5DA4AB2AAF941DC209D85');
INSERT INTO TNHT_LITE(LITE_PK) VALUES('9245444542CA254C95F0168AD31072E9');
INSERT INTO TNHT_MULT(LITE_PK, LANG_PK, MULT_DESC)
VALUES('9245444542CA254C95F0168AD31072E9', 1033, 'Quarterly');
INSERT INTO TNHT_MULT(LITE_PK, LANG_PK, MULT_DESC)
VALUES('9245444542CA254C95F0168AD31072E9', 3082, 'Trimestral');
INSERT INTO TNHT_MULT(LITE_PK, LANG_PK, MULT_DESC)
VALUES('9245444542CA254C95F0168AD31072E9', 2070, 'Trimestral');
INSERT INTO TNHT_MULT(LITE_PK, LANG_PK, MULT_DESC)
VALUES('9245444542CA254C95F0168AD31072E9', 1036, 'Trimestriel');
INSERT INTO TNHT_MULT(LITE_PK, LANG_PK, MULT_DESC)
VALUES('9245444542CA254C95F0168AD31072E9', 1049, 'Eжеквартальный');
INSERT INTO TNHT_ENUM (ENUM_PK, LITE_PK)
VALUES(3223, '9245444542CA254C95F0168AD31072E9');
INSERT INTO TNHT_LITE(LITE_PK) VALUES('914FBE7FF7C586448C951543292B153B');
INSERT INTO TNHT_MULT(LITE_PK, LANG_PK, MULT_DESC)
VALUES('914FBE7FF7C586448C951543292B153B', 1033, 'Monthly');
INSERT INTO TNHT_MULT(LITE_PK, LANG_PK, MULT_DESC)
VALUES('914FBE7FF7C586448C951543292B153B', 3082, 'Mensual');
INSERT INTO TNHT_MULT(LITE_PK, LANG_PK, MULT_DESC)
VALUES('914FBE7FF7C586448C951543292B153B', 2070, 'Mensual');
INSERT INTO TNHT_MULT(LITE_PK, LANG_PK, MULT_DESC)
VALUES('914FBE7FF7C586448C951543292B153B', 1036, 'Mensuel');
INSERT INTO TNHT_MULT(LITE_PK, LANG_PK, MULT_DESC)
VALUES('914FBE7FF7C586448C951543292B153B', 1049, 'Eжемесячно');
INSERT INTO TNHT_ENUM (ENUM_PK, LITE_PK)
VALUES(3224, '914FBE7FF7C586448C951543292B153B');
INSERT INTO TNHT_LITE(LITE_PK) VALUES('732C9D4F7D74E6478C12EC31AE44AB1D');
INSERT INTO TNHT_MULT(LITE_PK, LANG_PK, MULT_DESC)
VALUES('732C9D4F7D74E6478C12EC31AE44AB1D', 1033, 'Weekly');
INSERT INTO TNHT_MULT(LITE_PK, LANG_PK, MULT_DESC)
VALUES('732C9D4F7D74E6478C12EC31AE44AB1D', 3082, 'Semanal');
INSERT INTO TNHT_MULT(LITE_PK, LANG_PK, MULT_DESC)
VALUES('732C9D4F7D74E6478C12EC31AE44AB1D', 2070, 'Semanal');
INSERT INTO TNHT_MULT(LITE_PK, LANG_PK, MULT_DESC)
VALUES('732C9D4F7D74E6478C12EC31AE44AB1D', 1036, 'Hebdomadaire');
INSERT INTO TNHT_MULT(LITE_PK, LANG_PK, MULT_DESC)
VALUES('732C9D4F7D74E6478C12EC31AE44AB1D', 1049, 'Eженедельно');
INSERT INTO TNHT_ENUM (ENUM_PK, LITE_PK)
VALUES(3225, '732C9D4F7D74E6478C12EC31AE44AB1D');
INSERT INTO TNHT_LITE(LITE_PK) VALUES('749005CAD4778F4196C88A9454FAF220');
INSERT INTO TNHT_MULT(LITE_PK, LANG_PK, MULT_DESC)
VALUES('749005CAD4778F4196C88A9454FAF220', 1033, 'Inventory');
INSERT INTO TNHT_MULT(LITE_PK, LANG_PK, MULT_DESC)
VALUES('749005CAD4778F4196C88A9454FAF220', 3082, 'Inventario');
INSERT INTO TNHT_MULT(LITE_PK, LANG_PK, MULT_DESC)
VALUES('749005CAD4778F4196C88A9454FAF220', 2070, 'Inventario');
INSERT INTO TNHT_MULT(LITE_PK, LANG_PK, MULT_DESC)
VALUES('749005CAD4778F4196C88A9454FAF220', 1036, 'Inventaire');
INSERT INTO TNHT_MULT(LITE_PK, LANG_PK, MULT_DESC)
VALUES('749005CAD4778F4196C88A9454FAF220', 1049, 'Инвентаризация');
INSERT INTO TNHT_ENUM (ENUM_PK, LITE_PK)
VALUES(3251, '749005CAD4778F4196C88A9454FAF220');
INSERT INTO TNHT_LITE(LITE_PK) VALUES('70DE2E8E63C0FD4580A2CA3BEF55A062');
INSERT INTO TNHT_MULT(LITE_PK, LANG_PK, MULT_DESC)
VALUES('70DE2E8E63C0FD4580A2CA3BEF55A062', 1033, 'Availability');
INSERT INTO TNHT_MULT(LITE_PK, LANG_PK, MULT_DESC)
VALUES('70DE2E8E63C0FD4580A2CA3BEF55A062', 3082, 'Disponibilidad');
INSERT INTO TNHT_MULT(LITE_PK, LANG_PK, MULT_DESC)
VALUES('70DE2E8E63C0FD4580A2CA3BEF55A062', 2070, 'Disponibilidade');
INSERT INTO TNHT_MULT(LITE_PK, LANG_PK, MULT_DESC)
VALUES('70DE2E8E63C0FD4580A2CA3BEF55A062', 1036, 'Disponibilité');
INSERT INTO TNHT_MULT(LITE_PK, LANG_PK, MULT_DESC)
VALUES('70DE2E8E63C0FD4580A2CA3BEF55A062', 1049, 'Наличие');
INSERT INTO TNHT_ENUM (ENUM_PK, LITE_PK)
VALUES(3252, '70DE2E8E63C0FD4580A2CA3BEF55A062');
INSERT INTO TNHT_LITE(LITE_PK) VALUES('4E3EFB7213F7BC4BB7211B956B718087');
INSERT INTO TNHT_MULT(LITE_PK, LANG_PK, MULT_DESC)
VALUES('4E3EFB7213F7BC4BB7211B956B718087', 1033, 'Prices');
INSERT INTO TNHT_MULT(LITE_PK, LANG_PK, MULT_DESC)
VALUES('4E3EFB7213F7BC4BB7211B956B718087', 3082, 'Precios');
INSERT INTO TNHT_MULT(LITE_PK, LANG_PK, MULT_DESC)
VALUES('4E3EFB7213F7BC4BB7211B956B718087', 2070, 'Preços');
INSERT INTO TNHT_MULT(LITE_PK, LANG_PK, MULT_DESC)
VALUES('4E3EFB7213F7BC4BB7211B956B718087', 1036, 'Prix');
INSERT INTO TNHT_MULT(LITE_PK, LANG_PK, MULT_DESC)
VALUES('4E3EFB7213F7BC4BB7211B956B718087', 1049, 'Цены');
INSERT INTO TNHT_ENUM (ENUM_PK, LITE_PK)
VALUES(3253, '4E3EFB7213F7BC4BB7211B956B718087');
INSERT INTO TNHT_LITE(LITE_PK) VALUES('36D9252868D239499BB9352118CBEDEE');
INSERT INTO TNHT_MULT(LITE_PK, LANG_PK, MULT_DESC)
VALUES('36D9252868D239499BB9352118CBEDEE', 1033, 'Login');
INSERT INTO TNHT_MULT(LITE_PK, LANG_PK, MULT_DESC)
VALUES('36D9252868D239499BB9352118CBEDEE', 3082, 'Login');
INSERT INTO TNHT_MULT(LITE_PK, LANG_PK, MULT_DESC)
VALUES('36D9252868D239499BB9352118CBEDEE', 2070, 'Login');
INSERT INTO TNHT_MULT(LITE_PK, LANG_PK, MULT_DESC)
VALUES('36D9252868D239499BB9352118CBEDEE', 1036, 'Login');
INSERT INTO TNHT_MULT(LITE_PK, LANG_PK, MULT_DESC)
VALUES('36D9252868D239499BB9352118CBEDEE', 1049, 'Войти');
INSERT INTO TNHT_ENUM (ENUM_PK, LITE_PK)
VALUES(3281, '36D9252868D239499BB9352118CBEDEE');
INSERT INTO TNHT_LITE(LITE_PK) VALUES('6EDD11234C1C014FA9CD2E6C481A70D4');
INSERT INTO TNHT_MULT(LITE_PK, LANG_PK, MULT_DESC)
VALUES('6EDD11234C1C014FA9CD2E6C481A70D4', 1033, 'Close Turn');
INSERT INTO TNHT_MULT(LITE_PK, LANG_PK, MULT_DESC)
VALUES('6EDD11234C1C014FA9CD2E6C481A70D4', 3082, 'Cerrar Turno');
INSERT INTO TNHT_MULT(LITE_PK, LANG_PK, MULT_DESC)
VALUES('6EDD11234C1C014FA9CD2E6C481A70D4', 2070, 'Fechar Turno');
INSERT INTO TNHT_MULT(LITE_PK, LANG_PK, MULT_DESC)
VALUES('6EDD11234C1C014FA9CD2E6C481A70D4', 1036, 'Fermer Tourner');
INSERT INTO TNHT_MULT(LITE_PK, LANG_PK, MULT_DESC)
VALUES('6EDD11234C1C014FA9CD2E6C481A70D4', 1049, 'Закрыть поверните');
INSERT INTO TNHT_ENUM (ENUM_PK, LITE_PK)
VALUES(3282, '6EDD11234C1C014FA9CD2E6C481A70D4');
INSERT INTO TNHT_LITE(LITE_PK) VALUES('34D3DFC4C44BC143A389F528F2837961');
INSERT INTO TNHT_MULT(LITE_PK, LANG_PK, MULT_DESC)
VALUES('34D3DFC4C44BC143A389F528F2837961', 1033, 'Daily closing');
INSERT INTO TNHT_MULT(LITE_PK, LANG_PK, MULT_DESC)
VALUES('34D3DFC4C44BC143A389F528F2837961', 3082, 'Cierre del dia');
INSERT INTO TNHT_MULT(LITE_PK, LANG_PK, MULT_DESC)
VALUES('34D3DFC4C44BC143A389F528F2837961', 2070, 'Fecho do dia');
INSERT INTO TNHT_MULT(LITE_PK, LANG_PK, MULT_DESC)
VALUES('34D3DFC4C44BC143A389F528F2837961', 1036, 'Clôture quotidien');
INSERT INTO TNHT_MULT(LITE_PK, LANG_PK, MULT_DESC)
VALUES('34D3DFC4C44BC143A389F528F2837961', 1049, 'ежедневно закрытия');
INSERT INTO TNHT_ENUM (ENUM_PK, LITE_PK)
VALUES(3283, '34D3DFC4C44BC143A389F528F2837961');
INSERT INTO TNHT_LITE(LITE_PK) VALUES('11AC60BA35255240B3D046B346497B33');
INSERT INTO TNHT_MULT(LITE_PK, LANG_PK, MULT_DESC)
VALUES('11AC60BA35255240B3D046B346497B33', 1033, 'AM');
INSERT INTO TNHT_MULT(LITE_PK, LANG_PK, MULT_DESC)
VALUES('11AC60BA35255240B3D046B346497B33', 3082, 'AM');
INSERT INTO TNHT_MULT(LITE_PK, LANG_PK, MULT_DESC)
VALUES('11AC60BA35255240B3D046B346497B33', 2070, 'AM');
INSERT INTO TNHT_MULT(LITE_PK, LANG_PK, MULT_DESC)
VALUES('11AC60BA35255240B3D046B346497B33', 1036, 'AM');
INSERT INTO TNHT_MULT(LITE_PK, LANG_PK, MULT_DESC)
VALUES('11AC60BA35255240B3D046B346497B33', 1049, 'утра');
INSERT INTO TNHT_ENUM (ENUM_PK, LITE_PK)
VALUES(3311, '11AC60BA35255240B3D046B346497B33');
INSERT INTO TNHT_LITE(LITE_PK) VALUES('FAAE0808ACB65B488B2C8234B02DFBAA');
INSERT INTO TNHT_MULT(LITE_PK, LANG_PK, MULT_DESC)
VALUES('FAAE0808ACB65B488B2C8234B02DFBAA', 1033, 'PM');
INSERT INTO TNHT_MULT(LITE_PK, LANG_PK, MULT_DESC)
VALUES('FAAE0808ACB65B488B2C8234B02DFBAA', 3082, 'PM');
INSERT INTO TNHT_MULT(LITE_PK, LANG_PK, MULT_DESC)
VALUES('FAAE0808ACB65B488B2C8234B02DFBAA', 2070, 'PM');
INSERT INTO TNHT_MULT(LITE_PK, LANG_PK, MULT_DESC)
VALUES('FAAE0808ACB65B488B2C8234B02DFBAA', 1036, 'PM');
INSERT INTO TNHT_MULT(LITE_PK, LANG_PK, MULT_DESC)
VALUES('FAAE0808ACB65B488B2C8234B02DFBAA', 1049, 'вечера');
INSERT INTO TNHT_ENUM (ENUM_PK, LITE_PK)
VALUES(3312, 'FAAE0808ACB65B488B2C8234B02DFBAA');
INSERT INTO TNHT_LITE(LITE_PK) VALUES('45472BD9E3EF7C4BB01DB0C1A8E4A00F');
INSERT INTO TNHT_MULT(LITE_PK, LANG_PK, MULT_DESC)
VALUES('45472BD9E3EF7C4BB01DB0C1A8E4A00F', 1033, 'Sales');
INSERT INTO TNHT_MULT(LITE_PK, LANG_PK, MULT_DESC)
VALUES('45472BD9E3EF7C4BB01DB0C1A8E4A00F', 3082, 'Sales');
INSERT INTO TNHT_MULT(LITE_PK, LANG_PK, MULT_DESC)
VALUES('45472BD9E3EF7C4BB01DB0C1A8E4A00F', 2070, 'Sales');
INSERT INTO TNHT_MULT(LITE_PK, LANG_PK, MULT_DESC)
VALUES('45472BD9E3EF7C4BB01DB0C1A8E4A00F', 1036, 'Ventes');
INSERT INTO TNHT_MULT(LITE_PK, LANG_PK, MULT_DESC)
VALUES('45472BD9E3EF7C4BB01DB0C1A8E4A00F', 1049, 'Продажи');
INSERT INTO TNHT_ENUM (ENUM_PK, LITE_PK)
VALUES(3341, '45472BD9E3EF7C4BB01DB0C1A8E4A00F');
INSERT INTO TNHT_LITE(LITE_PK) VALUES('14B65805B863E545815A6B9FFFEC7122');
INSERT INTO TNHT_MULT(LITE_PK, LANG_PK, MULT_DESC)
VALUES('14B65805B863E545815A6B9FFFEC7122', 1033, 'Sales Annul');
INSERT INTO TNHT_MULT(LITE_PK, LANG_PK, MULT_DESC)
VALUES('14B65805B863E545815A6B9FFFEC7122', 3082, 'Anular Ventas');
INSERT INTO TNHT_MULT(LITE_PK, LANG_PK, MULT_DESC)
VALUES('14B65805B863E545815A6B9FFFEC7122', 2070, 'Anular Ventas');
INSERT INTO TNHT_MULT(LITE_PK, LANG_PK, MULT_DESC)
VALUES('14B65805B863E545815A6B9FFFEC7122', 1036, 'Anneau Ventes');
INSERT INTO TNHT_MULT(LITE_PK, LANG_PK, MULT_DESC)
VALUES('14B65805B863E545815A6B9FFFEC7122', 1049, 'продажа кольца');
INSERT INTO TNHT_ENUM (ENUM_PK, LITE_PK)
VALUES(3342, '14B65805B863E545815A6B9FFFEC7122');
INSERT INTO TNHT_LITE(LITE_PK) VALUES('E5605EEF8FA300418F59149DD2F150F6');
INSERT INTO TNHT_MULT(LITE_PK, LANG_PK, MULT_DESC)
VALUES('E5605EEF8FA300418F59149DD2F150F6', 1033, 'Devolution Annul');
INSERT INTO TNHT_MULT(LITE_PK, LANG_PK, MULT_DESC)
VALUES('E5605EEF8FA300418F59149DD2F150F6', 3082, 'Anular Devolucion');
INSERT INTO TNHT_MULT(LITE_PK, LANG_PK, MULT_DESC)
VALUES('E5605EEF8FA300418F59149DD2F150F6', 2070, 'Anular Devolução');
INSERT INTO TNHT_MULT(LITE_PK, LANG_PK, MULT_DESC)
VALUES('E5605EEF8FA300418F59149DD2F150F6', 1036, 'Anneau Dévolution');
INSERT INTO TNHT_MULT(LITE_PK, LANG_PK, MULT_DESC)
VALUES('E5605EEF8FA300418F59149DD2F150F6', 1049, 'продажа возврат');
INSERT INTO TNHT_ENUM (ENUM_PK, LITE_PK)
VALUES(3343, 'E5605EEF8FA300418F59149DD2F150F6');
INSERT INTO TNHT_LITE(LITE_PK) VALUES('4599B58083F71545B9B65EBD4E8A584A');
INSERT INTO TNHT_MULT(LITE_PK, LANG_PK, MULT_DESC)
VALUES('4599B58083F71545B9B65EBD4E8A584A', 1033, 'Not Found');
INSERT INTO TNHT_MULT(LITE_PK, LANG_PK, MULT_DESC)
VALUES('4599B58083F71545B9B65EBD4E8A584A', 3082, 'No Encontrado');
INSERT INTO TNHT_MULT(LITE_PK, LANG_PK, MULT_DESC)
VALUES('4599B58083F71545B9B65EBD4E8A584A', 2070, 'Não Encontrado');
INSERT INTO TNHT_MULT(LITE_PK, LANG_PK, MULT_DESC)
VALUES('4599B58083F71545B9B65EBD4E8A584A', 1036, 'Introuvable');
INSERT INTO TNHT_MULT(LITE_PK, LANG_PK, MULT_DESC)
VALUES('4599B58083F71545B9B65EBD4E8A584A', 1049, 'Hе Hайдено');
INSERT INTO TNHT_ENUM (ENUM_PK, LITE_PK)
VALUES(3371, '4599B58083F71545B9B65EBD4E8A584A');
INSERT INTO TNHT_LITE(LITE_PK) VALUES('51DF5D24B67AC74382D19BC78E16E772');
INSERT INTO TNHT_MULT(LITE_PK, LANG_PK, MULT_DESC)
VALUES('51DF5D24B67AC74382D19BC78E16E772', 1033, 'Processing');
INSERT INTO TNHT_MULT(LITE_PK, LANG_PK, MULT_DESC)
VALUES('51DF5D24B67AC74382D19BC78E16E772', 3082, 'Procesamiento');
INSERT INTO TNHT_MULT(LITE_PK, LANG_PK, MULT_DESC)
VALUES('51DF5D24B67AC74382D19BC78E16E772', 2070, 'Processamento');
INSERT INTO TNHT_MULT(LITE_PK, LANG_PK, MULT_DESC)
VALUES('51DF5D24B67AC74382D19BC78E16E772', 1036, 'Traitement');
INSERT INTO TNHT_MULT(LITE_PK, LANG_PK, MULT_DESC)
VALUES('51DF5D24B67AC74382D19BC78E16E772', 1049, 'Oбработка');
INSERT INTO TNHT_ENUM (ENUM_PK, LITE_PK)
VALUES(3372, '51DF5D24B67AC74382D19BC78E16E772');
INSERT INTO TNHT_LITE(LITE_PK) VALUES('05B88C6AB0198C4C8A2FE0D5B7138A63');
INSERT INTO TNHT_MULT(LITE_PK, LANG_PK, MULT_DESC)
VALUES('05B88C6AB0198C4C8A2FE0D5B7138A63', 1033, 'Error');
INSERT INTO TNHT_MULT(LITE_PK, LANG_PK, MULT_DESC)
VALUES('05B88C6AB0198C4C8A2FE0D5B7138A63', 3082, 'Error');
INSERT INTO TNHT_MULT(LITE_PK, LANG_PK, MULT_DESC)
VALUES('05B88C6AB0198C4C8A2FE0D5B7138A63', 2070, 'Erro');
INSERT INTO TNHT_MULT(LITE_PK, LANG_PK, MULT_DESC)
VALUES('05B88C6AB0198C4C8A2FE0D5B7138A63', 1036, 'Erreur');
INSERT INTO TNHT_MULT(LITE_PK, LANG_PK, MULT_DESC)
VALUES('05B88C6AB0198C4C8A2FE0D5B7138A63', 1049, 'Ошибка');
INSERT INTO TNHT_ENUM (ENUM_PK, LITE_PK)
VALUES(3373, '05B88C6AB0198C4C8A2FE0D5B7138A63');
INSERT INTO TNHT_LITE(LITE_PK) VALUES('D91781851AD9754385BD11E2D3CB6E00');
INSERT INTO TNHT_MULT(LITE_PK, LANG_PK, MULT_DESC)
VALUES('D91781851AD9754385BD11E2D3CB6E00', 1033, 'Successful');
INSERT INTO TNHT_MULT(LITE_PK, LANG_PK, MULT_DESC)
VALUES('D91781851AD9754385BD11E2D3CB6E00', 3082, 'Exitoso');
INSERT INTO TNHT_MULT(LITE_PK, LANG_PK, MULT_DESC)
VALUES('D91781851AD9754385BD11E2D3CB6E00', 2070, 'Sucesso');
INSERT INTO TNHT_MULT(LITE_PK, LANG_PK, MULT_DESC)
VALUES('D91781851AD9754385BD11E2D3CB6E00', 1036, 'Succès');
INSERT INTO TNHT_MULT(LITE_PK, LANG_PK, MULT_DESC)
VALUES('D91781851AD9754385BD11E2D3CB6E00', 1049, 'Yспешный');
INSERT INTO TNHT_ENUM (ENUM_PK, LITE_PK)
VALUES(3374, 'D91781851AD9754385BD11E2D3CB6E00');
INSERT INTO TNHT_LITE(LITE_PK) VALUES('F8326F5959BE41FF9C9D242583AA9BD1');
INSERT INTO TNHT_MULT(LITE_PK, LANG_PK, MULT_DESC)
VALUES('F8326F5959BE41FF9C9D242583AA9BD1', 1033, 'Pending');
INSERT INTO TNHT_MULT(LITE_PK, LANG_PK, MULT_DESC)
VALUES('F8326F5959BE41FF9C9D242583AA9BD1', 3082, 'Pendiente');
INSERT INTO TNHT_MULT(LITE_PK, LANG_PK, MULT_DESC)
VALUES('F8326F5959BE41FF9C9D242583AA9BD1', 2070, 'Pendente');
INSERT INTO TNHT_MULT(LITE_PK, LANG_PK, MULT_DESC)
VALUES('F8326F5959BE41FF9C9D242583AA9BD1', 1036, 'En attendant');
INSERT INTO TNHT_MULT(LITE_PK, LANG_PK, MULT_DESC)
VALUES('F8326F5959BE41FF9C9D242583AA9BD1', 1049, 'B ожидании');
INSERT INTO TNHT_ENUM (ENUM_PK, LITE_PK)
VALUES(3375, 'F8326F5959BE41FF9C9D242583AA9BD1');
INSERT INTO TNHT_LITE(LITE_PK) VALUES('F8F25D9A0AEF8E4ABF4A1CC8331A82C5');
INSERT INTO TNHT_MULT(LITE_PK, LANG_PK, MULT_DESC)
VALUES('F8F25D9A0AEF8E4ABF4A1CC8331A82C5', 1033, 'Email Sent');
INSERT INTO TNHT_MULT(LITE_PK, LANG_PK, MULT_DESC)
VALUES('F8F25D9A0AEF8E4ABF4A1CC8331A82C5', 3082, 'Email Enviado');
INSERT INTO TNHT_MULT(LITE_PK, LANG_PK, MULT_DESC)
VALUES('F8F25D9A0AEF8E4ABF4A1CC8331A82C5', 2070, 'Email Enviado');
INSERT INTO TNHT_MULT(LITE_PK, LANG_PK, MULT_DESC)
VALUES('F8F25D9A0AEF8E4ABF4A1CC8331A82C5', 1036, 'Email Envoyé');
INSERT INTO TNHT_MULT(LITE_PK, LANG_PK, MULT_DESC)
VALUES('F8F25D9A0AEF8E4ABF4A1CC8331A82C5', 1049, 'Email Sent');
INSERT INTO TNHT_ENUM (ENUM_PK, LITE_PK)
VALUES(3376, 'F8F25D9A0AEF8E4ABF4A1CC8331A82C5');
INSERT INTO TNHT_LITE(LITE_PK) VALUES('DCDCBE8D7A4AAB48B795484358B85842');	
INSERT INTO TNHT_MULT(LITE_PK, LANG_PK, MULT_DESC)
VALUES('DCDCBE8D7A4AAB48B795484358B85842', 1033, 'Shift4');
INSERT INTO TNHT_MULT(LITE_PK, LANG_PK, MULT_DESC)
VALUES('DCDCBE8D7A4AAB48B795484358B85842', 3082, 'Shift4');
INSERT INTO TNHT_MULT(LITE_PK, LANG_PK, MULT_DESC)
VALUES('DCDCBE8D7A4AAB48B795484358B85842', 2070, 'Shift4');
INSERT INTO TNHT_MULT(LITE_PK, LANG_PK, MULT_DESC)
VALUES('DCDCBE8D7A4AAB48B795484358B85842', 1036, 'Shift4');
INSERT INTO TNHT_MULT(LITE_PK, LANG_PK, MULT_DESC)
VALUES('DCDCBE8D7A4AAB48B795484358B85842', 1049, 'Shift4');
INSERT INTO TNHT_ENUM (ENUM_PK, LITE_PK)
VALUES(3405, 'DCDCBE8D7A4AAB48B795484358B85842');
INSERT INTO TNHT_LITE(LITE_PK) VALUES('09004A2C0D5C324EBAA50D29CA761500');
INSERT INTO TNHT_MULT(LITE_PK, LANG_PK, MULT_DESC)
VALUES('09004A2C0D5C324EBAA50D29CA761500', 1033, 'Authorize.Net');
INSERT INTO TNHT_MULT(LITE_PK, LANG_PK, MULT_DESC)
VALUES('09004A2C0D5C324EBAA50D29CA761500', 3082, 'Authorize.Net');
INSERT INTO TNHT_MULT(LITE_PK, LANG_PK, MULT_DESC)
VALUES('09004A2C0D5C324EBAA50D29CA761500', 2070, 'Authorize.Net');
INSERT INTO TNHT_MULT(LITE_PK, LANG_PK, MULT_DESC)
VALUES('09004A2C0D5C324EBAA50D29CA761500', 1036, 'Authorize.Net');
INSERT INTO TNHT_MULT(LITE_PK, LANG_PK, MULT_DESC)
VALUES('09004A2C0D5C324EBAA50D29CA761500', 1049, 'Authorize.Net');
INSERT INTO TNHT_ENUM (ENUM_PK, LITE_PK)
VALUES(3408, '09004A2C0D5C324EBAA50D29CA761500');
INSERT INTO TNHT_LITE(LITE_PK) VALUES('D62967017BD5F542A54EF7809991ECA8');
INSERT INTO TNHT_MULT(LITE_PK, LANG_PK, MULT_DESC)
VALUES('D62967017BD5F542A54EF7809991ECA8', 1033, 'Unicre');
INSERT INTO TNHT_MULT(LITE_PK, LANG_PK, MULT_DESC)
VALUES('D62967017BD5F542A54EF7809991ECA8', 3082, 'Unicre');
INSERT INTO TNHT_MULT(LITE_PK, LANG_PK, MULT_DESC)
VALUES('D62967017BD5F542A54EF7809991ECA8', 2070, 'Unicre');
INSERT INTO TNHT_MULT(LITE_PK, LANG_PK, MULT_DESC)
VALUES('D62967017BD5F542A54EF7809991ECA8', 1036, 'Unicre');
INSERT INTO TNHT_MULT(LITE_PK, LANG_PK, MULT_DESC)
VALUES('D62967017BD5F542A54EF7809991ECA8', 1049, 'Unicre');
INSERT INTO TNHT_ENUM (ENUM_PK, LITE_PK)
VALUES(3411, 'D62967017BD5F542A54EF7809991ECA8');
INSERT INTO TNHT_LITE(LITE_PK) VALUES('EFCB7417680227469322AF136034D5A5');
INSERT INTO TNHT_MULT(LITE_PK, LANG_PK, MULT_DESC)
VALUES('EFCB7417680227469322AF136034D5A5', 1033, 'ClearOne');
INSERT INTO TNHT_MULT(LITE_PK, LANG_PK, MULT_DESC)
VALUES('EFCB7417680227469322AF136034D5A5', 3082, 'ClearOne');
INSERT INTO TNHT_MULT(LITE_PK, LANG_PK, MULT_DESC)
VALUES('EFCB7417680227469322AF136034D5A5', 2070, 'ClearOne');
INSERT INTO TNHT_MULT(LITE_PK, LANG_PK, MULT_DESC)
VALUES('EFCB7417680227469322AF136034D5A5', 1036, 'ClearOne');
INSERT INTO TNHT_MULT(LITE_PK, LANG_PK, MULT_DESC)
VALUES('EFCB7417680227469322AF136034D5A5', 1049, 'ClearOne');
INSERT INTO TNHT_ENUM (ENUM_PK, LITE_PK)
VALUES(3412, 'EFCB7417680227469322AF136034D5A5');
INSERT INTO TNHT_LITE(LITE_PK) VALUES('ED155E575EDBE24589B51175BC1E55CD');
INSERT INTO TNHT_MULT(LITE_PK, LANG_PK, MULT_DESC)
VALUES('ED155E575EDBE24589B51175BC1E55CD', 1033, 'Service');
INSERT INTO TNHT_MULT(LITE_PK, LANG_PK, MULT_DESC)
VALUES('ED155E575EDBE24589B51175BC1E55CD', 3082, 'Servicios');
INSERT INTO TNHT_MULT(LITE_PK, LANG_PK, MULT_DESC)
VALUES('ED155E575EDBE24589B51175BC1E55CD', 2070, 'Serviços');
INSERT INTO TNHT_MULT(LITE_PK, LANG_PK, MULT_DESC)
VALUES('ED155E575EDBE24589B51175BC1E55CD', 1036, 'Services');
INSERT INTO TNHT_MULT(LITE_PK, LANG_PK, MULT_DESC)
VALUES('ED155E575EDBE24589B51175BC1E55CD', 1049, 'Услуги');
INSERT INTO TNHT_ENUM (ENUM_PK, LITE_PK)
VALUES(3431, 'ED155E575EDBE24589B51175BC1E55CD');
INSERT INTO TNHT_LITE(LITE_PK) VALUES('63CF43887BB50746B8C7D245516E823E');
INSERT INTO TNHT_MULT(LITE_PK, LANG_PK, MULT_DESC)
VALUES('63CF43887BB50746B8C7D245516E823E', 1033, 'TaxRate');
INSERT INTO TNHT_MULT(LITE_PK, LANG_PK, MULT_DESC)
VALUES('63CF43887BB50746B8C7D245516E823E', 3082, 'Tasa de Impuesto');
INSERT INTO TNHT_MULT(LITE_PK, LANG_PK, MULT_DESC)
VALUES('63CF43887BB50746B8C7D245516E823E', 2070, 'Taxa de Imposto');
INSERT INTO TNHT_MULT(LITE_PK, LANG_PK, MULT_DESC)
VALUES('63CF43887BB50746B8C7D245516E823E', 1036, 'Taux dimposition');
INSERT INTO TNHT_MULT(LITE_PK, LANG_PK, MULT_DESC)
VALUES('63CF43887BB50746B8C7D245516E823E', 1049, 'ставка налога');
INSERT INTO TNHT_ENUM (ENUM_PK, LITE_PK)
VALUES(3432, '63CF43887BB50746B8C7D245516E823E');
INSERT INTO TNHT_LITE(LITE_PK) VALUES('C3FEE03D80D93D4AB804F2F0651C74B2');
INSERT INTO TNHT_MULT(LITE_PK, LANG_PK, MULT_DESC)
VALUES('C3FEE03D80D93D4AB804F2F0651C74B2', 1033, 'Credit Card Types');
INSERT INTO TNHT_MULT(LITE_PK, LANG_PK, MULT_DESC)
VALUES('C3FEE03D80D93D4AB804F2F0651C74B2', 3082, 'Tipos de Tarjeta de Credito');
INSERT INTO TNHT_MULT(LITE_PK, LANG_PK, MULT_DESC)
VALUES('C3FEE03D80D93D4AB804F2F0651C74B2', 2070, 'Tipos de Cartão de Crédito');
INSERT INTO TNHT_MULT(LITE_PK, LANG_PK, MULT_DESC)
VALUES('C3FEE03D80D93D4AB804F2F0651C74B2', 1036, 'Types de cartes de crédit');
INSERT INTO TNHT_MULT(LITE_PK, LANG_PK, MULT_DESC)
VALUES('C3FEE03D80D93D4AB804F2F0651C74B2', 1049, 'Виды кредитных карт');
INSERT INTO TNHT_ENUM (ENUM_PK, LITE_PK)
VALUES(3433, 'C3FEE03D80D93D4AB804F2F0651C74B2');
INSERT INTO TNHT_LITE(LITE_PK) VALUES('FC6D601B653F894DB4413258D1CDD370');
INSERT INTO TNHT_MULT(LITE_PK, LANG_PK, MULT_DESC)
VALUES('FC6D601B653F894DB4413258D1CDD370', 1033, 'Discount Types');
INSERT INTO TNHT_MULT(LITE_PK, LANG_PK, MULT_DESC)
VALUES('FC6D601B653F894DB4413258D1CDD370', 3082, 'Tipos de descuento');
INSERT INTO TNHT_MULT(LITE_PK, LANG_PK, MULT_DESC)
VALUES('FC6D601B653F894DB4413258D1CDD370', 2070, 'Tipos de desconto');
INSERT INTO TNHT_MULT(LITE_PK, LANG_PK, MULT_DESC)
VALUES('FC6D601B653F894DB4413258D1CDD370', 1036, 'Types dactualisation');
INSERT INTO TNHT_MULT(LITE_PK, LANG_PK, MULT_DESC)
VALUES('FC6D601B653F894DB4413258D1CDD370', 1049, 'Скидка Виды');
INSERT INTO TNHT_ENUM (ENUM_PK, LITE_PK)
VALUES(3434, 'FC6D601B653F894DB4413258D1CDD370');
INSERT INTO TNHT_LITE(LITE_PK) VALUES('9C74B6ECB7C7A34C8882092303AA5484');
INSERT INTO TNHT_MULT(LITE_PK, LANG_PK, MULT_DESC)
VALUES('9C74B6ECB7C7A34C8882092303AA5484', 1033, 'Payment Forms');
INSERT INTO TNHT_MULT(LITE_PK, LANG_PK, MULT_DESC)
VALUES('9C74B6ECB7C7A34C8882092303AA5484', 3082, 'Formas de Pago');
INSERT INTO TNHT_MULT(LITE_PK, LANG_PK, MULT_DESC)
VALUES('9C74B6ECB7C7A34C8882092303AA5484', 2070, 'Formas de Pagamento');
INSERT INTO TNHT_MULT(LITE_PK, LANG_PK, MULT_DESC)
VALUES('9C74B6ECB7C7A34C8882092303AA5484', 1036, 'Formulaires de paiement');
INSERT INTO TNHT_MULT(LITE_PK, LANG_PK, MULT_DESC)
VALUES('9C74B6ECB7C7A34C8882092303AA5484', 1049, 'Формы оплаты');
INSERT INTO TNHT_ENUM (ENUM_PK, LITE_PK)
VALUES(3435, '9C74B6ECB7C7A34C8882092303AA5484');
INSERT INTO TNHT_LITE(LITE_PK) VALUES('7A3FBBA77FC2BF47BF894E827C782AC7');
INSERT INTO TNHT_MULT(LITE_PK, LANG_PK, MULT_DESC)
VALUES('7A3FBBA77FC2BF47BF894E827C782AC7', 1033, 'External');
INSERT INTO TNHT_MULT(LITE_PK, LANG_PK, MULT_DESC)
VALUES('7A3FBBA77FC2BF47BF894E827C782AC7', 3082, 'External');
INSERT INTO TNHT_MULT(LITE_PK, LANG_PK, MULT_DESC)
VALUES('7A3FBBA77FC2BF47BF894E827C782AC7', 2070, 'External');
INSERT INTO TNHT_MULT(LITE_PK, LANG_PK, MULT_DESC)
VALUES('7A3FBBA77FC2BF47BF894E827C782AC7', 1036, 'Externe');
INSERT INTO TNHT_MULT(LITE_PK, LANG_PK, MULT_DESC)
VALUES('7A3FBBA77FC2BF47BF894E827C782AC7', 1049, 'внешний');
INSERT INTO TNHT_ENUM (ENUM_PK, LITE_PK)
VALUES(3436, '7A3FBBA77FC2BF47BF894E827C782AC7');
INSERT INTO TNHT_LITE(LITE_PK) VALUES('9468AE0C069F5D45B11AD9D7F948BCBF');
INSERT INTO TNHT_MULT(LITE_PK, LANG_PK, MULT_DESC)
VALUES('9468AE0C069F5D45B11AD9D7F948BCBF', 1033, 'Always Rate');
INSERT INTO TNHT_MULT(LITE_PK, LANG_PK, MULT_DESC)
VALUES('9468AE0C069F5D45B11AD9D7F948BCBF', 3082, 'Siempre Tarifa');
INSERT INTO TNHT_MULT(LITE_PK, LANG_PK, MULT_DESC)
VALUES('9468AE0C069F5D45B11AD9D7F948BCBF', 2070, 'Sempre Tarifa');
INSERT INTO TNHT_MULT(LITE_PK, LANG_PK, MULT_DESC)
VALUES('9468AE0C069F5D45B11AD9D7F948BCBF', 1036, 'Toujours Taux');
INSERT INTO TNHT_MULT(LITE_PK, LANG_PK, MULT_DESC)
VALUES('9468AE0C069F5D45B11AD9D7F948BCBF', 1049, 'Всегда Оценить');
INSERT INTO TNHT_ENUM (ENUM_PK, LITE_PK)
VALUES(3461, '9468AE0C069F5D45B11AD9D7F948BCBF');
INSERT INTO TNHT_LITE(LITE_PK) VALUES('E8500D5E3DE0CB499893EDB9FDBD2403');
INSERT INTO TNHT_MULT(LITE_PK, LANG_PK, MULT_DESC)
VALUES('E8500D5E3DE0CB499893EDB9FDBD2403', 1033, 'Always Manual');
INSERT INTO TNHT_MULT(LITE_PK, LANG_PK, MULT_DESC)
VALUES('E8500D5E3DE0CB499893EDB9FDBD2403', 3082, 'Siempre Manual');
INSERT INTO TNHT_MULT(LITE_PK, LANG_PK, MULT_DESC)
VALUES('E8500D5E3DE0CB499893EDB9FDBD2403', 2070, 'Sempre Manual');
INSERT INTO TNHT_MULT(LITE_PK, LANG_PK, MULT_DESC)
VALUES('E8500D5E3DE0CB499893EDB9FDBD2403', 1036, 'Toujours Manuel');
INSERT INTO TNHT_MULT(LITE_PK, LANG_PK, MULT_DESC)
VALUES('E8500D5E3DE0CB499893EDB9FDBD2403', 1049, 'Всегда Руководства');
INSERT INTO TNHT_ENUM (ENUM_PK, LITE_PK)
VALUES(3463, 'E8500D5E3DE0CB499893EDB9FDBD2403');
INSERT INTO TNHT_LITE(LITE_PK) VALUES('43E288A7B6588942B28DAD48C57C056E');
INSERT INTO TNHT_MULT(LITE_PK, LANG_PK, MULT_DESC)
VALUES('43E288A7B6588942B28DAD48C57C056E', 1033, 'Combined');
INSERT INTO TNHT_MULT(LITE_PK, LANG_PK, MULT_DESC)
VALUES('43E288A7B6588942B28DAD48C57C056E', 3082, 'Combinado');
INSERT INTO TNHT_MULT(LITE_PK, LANG_PK, MULT_DESC)
VALUES('43E288A7B6588942B28DAD48C57C056E', 2070, 'Combinado');
INSERT INTO TNHT_MULT(LITE_PK, LANG_PK, MULT_DESC)
VALUES('43E288A7B6588942B28DAD48C57C056E', 1036, 'Combiné');
INSERT INTO TNHT_MULT(LITE_PK, LANG_PK, MULT_DESC)
VALUES('43E288A7B6588942B28DAD48C57C056E', 1049, 'Kомбинированный');
INSERT INTO TNHT_ENUM (ENUM_PK, LITE_PK)
VALUES(3465, '43E288A7B6588942B28DAD48C57C056E');
INSERT INTO TNHT_LITE(LITE_PK) VALUES('88869B9F8D43A443B84F514FAB27879D');
INSERT INTO TNHT_MULT(LITE_PK, LANG_PK, MULT_DESC)
VALUES('88869B9F8D43A443B84F514FAB27879D', 1033, 'Keys');
INSERT INTO TNHT_MULT(LITE_PK, LANG_PK, MULT_DESC)
VALUES('88869B9F8D43A443B84F514FAB27879D', 3082, 'Llaves');
INSERT INTO TNHT_MULT(LITE_PK, LANG_PK, MULT_DESC)
VALUES('88869B9F8D43A443B84F514FAB27879D', 2070, 'Chaves');
INSERT INTO TNHT_MULT(LITE_PK, LANG_PK, MULT_DESC)
VALUES('88869B9F8D43A443B84F514FAB27879D', 1036, 'Clés');
INSERT INTO TNHT_MULT(LITE_PK, LANG_PK, MULT_DESC)
VALUES('88869B9F8D43A443B84F514FAB27879D', 1049, 'Kклавиши');
INSERT INTO TNHT_ENUM (ENUM_PK, LITE_PK)
VALUES(3491, '88869B9F8D43A443B84F514FAB27879D');
INSERT INTO TNHT_LITE(LITE_PK) VALUES('AC3189182840884F8E104F63A469D634');
INSERT INTO TNHT_MULT(LITE_PK, LANG_PK, MULT_DESC)
VALUES('AC3189182840884F8E104F63A469D634', 1033, 'Card Reader');
INSERT INTO TNHT_MULT(LITE_PK, LANG_PK, MULT_DESC)
VALUES('AC3189182840884F8E104F63A469D634', 3082, 'Lector de tarjetas');
INSERT INTO TNHT_MULT(LITE_PK, LANG_PK, MULT_DESC)
VALUES('AC3189182840884F8E104F63A469D634', 2070, 'Leitor de Cartão');
INSERT INTO TNHT_MULT(LITE_PK, LANG_PK, MULT_DESC)
VALUES('AC3189182840884F8E104F63A469D634', 1036, 'Lecteur de carte');
INSERT INTO TNHT_MULT(LITE_PK, LANG_PK, MULT_DESC)
VALUES('AC3189182840884F8E104F63A469D634', 1049, 'KКлючи');
INSERT INTO TNHT_ENUM (ENUM_PK, LITE_PK)
VALUES(3492, 'AC3189182840884F8E104F63A469D634');
INSERT INTO TNHT_LITE(LITE_PK) VALUES('F8002DD68B14764EBC0ADB6D964B0910');
INSERT INTO TNHT_MULT(LITE_PK, LANG_PK, MULT_DESC)
VALUES('F8002DD68B14764EBC0ADB6D964B0910', 1033, 'Document Scanner');
INSERT INTO TNHT_MULT(LITE_PK, LANG_PK, MULT_DESC)
VALUES('F8002DD68B14764EBC0ADB6D964B0910', 3082, 'Escaner de documentos');
INSERT INTO TNHT_MULT(LITE_PK, LANG_PK, MULT_DESC)
VALUES('F8002DD68B14764EBC0ADB6D964B0910', 2070, 'Escaner de documentos');
INSERT INTO TNHT_MULT(LITE_PK, LANG_PK, MULT_DESC)
VALUES('F8002DD68B14764EBC0ADB6D964B0910', 1036, 'Scanner de documents');
INSERT INTO TNHT_MULT(LITE_PK, LANG_PK, MULT_DESC)
VALUES('F8002DD68B14764EBC0ADB6D964B0910', 1049, 'Сканирования документов');
INSERT INTO TNHT_ENUM (ENUM_PK, LITE_PK)
VALUES(3493, 'F8002DD68B14764EBC0ADB6D964B0910');
INSERT INTO TNHT_LITE(LITE_PK) VALUES('B8164714F4DBC04FA4DFBEBDD37E5DDF');
INSERT INTO TNHT_MULT(LITE_PK, LANG_PK, MULT_DESC)
VALUES('B8164714F4DBC04FA4DFBEBDD37E5DDF', 1033, 'Malfunction Type');
INSERT INTO TNHT_MULT(LITE_PK, LANG_PK, MULT_DESC)
VALUES('B8164714F4DBC04FA4DFBEBDD37E5DDF', 3082, 'Tipo de Averia');
INSERT INTO TNHT_MULT(LITE_PK, LANG_PK, MULT_DESC)
VALUES('B8164714F4DBC04FA4DFBEBDD37E5DDF', 2070, 'Tipo de Avaria');
INSERT INTO TNHT_MULT(LITE_PK, LANG_PK, MULT_DESC)
VALUES('B8164714F4DBC04FA4DFBEBDD37E5DDF', 1036, 'Type de dysfonctionnement');
INSERT INTO TNHT_MULT(LITE_PK, LANG_PK, MULT_DESC)
VALUES('B8164714F4DBC04FA4DFBEBDD37E5DDF', 1049, 'Неисправность типа');
INSERT INTO TNHT_ENUM (ENUM_PK, LITE_PK)
VALUES(3521, 'B8164714F4DBC04FA4DFBEBDD37E5DDF');
INSERT INTO TNHT_LITE(LITE_PK) VALUES('DA893650271FE2449F7A3288A04404E4');
INSERT INTO TNHT_MULT(LITE_PK, LANG_PK, MULT_DESC)
VALUES('DA893650271FE2449F7A3288A04404E4', 1033, 'Area');
INSERT INTO TNHT_MULT(LITE_PK, LANG_PK, MULT_DESC)
VALUES('DA893650271FE2449F7A3288A04404E4', 3082, 'Zona');
INSERT INTO TNHT_MULT(LITE_PK, LANG_PK, MULT_DESC)
VALUES('DA893650271FE2449F7A3288A04404E4', 2070, 'Zona');
INSERT INTO TNHT_MULT(LITE_PK, LANG_PK, MULT_DESC)
VALUES('DA893650271FE2449F7A3288A04404E4', 1036, 'Zone');
INSERT INTO TNHT_MULT(LITE_PK, LANG_PK, MULT_DESC)
VALUES('DA893650271FE2449F7A3288A04404E4', 1049, 'Область');
INSERT INTO TNHT_ENUM (ENUM_PK, LITE_PK)
VALUES(3522, 'DA893650271FE2449F7A3288A04404E4');
INSERT INTO TNHT_LITE(LITE_PK) VALUES('5C24CE5066BA9647B511CDFB315E0C46');
INSERT INTO TNHT_MULT(LITE_PK, LANG_PK, MULT_DESC)
VALUES('5C24CE5066BA9647B511CDFB315E0C46', 1033, 'Malfunction Cause');
INSERT INTO TNHT_MULT(LITE_PK, LANG_PK, MULT_DESC)
VALUES('5C24CE5066BA9647B511CDFB315E0C46', 3082, 'Causa de Averia');
INSERT INTO TNHT_MULT(LITE_PK, LANG_PK, MULT_DESC)
VALUES('5C24CE5066BA9647B511CDFB315E0C46', 2070, 'Causa da Avaria');
INSERT INTO TNHT_MULT(LITE_PK, LANG_PK, MULT_DESC)
VALUES('5C24CE5066BA9647B511CDFB315E0C46', 1036, 'Cause Dysfonctionnement');
INSERT INTO TNHT_MULT(LITE_PK, LANG_PK, MULT_DESC)
VALUES('5C24CE5066BA9647B511CDFB315E0C46', 1049, 'Неисправность Причина');
INSERT INTO TNHT_ENUM (ENUM_PK, LITE_PK)
VALUES(3523, '5C24CE5066BA9647B511CDFB315E0C46');
INSERT INTO TNHT_LITE(LITE_PK) VALUES('30FE8117AE9AAA4B9BFD156970864DCB');
INSERT INTO TNHT_MULT(LITE_PK, LANG_PK, MULT_DESC)
VALUES('30FE8117AE9AAA4B9BFD156970864DCB', 1033, 'Closed Question');
INSERT INTO TNHT_MULT(LITE_PK, LANG_PK, MULT_DESC)
VALUES('30FE8117AE9AAA4B9BFD156970864DCB', 3082, 'Pregunta Cerrada');
INSERT INTO TNHT_MULT(LITE_PK, LANG_PK, MULT_DESC)
VALUES('30FE8117AE9AAA4B9BFD156970864DCB', 2070, 'Pergunta Fechada');
INSERT INTO TNHT_MULT(LITE_PK, LANG_PK, MULT_DESC)
VALUES('30FE8117AE9AAA4B9BFD156970864DCB', 1036, 'Question Fermée');
INSERT INTO TNHT_MULT(LITE_PK, LANG_PK, MULT_DESC)
VALUES('30FE8117AE9AAA4B9BFD156970864DCB', 1049, 'Закрытый Вопрос');
INSERT INTO TNHT_ENUM (ENUM_PK, LITE_PK)
VALUES(3551, '30FE8117AE9AAA4B9BFD156970864DCB');
INSERT INTO TNHT_LITE(LITE_PK) VALUES('2342F087C42FF24EB6FCF4CEB8D79AB0');
INSERT INTO TNHT_MULT(LITE_PK, LANG_PK, MULT_DESC)
VALUES('2342F087C42FF24EB6FCF4CEB8D79AB0', 1033, 'Open Question');
INSERT INTO TNHT_MULT(LITE_PK, LANG_PK, MULT_DESC)
VALUES('2342F087C42FF24EB6FCF4CEB8D79AB0', 3082, 'Pregunta Abierta');
INSERT INTO TNHT_MULT(LITE_PK, LANG_PK, MULT_DESC)
VALUES('2342F087C42FF24EB6FCF4CEB8D79AB0', 2070, 'Pergunta Aberta');
INSERT INTO TNHT_MULT(LITE_PK, LANG_PK, MULT_DESC)
VALUES('2342F087C42FF24EB6FCF4CEB8D79AB0', 1036, 'Question Ouverte');
INSERT INTO TNHT_MULT(LITE_PK, LANG_PK, MULT_DESC)
VALUES('2342F087C42FF24EB6FCF4CEB8D79AB0', 1049, 'Oткрытый Вопрос');
INSERT INTO TNHT_ENUM (ENUM_PK, LITE_PK)
VALUES(3552, '2342F087C42FF24EB6FCF4CEB8D79AB0');
INSERT INTO TNHT_LITE(LITE_PK) VALUES('DE5CB6E50138014EBC427F64D8BDB771');
INSERT INTO TNHT_MULT(LITE_PK, LANG_PK, MULT_DESC)
VALUES('DE5CB6E50138014EBC427F64D8BDB771', 1033, 'Table-Matrix Question');
INSERT INTO TNHT_MULT(LITE_PK, LANG_PK, MULT_DESC)
VALUES('DE5CB6E50138014EBC427F64D8BDB771', 3082, 'Pregunta Tabla-Matriz');
INSERT INTO TNHT_MULT(LITE_PK, LANG_PK, MULT_DESC)
VALUES('DE5CB6E50138014EBC427F64D8BDB771', 2070, 'Pergunta Tabela-Matrix');
INSERT INTO TNHT_MULT(LITE_PK, LANG_PK, MULT_DESC)
VALUES('DE5CB6E50138014EBC427F64D8BDB771', 1036, 'Question Table-Matrice');
INSERT INTO TNHT_MULT(LITE_PK, LANG_PK, MULT_DESC)
VALUES('DE5CB6E50138014EBC427F64D8BDB771', 1049, 'Таблица-Матрица Вопрос');
INSERT INTO TNHT_ENUM (ENUM_PK, LITE_PK)
VALUES(3553, 'DE5CB6E50138014EBC427F64D8BDB771');
INSERT INTO TNHT_LITE(LITE_PK) VALUES('50F195DBEF6E344892FC5AAE867AF267');
INSERT INTO TNHT_MULT(LITE_PK, LANG_PK, MULT_DESC)
VALUES('50F195DBEF6E344892FC5AAE867AF267', 1033, 'Yes-No Question');
INSERT INTO TNHT_MULT(LITE_PK, LANG_PK, MULT_DESC)
VALUES('50F195DBEF6E344892FC5AAE867AF267', 3082, 'Pregunta Si-No');
INSERT INTO TNHT_MULT(LITE_PK, LANG_PK, MULT_DESC)
VALUES('50F195DBEF6E344892FC5AAE867AF267', 2070, 'Pergunta Sim-Não');
INSERT INTO TNHT_MULT(LITE_PK, LANG_PK, MULT_DESC)
VALUES('50F195DBEF6E344892FC5AAE867AF267', 1036, 'Question Oui-Non');
INSERT INTO TNHT_MULT(LITE_PK, LANG_PK, MULT_DESC)
VALUES('50F195DBEF6E344892FC5AAE867AF267', 1049, 'Да-Нет Вопрос');
INSERT INTO TNHT_ENUM (ENUM_PK, LITE_PK)
VALUES(3554, '50F195DBEF6E344892FC5AAE867AF267');
INSERT INTO TNHT_LITE(LITE_PK) VALUES('39D207958B83644E96C075BD6A3E38C0');
INSERT INTO TNHT_MULT(LITE_PK, LANG_PK, MULT_DESC)
VALUES('39D207958B83644E96C075BD6A3E38C0', 1033, 'Single selection');
INSERT INTO TNHT_MULT(LITE_PK, LANG_PK, MULT_DESC)
VALUES('39D207958B83644E96C075BD6A3E38C0', 3082, 'Selección Unica');
INSERT INTO TNHT_MULT(LITE_PK, LANG_PK, MULT_DESC)
VALUES('39D207958B83644E96C075BD6A3E38C0', 2070, 'Seleção única');
INSERT INTO TNHT_MULT(LITE_PK, LANG_PK, MULT_DESC)
VALUES('39D207958B83644E96C075BD6A3E38C0', 1036, 'Sélection simple');
INSERT INTO TNHT_MULT(LITE_PK, LANG_PK, MULT_DESC)
VALUES('39D207958B83644E96C075BD6A3E38C0', 1049, 'Одиночный выбор');
INSERT INTO TNHT_ENUM (ENUM_PK, LITE_PK)
VALUES(3581, '39D207958B83644E96C075BD6A3E38C0');
INSERT INTO TNHT_LITE(LITE_PK) VALUES('F7365DD4D4416545820353C6A2F9EB78');
INSERT INTO TNHT_MULT(LITE_PK, LANG_PK, MULT_DESC)
VALUES('F7365DD4D4416545820353C6A2F9EB78', 1033, 'Multiple selection');
INSERT INTO TNHT_MULT(LITE_PK, LANG_PK, MULT_DESC)
VALUES('F7365DD4D4416545820353C6A2F9EB78', 3082, 'Selección Múltiple');
INSERT INTO TNHT_MULT(LITE_PK, LANG_PK, MULT_DESC)
VALUES('F7365DD4D4416545820353C6A2F9EB78', 2070, 'Seleção múltiplo');
INSERT INTO TNHT_MULT(LITE_PK, LANG_PK, MULT_DESC)
VALUES('F7365DD4D4416545820353C6A2F9EB78', 1036, 'Sélection multiple');
INSERT INTO TNHT_MULT(LITE_PK, LANG_PK, MULT_DESC)
VALUES('F7365DD4D4416545820353C6A2F9EB78', 1049, 'Множественный выбор');
INSERT INTO TNHT_ENUM (ENUM_PK, LITE_PK)
VALUES(3582, 'F7365DD4D4416545820353C6A2F9EB78');
INSERT INTO TNHT_LITE(LITE_PK) VALUES('6060A8DAB2F389499DC42D285A6BAC00');
INSERT INTO TNHT_MULT(LITE_PK, LANG_PK, MULT_DESC)
VALUES('6060A8DAB2F389499DC42D285A6BAC00', 1033, 'One-line');
INSERT INTO TNHT_MULT(LITE_PK, LANG_PK, MULT_DESC)
VALUES('6060A8DAB2F389499DC42D285A6BAC00', 3082, 'Una-línea');
INSERT INTO TNHT_MULT(LITE_PK, LANG_PK, MULT_DESC)
VALUES('6060A8DAB2F389499DC42D285A6BAC00', 2070, 'One-line');
INSERT INTO TNHT_MULT(LITE_PK, LANG_PK, MULT_DESC)
VALUES('6060A8DAB2F389499DC42D285A6BAC00', 1036, 'Une-ligne');
INSERT INTO TNHT_MULT(LITE_PK, LANG_PK, MULT_DESC)
VALUES('6060A8DAB2F389499DC42D285A6BAC00', 1049, 'Одной-строкой');
INSERT INTO TNHT_ENUM (ENUM_PK, LITE_PK)
VALUES(3601, '6060A8DAB2F389499DC42D285A6BAC00');
INSERT INTO TNHT_LITE(LITE_PK) VALUES('CB6CE3BA3C9C6C4B9D0851FA1874897B');
INSERT INTO TNHT_MULT(LITE_PK, LANG_PK, MULT_DESC)
VALUES('CB6CE3BA3C9C6C4B9D0851FA1874897B', 1033, 'Multi-line');
INSERT INTO TNHT_MULT(LITE_PK, LANG_PK, MULT_DESC)
VALUES('CB6CE3BA3C9C6C4B9D0851FA1874897B', 3082, 'Multi-línea');
INSERT INTO TNHT_MULT(LITE_PK, LANG_PK, MULT_DESC)
VALUES('CB6CE3BA3C9C6C4B9D0851FA1874897B', 2070, 'Multi-line');
INSERT INTO TNHT_MULT(LITE_PK, LANG_PK, MULT_DESC)
VALUES('CB6CE3BA3C9C6C4B9D0851FA1874897B', 1036, 'Multi-ligne');
INSERT INTO TNHT_MULT(LITE_PK, LANG_PK, MULT_DESC)
VALUES('CB6CE3BA3C9C6C4B9D0851FA1874897B', 1049, 'Многоканальный');
INSERT INTO TNHT_ENUM (ENUM_PK, LITE_PK)
VALUES(3602, 'CB6CE3BA3C9C6C4B9D0851FA1874897B');
INSERT INTO TNHT_LITE(LITE_PK) VALUES('2CE9ED578C7EA0488331F6A48BF0B21D');
INSERT INTO TNHT_MULT(LITE_PK, LANG_PK, MULT_DESC)
VALUES('2CE9ED578C7EA0488331F6A48BF0B21D', 1033, 'Integer');
INSERT INTO TNHT_MULT(LITE_PK, LANG_PK, MULT_DESC)
VALUES('2CE9ED578C7EA0488331F6A48BF0B21D', 3082, 'Numero entero');
INSERT INTO TNHT_MULT(LITE_PK, LANG_PK, MULT_DESC)
VALUES('2CE9ED578C7EA0488331F6A48BF0B21D', 2070, 'Número inteiro');
INSERT INTO TNHT_MULT(LITE_PK, LANG_PK, MULT_DESC)
VALUES('2CE9ED578C7EA0488331F6A48BF0B21D', 1036, 'Entier');
INSERT INTO TNHT_MULT(LITE_PK, LANG_PK, MULT_DESC)
VALUES('2CE9ED578C7EA0488331F6A48BF0B21D', 1049, 'целое');
INSERT INTO TNHT_ENUM (ENUM_PK, LITE_PK)
VALUES(3603, '2CE9ED578C7EA0488331F6A48BF0B21D');
INSERT INTO TNHT_LITE(LITE_PK) VALUES('CA3CDCCEC6BF4C4F98388D52BF9DB741');
INSERT INTO TNHT_MULT(LITE_PK, LANG_PK, MULT_DESC)
VALUES('CA3CDCCEC6BF4C4F98388D52BF9DB741', 1033, 'Floating number');
INSERT INTO TNHT_MULT(LITE_PK, LANG_PK, MULT_DESC)
VALUES('CA3CDCCEC6BF4C4F98388D52BF9DB741', 3082, 'Floating number');
INSERT INTO TNHT_MULT(LITE_PK, LANG_PK, MULT_DESC)
VALUES('CA3CDCCEC6BF4C4F98388D52BF9DB741', 2070, 'Floating number');
INSERT INTO TNHT_MULT(LITE_PK, LANG_PK, MULT_DESC)
VALUES('CA3CDCCEC6BF4C4F98388D52BF9DB741', 1036, 'Floating number');
INSERT INTO TNHT_MULT(LITE_PK, LANG_PK, MULT_DESC)
VALUES('CA3CDCCEC6BF4C4F98388D52BF9DB741', 1049, 'Число с плавающей');
INSERT INTO TNHT_ENUM (ENUM_PK, LITE_PK)
VALUES(3604, 'CA3CDCCEC6BF4C4F98388D52BF9DB741');
INSERT INTO TNHT_LITE(LITE_PK) VALUES('D9A6EA64321D2B4CBD27F777BE36C437');
INSERT INTO TNHT_MULT(LITE_PK, LANG_PK, MULT_DESC)
VALUES('D9A6EA64321D2B4CBD27F777BE36C437', 1033, 'Date');
INSERT INTO TNHT_MULT(LITE_PK, LANG_PK, MULT_DESC)
VALUES('D9A6EA64321D2B4CBD27F777BE36C437', 3082, 'Fecha');
INSERT INTO TNHT_MULT(LITE_PK, LANG_PK, MULT_DESC)
VALUES('D9A6EA64321D2B4CBD27F777BE36C437', 2070, 'Data');
INSERT INTO TNHT_MULT(LITE_PK, LANG_PK, MULT_DESC)
VALUES('D9A6EA64321D2B4CBD27F777BE36C437', 1036, 'Datte');
INSERT INTO TNHT_MULT(LITE_PK, LANG_PK, MULT_DESC)
VALUES('D9A6EA64321D2B4CBD27F777BE36C437', 1049, 'Дата');
INSERT INTO TNHT_ENUM (ENUM_PK, LITE_PK)
VALUES(3605, 'D9A6EA64321D2B4CBD27F777BE36C437');
INSERT INTO TNHT_LITE(LITE_PK) VALUES('2D54858C6B1BFB498069231F32F73080');
INSERT INTO TNHT_MULT(LITE_PK, LANG_PK, MULT_DESC)
VALUES('2D54858C6B1BFB498069231F32F73080', 1033, 'Time');
INSERT INTO TNHT_MULT(LITE_PK, LANG_PK, MULT_DESC)
VALUES('2D54858C6B1BFB498069231F32F73080', 3082, 'Time');
INSERT INTO TNHT_MULT(LITE_PK, LANG_PK, MULT_DESC)
VALUES('2D54858C6B1BFB498069231F32F73080', 2070, 'Time');
INSERT INTO TNHT_MULT(LITE_PK, LANG_PK, MULT_DESC)
VALUES('2D54858C6B1BFB498069231F32F73080', 1036, 'Datte');
INSERT INTO TNHT_MULT(LITE_PK, LANG_PK, MULT_DESC)
VALUES('2D54858C6B1BFB498069231F32F73080', 1049, 'Heure');
INSERT INTO TNHT_ENUM (ENUM_PK, LITE_PK)
VALUES(3606, '2D54858C6B1BFB498069231F32F73080');
INSERT INTO TNHT_LITE(LITE_PK) VALUES('4E80FB339381744A95B2E084802F52CA');
INSERT INTO TNHT_MULT(LITE_PK, LANG_PK, MULT_DESC)
VALUES('4E80FB339381744A95B2E084802F52CA', 1033, 'Horizontal');
INSERT INTO TNHT_MULT(LITE_PK, LANG_PK, MULT_DESC)
VALUES('4E80FB339381744A95B2E084802F52CA', 3082, 'Horizontal');
INSERT INTO TNHT_MULT(LITE_PK, LANG_PK, MULT_DESC)
VALUES('4E80FB339381744A95B2E084802F52CA', 2070, 'Horizontal');
INSERT INTO TNHT_MULT(LITE_PK, LANG_PK, MULT_DESC)
VALUES('4E80FB339381744A95B2E084802F52CA', 1036, 'Horizontal');
INSERT INTO TNHT_MULT(LITE_PK, LANG_PK, MULT_DESC)
VALUES('4E80FB339381744A95B2E084802F52CA', 1049, 'Горизонтальный');
INSERT INTO TNHT_ENUM (ENUM_PK, LITE_PK)
VALUES(3631, '4E80FB339381744A95B2E084802F52CA');
INSERT INTO TNHT_LITE(LITE_PK) VALUES('69235C479793154DA48216B8CA176FA7');
INSERT INTO TNHT_MULT(LITE_PK, LANG_PK, MULT_DESC)
VALUES('69235C479793154DA48216B8CA176FA7', 1033, 'Vertical');
INSERT INTO TNHT_MULT(LITE_PK, LANG_PK, MULT_DESC)
VALUES('69235C479793154DA48216B8CA176FA7', 3082, 'Vertical');
INSERT INTO TNHT_MULT(LITE_PK, LANG_PK, MULT_DESC)
VALUES('69235C479793154DA48216B8CA176FA7', 2070, 'Vertical');
INSERT INTO TNHT_MULT(LITE_PK, LANG_PK, MULT_DESC)
VALUES('69235C479793154DA48216B8CA176FA7', 1036, 'Vertical');
INSERT INTO TNHT_MULT(LITE_PK, LANG_PK, MULT_DESC)
VALUES('69235C479793154DA48216B8CA176FA7', 1049, 'Вертикальный');
INSERT INTO TNHT_ENUM (ENUM_PK, LITE_PK)
VALUES(3632, '69235C479793154DA48216B8CA176FA7');
INSERT INTO TNHT_LITE(LITE_PK) VALUES('AAF01E23E5BDA04B838B637441C3F6F8');
INSERT INTO TNHT_MULT(LITE_PK, LANG_PK, MULT_DESC)
VALUES('AAF01E23E5BDA04B838B637441C3F6F8', 1033, 'Square Meters');
INSERT INTO TNHT_MULT(LITE_PK, LANG_PK, MULT_DESC)
VALUES('AAF01E23E5BDA04B838B637441C3F6F8', 3082, 'Metros Cuadrados');
INSERT INTO TNHT_MULT(LITE_PK, LANG_PK, MULT_DESC)
VALUES('AAF01E23E5BDA04B838B637441C3F6F8', 2070, 'Metros Quadrados');
INSERT INTO TNHT_MULT(LITE_PK, LANG_PK, MULT_DESC)
VALUES('AAF01E23E5BDA04B838B637441C3F6F8', 1036, 'Mètres carrés');
INSERT INTO TNHT_MULT(LITE_PK, LANG_PK, MULT_DESC)
VALUES('AAF01E23E5BDA04B838B637441C3F6F8', 1049, 'Квадратные метры');
INSERT INTO TNHT_ENUM (ENUM_PK, LITE_PK)
VALUES(3661, 'AAF01E23E5BDA04B838B637441C3F6F8');
INSERT INTO TNHT_LITE(LITE_PK) VALUES('6EA99A10D89F4B468E11C64B774DF0D3');
INSERT INTO TNHT_MULT(LITE_PK, LANG_PK, MULT_DESC)
VALUES('6EA99A10D89F4B468E11C64B774DF0D3', 1033, 'Square Feet');
INSERT INTO TNHT_MULT(LITE_PK, LANG_PK, MULT_DESC)
VALUES('6EA99A10D89F4B468E11C64B774DF0D3', 3082, 'Pies Cuadrados');
INSERT INTO TNHT_MULT(LITE_PK, LANG_PK, MULT_DESC)
VALUES('6EA99A10D89F4B468E11C64B774DF0D3', 2070, 'Pés Quadrados');
INSERT INTO TNHT_MULT(LITE_PK, LANG_PK, MULT_DESC)
VALUES('6EA99A10D89F4B468E11C64B774DF0D3', 1036, 'Pieds carrés');
INSERT INTO TNHT_MULT(LITE_PK, LANG_PK, MULT_DESC)
VALUES('6EA99A10D89F4B468E11C64B774DF0D3', 1049, 'Kвадратных футов');
INSERT INTO TNHT_ENUM (ENUM_PK, LITE_PK)
VALUES(3662, '6EA99A10D89F4B468E11C64B774DF0D3');
INSERT INTO TNHT_LITE(LITE_PK) VALUES('6900DEA3DE91D342B93B73EBCBA81DA0');
INSERT INTO TNHT_MULT(LITE_PK, LANG_PK, MULT_DESC)
VALUES('6900DEA3DE91D342B93B73EBCBA81DA0', 1033, 'Bedroom');
INSERT INTO TNHT_MULT(LITE_PK, LANG_PK, MULT_DESC)
VALUES('6900DEA3DE91D342B93B73EBCBA81DA0', 3082, 'Dormitorio');
INSERT INTO TNHT_MULT(LITE_PK, LANG_PK, MULT_DESC)
VALUES('6900DEA3DE91D342B93B73EBCBA81DA0', 2070, 'Quarto');
INSERT INTO TNHT_ENUM (ENUM_PK, LITE_PK)
VALUES(3681, '6900DEA3DE91D342B93B73EBCBA81DA0');
INSERT INTO TNHT_LITE(LITE_PK) VALUES('985CE7CEFB91FE4E95A2B5D0CAD9B53B');
INSERT INTO TNHT_MULT(LITE_PK, LANG_PK, MULT_DESC)
VALUES('985CE7CEFB91FE4E95A2B5D0CAD9B53B', 1033, 'Bathroom');
INSERT INTO TNHT_MULT(LITE_PK, LANG_PK, MULT_DESC)
VALUES('985CE7CEFB91FE4E95A2B5D0CAD9B53B', 3082, 'Baño');
INSERT INTO TNHT_MULT(LITE_PK, LANG_PK, MULT_DESC)
VALUES('985CE7CEFB91FE4E95A2B5D0CAD9B53B', 2070, 'Casa de Banho');
INSERT INTO TNHT_ENUM (ENUM_PK, LITE_PK)
VALUES(3682, '985CE7CEFB91FE4E95A2B5D0CAD9B53B');
INSERT INTO TNHT_LITE(LITE_PK) VALUES('535CD11497D0A247B76ADF299C124EDA');
INSERT INTO TNHT_MULT(LITE_PK, LANG_PK, MULT_DESC)
VALUES('535CD11497D0A247B76ADF299C124EDA', 1033, 'Dining Room');
INSERT INTO TNHT_MULT(LITE_PK, LANG_PK, MULT_DESC)
VALUES('535CD11497D0A247B76ADF299C124EDA', 3082, 'Comedor');
INSERT INTO TNHT_MULT(LITE_PK, LANG_PK, MULT_DESC)
VALUES('535CD11497D0A247B76ADF299C124EDA', 2070, 'Sala de Jantar');
INSERT INTO TNHT_ENUM (ENUM_PK, LITE_PK)
VALUES(3683, '535CD11497D0A247B76ADF299C124EDA');
INSERT INTO TNHT_LITE(LITE_PK) VALUES('E31FB24DA0C0964F9BE16C0093D104F5');
INSERT INTO TNHT_MULT(LITE_PK, LANG_PK, MULT_DESC)
VALUES('E31FB24DA0C0964F9BE16C0093D104F5', 1033, 'Kitchen');
INSERT INTO TNHT_MULT(LITE_PK, LANG_PK, MULT_DESC)
VALUES('E31FB24DA0C0964F9BE16C0093D104F5', 3082, 'Cocina');
INSERT INTO TNHT_MULT(LITE_PK, LANG_PK, MULT_DESC)
VALUES('E31FB24DA0C0964F9BE16C0093D104F5', 2070, 'Cozinha');
INSERT INTO TNHT_ENUM (ENUM_PK, LITE_PK)
VALUES(3684, 'E31FB24DA0C0964F9BE16C0093D104F5');
INSERT INTO TNHT_LITE(LITE_PK) VALUES('B152FE57CF0EEE488D2EB7D1176136CC');
INSERT INTO TNHT_MULT(LITE_PK, LANG_PK, MULT_DESC)
VALUES('B152FE57CF0EEE488D2EB7D1176136CC', 1033, 'Den');
INSERT INTO TNHT_MULT(LITE_PK, LANG_PK, MULT_DESC)
VALUES('B152FE57CF0EEE488D2EB7D1176136CC', 3082, 'Estudio');
INSERT INTO TNHT_MULT(LITE_PK, LANG_PK, MULT_DESC)
VALUES('B152FE57CF0EEE488D2EB7D1176136CC', 2070, 'Estudo');
INSERT INTO TNHT_ENUM (ENUM_PK, LITE_PK)
VALUES(3685, 'B152FE57CF0EEE488D2EB7D1176136CC');
INSERT INTO TNHT_LITE(LITE_PK) VALUES('5F45EDECCB3E2C43B1AC6B67F1BA5DFA');
INSERT INTO TNHT_MULT(LITE_PK, LANG_PK, MULT_DESC)
VALUES('5F45EDECCB3E2C43B1AC6B67F1BA5DFA', 1033, 'Living Room');
INSERT INTO TNHT_MULT(LITE_PK, LANG_PK, MULT_DESC)
VALUES('5F45EDECCB3E2C43B1AC6B67F1BA5DFA', 3082, 'Sala de Estar');
INSERT INTO TNHT_MULT(LITE_PK, LANG_PK, MULT_DESC)
VALUES('5F45EDECCB3E2C43B1AC6B67F1BA5DFA', 2070, 'Sala de Estar');
INSERT INTO TNHT_ENUM (ENUM_PK, LITE_PK)
VALUES(3686, '5F45EDECCB3E2C43B1AC6B67F1BA5DFA');
INSERT INTO TNHT_LITE(LITE_PK) VALUES('B5E19E3D22413D4FB26F2371BA0FB230');
INSERT INTO TNHT_MULT(LITE_PK, LANG_PK, MULT_DESC)
VALUES('B5E19E3D22413D4FB26F2371BA0FB230', 1033, 'Family Room');
INSERT INTO TNHT_MULT(LITE_PK, LANG_PK, MULT_DESC)
VALUES('B5E19E3D22413D4FB26F2371BA0FB230', 3082, 'Sala Familiar');
INSERT INTO TNHT_MULT(LITE_PK, LANG_PK, MULT_DESC)
VALUES('B5E19E3D22413D4FB26F2371BA0FB230', 2070, 'Quarto Familiar');
INSERT INTO TNHT_ENUM (ENUM_PK, LITE_PK)
VALUES(3687, 'B5E19E3D22413D4FB26F2371BA0FB230');
INSERT INTO TNHT_LITE(LITE_PK) VALUES('3D9A3E8C04FBDD4B83B11BD402038CC0');
INSERT INTO TNHT_MULT(LITE_PK, LANG_PK, MULT_DESC)
VALUES('3D9A3E8C04FBDD4B83B11BD402038CC0', 1033, 'Library');
INSERT INTO TNHT_MULT(LITE_PK, LANG_PK, MULT_DESC)
VALUES('3D9A3E8C04FBDD4B83B11BD402038CC0', 3082, 'Biblioteca');
INSERT INTO TNHT_MULT(LITE_PK, LANG_PK, MULT_DESC)
VALUES('3D9A3E8C04FBDD4B83B11BD402038CC0', 2070, 'Biblioteca');
INSERT INTO TNHT_ENUM (ENUM_PK, LITE_PK)
VALUES(3688, '3D9A3E8C04FBDD4B83B11BD402038CC0');
INSERT INTO TNHT_LITE(LITE_PK) VALUES('57F545624849E14C9223FC600264473F');
INSERT INTO TNHT_MULT(LITE_PK, LANG_PK, MULT_DESC)
VALUES('57F545624849E14C9223FC600264473F', 1033, 'Office');
INSERT INTO TNHT_MULT(LITE_PK, LANG_PK, MULT_DESC)
VALUES('57F545624849E14C9223FC600264473F', 3082, 'Oficina');
INSERT INTO TNHT_MULT(LITE_PK, LANG_PK, MULT_DESC)
VALUES('57F545624849E14C9223FC600264473F', 2070, 'Escritório');
INSERT INTO TNHT_ENUM (ENUM_PK, LITE_PK)
VALUES(3689, '57F545624849E14C9223FC600264473F');
INSERT INTO TNHT_LITE(LITE_PK) VALUES('8E111919290A984786918DA1EACD3058');
INSERT INTO TNHT_MULT(LITE_PK, LANG_PK, MULT_DESC)
VALUES('8E111919290A984786918DA1EACD3058', 1033, 'Balcony');
INSERT INTO TNHT_MULT(LITE_PK, LANG_PK, MULT_DESC)
VALUES('8E111919290A984786918DA1EACD3058', 3082, 'Balcón');
INSERT INTO TNHT_MULT(LITE_PK, LANG_PK, MULT_DESC)
VALUES('8E111919290A984786918DA1EACD3058', 2070, 'Varanda');
INSERT INTO TNHT_ENUM (ENUM_PK, LITE_PK)
VALUES(3690, '8E111919290A984786918DA1EACD3058');
INSERT INTO TNHT_LITE(LITE_PK) VALUES('DF9470124DD92D439EB01A0E3D835A21');
INSERT INTO TNHT_MULT(LITE_PK, LANG_PK, MULT_DESC)
VALUES('DF9470124DD92D439EB01A0E3D835A21', 1033, 'Other');
INSERT INTO TNHT_MULT(LITE_PK, LANG_PK, MULT_DESC)
VALUES('DF9470124DD92D439EB01A0E3D835A21', 3082, 'Otro');
INSERT INTO TNHT_MULT(LITE_PK, LANG_PK, MULT_DESC)
VALUES('DF9470124DD92D439EB01A0E3D835A21', 2070, 'Outro');
INSERT INTO TNHT_ENUM (ENUM_PK, LITE_PK)
VALUES(3691, 'DF9470124DD92D439EB01A0E3D835A21');
INSERT INTO TNHT_LITE(LITE_PK) VALUES('A51DD74BF1C09C4E8C10873B7C95B5E5');
INSERT INTO TNHT_MULT(LITE_PK, LANG_PK, MULT_DESC)
VALUES('A51DD74BF1C09C4E8C10873B7C95B5E5', 1033, 'North');
INSERT INTO TNHT_MULT(LITE_PK, LANG_PK, MULT_DESC)
VALUES('A51DD74BF1C09C4E8C10873B7C95B5E5', 3082, 'Norte');
INSERT INTO TNHT_MULT(LITE_PK, LANG_PK, MULT_DESC)
VALUES('A51DD74BF1C09C4E8C10873B7C95B5E5', 2070, 'Norte');
INSERT INTO TNHT_ENUM (ENUM_PK, LITE_PK)
VALUES(3711, 'A51DD74BF1C09C4E8C10873B7C95B5E5');
INSERT INTO TNHT_LITE(LITE_PK) VALUES('B00414C287C1EB4EA4F1E0FDC074B934');
INSERT INTO TNHT_MULT(LITE_PK, LANG_PK, MULT_DESC)
VALUES('B00414C287C1EB4EA4F1E0FDC074B934', 1033, 'South');
INSERT INTO TNHT_MULT(LITE_PK, LANG_PK, MULT_DESC)
VALUES('B00414C287C1EB4EA4F1E0FDC074B934', 3082, 'Sur');
INSERT INTO TNHT_MULT(LITE_PK, LANG_PK, MULT_DESC)
VALUES('B00414C287C1EB4EA4F1E0FDC074B934', 2070, 'Sul');
INSERT INTO TNHT_ENUM (ENUM_PK, LITE_PK)
VALUES(3712, 'B00414C287C1EB4EA4F1E0FDC074B934');
INSERT INTO TNHT_LITE(LITE_PK) VALUES('E0672EA69075C945939B8A41BC0C4715');
INSERT INTO TNHT_MULT(LITE_PK, LANG_PK, MULT_DESC)
VALUES('E0672EA69075C945939B8A41BC0C4715', 1033, 'West');
INSERT INTO TNHT_MULT(LITE_PK, LANG_PK, MULT_DESC)
VALUES('E0672EA69075C945939B8A41BC0C4715', 3082, 'Oeste');
INSERT INTO TNHT_MULT(LITE_PK, LANG_PK, MULT_DESC)
VALUES('E0672EA69075C945939B8A41BC0C4715', 2070, 'Oeste');
INSERT INTO TNHT_ENUM (ENUM_PK, LITE_PK)
VALUES(3721, 'E0672EA69075C945939B8A41BC0C4715');
INSERT INTO TNHT_LITE(LITE_PK) VALUES('EF35DD7AE15F094EADC95BAD1DB300DE');
INSERT INTO TNHT_MULT(LITE_PK, LANG_PK, MULT_DESC)
VALUES('EF35DD7AE15F094EADC95BAD1DB300DE', 1033, 'East');
INSERT INTO TNHT_MULT(LITE_PK, LANG_PK, MULT_DESC)
VALUES('EF35DD7AE15F094EADC95BAD1DB300DE', 3082, 'Este');
INSERT INTO TNHT_MULT(LITE_PK, LANG_PK, MULT_DESC)
VALUES('EF35DD7AE15F094EADC95BAD1DB300DE', 2070, 'Leste');
INSERT INTO TNHT_ENUM (ENUM_PK, LITE_PK)
VALUES(3722, 'EF35DD7AE15F094EADC95BAD1DB300DE');
INSERT INTO TNHT_LITE(LITE_PK) VALUES('0CEC85E4A1481244ACABBB647680E820');
INSERT INTO TNHT_MULT(LITE_PK, LANG_PK, MULT_DESC)
VALUES('0CEC85E4A1481244ACABBB647680E820', 1033, 'Condo');
INSERT INTO TNHT_MULT(LITE_PK, LANG_PK, MULT_DESC)
VALUES('0CEC85E4A1481244ACABBB647680E820', 3082, 'Condo');
INSERT INTO TNHT_MULT(LITE_PK, LANG_PK, MULT_DESC)
VALUES('0CEC85E4A1481244ACABBB647680E820', 2070, 'Condomínio');
INSERT INTO TNHT_ENUM (ENUM_PK, LITE_PK)
VALUES(3751, '0CEC85E4A1481244ACABBB647680E820');
INSERT INTO TNHT_LITE(LITE_PK) VALUES('0C93074DD4D29A47AF639BDD0EEE1840');
INSERT INTO TNHT_MULT(LITE_PK, LANG_PK, MULT_DESC)
VALUES('0C93074DD4D29A47AF639BDD0EEE1840', 1033, 'Residential');
INSERT INTO TNHT_MULT(LITE_PK, LANG_PK, MULT_DESC)
VALUES('0C93074DD4D29A47AF639BDD0EEE1840', 3082, 'Residencial');
INSERT INTO TNHT_MULT(LITE_PK, LANG_PK, MULT_DESC)
VALUES('0C93074DD4D29A47AF639BDD0EEE1840', 2070, 'Residencial');
INSERT INTO TNHT_ENUM (ENUM_PK, LITE_PK)
VALUES(3752, '0C93074DD4D29A47AF639BDD0EEE1840');
INSERT INTO TNHT_LITE(LITE_PK) VALUES('823EA7D31D9D034E9B6F1C3DEC93147C');
INSERT INTO TNHT_MULT(LITE_PK, LANG_PK, MULT_DESC)
VALUES('823EA7D31D9D034E9B6F1C3DEC93147C', 1033, 'Mixed Residential');
INSERT INTO TNHT_MULT(LITE_PK, LANG_PK, MULT_DESC)
VALUES('823EA7D31D9D034E9B6F1C3DEC93147C', 3082, 'Residencial Mixto');
INSERT INTO TNHT_MULT(LITE_PK, LANG_PK, MULT_DESC)
VALUES('823EA7D31D9D034E9B6F1C3DEC93147C', 2070, 'Residencial Misto');
INSERT INTO TNHT_ENUM (ENUM_PK, LITE_PK)
VALUES(3753, '823EA7D31D9D034E9B6F1C3DEC93147C');
INSERT INTO TNHT_LITE(LITE_PK) VALUES('9A1F199E4C3E0A4EB3790CEC2F72A63B');
INSERT INTO TNHT_MULT(LITE_PK, LANG_PK, MULT_DESC)
VALUES('9A1F199E4C3E0A4EB3790CEC2F72A63B', 1033, 'Commercial');
INSERT INTO TNHT_MULT(LITE_PK, LANG_PK, MULT_DESC)
VALUES('9A1F199E4C3E0A4EB3790CEC2F72A63B', 3082, 'Comercial');
INSERT INTO TNHT_MULT(LITE_PK, LANG_PK, MULT_DESC)
VALUES('9A1F199E4C3E0A4EB3790CEC2F72A63B', 2070, 'Comercial');
INSERT INTO TNHT_ENUM (ENUM_PK, LITE_PK)
VALUES(3754, '9A1F199E4C3E0A4EB3790CEC2F72A63B');
INSERT INTO TNHT_LITE(LITE_PK) VALUES('7D98992E5F2D3B47811A2F65A186B1B3');
INSERT INTO TNHT_MULT(LITE_PK, LANG_PK, MULT_DESC)
VALUES('7D98992E5F2D3B47811A2F65A186B1B3', 1033, 'Social Housing');
INSERT INTO TNHT_MULT(LITE_PK, LANG_PK, MULT_DESC)
VALUES('7D98992E5F2D3B47811A2F65A186B1B3', 3082, 'Vivienda Social');
INSERT INTO TNHT_MULT(LITE_PK, LANG_PK, MULT_DESC)
VALUES('7D98992E5F2D3B47811A2F65A186B1B3', 2070, 'Habitação Social');
INSERT INTO TNHT_ENUM (ENUM_PK, LITE_PK)
VALUES(3755, '7D98992E5F2D3B47811A2F65A186B1B3');
INSERT INTO TNHT_LITE(LITE_PK) VALUES('BE7EB3ACF1ADB04C88D2E0B20835CD16');
INSERT INTO TNHT_MULT(LITE_PK, LANG_PK, MULT_DESC)
VALUES('BE7EB3ACF1ADB04C88D2E0B20835CD16', 1033, 'Senior Housing');
INSERT INTO TNHT_MULT(LITE_PK, LANG_PK, MULT_DESC)
VALUES('BE7EB3ACF1ADB04C88D2E0B20835CD16', 3082, 'Vivienda Senior');
INSERT INTO TNHT_MULT(LITE_PK, LANG_PK, MULT_DESC)
VALUES('BE7EB3ACF1ADB04C88D2E0B20835CD16', 2070, 'Habitação Senior');
INSERT INTO TNHT_ENUM (ENUM_PK, LITE_PK)
VALUES(3756, 'BE7EB3ACF1ADB04C88D2E0B20835CD16');
INSERT INTO TNHT_LITE(LITE_PK) VALUES('68910084AECA2D43AF44E0E1CA38CAF9');
INSERT INTO TNHT_MULT(LITE_PK, LANG_PK, MULT_DESC)
VALUES('68910084AECA2D43AF44E0E1CA38CAF9', 1033, 'Parking');
INSERT INTO TNHT_MULT(LITE_PK, LANG_PK, MULT_DESC)
VALUES('68910084AECA2D43AF44E0E1CA38CAF9', 3082, 'Estacionamiento');
INSERT INTO TNHT_MULT(LITE_PK, LANG_PK, MULT_DESC)
VALUES('68910084AECA2D43AF44E0E1CA38CAF9', 2070, 'Estacionamento');
INSERT INTO TNHT_ENUM (ENUM_PK, LITE_PK)
VALUES(3757, '68910084AECA2D43AF44E0E1CA38CAF9');
INSERT INTO TNHT_LITE(LITE_PK) VALUES('D53AF54EC235764C831DED8AB97D1426');
INSERT INTO TNHT_MULT(LITE_PK, LANG_PK, MULT_DESC)
VALUES('D53AF54EC235764C831DED8AB97D1426', 1033, 'Storage');
INSERT INTO TNHT_MULT(LITE_PK, LANG_PK, MULT_DESC)
VALUES('D53AF54EC235764C831DED8AB97D1426', 3082, 'Almacenamiento');
INSERT INTO TNHT_MULT(LITE_PK, LANG_PK, MULT_DESC)
VALUES('D53AF54EC235764C831DED8AB97D1426', 2070, 'Armazenamento');
INSERT INTO TNHT_ENUM (ENUM_PK, LITE_PK)
VALUES(3758, 'D53AF54EC235764C831DED8AB97D1426');
INSERT INTO TNHT_LITE(LITE_PK) VALUES('30321FF74C77494A98F5F5F8676A0F92');
INSERT INTO TNHT_MULT(LITE_PK, LANG_PK, MULT_DESC)
VALUES('30321FF74C77494A98F5F5F8676A0F92', 1033, 'Association');
INSERT INTO TNHT_MULT(LITE_PK, LANG_PK, MULT_DESC)
VALUES('30321FF74C77494A98F5F5F8676A0F92', 3082, 'Asociación');
INSERT INTO TNHT_MULT(LITE_PK, LANG_PK, MULT_DESC)
VALUES('30321FF74C77494A98F5F5F8676A0F92', 2070, 'Associação');
INSERT INTO TNHT_ENUM (ENUM_PK, LITE_PK)
VALUES(3759, '30321FF74C77494A98F5F5F8676A0F92');
INSERT INTO TNHT_LITE(LITE_PK) VALUES('0C020E546307D44B9ACC6C19C8D8CA21');
INSERT INTO TNHT_MULT(LITE_PK, LANG_PK, MULT_DESC)
VALUES('0C020E546307D44B9ACC6C19C8D8CA21', 1033, 'Military');
INSERT INTO TNHT_MULT(LITE_PK, LANG_PK, MULT_DESC)
VALUES('0C020E546307D44B9ACC6C19C8D8CA21', 3082, 'Militar');
INSERT INTO TNHT_MULT(LITE_PK, LANG_PK, MULT_DESC)
VALUES('0C020E546307D44B9ACC6C19C8D8CA21', 2070, 'Militar');
INSERT INTO TNHT_ENUM (ENUM_PK, LITE_PK)
VALUES(3760, '0C020E546307D44B9ACC6C19C8D8CA21');
INSERT INTO TNHT_LITE(LITE_PK) VALUES('2C51B94594287C44AA7D7455AF2F7727');
INSERT INTO TNHT_MULT(LITE_PK, LANG_PK, MULT_DESC)
VALUES('2C51B94594287C44AA7D7455AF2F7727', 1033, 'Other');
INSERT INTO TNHT_MULT(LITE_PK, LANG_PK, MULT_DESC)
VALUES('2C51B94594287C44AA7D7455AF2F7727', 3082, 'Otro');
INSERT INTO TNHT_MULT(LITE_PK, LANG_PK, MULT_DESC)
VALUES('2C51B94594287C44AA7D7455AF2F7727', 2070, 'Outro');
INSERT INTO TNHT_ENUM (ENUM_PK, LITE_PK)
VALUES(3761, '2C51B94594287C44AA7D7455AF2F7727');
INSERT INTO TNHT_LITE(LITE_PK) VALUES('F4B9A0D2B14E164499A105BB3E25E7B4');
INSERT INTO TNHT_MULT(LITE_PK, LANG_PK, MULT_DESC)
VALUES('F4B9A0D2B14E164499A105BB3E25E7B4', 1033, 'Brick');
INSERT INTO TNHT_MULT(LITE_PK, LANG_PK, MULT_DESC)
VALUES('F4B9A0D2B14E164499A105BB3E25E7B4', 3082, 'Ladrillo');
INSERT INTO TNHT_MULT(LITE_PK, LANG_PK, MULT_DESC)
VALUES('F4B9A0D2B14E164499A105BB3E25E7B4', 2070, 'Tijolo');
INSERT INTO TNHT_ENUM (ENUM_PK, LITE_PK)
VALUES(3791, 'F4B9A0D2B14E164499A105BB3E25E7B4');
INSERT INTO TNHT_LITE(LITE_PK) VALUES('CB75E8329C9E9246BC94EBA6E75EE635');
INSERT INTO TNHT_MULT(LITE_PK, LANG_PK, MULT_DESC)
VALUES('CB75E8329C9E9246BC94EBA6E75EE635', 1033, 'Wood');
INSERT INTO TNHT_MULT(LITE_PK, LANG_PK, MULT_DESC)
VALUES('CB75E8329C9E9246BC94EBA6E75EE635', 3082, 'Madera');
INSERT INTO TNHT_MULT(LITE_PK, LANG_PK, MULT_DESC)
VALUES('CB75E8329C9E9246BC94EBA6E75EE635', 2070, 'Madeira');
INSERT INTO TNHT_ENUM (ENUM_PK, LITE_PK)
VALUES(3792, 'CB75E8329C9E9246BC94EBA6E75EE635');
INSERT INTO TNHT_LITE(LITE_PK) VALUES('BF9248238E3DE54E99651846B657A5C1');
INSERT INTO TNHT_MULT(LITE_PK, LANG_PK, MULT_DESC)
VALUES('BF9248238E3DE54E99651846B657A5C1', 1033, 'Block');
INSERT INTO TNHT_MULT(LITE_PK, LANG_PK, MULT_DESC)
VALUES('BF9248238E3DE54E99651846B657A5C1', 3082, 'Bloque');
INSERT INTO TNHT_MULT(LITE_PK, LANG_PK, MULT_DESC)
VALUES('BF9248238E3DE54E99651846B657A5C1', 2070, 'Bloco');
INSERT INTO TNHT_ENUM (ENUM_PK, LITE_PK)
VALUES(3793, 'BF9248238E3DE54E99651846B657A5C1');
INSERT INTO TNHT_LITE(LITE_PK) VALUES('A815F1403C160B4D9A74C37246304AFF');
INSERT INTO TNHT_MULT(LITE_PK, LANG_PK, MULT_DESC)
VALUES('A815F1403C160B4D9A74C37246304AFF', 1033, 'Panel');
INSERT INTO TNHT_MULT(LITE_PK, LANG_PK, MULT_DESC)
VALUES('A815F1403C160B4D9A74C37246304AFF', 3082, 'Panel');
INSERT INTO TNHT_MULT(LITE_PK, LANG_PK, MULT_DESC)
VALUES('A815F1403C160B4D9A74C37246304AFF', 2070, 'Painel');
INSERT INTO TNHT_ENUM (ENUM_PK, LITE_PK)
VALUES(3794, 'A815F1403C160B4D9A74C37246304AFF');
INSERT INTO TNHT_LITE(LITE_PK) VALUES('090FFD5832FE234C81F5EAAE280B2A6B');
INSERT INTO TNHT_MULT(LITE_PK, LANG_PK, MULT_DESC)
VALUES('090FFD5832FE234C81F5EAAE280B2A6B', 1033, 'Other');
INSERT INTO TNHT_MULT(LITE_PK, LANG_PK, MULT_DESC)
VALUES('090FFD5832FE234C81F5EAAE280B2A6B', 3082, 'Otro');
INSERT INTO TNHT_MULT(LITE_PK, LANG_PK, MULT_DESC)
VALUES('090FFD5832FE234C81F5EAAE280B2A6B', 2070, 'Outro');
INSERT INTO TNHT_ENUM (ENUM_PK, LITE_PK)
VALUES(3795, '090FFD5832FE234C81F5EAAE280B2A6B');
INSERT INTO TNHT_LITE(LITE_PK) VALUES('3DCE1534937F014F9F657BE37BE36A22');
INSERT INTO TNHT_MULT(LITE_PK, LANG_PK, MULT_DESC)
VALUES('3DCE1534937F014F9F657BE37BE36A22', 1033, 'Hardwood');
INSERT INTO TNHT_MULT(LITE_PK, LANG_PK, MULT_DESC)
VALUES('3DCE1534937F014F9F657BE37BE36A22', 3082, 'Madera');
INSERT INTO TNHT_MULT(LITE_PK, LANG_PK, MULT_DESC)
VALUES('3DCE1534937F014F9F657BE37BE36A22', 2070, 'Madeira');
INSERT INTO TNHT_ENUM (ENUM_PK, LITE_PK)
VALUES(3821, '3DCE1534937F014F9F657BE37BE36A22');
INSERT INTO TNHT_LITE(LITE_PK) VALUES('5676A34526603148BAC042A94EB7254D');
INSERT INTO TNHT_MULT(LITE_PK, LANG_PK, MULT_DESC)
VALUES('5676A34526603148BAC042A94EB7254D', 1033, 'Tile');
INSERT INTO TNHT_MULT(LITE_PK, LANG_PK, MULT_DESC)
VALUES('5676A34526603148BAC042A94EB7254D', 3082, 'Azulejo');
INSERT INTO TNHT_MULT(LITE_PK, LANG_PK, MULT_DESC)
VALUES('5676A34526603148BAC042A94EB7254D', 2070, 'Azulejo');
INSERT INTO TNHT_ENUM (ENUM_PK, LITE_PK)
VALUES(3822, '5676A34526603148BAC042A94EB7254D');
INSERT INTO TNHT_LITE(LITE_PK) VALUES('6C7356B8AE274F4A9F20370C9DE22DBC');
INSERT INTO TNHT_MULT(LITE_PK, LANG_PK, MULT_DESC)
VALUES('6C7356B8AE274F4A9F20370C9DE22DBC', 1033, 'Laminate');
INSERT INTO TNHT_MULT(LITE_PK, LANG_PK, MULT_DESC)
VALUES('6C7356B8AE274F4A9F20370C9DE22DBC', 3082, 'Laminado');
INSERT INTO TNHT_MULT(LITE_PK, LANG_PK, MULT_DESC)
VALUES('6C7356B8AE274F4A9F20370C9DE22DBC', 2070, 'Laminado');
INSERT INTO TNHT_ENUM (ENUM_PK, LITE_PK)
VALUES(3823, '6C7356B8AE274F4A9F20370C9DE22DBC');
INSERT INTO TNHT_LITE(LITE_PK) VALUES('648A4AFC76F6F341BAE5FC9518A188AA');
INSERT INTO TNHT_MULT(LITE_PK, LANG_PK, MULT_DESC)
VALUES('648A4AFC76F6F341BAE5FC9518A188AA', 1033, 'Carpet');
INSERT INTO TNHT_MULT(LITE_PK, LANG_PK, MULT_DESC)
VALUES('648A4AFC76F6F341BAE5FC9518A188AA', 3082, 'Alfombras');
INSERT INTO TNHT_MULT(LITE_PK, LANG_PK, MULT_DESC)
VALUES('648A4AFC76F6F341BAE5FC9518A188AA', 2070, 'Tapete');
INSERT INTO TNHT_ENUM (ENUM_PK, LITE_PK)
VALUES(3824, '648A4AFC76F6F341BAE5FC9518A188AA');
INSERT INTO TNHT_LITE(LITE_PK) VALUES('64D8E24B0ADD134AB8E9E33B579F2E12');
INSERT INTO TNHT_MULT(LITE_PK, LANG_PK, MULT_DESC)
VALUES('64D8E24B0ADD134AB8E9E33B579F2E12', 1033, 'Mixed');
INSERT INTO TNHT_MULT(LITE_PK, LANG_PK, MULT_DESC)
VALUES('64D8E24B0ADD134AB8E9E33B579F2E12', 3082, 'Mixto');
INSERT INTO TNHT_MULT(LITE_PK, LANG_PK, MULT_DESC)
VALUES('64D8E24B0ADD134AB8E9E33B579F2E12', 2070, 'Mista');
INSERT INTO TNHT_ENUM (ENUM_PK, LITE_PK)
VALUES(3825, '64D8E24B0ADD134AB8E9E33B579F2E12');
INSERT INTO TNHT_LITE(LITE_PK) VALUES('B9178EBFB5BB8C4A81DED8349ED17EF5');
INSERT INTO TNHT_MULT(LITE_PK, LANG_PK, MULT_DESC)
VALUES('B9178EBFB5BB8C4A81DED8349ED17EF5', 1033, 'Other');
INSERT INTO TNHT_MULT(LITE_PK, LANG_PK, MULT_DESC)
VALUES('B9178EBFB5BB8C4A81DED8349ED17EF5', 3082, 'Otro');
INSERT INTO TNHT_MULT(LITE_PK, LANG_PK, MULT_DESC)
VALUES('B9178EBFB5BB8C4A81DED8349ED17EF5', 2070, 'Outro');
INSERT INTO TNHT_ENUM (ENUM_PK, LITE_PK)
VALUES(3826, 'B9178EBFB5BB8C4A81DED8349ED17EF5');
INSERT INTO TNHT_LITE(LITE_PK) VALUES('A7CEA0D9033F194B90680E1A594B41F7');
INSERT INTO TNHT_MULT(LITE_PK, LANG_PK, MULT_DESC)
VALUES('A7CEA0D9033F194B90680E1A594B41F7', 1033, 'Municipal');
INSERT INTO TNHT_MULT(LITE_PK, LANG_PK, MULT_DESC)
VALUES('A7CEA0D9033F194B90680E1A594B41F7', 3082, 'Municipal');
INSERT INTO TNHT_MULT(LITE_PK, LANG_PK, MULT_DESC)
VALUES('A7CEA0D9033F194B90680E1A594B41F7', 2070, 'Municipal');
INSERT INTO TNHT_ENUM (ENUM_PK, LITE_PK)
VALUES(3851, 'A7CEA0D9033F194B90680E1A594B41F7');
INSERT INTO TNHT_LITE(LITE_PK) VALUES('3746489F278AB543B294078B7AB5298F');
INSERT INTO TNHT_MULT(LITE_PK, LANG_PK, MULT_DESC)
VALUES('3746489F278AB543B294078B7AB5298F', 1033, 'Private Well');
INSERT INTO TNHT_MULT(LITE_PK, LANG_PK, MULT_DESC)
VALUES('3746489F278AB543B294078B7AB5298F', 3082, 'Pozo Privado');
INSERT INTO TNHT_MULT(LITE_PK, LANG_PK, MULT_DESC)
VALUES('3746489F278AB543B294078B7AB5298F', 2070, 'Poço Particular');
INSERT INTO TNHT_ENUM (ENUM_PK, LITE_PK)
VALUES(3852, '3746489F278AB543B294078B7AB5298F');
INSERT INTO TNHT_LITE(LITE_PK) VALUES('DDA786AEBB9AFA4FA6362C6D44726A80');
INSERT INTO TNHT_MULT(LITE_PK, LANG_PK, MULT_DESC)
VALUES('DDA786AEBB9AFA4FA6362C6D44726A80', 1033, 'Community Well');
INSERT INTO TNHT_MULT(LITE_PK, LANG_PK, MULT_DESC)
VALUES('DDA786AEBB9AFA4FA6362C6D44726A80', 3082, 'Pozo Comunitario');
INSERT INTO TNHT_MULT(LITE_PK, LANG_PK, MULT_DESC)
VALUES('DDA786AEBB9AFA4FA6362C6D44726A80', 2070, 'Poço Comunitário');
INSERT INTO TNHT_ENUM (ENUM_PK, LITE_PK)
VALUES(3853, 'DDA786AEBB9AFA4FA6362C6D44726A80');
INSERT INTO TNHT_LITE(LITE_PK) VALUES('03EA587675D95D4584D77B49057F7F63');
INSERT INTO TNHT_MULT(LITE_PK, LANG_PK, MULT_DESC)
VALUES('03EA587675D95D4584D77B49057F7F63', 1033, 'Other');
INSERT INTO TNHT_MULT(LITE_PK, LANG_PK, MULT_DESC)
VALUES('03EA587675D95D4584D77B49057F7F63', 3082, 'Otro');
INSERT INTO TNHT_MULT(LITE_PK, LANG_PK, MULT_DESC)
VALUES('03EA587675D95D4584D77B49057F7F63', 2070, 'Outro');
INSERT INTO TNHT_ENUM (ENUM_PK, LITE_PK)
VALUES(3854, '03EA587675D95D4584D77B49057F7F63');
INSERT INTO TNHT_LITE(LITE_PK) VALUES('65526006C4222E4088F797B0B1EE773F');
INSERT INTO TNHT_MULT(LITE_PK, LANG_PK, MULT_DESC)
VALUES('65526006C4222E4088F797B0B1EE773F', 1033, 'Gas');
INSERT INTO TNHT_MULT(LITE_PK, LANG_PK, MULT_DESC)
VALUES('65526006C4222E4088F797B0B1EE773F', 3082, 'Gas');
INSERT INTO TNHT_MULT(LITE_PK, LANG_PK, MULT_DESC)
VALUES('65526006C4222E4088F797B0B1EE773F', 2070, 'Gás');
INSERT INTO TNHT_ENUM (ENUM_PK, LITE_PK)
VALUES(3881, '65526006C4222E4088F797B0B1EE773F');
INSERT INTO TNHT_LITE(LITE_PK) VALUES('CE6D30779928304AA7A2F06344A8EAE3');
INSERT INTO TNHT_MULT(LITE_PK, LANG_PK, MULT_DESC)
VALUES('CE6D30779928304AA7A2F06344A8EAE3', 1033, 'Water');
INSERT INTO TNHT_MULT(LITE_PK, LANG_PK, MULT_DESC)
VALUES('CE6D30779928304AA7A2F06344A8EAE3', 3082, 'Agua');
INSERT INTO TNHT_MULT(LITE_PK, LANG_PK, MULT_DESC)
VALUES('CE6D30779928304AA7A2F06344A8EAE3', 2070, 'Água');
INSERT INTO TNHT_ENUM (ENUM_PK, LITE_PK)
VALUES(3882, 'CE6D30779928304AA7A2F06344A8EAE3');
INSERT INTO TNHT_LITE(LITE_PK) VALUES('AA6D3621D3F64D498EDF7F02299735B4');
INSERT INTO TNHT_MULT(LITE_PK, LANG_PK, MULT_DESC)
VALUES('AA6D3621D3F64D498EDF7F02299735B4', 1033, 'Hydro');
INSERT INTO TNHT_MULT(LITE_PK, LANG_PK, MULT_DESC)
VALUES('AA6D3621D3F64D498EDF7F02299735B4', 3082, 'Hidro');
INSERT INTO TNHT_MULT(LITE_PK, LANG_PK, MULT_DESC)
VALUES('AA6D3621D3F64D498EDF7F02299735B4', 2070, 'Hidro');
INSERT INTO TNHT_ENUM (ENUM_PK, LITE_PK)
VALUES(3883, 'AA6D3621D3F64D498EDF7F02299735B4');
INSERT INTO TNHT_LITE(LITE_PK) VALUES('C23D32BF755F644AADB401A45FB8BC80');
INSERT INTO TNHT_MULT(LITE_PK, LANG_PK, MULT_DESC)
VALUES('C23D32BF755F644AADB401A45FB8BC80', 1033, 'Cable');
INSERT INTO TNHT_MULT(LITE_PK, LANG_PK, MULT_DESC)
VALUES('C23D32BF755F644AADB401A45FB8BC80', 3082, 'Cable');
INSERT INTO TNHT_MULT(LITE_PK, LANG_PK, MULT_DESC)
VALUES('C23D32BF755F644AADB401A45FB8BC80', 2070, 'Cabo');
INSERT INTO TNHT_ENUM (ENUM_PK, LITE_PK)
VALUES(3884, 'C23D32BF755F644AADB401A45FB8BC80');
INSERT INTO TNHT_LITE(LITE_PK) VALUES('4FF4AA36F6E12A45845D17343126ED98');
INSERT INTO TNHT_MULT(LITE_PK, LANG_PK, MULT_DESC)
VALUES('4FF4AA36F6E12A45845D17343126ED98', 1033, 'Internet');
INSERT INTO TNHT_MULT(LITE_PK, LANG_PK, MULT_DESC)
VALUES('4FF4AA36F6E12A45845D17343126ED98', 3082, 'Internet');
INSERT INTO TNHT_MULT(LITE_PK, LANG_PK, MULT_DESC)
VALUES('4FF4AA36F6E12A45845D17343126ED98', 2070, 'Internet');
INSERT INTO TNHT_ENUM (ENUM_PK, LITE_PK)
VALUES(3885, '4FF4AA36F6E12A45845D17343126ED98');
INSERT INTO TNHT_LITE(LITE_PK) VALUES('30E3C5A2F7017F4E8784D81743688EE9');
INSERT INTO TNHT_MULT(LITE_PK, LANG_PK, MULT_DESC)
VALUES('30E3C5A2F7017F4E8784D81743688EE9', 1033, 'None');
INSERT INTO TNHT_MULT(LITE_PK, LANG_PK, MULT_DESC)
VALUES('30E3C5A2F7017F4E8784D81743688EE9', 3082, 'Ninguna');
INSERT INTO TNHT_MULT(LITE_PK, LANG_PK, MULT_DESC)
VALUES('30E3C5A2F7017F4E8784D81743688EE9', 2070, 'Nenhuma');
INSERT INTO TNHT_ENUM (ENUM_PK, LITE_PK)
VALUES(3901, '30E3C5A2F7017F4E8784D81743688EE9');
INSERT INTO TNHT_LITE(LITE_PK) VALUES('BB1A05893FFFB74F8105ADF7E8E8F0C1');
INSERT INTO TNHT_MULT(LITE_PK, LANG_PK, MULT_DESC)
VALUES('BB1A05893FFFB74F8105ADF7E8E8F0C1', 1033, 'Fixed Value');
INSERT INTO TNHT_MULT(LITE_PK, LANG_PK, MULT_DESC)
VALUES('BB1A05893FFFB74F8105ADF7E8E8F0C1', 3082, 'Valores Fijos');
INSERT INTO TNHT_MULT(LITE_PK, LANG_PK, MULT_DESC)
VALUES('BB1A05893FFFB74F8105ADF7E8E8F0C1', 2070, 'Valores Fixos');
INSERT INTO TNHT_ENUM (ENUM_PK, LITE_PK)
VALUES(3902, 'BB1A05893FFFB74F8105ADF7E8E8F0C1');
INSERT INTO TNHT_LITE(LITE_PK) VALUES('B3BF3E95840F5A4581270A357B6F06DD');
INSERT INTO TNHT_MULT(LITE_PK, LANG_PK, MULT_DESC)
VALUES('B3BF3E95840F5A4581270A357B6F06DD', 1033, 'Commission %');
INSERT INTO TNHT_MULT(LITE_PK, LANG_PK, MULT_DESC)
VALUES('B3BF3E95840F5A4581270A357B6F06DD', 3082, '% Comisión');
INSERT INTO TNHT_MULT(LITE_PK, LANG_PK, MULT_DESC)
VALUES('B3BF3E95840F5A4581270A357B6F06DD', 2070, '% Comissão');
INSERT INTO TNHT_ENUM (ENUM_PK, LITE_PK)
VALUES(3903, 'B3BF3E95840F5A4581270A357B6F06DD');
INSERT INTO TNHT_LITE(LITE_PK) VALUES('86C119B2F90BC74C8C2FA970B33E9721');
INSERT INTO TNHT_MULT(LITE_PK, LANG_PK, MULT_DESC)
VALUES('86C119B2F90BC74C8C2FA970B33E9721', 1033, 'Full Rate Commission %');
INSERT INTO TNHT_MULT(LITE_PK, LANG_PK, MULT_DESC)
VALUES('86C119B2F90BC74C8C2FA970B33E9721', 3082, '% Comisión Total Tarifa');
INSERT INTO TNHT_MULT(LITE_PK, LANG_PK, MULT_DESC)
VALUES('86C119B2F90BC74C8C2FA970B33E9721', 2070, '% Comissão Total Tarifa');
INSERT INTO TNHT_ENUM (ENUM_PK, LITE_PK)
VALUES(3904, '86C119B2F90BC74C8C2FA970B33E9721');
INSERT INTO TNHT_LITE(LITE_PK) VALUES('B40AE04E25BFB346A20B931E0E4A7C4E');
INSERT INTO TNHT_MULT(LITE_PK, LANG_PK, MULT_DESC)
VALUES('B40AE04E25BFB346A20B931E0E4A7C4E', 1033, 'Service & Full Rate %');
INSERT INTO TNHT_MULT(LITE_PK, LANG_PK, MULT_DESC)
VALUES('B40AE04E25BFB346A20B931E0E4A7C4E', 3082, '% Servicio y Total Tarifa');
INSERT INTO TNHT_MULT(LITE_PK, LANG_PK, MULT_DESC)
VALUES('B40AE04E25BFB346A20B931E0E4A7C4E', 2070, '% Serviço e Total Tarifa');
INSERT INTO TNHT_ENUM (ENUM_PK, LITE_PK)
VALUES(3905, 'B40AE04E25BFB346A20B931E0E4A7C4E');
INSERT INTO TNHT_LITE(LITE_PK) VALUES('D19A120C640CC34EAE4CB63CD2F6B58E');
INSERT INTO TNHT_MULT(LITE_PK, LANG_PK, MULT_DESC)
VALUES('D19A120C640CC34EAE4CB63CD2F6B58E', 1033, 'Occupied');
INSERT INTO TNHT_MULT(LITE_PK, LANG_PK, MULT_DESC)
VALUES('D19A120C640CC34EAE4CB63CD2F6B58E', 3082, 'Ocupada');
INSERT INTO TNHT_MULT(LITE_PK, LANG_PK, MULT_DESC)
VALUES('D19A120C640CC34EAE4CB63CD2F6B58E', 2070, 'Ocupada');
INSERT INTO TNHT_ENUM (ENUM_PK, LITE_PK)
VALUES(3962, 'D19A120C640CC34EAE4CB63CD2F6B58E');
INSERT INTO TNHT_LITE(LITE_PK) VALUES('2521EA1A45AC0E4BB2E0365DF7D968BC');
INSERT INTO TNHT_MULT(LITE_PK, LANG_PK, MULT_DESC)
VALUES('2521EA1A45AC0E4BB2E0365DF7D968BC', 1033, 'Vacant');
INSERT INTO TNHT_MULT(LITE_PK, LANG_PK, MULT_DESC)
VALUES('2521EA1A45AC0E4BB2E0365DF7D968BC', 3082, 'Libre');
INSERT INTO TNHT_MULT(LITE_PK, LANG_PK, MULT_DESC)
VALUES('2521EA1A45AC0E4BB2E0365DF7D968BC', 2070, 'Livre');
INSERT INTO TNHT_ENUM (ENUM_PK, LITE_PK)
VALUES(3963, '2521EA1A45AC0E4BB2E0365DF7D968BC');
INSERT INTO TNHT_LITE(LITE_PK) VALUES('5EF22B9ADFEF564692C44C34F6DE04F5');
INSERT INTO TNHT_MULT(LITE_PK, LANG_PK, MULT_DESC)
VALUES('5EF22B9ADFEF564692C44C34F6DE04F5', 1033, 'Check-In Date');
INSERT INTO TNHT_MULT(LITE_PK, LANG_PK, MULT_DESC)
VALUES('5EF22B9ADFEF564692C44C34F6DE04F5', 3082, 'Fecha de Llegada');
INSERT INTO TNHT_MULT(LITE_PK, LANG_PK, MULT_DESC)
VALUES('5EF22B9ADFEF564692C44C34F6DE04F5', 2070, 'Data de Chegada');
INSERT INTO TNHT_ENUM (ENUM_PK, LITE_PK)
VALUES(3964, '5EF22B9ADFEF564692C44C34F6DE04F5');
INSERT INTO TNHT_LITE(LITE_PK) VALUES('00661A2CFDD4284ABF4C9FB19DF0CF83');
INSERT INTO TNHT_MULT(LITE_PK, LANG_PK, MULT_DESC)
VALUES('00661A2CFDD4284ABF4C9FB19DF0CF83', 1033, 'Check-Out Date');
INSERT INTO TNHT_MULT(LITE_PK, LANG_PK, MULT_DESC)
VALUES('00661A2CFDD4284ABF4C9FB19DF0CF83', 3082, 'Fecha de Salida');
INSERT INTO TNHT_MULT(LITE_PK, LANG_PK, MULT_DESC)
VALUES('00661A2CFDD4284ABF4C9FB19DF0CF83', 2070, 'Data de Saida');
INSERT INTO TNHT_ENUM (ENUM_PK, LITE_PK)
VALUES(3965, '00661A2CFDD4284ABF4C9FB19DF0CF83');
INSERT INTO TNHT_LITE(LITE_PK) VALUES('77C603509BFFA24FB81AC2C0D174DC59');
INSERT INTO TNHT_MULT(LITE_PK, LANG_PK, MULT_DESC)
VALUES('77C603509BFFA24FB81AC2C0D174DC59', 1033, 'Predefined');
INSERT INTO TNHT_MULT(LITE_PK, LANG_PK, MULT_DESC)
VALUES('77C603509BFFA24FB81AC2C0D174DC59', 3082, 'Predefinido');
INSERT INTO TNHT_MULT(LITE_PK, LANG_PK, MULT_DESC)
VALUES('77C603509BFFA24FB81AC2C0D174DC59', 2070, 'Predefinido');
INSERT INTO TNHT_ENUM (ENUM_PK, LITE_PK)
VALUES(3966, '77C603509BFFA24FB81AC2C0D174DC59');
INSERT INTO TNHT_LITE(LITE_PK) VALUES('F2741D59D2B7F249A8BD6343E34607FD');
INSERT INTO TNHT_MULT(LITE_PK, LANG_PK, MULT_DESC)
VALUES('F2741D59D2B7F249A8BD6343E34607FD', 1033, '+ Owner');
INSERT INTO TNHT_MULT(LITE_PK, LANG_PK, MULT_DESC)
VALUES('F2741D59D2B7F249A8BD6343E34607FD', 3082, '+ Propietario');
INSERT INTO TNHT_MULT(LITE_PK, LANG_PK, MULT_DESC)
VALUES('F2741D59D2B7F249A8BD6343E34607FD', 2070, '+ Propietario');
INSERT INTO TNHT_ENUM (ENUM_PK, LITE_PK)
VALUES(3991, 'F2741D59D2B7F249A8BD6343E34607FD');
INSERT INTO TNHT_LITE(LITE_PK) VALUES('793008C884D2424A937D69464FAE6233');
INSERT INTO TNHT_MULT(LITE_PK, LANG_PK, MULT_DESC)
VALUES('793008C884D2424A937D69464FAE6233', 1033, '- Owner');
INSERT INTO TNHT_MULT(LITE_PK, LANG_PK, MULT_DESC)
VALUES('793008C884D2424A937D69464FAE6233', 3082, '- Propietario');
INSERT INTO TNHT_MULT(LITE_PK, LANG_PK, MULT_DESC)
VALUES('793008C884D2424A937D69464FAE6233', 2070, '- Propietario');
INSERT INTO TNHT_ENUM (ENUM_PK, LITE_PK)
VALUES(3992, '793008C884D2424A937D69464FAE6233');
INSERT INTO TNHT_LITE(LITE_PK) VALUES('F0A4F98B21F90E44A9B4DDBC2F6C8A87');
INSERT INTO TNHT_MULT(LITE_PK, LANG_PK, MULT_DESC)
VALUES('F0A4F98B21F90E44A9B4DDBC2F6C8A87', 1033, 'Pending Credits');
INSERT INTO TNHT_MULT(LITE_PK, LANG_PK, MULT_DESC)
VALUES('F0A4F98B21F90E44A9B4DDBC2F6C8A87', 3082, 'Pending Credits');
INSERT INTO TNHT_MULT(LITE_PK, LANG_PK, MULT_DESC)
VALUES('F0A4F98B21F90E44A9B4DDBC2F6C8A87', 2070, 'Pending Credits');
INSERT INTO TNHT_ENUM (ENUM_PK, LITE_PK)
VALUES(4022, 'F0A4F98B21F90E44A9B4DDBC2F6C8A87');
INSERT INTO TNHT_LITE(LITE_PK) VALUES('473F83F63E9361498BEAFC398C6E94D8');
INSERT INTO TNHT_MULT(LITE_PK, LANG_PK, MULT_DESC)
VALUES('473F83F63E9361498BEAFC398C6E94D8', 1033, 'Pending Debits');
INSERT INTO TNHT_MULT(LITE_PK, LANG_PK, MULT_DESC)
VALUES('473F83F63E9361498BEAFC398C6E94D8', 3082, 'Pending Debits');
INSERT INTO TNHT_MULT(LITE_PK, LANG_PK, MULT_DESC)
VALUES('473F83F63E9361498BEAFC398C6E94D8', 2070, 'Pending Debits');
INSERT INTO TNHT_ENUM (ENUM_PK, LITE_PK)
VALUES(4023, '473F83F63E9361498BEAFC398C6E94D8');
INSERT INTO TNHT_LITE(LITE_PK) VALUES('0080A085D86A704483EFAA06F7B0BD95');
INSERT INTO TNHT_MULT(LITE_PK, LANG_PK, MULT_DESC)
VALUES('0080A085D86A704483EFAA06F7B0BD95', 1033, 'Hotel');
INSERT INTO TNHT_MULT(LITE_PK, LANG_PK, MULT_DESC)
VALUES('0080A085D86A704483EFAA06F7B0BD95', 3082, 'Hotel');
INSERT INTO TNHT_MULT(LITE_PK, LANG_PK, MULT_DESC)
VALUES('0080A085D86A704483EFAA06F7B0BD95', 2070, 'Hotel');
INSERT INTO TNHT_ENUM (ENUM_PK, LITE_PK)
VALUES(4051, '0080A085D86A704483EFAA06F7B0BD95');
INSERT INTO TNHT_LITE(LITE_PK) VALUES('BDCCF1D0E20EBB41B76AB1A773A9C7D9');
INSERT INTO TNHT_MULT(LITE_PK, LANG_PK, MULT_DESC)
VALUES('BDCCF1D0E20EBB41B76AB1A773A9C7D9', 1033, 'Hostel');
INSERT INTO TNHT_MULT(LITE_PK, LANG_PK, MULT_DESC)
VALUES('BDCCF1D0E20EBB41B76AB1A773A9C7D9', 3082, 'Hostel');
INSERT INTO TNHT_MULT(LITE_PK, LANG_PK, MULT_DESC)
VALUES('BDCCF1D0E20EBB41B76AB1A773A9C7D9', 2070, 'Hostel');
INSERT INTO TNHT_ENUM (ENUM_PK, LITE_PK)
VALUES(4052, 'BDCCF1D0E20EBB41B76AB1A773A9C7D9');
INSERT INTO TNHT_LITE(LITE_PK) VALUES('6C2F24D01EE3D4409DF8DC9513055E04');
INSERT INTO TNHT_MULT(LITE_PK, LANG_PK, MULT_DESC)
VALUES('6C2F24D01EE3D4409DF8DC9513055E04', 1033, 'IBE');
INSERT INTO TNHT_MULT(LITE_PK, LANG_PK, MULT_DESC)
VALUES('6C2F24D01EE3D4409DF8DC9513055E04', 3082, 'IBE');
INSERT INTO TNHT_MULT(LITE_PK, LANG_PK, MULT_DESC)
VALUES('6C2F24D01EE3D4409DF8DC9513055E04', 2070, 'IBE');
INSERT INTO TNHT_ENUM (ENUM_PK, LITE_PK)
VALUES(4081, '6C2F24D01EE3D4409DF8DC9513055E04');
INSERT INTO TNHT_LITE(LITE_PK) VALUES('1965A31DFC701842B226AD96D473D5B0');
INSERT INTO TNHT_MULT(LITE_PK, LANG_PK, MULT_DESC)
VALUES('1965A31DFC701842B226AD96D473D5B0', 1033, 'PMS');
INSERT INTO TNHT_MULT(LITE_PK, LANG_PK, MULT_DESC)
VALUES('1965A31DFC701842B226AD96D473D5B0', 3082, 'PMS');
INSERT INTO TNHT_MULT(LITE_PK, LANG_PK, MULT_DESC)
VALUES('1965A31DFC701842B226AD96D473D5B0', 2070, 'PMS');
INSERT INTO TNHT_ENUM (ENUM_PK, LITE_PK)
VALUES(4082, '1965A31DFC701842B226AD96D473D5B0');
INSERT INTO TNHT_LITE(LITE_PK) VALUES('CCD230520F2A0F49AEEBC0AA86B0272E');
INSERT INTO TNHT_MULT(LITE_PK, LANG_PK, MULT_DESC)
VALUES('CCD230520F2A0F49AEEBC0AA86B0272E', 1033, 'Phone Calls');
INSERT INTO TNHT_MULT(LITE_PK, LANG_PK, MULT_DESC)
VALUES('CCD230520F2A0F49AEEBC0AA86B0272E', 3082, 'Llamadas');
INSERT INTO TNHT_MULT(LITE_PK, LANG_PK, MULT_DESC)
VALUES('CCD230520F2A0F49AEEBC0AA86B0272E', 2070, 'Chamadas');
INSERT INTO TNHT_ENUM (ENUM_PK, LITE_PK)
VALUES(4110, 'CCD230520F2A0F49AEEBC0AA86B0272E');
INSERT INTO TNHT_LITE(LITE_PK) VALUES('CC655497440BF146ACD768468A28FE62');
INSERT INTO TNHT_MULT(LITE_PK, LANG_PK, MULT_DESC)
VALUES('CC655497440BF146ACD768468A28FE62', 1033, 'Message');
INSERT INTO TNHT_MULT(LITE_PK, LANG_PK, MULT_DESC)
VALUES('CC655497440BF146ACD768468A28FE62', 3082, 'Mensaje');
INSERT INTO TNHT_MULT(LITE_PK, LANG_PK, MULT_DESC)
VALUES('CC655497440BF146ACD768468A28FE62', 2070, 'Mensagem');
INSERT INTO TNHT_ENUM (ENUM_PK, LITE_PK)
VALUES(4111, 'CC655497440BF146ACD768468A28FE62');
INSERT INTO TNHT_LITE(LITE_PK) VALUES('44F1F7B56F342D4B860FC7DF3E719913');
INSERT INTO TNHT_MULT(LITE_PK, LANG_PK, MULT_DESC)
VALUES('44F1F7B56F342D4B860FC7DF3E719913', 1033, 'Original Code in Voucher');
INSERT INTO TNHT_MULT(LITE_PK, LANG_PK, MULT_DESC)
VALUES('44F1F7B56F342D4B860FC7DF3E719913', 3082, 'Código Original en Voucher');
INSERT INTO TNHT_MULT(LITE_PK, LANG_PK, MULT_DESC)
VALUES('44F1F7B56F342D4B860FC7DF3E719913', 2070, 'Código Original em Voucher');
INSERT INTO TNHT_ENUM (ENUM_PK, LITE_PK)
VALUES(4141, '44F1F7B56F342D4B860FC7DF3E719913');
INSERT INTO TNHT_LITE(LITE_PK) VALUES('5553DEC9E1262F48A3BC957B554F4EAA');
INSERT INTO TNHT_MULT(LITE_PK, LANG_PK, MULT_DESC)
VALUES('5553DEC9E1262F48A3BC957B554F4EAA', 1033, 'Promo Code in Voucher');
INSERT INTO TNHT_MULT(LITE_PK, LANG_PK, MULT_DESC)
VALUES('5553DEC9E1262F48A3BC957B554F4EAA', 3082, 'Código Promo en Voucher');
INSERT INTO TNHT_MULT(LITE_PK, LANG_PK, MULT_DESC)
VALUES('5553DEC9E1262F48A3BC957B554F4EAA', 2070, 'Código Promo em Voucher');
INSERT INTO TNHT_ENUM (ENUM_PK, LITE_PK)
VALUES(4142, '5553DEC9E1262F48A3BC957B554F4EAA');
INSERT INTO TNHT_LITE(LITE_PK) VALUES('0BB8971363D4F648A03D78F6D11D643F');
INSERT INTO TNHT_MULT(LITE_PK, LANG_PK, MULT_DESC)
VALUES('0BB8971363D4F648A03D78F6D11D643F', 1033, 'Total regularized');
INSERT INTO TNHT_MULT(LITE_PK, LANG_PK, MULT_DESC)
VALUES('0BB8971363D4F648A03D78F6D11D643F', 3082, 'Total regularizado');
INSERT INTO TNHT_MULT(LITE_PK, LANG_PK, MULT_DESC)
VALUES('0BB8971363D4F648A03D78F6D11D643F', 2070, 'Total regularizado');
INSERT INTO TNHT_ENUM (ENUM_PK, LITE_PK)
VALUES(4171, '0BB8971363D4F648A03D78F6D11D643F');
INSERT INTO TNHT_LITE(LITE_PK) VALUES('917AC2E4EECEFB4E85D3E518F024A530');
INSERT INTO TNHT_MULT(LITE_PK, LANG_PK, MULT_DESC)
VALUES('917AC2E4EECEFB4E85D3E518F024A530', 1033, 'Partial regularized');
INSERT INTO TNHT_MULT(LITE_PK, LANG_PK, MULT_DESC)
VALUES('917AC2E4EECEFB4E85D3E518F024A530', 3082, 'Parcialmente regularizada');
INSERT INTO TNHT_MULT(LITE_PK, LANG_PK, MULT_DESC)
VALUES('917AC2E4EECEFB4E85D3E518F024A530', 2070, 'Parcialmente regularizada');
INSERT INTO TNHT_ENUM (ENUM_PK, LITE_PK)
VALUES(4172, '917AC2E4EECEFB4E85D3E518F024A530');
INSERT INTO TNHT_LITE(LITE_PK) VALUES('F814C5AFDC8A074A9BD87DE1D5B0184B');
INSERT INTO TNHT_MULT(LITE_PK, LANG_PK, MULT_DESC)
VALUES('F814C5AFDC8A074A9BD87DE1D5B0184B', 1033, 'Not regularized');
INSERT INTO TNHT_MULT(LITE_PK, LANG_PK, MULT_DESC)
VALUES('F814C5AFDC8A074A9BD87DE1D5B0184B', 3082, 'No regularizada');
INSERT INTO TNHT_MULT(LITE_PK, LANG_PK, MULT_DESC)
VALUES('F814C5AFDC8A074A9BD87DE1D5B0184B', 2070, 'Não regularizada');
INSERT INTO TNHT_ENUM (ENUM_PK, LITE_PK)
VALUES(4173, 'F814C5AFDC8A074A9BD87DE1D5B0184B');
INSERT INTO TNHT_LITE(LITE_PK) VALUES('4B2D58323DBDED4F8F9466B80414C527');
INSERT INTO TNHT_MULT(LITE_PK, LANG_PK, MULT_DESC)
VALUES('4B2D58323DBDED4F8F9466B80414C527', 1033, 'Price per Night');
INSERT INTO TNHT_MULT(LITE_PK, LANG_PK, MULT_DESC)
VALUES('4B2D58323DBDED4F8F9466B80414C527', 3082, 'Precio por Noche');
INSERT INTO TNHT_MULT(LITE_PK, LANG_PK, MULT_DESC)
VALUES('4B2D58323DBDED4F8F9466B80414C527', 2070, 'Preço por Noite');
INSERT INTO TNHT_ENUM (ENUM_PK, LITE_PK)
VALUES(4201, '4B2D58323DBDED4F8F9466B80414C527');
INSERT INTO TNHT_LITE(LITE_PK) VALUES('2AE5DA03D052514EA63B089049C15F02');
INSERT INTO TNHT_MULT(LITE_PK, LANG_PK, MULT_DESC)
VALUES('2AE5DA03D052514EA63B089049C15F02', 1033, 'Total Price');
INSERT INTO TNHT_MULT(LITE_PK, LANG_PK, MULT_DESC)
VALUES('2AE5DA03D052514EA63B089049C15F02', 3082, 'Precio Total');
INSERT INTO TNHT_MULT(LITE_PK, LANG_PK, MULT_DESC)
VALUES('2AE5DA03D052514EA63B089049C15F02', 2070, 'Preço Total');
INSERT INTO TNHT_ENUM (ENUM_PK, LITE_PK)
VALUES(4202, '2AE5DA03D052514EA63B089049C15F02');
INSERT INTO TNHT_LITE(LITE_PK) VALUES('33CA6337C3691247A446B3CAB540878F');
INSERT INTO TNHT_MULT(LITE_PK, LANG_PK, MULT_DESC)
VALUES('33CA6337C3691247A446B3CAB540878F', 1033, 'Custom');
INSERT INTO TNHT_MULT(LITE_PK, LANG_PK, MULT_DESC)
VALUES('33CA6337C3691247A446B3CAB540878F', 3082, 'Definido');
INSERT INTO TNHT_MULT(LITE_PK, LANG_PK, MULT_DESC)
VALUES('33CA6337C3691247A446B3CAB540878F', 2070, 'Definido');
INSERT INTO TNHT_ENUM (ENUM_PK, LITE_PK)
VALUES(4231, '33CA6337C3691247A446B3CAB540878F');
INSERT INTO TNHT_LITE(LITE_PK) VALUES('7D5B3A53614AED4280B862959FC2F984');
INSERT INTO TNHT_MULT(LITE_PK, LANG_PK, MULT_DESC)
VALUES('7D5B3A53614AED4280B862959FC2F984', 1033, 'Users');
INSERT INTO TNHT_MULT(LITE_PK, LANG_PK, MULT_DESC)
VALUES('7D5B3A53614AED4280B862959FC2F984', 3082, 'Usuarios');
INSERT INTO TNHT_MULT(LITE_PK, LANG_PK, MULT_DESC)
VALUES('7D5B3A53614AED4280B862959FC2F984', 2070, 'Utilizadores');
INSERT INTO TNHT_ENUM (ENUM_PK, LITE_PK)
VALUES(4232, '7D5B3A53614AED4280B862959FC2F984');
INSERT INTO TNHT_LITE(LITE_PK) VALUES('FF8D0251D306964D9631EAFA1043EE2B');
INSERT INTO TNHT_MULT(LITE_PK, LANG_PK, MULT_DESC)
VALUES('FF8D0251D306964D9631EAFA1043EE2B', 1033, 'Clients');
INSERT INTO TNHT_MULT(LITE_PK, LANG_PK, MULT_DESC)
VALUES('FF8D0251D306964D9631EAFA1043EE2B', 3082, 'Clientes');
INSERT INTO TNHT_MULT(LITE_PK, LANG_PK, MULT_DESC)
VALUES('FF8D0251D306964D9631EAFA1043EE2B', 2070, 'Clientes');
INSERT INTO TNHT_ENUM (ENUM_PK, LITE_PK)
VALUES(4233, 'FF8D0251D306964D9631EAFA1043EE2B');
INSERT INTO TNHT_LITE(LITE_PK) VALUES('E6261557BBF7CB4E8C9401FBA24FD6CA');
INSERT INTO TNHT_MULT(LITE_PK, LANG_PK, MULT_DESC)
VALUES('E6261557BBF7CB4E8C9401FBA24FD6CA', 1033, 'Reservations');
INSERT INTO TNHT_MULT(LITE_PK, LANG_PK, MULT_DESC)
VALUES('E6261557BBF7CB4E8C9401FBA24FD6CA', 3082, 'Reservas');
INSERT INTO TNHT_MULT(LITE_PK, LANG_PK, MULT_DESC)
VALUES('E6261557BBF7CB4E8C9401FBA24FD6CA', 2070, 'Reservas');
INSERT INTO TNHT_ENUM (ENUM_PK, LITE_PK)
VALUES(4234, 'E6261557BBF7CB4E8C9401FBA24FD6CA');
INSERT INTO TNHT_LITE(LITE_PK) VALUES('8F084C1D28A0DB4AA8C5845113999CD9');
INSERT INTO TNHT_MULT(LITE_PK, LANG_PK, MULT_DESC)
VALUES('8F084C1D28A0DB4AA8C5845113999CD9', 1033, 'Leisure - Vacation');
INSERT INTO TNHT_MULT(LITE_PK, LANG_PK, MULT_DESC)
VALUES('8F084C1D28A0DB4AA8C5845113999CD9', 3082, 'Ocio - Vacaciones');
INSERT INTO TNHT_MULT(LITE_PK, LANG_PK, MULT_DESC)
VALUES('8F084C1D28A0DB4AA8C5845113999CD9', 2070, 'Lazer - Férias ');
INSERT INTO TNHT_ENUM (ENUM_PK, LITE_PK)
VALUES(4261, '8F084C1D28A0DB4AA8C5845113999CD9');
INSERT INTO TNHT_LITE(LITE_PK) VALUES('28CE930F0C08834999538E05459A0158');
INSERT INTO TNHT_MULT(LITE_PK, LANG_PK, MULT_DESC)
VALUES('28CE930F0C08834999538E05459A0158', 1033, 'Business');
INSERT INTO TNHT_MULT(LITE_PK, LANG_PK, MULT_DESC)
VALUES('28CE930F0C08834999538E05459A0158', 3082, 'Negocios');
INSERT INTO TNHT_MULT(LITE_PK, LANG_PK, MULT_DESC)
VALUES('28CE930F0C08834999538E05459A0158', 2070, 'Negócios');
INSERT INTO TNHT_ENUM (ENUM_PK, LITE_PK)
VALUES(4262, '28CE930F0C08834999538E05459A0158');
INSERT INTO TNHT_LITE(LITE_PK) VALUES('86F71EDE1171B145BB0AF758E3CA8C78');
INSERT INTO TNHT_MULT(LITE_PK, LANG_PK, MULT_DESC)
VALUES('86F71EDE1171B145BB0AF758E3CA8C78', 1033, 'Convention - Fair');
INSERT INTO TNHT_MULT(LITE_PK, LANG_PK, MULT_DESC)
VALUES('86F71EDE1171B145BB0AF758E3CA8C78', 3082, 'Convención - Feria ');
INSERT INTO TNHT_MULT(LITE_PK, LANG_PK, MULT_DESC)
VALUES('86F71EDE1171B145BB0AF758E3CA8C78', 2070, 'Convenção - Feira');
INSERT INTO TNHT_ENUM (ENUM_PK, LITE_PK)
VALUES(4263, '86F71EDE1171B145BB0AF758E3CA8C78');
INSERT INTO TNHT_LITE(LITE_PK) VALUES('C00D9438803A2C44B3A0849DD989FF3E');
INSERT INTO TNHT_MULT(LITE_PK, LANG_PK, MULT_DESC)
VALUES('C00D9438803A2C44B3A0849DD989FF3E', 1033, 'Relatives - Friends');
INSERT INTO TNHT_MULT(LITE_PK, LANG_PK, MULT_DESC)
VALUES('C00D9438803A2C44B3A0849DD989FF3E', 3082, 'Familiares - Amigos');
INSERT INTO TNHT_MULT(LITE_PK, LANG_PK, MULT_DESC)
VALUES('C00D9438803A2C44B3A0849DD989FF3E', 2070, 'Parentes - Amigos');
INSERT INTO TNHT_ENUM (ENUM_PK, LITE_PK)
VALUES(4264, 'C00D9438803A2C44B3A0849DD989FF3E');
INSERT INTO TNHT_LITE(LITE_PK) VALUES('D39DE14DD1DE0B40A17965E2DDB7597F');
INSERT INTO TNHT_MULT(LITE_PK, LANG_PK, MULT_DESC)
VALUES('D39DE14DD1DE0B40A17965E2DDB7597F', 1033, 'Studies - Courses');
INSERT INTO TNHT_MULT(LITE_PK, LANG_PK, MULT_DESC)
VALUES('D39DE14DD1DE0B40A17965E2DDB7597F', 3082, 'Estudios - Cursos');
INSERT INTO TNHT_MULT(LITE_PK, LANG_PK, MULT_DESC)
VALUES('D39DE14DD1DE0B40A17965E2DDB7597F', 2070, 'Estudos - Cursos');
INSERT INTO TNHT_ENUM (ENUM_PK, LITE_PK)
VALUES(4265, 'D39DE14DD1DE0B40A17965E2DDB7597F');
INSERT INTO TNHT_LITE(LITE_PK) VALUES('C161FD80E7A00C449094B6959C1C9F27');
INSERT INTO TNHT_MULT(LITE_PK, LANG_PK, MULT_DESC)
VALUES('C161FD80E7A00C449094B6959C1C9F27', 1033, 'Religion');
INSERT INTO TNHT_MULT(LITE_PK, LANG_PK, MULT_DESC)
VALUES('C161FD80E7A00C449094B6959C1C9F27', 3082, 'Religión');
INSERT INTO TNHT_MULT(LITE_PK, LANG_PK, MULT_DESC)
VALUES('C161FD80E7A00C449094B6959C1C9F27', 2070, 'Religião');
INSERT INTO TNHT_ENUM (ENUM_PK, LITE_PK)
VALUES(4266, 'C161FD80E7A00C449094B6959C1C9F27');
INSERT INTO TNHT_LITE(LITE_PK) VALUES('9690B9CEB68D734ABD4243140D287027');
INSERT INTO TNHT_MULT(LITE_PK, LANG_PK, MULT_DESC)
VALUES('9690B9CEB68D734ABD4243140D287027', 1033, 'Health');
INSERT INTO TNHT_MULT(LITE_PK, LANG_PK, MULT_DESC)
VALUES('9690B9CEB68D734ABD4243140D287027', 3082, 'Salud');
INSERT INTO TNHT_MULT(LITE_PK, LANG_PK, MULT_DESC)
VALUES('9690B9CEB68D734ABD4243140D287027', 2070, 'Saúde');
INSERT INTO TNHT_ENUM (ENUM_PK, LITE_PK)
VALUES(4267, '9690B9CEB68D734ABD4243140D287027');
INSERT INTO TNHT_LITE(LITE_PK) VALUES('DAEADC3D5678394481D0BC044151F423');
INSERT INTO TNHT_MULT(LITE_PK, LANG_PK, MULT_DESC)
VALUES('DAEADC3D5678394481D0BC044151F423', 1033, 'Shopping');
INSERT INTO TNHT_MULT(LITE_PK, LANG_PK, MULT_DESC)
VALUES('DAEADC3D5678394481D0BC044151F423', 3082, 'Compras');
INSERT INTO TNHT_MULT(LITE_PK, LANG_PK, MULT_DESC)
VALUES('DAEADC3D5678394481D0BC044151F423', 2070, 'Compras');
INSERT INTO TNHT_ENUM (ENUM_PK, LITE_PK)
VALUES(4268, 'DAEADC3D5678394481D0BC044151F423');
INSERT INTO TNHT_LITE(LITE_PK) VALUES('0647E12A5181114F81EBD552B56A5229');
INSERT INTO TNHT_MULT(LITE_PK, LANG_PK, MULT_DESC)
VALUES('0647E12A5181114F81EBD552B56A5229', 1033, 'Plane');
INSERT INTO TNHT_MULT(LITE_PK, LANG_PK, MULT_DESC)
VALUES('0647E12A5181114F81EBD552B56A5229', 3082, 'Avión');
INSERT INTO TNHT_MULT(LITE_PK, LANG_PK, MULT_DESC)
VALUES('0647E12A5181114F81EBD552B56A5229', 2070, 'Avião');
INSERT INTO TNHT_ENUM (ENUM_PK, LITE_PK)
VALUES(4291, '0647E12A5181114F81EBD552B56A5229');
INSERT INTO TNHT_LITE(LITE_PK) VALUES('A666CAB7B38D8F4DA14ECF9F8857271D');
INSERT INTO TNHT_MULT(LITE_PK, LANG_PK, MULT_DESC)
VALUES('A666CAB7B38D8F4DA14ECF9F8857271D', 1033, 'Car');
INSERT INTO TNHT_MULT(LITE_PK, LANG_PK, MULT_DESC)
VALUES('A666CAB7B38D8F4DA14ECF9F8857271D', 3082, 'Automóvil');
INSERT INTO TNHT_MULT(LITE_PK, LANG_PK, MULT_DESC)
VALUES('A666CAB7B38D8F4DA14ECF9F8857271D', 2070, 'Automóvel');
INSERT INTO TNHT_ENUM (ENUM_PK, LITE_PK)
VALUES(4292, 'A666CAB7B38D8F4DA14ECF9F8857271D');
INSERT INTO TNHT_LITE(LITE_PK) VALUES('B3C3D276863B264191248666C6CC227F');
INSERT INTO TNHT_MULT(LITE_PK, LANG_PK, MULT_DESC)
VALUES('B3C3D276863B264191248666C6CC227F', 1033, 'Bus');
INSERT INTO TNHT_MULT(LITE_PK, LANG_PK, MULT_DESC)
VALUES('B3C3D276863B264191248666C6CC227F', 3082, 'Ómnibus');
INSERT INTO TNHT_MULT(LITE_PK, LANG_PK, MULT_DESC)
VALUES('B3C3D276863B264191248666C6CC227F', 2070, 'Ônibus');
INSERT INTO TNHT_ENUM (ENUM_PK, LITE_PK)
VALUES(4293, 'B3C3D276863B264191248666C6CC227F');
INSERT INTO TNHT_LITE(LITE_PK) VALUES('3B18EAC80B5D2E4492B20809C8F7239E');
INSERT INTO TNHT_MULT(LITE_PK, LANG_PK, MULT_DESC)
VALUES('3B18EAC80B5D2E4492B20809C8F7239E', 1033, 'Motorcycle');
INSERT INTO TNHT_MULT(LITE_PK, LANG_PK, MULT_DESC)
VALUES('3B18EAC80B5D2E4492B20809C8F7239E', 3082, 'Moto');
INSERT INTO TNHT_MULT(LITE_PK, LANG_PK, MULT_DESC)
VALUES('3B18EAC80B5D2E4492B20809C8F7239E', 2070, 'Moto');
INSERT INTO TNHT_ENUM (ENUM_PK, LITE_PK)
VALUES(4294, '3B18EAC80B5D2E4492B20809C8F7239E');
INSERT INTO TNHT_LITE(LITE_PK) VALUES('BFCF53A3BB3ECA49B394C3EEA31F59A1');
INSERT INTO TNHT_MULT(LITE_PK, LANG_PK, MULT_DESC)
VALUES('BFCF53A3BB3ECA49B394C3EEA31F59A1', 1033, 'Ship - Ferry Boat');
INSERT INTO TNHT_MULT(LITE_PK, LANG_PK, MULT_DESC)
VALUES('BFCF53A3BB3ECA49B394C3EEA31F59A1', 3082, 'Barco - Ferry');
INSERT INTO TNHT_MULT(LITE_PK, LANG_PK, MULT_DESC)
VALUES('BFCF53A3BB3ECA49B394C3EEA31F59A1', 2070, 'Navio - Barco');
INSERT INTO TNHT_ENUM (ENUM_PK, LITE_PK)
VALUES(4295, 'BFCF53A3BB3ECA49B394C3EEA31F59A1');
INSERT INTO TNHT_LITE(LITE_PK) VALUES('5A1D017FCB885D40B4458F53248CB611');
INSERT INTO TNHT_MULT(LITE_PK, LANG_PK, MULT_DESC)
VALUES('5A1D017FCB885D40B4458F53248CB611', 1033, 'Train');
INSERT INTO TNHT_MULT(LITE_PK, LANG_PK, MULT_DESC)
VALUES('5A1D017FCB885D40B4458F53248CB611', 3082, 'Tren');
INSERT INTO TNHT_MULT(LITE_PK, LANG_PK, MULT_DESC)
VALUES('5A1D017FCB885D40B4458F53248CB611', 2070, 'Trem');
INSERT INTO TNHT_ENUM (ENUM_PK, LITE_PK)
VALUES(4296, '5A1D017FCB885D40B4458F53248CB611');
INSERT INTO TNHT_LITE(LITE_PK) VALUES('B3925EBC0E788840B7CA3AF0B7F82EE2');
INSERT INTO TNHT_MULT(LITE_PK, LANG_PK, MULT_DESC)
VALUES('B3925EBC0E788840B7CA3AF0B7F82EE2', 1033, 'Other');
INSERT INTO TNHT_MULT(LITE_PK, LANG_PK, MULT_DESC)
VALUES('B3925EBC0E788840B7CA3AF0B7F82EE2', 3082, 'Otro');
INSERT INTO TNHT_MULT(LITE_PK, LANG_PK, MULT_DESC)
VALUES('B3925EBC0E788840B7CA3AF0B7F82EE2', 2070, 'Outro');
INSERT INTO TNHT_ENUM (ENUM_PK, LITE_PK)
VALUES(4297, 'B3925EBC0E788840B7CA3AF0B7F82EE2');
INSERT INTO TNHT_LITE(LITE_PK) VALUES('7EADCC609D440244B203C6C6D2018AFC');
INSERT INTO TNHT_MULT(LITE_PK, LANG_PK, MULT_DESC)
VALUES('7EADCC609D440244B203C6C6D2018AFC', 1033, 'Category');
INSERT INTO TNHT_MULT(LITE_PK, LANG_PK, MULT_DESC)
VALUES('7EADCC609D440244B203C6C6D2018AFC', 3082, 'Categoría');
INSERT INTO TNHT_MULT(LITE_PK, LANG_PK, MULT_DESC)
VALUES('7EADCC609D440244B203C6C6D2018AFC', 2070, 'Categoria');
INSERT INTO TNHT_MULT(LITE_PK, LANG_PK, MULT_DESC)
VALUES('7EADCC609D440244B203C6C6D2018AFC', 1036, 'Catégorie');
INSERT INTO TNHT_MULT(LITE_PK, LANG_PK, MULT_DESC)
VALUES('7EADCC609D440244B203C6C6D2018AFC', 1049, 'Kатегория');
INSERT INTO TNHT_ENUM (ENUM_PK, LITE_PK)
VALUES(4321, '7EADCC609D440244B203C6C6D2018AFC');
INSERT INTO TNHT_LITE(LITE_PK) VALUES('62D10986395B9F40AD9DCFC202936847');
INSERT INTO TNHT_MULT(LITE_PK, LANG_PK, MULT_DESC)
VALUES('62D10986395B9F40AD9DCFC202936847', 1033, 'Rate');
INSERT INTO TNHT_MULT(LITE_PK, LANG_PK, MULT_DESC)
VALUES('62D10986395B9F40AD9DCFC202936847', 3082, 'Tarifa');
INSERT INTO TNHT_MULT(LITE_PK, LANG_PK, MULT_DESC)
VALUES('62D10986395B9F40AD9DCFC202936847', 2070, 'Tarifa');
INSERT INTO TNHT_MULT(LITE_PK, LANG_PK, MULT_DESC)
VALUES('62D10986395B9F40AD9DCFC202936847', 1036, 'Taux');
INSERT INTO TNHT_MULT(LITE_PK, LANG_PK, MULT_DESC)
VALUES('62D10986395B9F40AD9DCFC202936847', 1049, 'Cкорость');
INSERT INTO TNHT_ENUM (ENUM_PK, LITE_PK)
VALUES(4323, '62D10986395B9F40AD9DCFC202936847');
INSERT INTO TNHT_LITE(LITE_PK) VALUES('75B2C13929707C498C1BEB060F2A2F23');
INSERT INTO TNHT_MULT(LITE_PK, LANG_PK, MULT_DESC)
VALUES('75B2C13929707C498C1BEB060F2A2F23', 1033, 'Product');
INSERT INTO TNHT_MULT(LITE_PK, LANG_PK, MULT_DESC)
VALUES('75B2C13929707C498C1BEB060F2A2F23', 3082, 'Producto');
INSERT INTO TNHT_MULT(LITE_PK, LANG_PK, MULT_DESC)
VALUES('75B2C13929707C498C1BEB060F2A2F23', 2070, 'Produto');
INSERT INTO TNHT_MULT(LITE_PK, LANG_PK, MULT_DESC)
VALUES('75B2C13929707C498C1BEB060F2A2F23', 1036, 'Produit');
INSERT INTO TNHT_MULT(LITE_PK, LANG_PK, MULT_DESC)
VALUES('75B2C13929707C498C1BEB060F2A2F23', 1049, 'продукт ');
INSERT INTO TNHT_ENUM (ENUM_PK, LITE_PK)
VALUES(4325, '75B2C13929707C498C1BEB060F2A2F23');
INSERT INTO TNHT_LITE(LITE_PK) VALUES('0FFB5AA3885C2348A8B296F5CE6DFA10');
INSERT INTO TNHT_MULT(LITE_PK, LANG_PK, MULT_DESC)
VALUES('0FFB5AA3885C2348A8B296F5CE6DFA10', 1033, 'Room Type');
INSERT INTO TNHT_MULT(LITE_PK, LANG_PK, MULT_DESC)
VALUES('0FFB5AA3885C2348A8B296F5CE6DFA10', 3082, 'Tipo Habitación');
INSERT INTO TNHT_MULT(LITE_PK, LANG_PK, MULT_DESC)
VALUES('0FFB5AA3885C2348A8B296F5CE6DFA10', 2070, 'Tipo Quarto');
INSERT INTO TNHT_MULT(LITE_PK, LANG_PK, MULT_DESC)
VALUES('0FFB5AA3885C2348A8B296F5CE6DFA10', 1036, 'Type de Chambre');
INSERT INTO TNHT_MULT(LITE_PK, LANG_PK, MULT_DESC)
VALUES('0FFB5AA3885C2348A8B296F5CE6DFA10', 1049, 'Тип номера');
INSERT INTO TNHT_ENUM (ENUM_PK, LITE_PK)
VALUES(4327, '0FFB5AA3885C2348A8B296F5CE6DFA10');
INSERT INTO TNHT_LITE(LITE_PK) VALUES('FDC427B4B9F37B4B8437ED9C42511B44');
INSERT INTO TNHT_MULT(LITE_PK, LANG_PK, MULT_DESC)
VALUES('FDC427B4B9F37B4B8437ED9C42511B44', 1033, 'Stop');
INSERT INTO TNHT_MULT(LITE_PK, LANG_PK, MULT_DESC)
VALUES('FDC427B4B9F37B4B8437ED9C42511B44', 3082, 'Detenerse');
INSERT INTO TNHT_MULT(LITE_PK, LANG_PK, MULT_DESC)
VALUES('FDC427B4B9F37B4B8437ED9C42511B44', 2070, 'Parar');
INSERT INTO TNHT_MULT(LITE_PK, LANG_PK, MULT_DESC)
VALUES('FDC427B4B9F37B4B8437ED9C42511B44', 1036, 'Stop');
INSERT INTO TNHT_MULT(LITE_PK, LANG_PK, MULT_DESC)
VALUES('FDC427B4B9F37B4B8437ED9C42511B44', 1049, 'Стоп');
INSERT INTO TNHT_ENUM (ENUM_PK, LITE_PK)
VALUES(4351, 'FDC427B4B9F37B4B8437ED9C42511B44');
INSERT INTO TNHT_LITE(LITE_PK) VALUES('A286D3B6C9B1134A92040A7976C95B08');
INSERT INTO TNHT_MULT(LITE_PK, LANG_PK, MULT_DESC)
VALUES('A286D3B6C9B1134A92040A7976C95B08', 1033, 'Change the occupied type');
INSERT INTO TNHT_MULT(LITE_PK, LANG_PK, MULT_DESC)
VALUES('A286D3B6C9B1134A92040A7976C95B08', 3082, 'Cambiar el tipo ocupado');
INSERT INTO TNHT_MULT(LITE_PK, LANG_PK, MULT_DESC)
VALUES('A286D3B6C9B1134A92040A7976C95B08', 2070, 'Alterar o tipo ocupado');
INSERT INTO TNHT_MULT(LITE_PK, LANG_PK, MULT_DESC)
VALUES('A286D3B6C9B1134A92040A7976C95B08', 1036, 'Modifier le type Occupé');
INSERT INTO TNHT_MULT(LITE_PK, LANG_PK, MULT_DESC)
VALUES('A286D3B6C9B1134A92040A7976C95B08', 1049, 'Измените занимаемой тип');
INSERT INTO TNHT_ENUM (ENUM_PK, LITE_PK)
VALUES(4352, 'A286D3B6C9B1134A92040A7976C95B08');
INSERT INTO TNHT_LITE(LITE_PK) VALUES('8FACA7CF2518A74FAF12CF722FE7D26D');
INSERT INTO TNHT_MULT(LITE_PK, LANG_PK, MULT_DESC)
VALUES('8FACA7CF2518A74FAF12CF722FE7D26D', 1033, 'Remove Room');
INSERT INTO TNHT_MULT(LITE_PK, LANG_PK, MULT_DESC)
VALUES('8FACA7CF2518A74FAF12CF722FE7D26D', 3082, 'Eliminar Habitación');
INSERT INTO TNHT_MULT(LITE_PK, LANG_PK, MULT_DESC)
VALUES('8FACA7CF2518A74FAF12CF722FE7D26D', 2070, 'Remover Quarto');
INSERT INTO TNHT_MULT(LITE_PK, LANG_PK, MULT_DESC)
VALUES('8FACA7CF2518A74FAF12CF722FE7D26D', 1036, 'Supprimer Chambre');
INSERT INTO TNHT_MULT(LITE_PK, LANG_PK, MULT_DESC)
VALUES('8FACA7CF2518A74FAF12CF722FE7D26D', 1049, 'удалить номер');
INSERT INTO TNHT_ENUM (ENUM_PK, LITE_PK)
VALUES(4353, '8FACA7CF2518A74FAF12CF722FE7D26D');
INSERT INTO TNHT_LITE(LITE_PK) VALUES('EF8BB46BD53EB047863438A6A05EA479');
INSERT INTO TNHT_MULT(LITE_PK, LANG_PK, MULT_DESC)
VALUES('EF8BB46BD53EB047863438A6A05EA479', 1033, 'Daily Rate');
INSERT INTO TNHT_MULT(LITE_PK, LANG_PK, MULT_DESC)
VALUES('EF8BB46BD53EB047863438A6A05EA479', 3082, 'Precio Diaria');
INSERT INTO TNHT_MULT(LITE_PK, LANG_PK, MULT_DESC)
VALUES('EF8BB46BD53EB047863438A6A05EA479', 2070, 'Preço Diaria');
INSERT INTO TNHT_ENUM (ENUM_PK, LITE_PK)
VALUES(4382, 'EF8BB46BD53EB047863438A6A05EA479');
INSERT INTO TNHT_LITE(LITE_PK) VALUES('A09D632E40772140857713BA52F19546');
INSERT INTO TNHT_MULT(LITE_PK, LANG_PK, MULT_DESC)
VALUES('A09D632E40772140857713BA52F19546', 1033, 'Room Rate');
INSERT INTO TNHT_MULT(LITE_PK, LANG_PK, MULT_DESC)
VALUES('A09D632E40772140857713BA52F19546', 3082, 'Precio Habitación');
INSERT INTO TNHT_MULT(LITE_PK, LANG_PK, MULT_DESC)
VALUES('A09D632E40772140857713BA52F19546', 2070, 'Preço Quarto');
INSERT INTO TNHT_ENUM (ENUM_PK, LITE_PK)
VALUES(4385, 'A09D632E40772140857713BA52F19546');
INSERT INTO TNHT_LITE(LITE_PK) VALUES('536B19A04C9AA843A19D37F55577936A');
INSERT INTO TNHT_MULT(LITE_PK, LANG_PK, MULT_DESC)
VALUES('536B19A04C9AA843A19D37F55577936A', 1033, 'Tip');
INSERT INTO TNHT_MULT(LITE_PK, LANG_PK, MULT_DESC)
VALUES('536B19A04C9AA843A19D37F55577936A', 3082, 'Propina');
INSERT INTO TNHT_MULT(LITE_PK, LANG_PK, MULT_DESC)
VALUES('536B19A04C9AA843A19D37F55577936A', 2070, 'Propina');
INSERT INTO TNHT_ENUM (ENUM_PK, LITE_PK)
VALUES(4403, '536B19A04C9AA843A19D37F55577936A');
INSERT INTO TNHT_LITE(LITE_PK) VALUES('708A4413CFB66540BAE3189F972CFF60');
INSERT INTO TNHT_MULT(LITE_PK, LANG_PK, MULT_DESC)
VALUES('708A4413CFB66540BAE3189F972CFF60', 1033, 'City Tax');
INSERT INTO TNHT_MULT(LITE_PK, LANG_PK, MULT_DESC)
VALUES('708A4413CFB66540BAE3189F972CFF60', 3082, 'City Tax');
INSERT INTO TNHT_MULT(LITE_PK, LANG_PK, MULT_DESC)
VALUES('708A4413CFB66540BAE3189F972CFF60', 2070, 'City Tax');
INSERT INTO TNHT_ENUM (ENUM_PK, LITE_PK)
VALUES(4407, '708A4413CFB66540BAE3189F972CFF60');

INSERT INTO TNHT_LITE(LITE_PK) VALUES('6A7A6540AE0D944C889D4CD0CEA4058D');
INSERT INTO TNHT_MULT(LITE_PK, LANG_PK, MULT_DESC)
VALUES('6A7A6540AE0D944C889D4CD0CEA4058D', 1033, 'Dirham, UAE');
INSERT INTO TNHT_MULT(LITE_PK, LANG_PK, MULT_DESC)
VALUES('6A7A6540AE0D944C889D4CD0CEA4058D', 3082, 'Dirham, EAU');
INSERT INTO TNHT_MULT(LITE_PK, LANG_PK, MULT_DESC)
VALUES('6A7A6540AE0D944C889D4CD0CEA4058D', 2070, 'Dirham, EAU');
INSERT INTO TNHT_MULT(LITE_PK, LANG_PK, MULT_DESC)
VALUES('6A7A6540AE0D944C889D4CD0CEA4058D', 1036, 'Dirham, EAU');
INSERT INTO TNHT_MULT(LITE_PK, LANG_PK, MULT_DESC)
VALUES('6A7A6540AE0D944C889D4CD0CEA4058D', 1031, 'VAE-Dirham');
INSERT INTO TNHT_MULT(LITE_PK, LANG_PK, MULT_DESC)
VALUES('6A7A6540AE0D944C889D4CD0CEA4058D', 1049, 'дирхам ОАЭ');
INSERT INTO TNHT_MULT(LITE_PK, LANG_PK, MULT_DESC)
VALUES('6A7A6540AE0D944C889D4CD0CEA4058D', 1063, 'JAE dirhamas');
INSERT INTO TNHT_UNMO(UNMO_PK, LITE_PK, UNMO_NDEC)
VALUES('AED', '6A7A6540AE0D944C889D4CD0CEA4058D', 2);
INSERT INTO TNHT_LITE(LITE_PK) VALUES('9386E8493AEF764BB2D7BFDA41C80062');
INSERT INTO TNHT_MULT(LITE_PK, LANG_PK, MULT_DESC)
VALUES('9386E8493AEF764BB2D7BFDA41C80062', 1033, 'Afghani');
INSERT INTO TNHT_MULT(LITE_PK, LANG_PK, MULT_DESC)
VALUES('9386E8493AEF764BB2D7BFDA41C80062', 3082, 'Afganí');
INSERT INTO TNHT_MULT(LITE_PK, LANG_PK, MULT_DESC)
VALUES('9386E8493AEF764BB2D7BFDA41C80062', 2070, 'Afegane');
INSERT INTO TNHT_MULT(LITE_PK, LANG_PK, MULT_DESC)
VALUES('9386E8493AEF764BB2D7BFDA41C80062', 1036, 'Afghani');
INSERT INTO TNHT_MULT(LITE_PK, LANG_PK, MULT_DESC)
VALUES('9386E8493AEF764BB2D7BFDA41C80062', 1031, 'Afghani');
INSERT INTO TNHT_MULT(LITE_PK, LANG_PK, MULT_DESC)
VALUES('9386E8493AEF764BB2D7BFDA41C80062', 1049, 'афгани');
INSERT INTO TNHT_MULT(LITE_PK, LANG_PK, MULT_DESC)
VALUES('9386E8493AEF764BB2D7BFDA41C80062', 1063, 'Afganis');
INSERT INTO TNHT_UNMO(UNMO_PK, LITE_PK, UNMO_NDEC)
VALUES('AFN', '9386E8493AEF764BB2D7BFDA41C80062', 2);
INSERT INTO TNHT_LITE(LITE_PK) VALUES('567731DF91913D4BBA34ED27474CCEA6');
INSERT INTO TNHT_MULT(LITE_PK, LANG_PK, MULT_DESC)
VALUES('567731DF91913D4BBA34ED27474CCEA6', 1033, 'Lek');
INSERT INTO TNHT_MULT(LITE_PK, LANG_PK, MULT_DESC)
VALUES('567731DF91913D4BBA34ED27474CCEA6', 3082, 'Lek');
INSERT INTO TNHT_MULT(LITE_PK, LANG_PK, MULT_DESC)
VALUES('567731DF91913D4BBA34ED27474CCEA6', 2070, 'Lek');
INSERT INTO TNHT_MULT(LITE_PK, LANG_PK, MULT_DESC)
VALUES('567731DF91913D4BBA34ED27474CCEA6', 1036, 'Lek');
INSERT INTO TNHT_MULT(LITE_PK, LANG_PK, MULT_DESC)
VALUES('567731DF91913D4BBA34ED27474CCEA6', 1031, 'Lek');
INSERT INTO TNHT_MULT(LITE_PK, LANG_PK, MULT_DESC)
VALUES('567731DF91913D4BBA34ED27474CCEA6', 1049, 'лек');
INSERT INTO TNHT_MULT(LITE_PK, LANG_PK, MULT_DESC)
VALUES('567731DF91913D4BBA34ED27474CCEA6', 1063, 'Lekas');
INSERT INTO TNHT_UNMO(UNMO_PK, LITE_PK, UNMO_NDEC)
VALUES('ALL', '567731DF91913D4BBA34ED27474CCEA6', 2);
INSERT INTO TNHT_LITE(LITE_PK) VALUES('DCF1F204C0A9244685567EDEE69761EC');
INSERT INTO TNHT_MULT(LITE_PK, LANG_PK, MULT_DESC)
VALUES('DCF1F204C0A9244685567EDEE69761EC', 1033, 'Dram, Armenian');
INSERT INTO TNHT_MULT(LITE_PK, LANG_PK, MULT_DESC)
VALUES('DCF1F204C0A9244685567EDEE69761EC', 3082, 'Dram, Armenio');
INSERT INTO TNHT_MULT(LITE_PK, LANG_PK, MULT_DESC)
VALUES('DCF1F204C0A9244685567EDEE69761EC', 2070, 'Dram, Arménia');
INSERT INTO TNHT_MULT(LITE_PK, LANG_PK, MULT_DESC)
VALUES('DCF1F204C0A9244685567EDEE69761EC', 1036, 'Dram, Arménien');
INSERT INTO TNHT_MULT(LITE_PK, LANG_PK, MULT_DESC)
VALUES('DCF1F204C0A9244685567EDEE69761EC', 1031, 'Armenischer Dram');
INSERT INTO TNHT_MULT(LITE_PK, LANG_PK, MULT_DESC)
VALUES('DCF1F204C0A9244685567EDEE69761EC', 1049, 'армянский драм');
INSERT INTO TNHT_MULT(LITE_PK, LANG_PK, MULT_DESC)
VALUES('DCF1F204C0A9244685567EDEE69761EC', 1063, 'Armėnijos dramas');
INSERT INTO TNHT_UNMO(UNMO_PK, LITE_PK, UNMO_NDEC)
VALUES('AMD', 'DCF1F204C0A9244685567EDEE69761EC', 0);
INSERT INTO TNHT_LITE(LITE_PK) VALUES('234BCF063073F848992EE64547D61B9A');
INSERT INTO TNHT_MULT(LITE_PK, LANG_PK, MULT_DESC)
VALUES('234BCF063073F848992EE64547D61B9A', 1033, 'Guilder, Netherlands Antillean');
INSERT INTO TNHT_MULT(LITE_PK, LANG_PK, MULT_DESC)
VALUES('234BCF063073F848992EE64547D61B9A', 3082, 'Florín, Antillas Holandesas');
INSERT INTO TNHT_MULT(LITE_PK, LANG_PK, MULT_DESC)
VALUES('234BCF063073F848992EE64547D61B9A', 2070, 'Guilder, Antilhas Holandesas');
INSERT INTO TNHT_MULT(LITE_PK, LANG_PK, MULT_DESC)
VALUES('234BCF063073F848992EE64547D61B9A', 1036, 'Florin, Antilles Néerlandaises');
INSERT INTO TNHT_MULT(LITE_PK, LANG_PK, MULT_DESC)
VALUES('234BCF063073F848992EE64547D61B9A', 1031, 'Niederländische Antillen-Gulden');
INSERT INTO TNHT_MULT(LITE_PK, LANG_PK, MULT_DESC)
VALUES('234BCF063073F848992EE64547D61B9A', 1049, 'нидерландский антильский гульден');
INSERT INTO TNHT_MULT(LITE_PK, LANG_PK, MULT_DESC)
VALUES('234BCF063073F848992EE64547D61B9A', 1063, 'Olandijos Antilų guldenas');
INSERT INTO TNHT_UNMO(UNMO_PK, LITE_PK, UNMO_NDEC)
VALUES('ANG', '234BCF063073F848992EE64547D61B9A', 2);
INSERT INTO TNHT_LITE(LITE_PK) VALUES('B93819AE07F79941BBA097668780F1E4');
INSERT INTO TNHT_MULT(LITE_PK, LANG_PK, MULT_DESC)
VALUES('B93819AE07F79941BBA097668780F1E4', 1033, 'Kwanza');
INSERT INTO TNHT_MULT(LITE_PK, LANG_PK, MULT_DESC)
VALUES('B93819AE07F79941BBA097668780F1E4', 3082, 'Kwanza');
INSERT INTO TNHT_MULT(LITE_PK, LANG_PK, MULT_DESC)
VALUES('B93819AE07F79941BBA097668780F1E4', 2070, 'Kwanza');
INSERT INTO TNHT_MULT(LITE_PK, LANG_PK, MULT_DESC)
VALUES('B93819AE07F79941BBA097668780F1E4', 1036, 'Kwanza');
INSERT INTO TNHT_MULT(LITE_PK, LANG_PK, MULT_DESC)
VALUES('B93819AE07F79941BBA097668780F1E4', 1031, 'Kwanza');
INSERT INTO TNHT_MULT(LITE_PK, LANG_PK, MULT_DESC)
VALUES('B93819AE07F79941BBA097668780F1E4', 1049, 'ангольская кванза');
INSERT INTO TNHT_MULT(LITE_PK, LANG_PK, MULT_DESC)
VALUES('B93819AE07F79941BBA097668780F1E4', 1063, 'Kvanza');
INSERT INTO TNHT_UNMO(UNMO_PK, LITE_PK, UNMO_NDEC)
VALUES('AOA', 'B93819AE07F79941BBA097668780F1E4', 1);
INSERT INTO TNHT_LITE(LITE_PK) VALUES('36A971DE962A6243ADF638996723B836');
INSERT INTO TNHT_MULT(LITE_PK, LANG_PK, MULT_DESC)
VALUES('36A971DE962A6243ADF638996723B836', 1033, 'Peso, Argentine');
INSERT INTO TNHT_MULT(LITE_PK, LANG_PK, MULT_DESC)
VALUES('36A971DE962A6243ADF638996723B836', 3082, 'Peso, Argentino');
INSERT INTO TNHT_MULT(LITE_PK, LANG_PK, MULT_DESC)
VALUES('36A971DE962A6243ADF638996723B836', 2070, 'Peso, Argentino');
INSERT INTO TNHT_MULT(LITE_PK, LANG_PK, MULT_DESC)
VALUES('36A971DE962A6243ADF638996723B836', 1036, 'Peso, Argentine');
INSERT INTO TNHT_MULT(LITE_PK, LANG_PK, MULT_DESC)
VALUES('36A971DE962A6243ADF638996723B836', 1031, 'Argentinischer Peso');
INSERT INTO TNHT_MULT(LITE_PK, LANG_PK, MULT_DESC)
VALUES('36A971DE962A6243ADF638996723B836', 1049, 'аргентинское песо');
INSERT INTO TNHT_MULT(LITE_PK, LANG_PK, MULT_DESC)
VALUES('36A971DE962A6243ADF638996723B836', 1063, 'Argentinos pesas');
INSERT INTO TNHT_UNMO(UNMO_PK, LITE_PK, UNMO_NDEC)
VALUES('ARS', '36A971DE962A6243ADF638996723B836', 2);
INSERT INTO TNHT_LITE(LITE_PK) VALUES('042F8C29CA3DCB4E811B56304C58A082');
INSERT INTO TNHT_MULT(LITE_PK, LANG_PK, MULT_DESC)
VALUES('042F8C29CA3DCB4E811B56304C58A082', 1033, 'Dollar, Australian');
INSERT INTO TNHT_MULT(LITE_PK, LANG_PK, MULT_DESC)
VALUES('042F8C29CA3DCB4E811B56304C58A082', 3082, 'Dólar, Australiano');
INSERT INTO TNHT_MULT(LITE_PK, LANG_PK, MULT_DESC)
VALUES('042F8C29CA3DCB4E811B56304C58A082', 2070, 'Dólar, Australiano');
INSERT INTO TNHT_MULT(LITE_PK, LANG_PK, MULT_DESC)
VALUES('042F8C29CA3DCB4E811B56304C58A082', 1036, 'Dollar, Australien');
INSERT INTO TNHT_MULT(LITE_PK, LANG_PK, MULT_DESC)
VALUES('042F8C29CA3DCB4E811B56304C58A082', 1031, 'Australischer Dollar');
INSERT INTO TNHT_MULT(LITE_PK, LANG_PK, MULT_DESC)
VALUES('042F8C29CA3DCB4E811B56304C58A082', 1049, 'австралийский доллар');
INSERT INTO TNHT_MULT(LITE_PK, LANG_PK, MULT_DESC)
VALUES('042F8C29CA3DCB4E811B56304C58A082', 1063, 'Australijos doleris');
INSERT INTO TNHT_UNMO(UNMO_PK, LITE_PK, UNMO_NDEC)
VALUES('AUD', '042F8C29CA3DCB4E811B56304C58A082', 2);
INSERT INTO TNHT_LITE(LITE_PK) VALUES('19E6745CFA07244F8240E3402E4E0055');
INSERT INTO TNHT_MULT(LITE_PK, LANG_PK, MULT_DESC)
VALUES('19E6745CFA07244F8240E3402E4E0055', 1033, 'Guilder, Aruban');
INSERT INTO TNHT_MULT(LITE_PK, LANG_PK, MULT_DESC)
VALUES('19E6745CFA07244F8240E3402E4E0055', 3082, 'Florín, Aruba');
INSERT INTO TNHT_MULT(LITE_PK, LANG_PK, MULT_DESC)
VALUES('19E6745CFA07244F8240E3402E4E0055', 2070, 'Guilder, Aruban');
INSERT INTO TNHT_MULT(LITE_PK, LANG_PK, MULT_DESC)
VALUES('19E6745CFA07244F8240E3402E4E0055', 1036, 'Florin, Aruba');
INSERT INTO TNHT_MULT(LITE_PK, LANG_PK, MULT_DESC)
VALUES('19E6745CFA07244F8240E3402E4E0055', 1031, 'Arubanischer Gulden');
INSERT INTO TNHT_MULT(LITE_PK, LANG_PK, MULT_DESC)
VALUES('19E6745CFA07244F8240E3402E4E0055', 1049, 'арубский гульден');
INSERT INTO TNHT_MULT(LITE_PK, LANG_PK, MULT_DESC)
VALUES('19E6745CFA07244F8240E3402E4E0055', 1063, 'Arubos guldenas');
INSERT INTO TNHT_UNMO(UNMO_PK, LITE_PK, UNMO_NDEC)
VALUES('AWG', '19E6745CFA07244F8240E3402E4E0055', 2);
INSERT INTO TNHT_LITE(LITE_PK) VALUES('98B26EA2EA4A7E43B34C263F71ACB474');
INSERT INTO TNHT_MULT(LITE_PK, LANG_PK, MULT_DESC)
VALUES('98B26EA2EA4A7E43B34C263F71ACB474', 1033, 'Manat, zerbaijanian');
INSERT INTO TNHT_MULT(LITE_PK, LANG_PK, MULT_DESC)
VALUES('98B26EA2EA4A7E43B34C263F71ACB474', 3082, 'Manat, Azerbayán');
INSERT INTO TNHT_MULT(LITE_PK, LANG_PK, MULT_DESC)
VALUES('98B26EA2EA4A7E43B34C263F71ACB474', 2070, 'Manat, Azerbaijano');
INSERT INTO TNHT_MULT(LITE_PK, LANG_PK, MULT_DESC)
VALUES('98B26EA2EA4A7E43B34C263F71ACB474', 1036, 'Manat, Azerbaïdjan');
INSERT INTO TNHT_MULT(LITE_PK, LANG_PK, MULT_DESC)
VALUES('98B26EA2EA4A7E43B34C263F71ACB474', 1031, 'Aserbeidschan Manat');
INSERT INTO TNHT_MULT(LITE_PK, LANG_PK, MULT_DESC)
VALUES('98B26EA2EA4A7E43B34C263F71ACB474', 1049, 'азербайджанский манат');
INSERT INTO TNHT_MULT(LITE_PK, LANG_PK, MULT_DESC)
VALUES('98B26EA2EA4A7E43B34C263F71ACB474', 1063, 'Azerbaidžano manatas');
INSERT INTO TNHT_UNMO(UNMO_PK, LITE_PK, UNMO_NDEC)
VALUES('AZN', '98B26EA2EA4A7E43B34C263F71ACB474', 2);
INSERT INTO TNHT_LITE(LITE_PK) VALUES('74965442F3488440BC2D2538E0CFBAC4');
INSERT INTO TNHT_MULT(LITE_PK, LANG_PK, MULT_DESC)
VALUES('74965442F3488440BC2D2538E0CFBAC4', 1033, 'Convertible Marks');
INSERT INTO TNHT_MULT(LITE_PK, LANG_PK, MULT_DESC)
VALUES('74965442F3488440BC2D2538E0CFBAC4', 3082, 'Marcos convertibles');
INSERT INTO TNHT_MULT(LITE_PK, LANG_PK, MULT_DESC)
VALUES('74965442F3488440BC2D2538E0CFBAC4', 2070, 'Marco conversível');
INSERT INTO TNHT_MULT(LITE_PK, LANG_PK, MULT_DESC)
VALUES('74965442F3488440BC2D2538E0CFBAC4', 1036, 'Marks convertibles');
INSERT INTO TNHT_MULT(LITE_PK, LANG_PK, MULT_DESC)
VALUES('74965442F3488440BC2D2538E0CFBAC4', 1031, 'Konvertible Mark');
INSERT INTO TNHT_MULT(LITE_PK, LANG_PK, MULT_DESC)
VALUES('74965442F3488440BC2D2538E0CFBAC4', 1049, 'конвертируемая марка');
INSERT INTO TNHT_MULT(LITE_PK, LANG_PK, MULT_DESC)
VALUES('74965442F3488440BC2D2538E0CFBAC4', 1063, 'Konvertuojamoji markė');
INSERT INTO TNHT_UNMO(UNMO_PK, LITE_PK, UNMO_NDEC)
VALUES('BAM', '74965442F3488440BC2D2538E0CFBAC4', 2);
INSERT INTO TNHT_LITE(LITE_PK) VALUES('A1EA5E045A56EE47972D22926E6EBD01');
INSERT INTO TNHT_MULT(LITE_PK, LANG_PK, MULT_DESC)
VALUES('A1EA5E045A56EE47972D22926E6EBD01', 1033, 'Dollar, Barbados');
INSERT INTO TNHT_MULT(LITE_PK, LANG_PK, MULT_DESC)
VALUES('A1EA5E045A56EE47972D22926E6EBD01', 3082, 'Dólar, Barbados');
INSERT INTO TNHT_MULT(LITE_PK, LANG_PK, MULT_DESC)
VALUES('A1EA5E045A56EE47972D22926E6EBD01', 2070, 'Dólar, Barbados');
INSERT INTO TNHT_MULT(LITE_PK, LANG_PK, MULT_DESC)
VALUES('A1EA5E045A56EE47972D22926E6EBD01', 1036, 'Dollar, Barbade');
INSERT INTO TNHT_MULT(LITE_PK, LANG_PK, MULT_DESC)
VALUES('A1EA5E045A56EE47972D22926E6EBD01', 1031, 'Barbados-Dollar');
INSERT INTO TNHT_MULT(LITE_PK, LANG_PK, MULT_DESC)
VALUES('A1EA5E045A56EE47972D22926E6EBD01', 1049, 'барбадосский доллар');
INSERT INTO TNHT_MULT(LITE_PK, LANG_PK, MULT_DESC)
VALUES('A1EA5E045A56EE47972D22926E6EBD01', 1063, 'Barbadoso doleris');
INSERT INTO TNHT_UNMO(UNMO_PK, LITE_PK, UNMO_NDEC)
VALUES('BBD', 'A1EA5E045A56EE47972D22926E6EBD01', 2);
INSERT INTO TNHT_LITE(LITE_PK) VALUES('70E2D66F0759CF49840BE1546D49582A');
INSERT INTO TNHT_MULT(LITE_PK, LANG_PK, MULT_DESC)
VALUES('70E2D66F0759CF49840BE1546D49582A', 1033, 'Taka');
INSERT INTO TNHT_MULT(LITE_PK, LANG_PK, MULT_DESC)
VALUES('70E2D66F0759CF49840BE1546D49582A', 3082, 'Taka');
INSERT INTO TNHT_MULT(LITE_PK, LANG_PK, MULT_DESC)
VALUES('70E2D66F0759CF49840BE1546D49582A', 2070, 'Taka');
INSERT INTO TNHT_MULT(LITE_PK, LANG_PK, MULT_DESC)
VALUES('70E2D66F0759CF49840BE1546D49582A', 1036, 'Taka');
INSERT INTO TNHT_MULT(LITE_PK, LANG_PK, MULT_DESC)
VALUES('70E2D66F0759CF49840BE1546D49582A', 1031, 'Taka');
INSERT INTO TNHT_MULT(LITE_PK, LANG_PK, MULT_DESC)
VALUES('70E2D66F0759CF49840BE1546D49582A', 1049, 'така');
INSERT INTO TNHT_MULT(LITE_PK, LANG_PK, MULT_DESC)
VALUES('70E2D66F0759CF49840BE1546D49582A', 1063, 'Taka');
INSERT INTO TNHT_UNMO(UNMO_PK, LITE_PK, UNMO_NDEC)
VALUES('BDT', '70E2D66F0759CF49840BE1546D49582A', 2);
INSERT INTO TNHT_LITE(LITE_PK) VALUES('4D5A733F6D0038418F321B647C2A9762');
INSERT INTO TNHT_MULT(LITE_PK, LANG_PK, MULT_DESC)
VALUES('4D5A733F6D0038418F321B647C2A9762', 1033, 'Lev, Bulgarian');
INSERT INTO TNHT_MULT(LITE_PK, LANG_PK, MULT_DESC)
VALUES('4D5A733F6D0038418F321B647C2A9762', 3082, 'Lev, Búlgaro');
INSERT INTO TNHT_MULT(LITE_PK, LANG_PK, MULT_DESC)
VALUES('4D5A733F6D0038418F321B647C2A9762', 2070, 'Lev, Búlgaro');
INSERT INTO TNHT_MULT(LITE_PK, LANG_PK, MULT_DESC)
VALUES('4D5A733F6D0038418F321B647C2A9762', 1036, 'Lev, Bulgare');
INSERT INTO TNHT_MULT(LITE_PK, LANG_PK, MULT_DESC)
VALUES('4D5A733F6D0038418F321B647C2A9762', 1031, 'Bulgarischer Lev');
INSERT INTO TNHT_MULT(LITE_PK, LANG_PK, MULT_DESC)
VALUES('4D5A733F6D0038418F321B647C2A9762', 1049, 'болгарский лев');
INSERT INTO TNHT_MULT(LITE_PK, LANG_PK, MULT_DESC)
VALUES('4D5A733F6D0038418F321B647C2A9762', 1063, 'Bulgarijos levas');
INSERT INTO TNHT_UNMO(UNMO_PK, LITE_PK, UNMO_NDEC)
VALUES('BGN', '4D5A733F6D0038418F321B647C2A9762', 2);
INSERT INTO TNHT_LITE(LITE_PK) VALUES('67722204EA8E5A4DBE09636399BF4D7F');
INSERT INTO TNHT_MULT(LITE_PK, LANG_PK, MULT_DESC)
VALUES('67722204EA8E5A4DBE09636399BF4D7F', 1033, 'Dinar, Bahraini');
INSERT INTO TNHT_MULT(LITE_PK, LANG_PK, MULT_DESC)
VALUES('67722204EA8E5A4DBE09636399BF4D7F', 3082, 'Dinar, Bahreiní');
INSERT INTO TNHT_MULT(LITE_PK, LANG_PK, MULT_DESC)
VALUES('67722204EA8E5A4DBE09636399BF4D7F', 2070, 'Dinar, Bahraini');
INSERT INTO TNHT_MULT(LITE_PK, LANG_PK, MULT_DESC)
VALUES('67722204EA8E5A4DBE09636399BF4D7F', 1036, 'Dinar, Bahreïn');
INSERT INTO TNHT_MULT(LITE_PK, LANG_PK, MULT_DESC)
VALUES('67722204EA8E5A4DBE09636399BF4D7F', 1031, 'Bahrain-Dinar');
INSERT INTO TNHT_MULT(LITE_PK, LANG_PK, MULT_DESC)
VALUES('67722204EA8E5A4DBE09636399BF4D7F', 1049, 'бахрейнский динар');
INSERT INTO TNHT_MULT(LITE_PK, LANG_PK, MULT_DESC)
VALUES('67722204EA8E5A4DBE09636399BF4D7F', 1063, 'Bahreino dinaras');
INSERT INTO TNHT_UNMO(UNMO_PK, LITE_PK, UNMO_NDEC)
VALUES('BHD', '67722204EA8E5A4DBE09636399BF4D7F', 3);
INSERT INTO TNHT_LITE(LITE_PK) VALUES('5E94A0B43D8A044291AECEAA2515C16E');
INSERT INTO TNHT_MULT(LITE_PK, LANG_PK, MULT_DESC)
VALUES('5E94A0B43D8A044291AECEAA2515C16E', 1033, 'Franc, Burundi');
INSERT INTO TNHT_MULT(LITE_PK, LANG_PK, MULT_DESC)
VALUES('5E94A0B43D8A044291AECEAA2515C16E', 3082, 'Franco, Burundi');
INSERT INTO TNHT_MULT(LITE_PK, LANG_PK, MULT_DESC)
VALUES('5E94A0B43D8A044291AECEAA2515C16E', 2070, 'Franco, Burundi');
INSERT INTO TNHT_MULT(LITE_PK, LANG_PK, MULT_DESC)
VALUES('5E94A0B43D8A044291AECEAA2515C16E', 1036, 'Franc, Burundais');
INSERT INTO TNHT_MULT(LITE_PK, LANG_PK, MULT_DESC)
VALUES('5E94A0B43D8A044291AECEAA2515C16E', 1031, 'Burundi-Franc');
INSERT INTO TNHT_MULT(LITE_PK, LANG_PK, MULT_DESC)
VALUES('5E94A0B43D8A044291AECEAA2515C16E', 1049, 'бурундийский франк');
INSERT INTO TNHT_MULT(LITE_PK, LANG_PK, MULT_DESC)
VALUES('5E94A0B43D8A044291AECEAA2515C16E', 1063, 'Burundžio frankas');
INSERT INTO TNHT_UNMO(UNMO_PK, LITE_PK, UNMO_NDEC)
VALUES('BIF', '5E94A0B43D8A044291AECEAA2515C16E', 0);
INSERT INTO TNHT_LITE(LITE_PK) VALUES('000D7AC3B3D4E7409DB145B186FBCB5F');
INSERT INTO TNHT_MULT(LITE_PK, LANG_PK, MULT_DESC)
VALUES('000D7AC3B3D4E7409DB145B186FBCB5F', 1033, 'Dollar, Bermudian');
INSERT INTO TNHT_MULT(LITE_PK, LANG_PK, MULT_DESC)
VALUES('000D7AC3B3D4E7409DB145B186FBCB5F', 3082, 'Dólar, Bermudas');
INSERT INTO TNHT_MULT(LITE_PK, LANG_PK, MULT_DESC)
VALUES('000D7AC3B3D4E7409DB145B186FBCB5F', 2070, 'Dólar, Bermudas');
INSERT INTO TNHT_MULT(LITE_PK, LANG_PK, MULT_DESC)
VALUES('000D7AC3B3D4E7409DB145B186FBCB5F', 1036, 'Dollar, Bermudes');
INSERT INTO TNHT_MULT(LITE_PK, LANG_PK, MULT_DESC)
VALUES('000D7AC3B3D4E7409DB145B186FBCB5F', 1031, 'Bermuda-Dollar');
INSERT INTO TNHT_MULT(LITE_PK, LANG_PK, MULT_DESC)
VALUES('000D7AC3B3D4E7409DB145B186FBCB5F', 1049, 'бермудский доллар');
INSERT INTO TNHT_MULT(LITE_PK, LANG_PK, MULT_DESC)
VALUES('000D7AC3B3D4E7409DB145B186FBCB5F', 1063, 'Bermudos doleris');
INSERT INTO TNHT_UNMO(UNMO_PK, LITE_PK, UNMO_NDEC)
VALUES('BMD', '000D7AC3B3D4E7409DB145B186FBCB5F', 2);
INSERT INTO TNHT_LITE(LITE_PK) VALUES('755B8FE8A592FB42B1F16F164DE44AD1');
INSERT INTO TNHT_MULT(LITE_PK, LANG_PK, MULT_DESC)
VALUES('755B8FE8A592FB42B1F16F164DE44AD1', 1033, 'Dollar, Brunei');
INSERT INTO TNHT_MULT(LITE_PK, LANG_PK, MULT_DESC)
VALUES('755B8FE8A592FB42B1F16F164DE44AD1', 3082, 'Dólar, Brunei');
INSERT INTO TNHT_MULT(LITE_PK, LANG_PK, MULT_DESC)
VALUES('755B8FE8A592FB42B1F16F164DE44AD1', 2070, 'Dólar, Brunei');
INSERT INTO TNHT_MULT(LITE_PK, LANG_PK, MULT_DESC)
VALUES('755B8FE8A592FB42B1F16F164DE44AD1', 1036, 'Dollar, Brunei');
INSERT INTO TNHT_MULT(LITE_PK, LANG_PK, MULT_DESC)
VALUES('755B8FE8A592FB42B1F16F164DE44AD1', 1031, 'Brunei-Dollar');
INSERT INTO TNHT_MULT(LITE_PK, LANG_PK, MULT_DESC)
VALUES('755B8FE8A592FB42B1F16F164DE44AD1', 1049, 'брунейский доллар');
INSERT INTO TNHT_MULT(LITE_PK, LANG_PK, MULT_DESC)
VALUES('755B8FE8A592FB42B1F16F164DE44AD1', 1063, 'Brunėjaus doleris');
INSERT INTO TNHT_UNMO(UNMO_PK, LITE_PK, UNMO_NDEC)
VALUES('BND', '755B8FE8A592FB42B1F16F164DE44AD1', 2);
INSERT INTO TNHT_LITE(LITE_PK) VALUES('E4AA0CAA59D83C44BEC960A725322548');
INSERT INTO TNHT_MULT(LITE_PK, LANG_PK, MULT_DESC)
VALUES('E4AA0CAA59D83C44BEC960A725322548', 1033, 'Boliviano');
INSERT INTO TNHT_MULT(LITE_PK, LANG_PK, MULT_DESC)
VALUES('E4AA0CAA59D83C44BEC960A725322548', 3082, 'Boliviano');
INSERT INTO TNHT_MULT(LITE_PK, LANG_PK, MULT_DESC)
VALUES('E4AA0CAA59D83C44BEC960A725322548', 2070, 'Boliviano');
INSERT INTO TNHT_MULT(LITE_PK, LANG_PK, MULT_DESC)
VALUES('E4AA0CAA59D83C44BEC960A725322548', 1036, 'Boliviano');
INSERT INTO TNHT_MULT(LITE_PK, LANG_PK, MULT_DESC)
VALUES('E4AA0CAA59D83C44BEC960A725322548', 1031, 'Bolivischer Boliviano');
INSERT INTO TNHT_MULT(LITE_PK, LANG_PK, MULT_DESC)
VALUES('E4AA0CAA59D83C44BEC960A725322548', 1049, 'боливиано');
INSERT INTO TNHT_MULT(LITE_PK, LANG_PK, MULT_DESC)
VALUES('E4AA0CAA59D83C44BEC960A725322548', 1063, 'Bolivijanas	Boliviano');
INSERT INTO TNHT_UNMO(UNMO_PK, LITE_PK, UNMO_NDEC)
VALUES('BOB', 'E4AA0CAA59D83C44BEC960A725322548', 2);
INSERT INTO TNHT_LITE(LITE_PK) VALUES('463F2F059AD27844AC1CDDACAD348356');
INSERT INTO TNHT_MULT(LITE_PK, LANG_PK, MULT_DESC)
VALUES('463F2F059AD27844AC1CDDACAD348356', 1033, 'Mvdol');
INSERT INTO TNHT_MULT(LITE_PK, LANG_PK, MULT_DESC)
VALUES('463F2F059AD27844AC1CDDACAD348356', 3082, 'Mvdol');
INSERT INTO TNHT_MULT(LITE_PK, LANG_PK, MULT_DESC)
VALUES('463F2F059AD27844AC1CDDACAD348356', 2070, 'Mvdol');
INSERT INTO TNHT_MULT(LITE_PK, LANG_PK, MULT_DESC)
VALUES('463F2F059AD27844AC1CDDACAD348356', 1036, 'Mvdol');
INSERT INTO TNHT_MULT(LITE_PK, LANG_PK, MULT_DESC)
VALUES('463F2F059AD27844AC1CDDACAD348356', 1031, 'Mvdol');
INSERT INTO TNHT_MULT(LITE_PK, LANG_PK, MULT_DESC)
VALUES('463F2F059AD27844AC1CDDACAD348356', 1049, 'мвдол');
INSERT INTO TNHT_MULT(LITE_PK, LANG_PK, MULT_DESC)
VALUES('463F2F059AD27844AC1CDDACAD348356', 1063, 'Mvdol');
INSERT INTO TNHT_UNMO(UNMO_PK, LITE_PK, UNMO_NDEC)
VALUES('BOV', '463F2F059AD27844AC1CDDACAD348356', 2);
INSERT INTO TNHT_LITE(LITE_PK) VALUES('5CF342234E5CBB40898B81D29A2B0ABD');
INSERT INTO TNHT_MULT(LITE_PK, LANG_PK, MULT_DESC)
VALUES('5CF342234E5CBB40898B81D29A2B0ABD', 1033, 'Real, Brazilian');
INSERT INTO TNHT_MULT(LITE_PK, LANG_PK, MULT_DESC)
VALUES('5CF342234E5CBB40898B81D29A2B0ABD', 3082, 'Real, Brasileño');
INSERT INTO TNHT_MULT(LITE_PK, LANG_PK, MULT_DESC)
VALUES('5CF342234E5CBB40898B81D29A2B0ABD', 2070, 'Real, Brasileiro');
INSERT INTO TNHT_MULT(LITE_PK, LANG_PK, MULT_DESC)
VALUES('5CF342234E5CBB40898B81D29A2B0ABD', 1036, 'Real, Brésilien');
INSERT INTO TNHT_MULT(LITE_PK, LANG_PK, MULT_DESC)
VALUES('5CF342234E5CBB40898B81D29A2B0ABD', 1031, 'Brésilien	Brasilianischer Real');
INSERT INTO TNHT_MULT(LITE_PK, LANG_PK, MULT_DESC)
VALUES('5CF342234E5CBB40898B81D29A2B0ABD', 1049, 'бразильский реал');
INSERT INTO TNHT_MULT(LITE_PK, LANG_PK, MULT_DESC)
VALUES('5CF342234E5CBB40898B81D29A2B0ABD', 1063, 'Brazilijos realas');
INSERT INTO TNHT_UNMO(UNMO_PK, LITE_PK, UNMO_NDEC)
VALUES('BRL', '5CF342234E5CBB40898B81D29A2B0ABD', 2);
INSERT INTO TNHT_LITE(LITE_PK) VALUES('CB3964C0612F5F4D9A07EE737FE05221');
INSERT INTO TNHT_MULT(LITE_PK, LANG_PK, MULT_DESC)
VALUES('CB3964C0612F5F4D9A07EE737FE05221', 1033, 'Dollar, Bahamian');
INSERT INTO TNHT_MULT(LITE_PK, LANG_PK, MULT_DESC)
VALUES('CB3964C0612F5F4D9A07EE737FE05221', 3082, 'Dólar, Bahamas');
INSERT INTO TNHT_MULT(LITE_PK, LANG_PK, MULT_DESC)
VALUES('CB3964C0612F5F4D9A07EE737FE05221', 2070, 'Dólar, Bahamas');
INSERT INTO TNHT_MULT(LITE_PK, LANG_PK, MULT_DESC)
VALUES('CB3964C0612F5F4D9A07EE737FE05221', 1036, 'Dollar, Bahamas');
INSERT INTO TNHT_MULT(LITE_PK, LANG_PK, MULT_DESC)
VALUES('CB3964C0612F5F4D9A07EE737FE05221', 1031, 'Bahamas	Bahama-Dollar');
INSERT INTO TNHT_MULT(LITE_PK, LANG_PK, MULT_DESC)
VALUES('CB3964C0612F5F4D9A07EE737FE05221', 1049, 'багамский доллар');
INSERT INTO TNHT_MULT(LITE_PK, LANG_PK, MULT_DESC)
VALUES('CB3964C0612F5F4D9A07EE737FE05221', 1063, 'Bahamų doleris');
INSERT INTO TNHT_UNMO(UNMO_PK, LITE_PK, UNMO_NDEC)
VALUES('BSD', 'CB3964C0612F5F4D9A07EE737FE05221', 2);
INSERT INTO TNHT_LITE(LITE_PK) VALUES('85604B2E50507842A3EE9CCBE4987F8C');
INSERT INTO TNHT_MULT(LITE_PK, LANG_PK, MULT_DESC)
VALUES('85604B2E50507842A3EE9CCBE4987F8C', 1033, 'Ngultrum');
INSERT INTO TNHT_MULT(LITE_PK, LANG_PK, MULT_DESC)
VALUES('85604B2E50507842A3EE9CCBE4987F8C', 3082, 'Ngultrum');
INSERT INTO TNHT_MULT(LITE_PK, LANG_PK, MULT_DESC)
VALUES('85604B2E50507842A3EE9CCBE4987F8C', 2070, 'Ngultrum');
INSERT INTO TNHT_MULT(LITE_PK, LANG_PK, MULT_DESC)
VALUES('85604B2E50507842A3EE9CCBE4987F8C', 1036, 'Ngultrum');
INSERT INTO TNHT_MULT(LITE_PK, LANG_PK, MULT_DESC)
VALUES('85604B2E50507842A3EE9CCBE4987F8C', 1031, 'Ngultrum');
INSERT INTO TNHT_MULT(LITE_PK, LANG_PK, MULT_DESC)
VALUES('85604B2E50507842A3EE9CCBE4987F8C', 1049, 'бутанский нгултрум');
INSERT INTO TNHT_MULT(LITE_PK, LANG_PK, MULT_DESC)
VALUES('85604B2E50507842A3EE9CCBE4987F8C', 1063, 'Ngultrumas');
INSERT INTO TNHT_UNMO(UNMO_PK, LITE_PK, UNMO_NDEC)
VALUES('BTN', '85604B2E50507842A3EE9CCBE4987F8C', 2);
INSERT INTO TNHT_LITE(LITE_PK) VALUES('6B740CA73D7D2842B68F76B8A7E730C6');
INSERT INTO TNHT_MULT(LITE_PK, LANG_PK, MULT_DESC)
VALUES('6B740CA73D7D2842B68F76B8A7E730C6', 1033, 'Pula');
INSERT INTO TNHT_MULT(LITE_PK, LANG_PK, MULT_DESC)
VALUES('6B740CA73D7D2842B68F76B8A7E730C6', 3082, 'Pula');
INSERT INTO TNHT_MULT(LITE_PK, LANG_PK, MULT_DESC)
VALUES('6B740CA73D7D2842B68F76B8A7E730C6', 2070, 'Pula');
INSERT INTO TNHT_MULT(LITE_PK, LANG_PK, MULT_DESC)
VALUES('6B740CA73D7D2842B68F76B8A7E730C6', 1036, 'Pula');
INSERT INTO TNHT_MULT(LITE_PK, LANG_PK, MULT_DESC)
VALUES('6B740CA73D7D2842B68F76B8A7E730C6', 1031, 'Pula');
INSERT INTO TNHT_MULT(LITE_PK, LANG_PK, MULT_DESC)
VALUES('6B740CA73D7D2842B68F76B8A7E730C6', 1049, 'пула');
INSERT INTO TNHT_MULT(LITE_PK, LANG_PK, MULT_DESC)
VALUES('6B740CA73D7D2842B68F76B8A7E730C6', 1063, 'Pula');
INSERT INTO TNHT_UNMO(UNMO_PK, LITE_PK, UNMO_NDEC)
VALUES('BWP', '6B740CA73D7D2842B68F76B8A7E730C6', 2);
INSERT INTO TNHT_LITE(LITE_PK) VALUES('9DEFA8C0AF6C8C49A6BB73CD19B2394A');
INSERT INTO TNHT_MULT(LITE_PK, LANG_PK, MULT_DESC)
VALUES('9DEFA8C0AF6C8C49A6BB73CD19B2394A', 1033, 'Ruble, Belarussian');
INSERT INTO TNHT_MULT(LITE_PK, LANG_PK, MULT_DESC)
VALUES('9DEFA8C0AF6C8C49A6BB73CD19B2394A', 3082, 'Rublo, Bielorrusso');
INSERT INTO TNHT_MULT(LITE_PK, LANG_PK, MULT_DESC)
VALUES('9DEFA8C0AF6C8C49A6BB73CD19B2394A', 2070, 'Rublo, Bielorrusso');
INSERT INTO TNHT_MULT(LITE_PK, LANG_PK, MULT_DESC)
VALUES('9DEFA8C0AF6C8C49A6BB73CD19B2394A', 1036, 'Rouble, Biélorusse');
INSERT INTO TNHT_MULT(LITE_PK, LANG_PK, MULT_DESC)
VALUES('9DEFA8C0AF6C8C49A6BB73CD19B2394A', 1031, 'Weißrussischer Rubel');
INSERT INTO TNHT_MULT(LITE_PK, LANG_PK, MULT_DESC)
VALUES('9DEFA8C0AF6C8C49A6BB73CD19B2394A', 1049, 'белорусский рубль');
INSERT INTO TNHT_MULT(LITE_PK, LANG_PK, MULT_DESC)
VALUES('9DEFA8C0AF6C8C49A6BB73CD19B2394A', 1063, 'Baltarusijos rublis');
INSERT INTO TNHT_UNMO(UNMO_PK, LITE_PK, UNMO_NDEC)
VALUES('BYR', '9DEFA8C0AF6C8C49A6BB73CD19B2394A', 0);
INSERT INTO TNHT_LITE(LITE_PK) VALUES('3005AEFA5AF3EA47B79867EA3BED2A1B');
INSERT INTO TNHT_MULT(LITE_PK, LANG_PK, MULT_DESC)
VALUES('3005AEFA5AF3EA47B79867EA3BED2A1B', 1033, 'Dollar, Belize');
INSERT INTO TNHT_MULT(LITE_PK, LANG_PK, MULT_DESC)
VALUES('3005AEFA5AF3EA47B79867EA3BED2A1B', 3082, 'Dólar, Belize');
INSERT INTO TNHT_MULT(LITE_PK, LANG_PK, MULT_DESC)
VALUES('3005AEFA5AF3EA47B79867EA3BED2A1B', 2070, 'Dólar, Belize');
INSERT INTO TNHT_MULT(LITE_PK, LANG_PK, MULT_DESC)
VALUES('3005AEFA5AF3EA47B79867EA3BED2A1B', 1036, 'Dollar, Belize');
INSERT INTO TNHT_MULT(LITE_PK, LANG_PK, MULT_DESC)
VALUES('3005AEFA5AF3EA47B79867EA3BED2A1B', 1031, 'Belize-Dollar');
INSERT INTO TNHT_MULT(LITE_PK, LANG_PK, MULT_DESC)
VALUES('3005AEFA5AF3EA47B79867EA3BED2A1B', 1049, 'белизский доллар');
INSERT INTO TNHT_MULT(LITE_PK, LANG_PK, MULT_DESC)
VALUES('3005AEFA5AF3EA47B79867EA3BED2A1B', 1063, 'Belizo doleris');
INSERT INTO TNHT_UNMO(UNMO_PK, LITE_PK, UNMO_NDEC)
VALUES('BZD', '3005AEFA5AF3EA47B79867EA3BED2A1B', 2);
INSERT INTO TNHT_LITE(LITE_PK) VALUES('596AA20136C0C140A3C9F38B21AE09DA');
INSERT INTO TNHT_MULT(LITE_PK, LANG_PK, MULT_DESC)
VALUES('596AA20136C0C140A3C9F38B21AE09DA', 1033, 'Dollar, Canadian');
INSERT INTO TNHT_MULT(LITE_PK, LANG_PK, MULT_DESC)
VALUES('596AA20136C0C140A3C9F38B21AE09DA', 3082, 'Dólar, Canadiense');
INSERT INTO TNHT_MULT(LITE_PK, LANG_PK, MULT_DESC)
VALUES('596AA20136C0C140A3C9F38B21AE09DA', 2070, 'Dolár, Canadiano');
INSERT INTO TNHT_MULT(LITE_PK, LANG_PK, MULT_DESC)
VALUES('596AA20136C0C140A3C9F38B21AE09DA', 1036, 'Dollar, Canadien');
INSERT INTO TNHT_MULT(LITE_PK, LANG_PK, MULT_DESC)
VALUES('596AA20136C0C140A3C9F38B21AE09DA', 1031, 'Kanadischer Dollar');
INSERT INTO TNHT_MULT(LITE_PK, LANG_PK, MULT_DESC)
VALUES('596AA20136C0C140A3C9F38B21AE09DA', 1049, 'канадский доллар');
INSERT INTO TNHT_MULT(LITE_PK, LANG_PK, MULT_DESC)
VALUES('596AA20136C0C140A3C9F38B21AE09DA', 1063, 'Kanados doleris');
INSERT INTO TNHT_UNMO(UNMO_PK, LITE_PK, UNMO_NDEC)
VALUES('CAD', '596AA20136C0C140A3C9F38B21AE09DA', 2);
INSERT INTO TNHT_LITE(LITE_PK) VALUES('0B4AF923BB81654AB2AF7314D0E9143B');
INSERT INTO TNHT_MULT(LITE_PK, LANG_PK, MULT_DESC)
VALUES('0B4AF923BB81654AB2AF7314D0E9143B', 1033, 'Franc, Congolais');
INSERT INTO TNHT_MULT(LITE_PK, LANG_PK, MULT_DESC)
VALUES('0B4AF923BB81654AB2AF7314D0E9143B', 3082, 'Franco, Congoleño');
INSERT INTO TNHT_MULT(LITE_PK, LANG_PK, MULT_DESC)
VALUES('0B4AF923BB81654AB2AF7314D0E9143B', 2070, 'Franco, Congolês');
INSERT INTO TNHT_MULT(LITE_PK, LANG_PK, MULT_DESC)
VALUES('0B4AF923BB81654AB2AF7314D0E9143B', 1036, 'Franc, Congolais');
INSERT INTO TNHT_MULT(LITE_PK, LANG_PK, MULT_DESC)
VALUES('0B4AF923BB81654AB2AF7314D0E9143B', 1031, 'Franc Congolais');
INSERT INTO TNHT_MULT(LITE_PK, LANG_PK, MULT_DESC)
VALUES('0B4AF923BB81654AB2AF7314D0E9143B', 1049, 'конголезский франк');
INSERT INTO TNHT_MULT(LITE_PK, LANG_PK, MULT_DESC)
VALUES('0B4AF923BB81654AB2AF7314D0E9143B', 1063, 'Kongo frankas');
INSERT INTO TNHT_UNMO(UNMO_PK, LITE_PK, UNMO_NDEC)
VALUES('CDF', '0B4AF923BB81654AB2AF7314D0E9143B', 2);
INSERT INTO TNHT_LITE(LITE_PK) VALUES('715D189BF37D2B498947AB18193D3DDC');
INSERT INTO TNHT_MULT(LITE_PK, LANG_PK, MULT_DESC)
VALUES('715D189BF37D2B498947AB18193D3DDC', 1033, 'WIR Euro');
INSERT INTO TNHT_MULT(LITE_PK, LANG_PK, MULT_DESC)
VALUES('715D189BF37D2B498947AB18193D3DDC', 3082, 'WIR Euro');
INSERT INTO TNHT_MULT(LITE_PK, LANG_PK, MULT_DESC)
VALUES('715D189BF37D2B498947AB18193D3DDC', 2070, 'WIR Euro');
INSERT INTO TNHT_MULT(LITE_PK, LANG_PK, MULT_DESC)
VALUES('715D189BF37D2B498947AB18193D3DDC', 1036, 'WIR Euro');
INSERT INTO TNHT_MULT(LITE_PK, LANG_PK, MULT_DESC)
VALUES('715D189BF37D2B498947AB18193D3DDC', 1031, 'WIR Euro');
INSERT INTO TNHT_MULT(LITE_PK, LANG_PK, MULT_DESC)
VALUES('715D189BF37D2B498947AB18193D3DDC', 1049, 'WIR eвро');
INSERT INTO TNHT_MULT(LITE_PK, LANG_PK, MULT_DESC)
VALUES('715D189BF37D2B498947AB18193D3DDC', 1063, 'WIR euras');
INSERT INTO TNHT_UNMO(UNMO_PK, LITE_PK, UNMO_NDEC)
VALUES('CHE', '715D189BF37D2B498947AB18193D3DDC', 2);
INSERT INTO TNHT_LITE(LITE_PK) VALUES('06B50F9394D1E54D933752BC166F8A0D');
INSERT INTO TNHT_MULT(LITE_PK, LANG_PK, MULT_DESC)
VALUES('06B50F9394D1E54D933752BC166F8A0D', 1033, 'Swiss, Franc');
INSERT INTO TNHT_MULT(LITE_PK, LANG_PK, MULT_DESC)
VALUES('06B50F9394D1E54D933752BC166F8A0D', 3082, 'Franco, Suizo');
INSERT INTO TNHT_MULT(LITE_PK, LANG_PK, MULT_DESC)
VALUES('06B50F9394D1E54D933752BC166F8A0D', 2070, 'Franco, Suiço');
INSERT INTO TNHT_MULT(LITE_PK, LANG_PK, MULT_DESC)
VALUES('06B50F9394D1E54D933752BC166F8A0D', 1036, 'Franc, Suisse');
INSERT INTO TNHT_MULT(LITE_PK, LANG_PK, MULT_DESC)
VALUES('06B50F9394D1E54D933752BC166F8A0D', 1031, 'Schweizer Franken');
INSERT INTO TNHT_MULT(LITE_PK, LANG_PK, MULT_DESC)
VALUES('06B50F9394D1E54D933752BC166F8A0D', 1049, 'швейцарский франк');
INSERT INTO TNHT_MULT(LITE_PK, LANG_PK, MULT_DESC)
VALUES('06B50F9394D1E54D933752BC166F8A0D', 1063, 'Šveicarijos frankas');
INSERT INTO TNHT_UNMO(UNMO_PK, LITE_PK, UNMO_NDEC)
VALUES('CHF', '06B50F9394D1E54D933752BC166F8A0D', 2);
INSERT INTO TNHT_LITE(LITE_PK) VALUES('4AD3102CE3724642A1171EE3DFBC58E8');
INSERT INTO TNHT_MULT(LITE_PK, LANG_PK, MULT_DESC)
VALUES('4AD3102CE3724642A1171EE3DFBC58E8', 1033, 'WIR Franc');
INSERT INTO TNHT_MULT(LITE_PK, LANG_PK, MULT_DESC)
VALUES('4AD3102CE3724642A1171EE3DFBC58E8', 3082, 'WIR Franco');
INSERT INTO TNHT_MULT(LITE_PK, LANG_PK, MULT_DESC)
VALUES('4AD3102CE3724642A1171EE3DFBC58E8', 2070, 'WIR Franco');
INSERT INTO TNHT_MULT(LITE_PK, LANG_PK, MULT_DESC)
VALUES('4AD3102CE3724642A1171EE3DFBC58E8', 1036, 'WIR Franc');
INSERT INTO TNHT_MULT(LITE_PK, LANG_PK, MULT_DESC)
VALUES('4AD3102CE3724642A1171EE3DFBC58E8', 1031, 'WIR Franc');
INSERT INTO TNHT_MULT(LITE_PK, LANG_PK, MULT_DESC)
VALUES('4AD3102CE3724642A1171EE3DFBC58E8', 1049, 'WIR франк');
INSERT INTO TNHT_MULT(LITE_PK, LANG_PK, MULT_DESC)
VALUES('4AD3102CE3724642A1171EE3DFBC58E8', 1063, 'WIR frankas');
INSERT INTO TNHT_UNMO(UNMO_PK, LITE_PK, UNMO_NDEC)
VALUES('CHW', '4AD3102CE3724642A1171EE3DFBC58E8', 2);
INSERT INTO TNHT_LITE(LITE_PK) VALUES('D6E52ABB29E0424ABE805F08484DD540');
INSERT INTO TNHT_MULT(LITE_PK, LANG_PK, MULT_DESC)
VALUES('D6E52ABB29E0424ABE805F08484DD540', 1033, 'Peso, Chilean');
INSERT INTO TNHT_MULT(LITE_PK, LANG_PK, MULT_DESC)
VALUES('D6E52ABB29E0424ABE805F08484DD540', 3082, 'Peso, Chileno');
INSERT INTO TNHT_MULT(LITE_PK, LANG_PK, MULT_DESC)
VALUES('D6E52ABB29E0424ABE805F08484DD540', 2070, 'Peso, Chileno');
INSERT INTO TNHT_MULT(LITE_PK, LANG_PK, MULT_DESC)
VALUES('D6E52ABB29E0424ABE805F08484DD540', 1036, 'Peso, Chilien');
INSERT INTO TNHT_MULT(LITE_PK, LANG_PK, MULT_DESC)
VALUES('D6E52ABB29E0424ABE805F08484DD540', 1031, 'Chilenischer Peso');
INSERT INTO TNHT_MULT(LITE_PK, LANG_PK, MULT_DESC)
VALUES('D6E52ABB29E0424ABE805F08484DD540', 1049, 'чилийское песо');
INSERT INTO TNHT_MULT(LITE_PK, LANG_PK, MULT_DESC)
VALUES('D6E52ABB29E0424ABE805F08484DD540', 1063, 'Čilės pesas');
INSERT INTO TNHT_UNMO(UNMO_PK, LITE_PK, UNMO_NDEC)
VALUES('CLP', 'D6E52ABB29E0424ABE805F08484DD540', 0);
INSERT INTO TNHT_LITE(LITE_PK) VALUES('C7D329D7DFF99947BBC96B4D629A4E6B');
INSERT INTO TNHT_MULT(LITE_PK, LANG_PK, MULT_DESC)
VALUES('C7D329D7DFF99947BBC96B4D629A4E6B', 1033, 'Yuan, Renminbi');
INSERT INTO TNHT_MULT(LITE_PK, LANG_PK, MULT_DESC)
VALUES('C7D329D7DFF99947BBC96B4D629A4E6B', 3082, 'Yuan, Renminbi');
INSERT INTO TNHT_MULT(LITE_PK, LANG_PK, MULT_DESC)
VALUES('C7D329D7DFF99947BBC96B4D629A4E6B', 2070, 'Yuan, Renminbi');
INSERT INTO TNHT_MULT(LITE_PK, LANG_PK, MULT_DESC)
VALUES('C7D329D7DFF99947BBC96B4D629A4E6B', 1036, 'Yuan Renmimbi');
INSERT INTO TNHT_MULT(LITE_PK, LANG_PK, MULT_DESC)
VALUES('C7D329D7DFF99947BBC96B4D629A4E6B', 1031, 'Renminbi-Yuan');
INSERT INTO TNHT_MULT(LITE_PK, LANG_PK, MULT_DESC)
VALUES('C7D329D7DFF99947BBC96B4D629A4E6B', 1049, 'юань ренминби');
INSERT INTO TNHT_MULT(LITE_PK, LANG_PK, MULT_DESC)
VALUES('C7D329D7DFF99947BBC96B4D629A4E6B', 1063, 'Renminbi juanis');
INSERT INTO TNHT_UNMO(UNMO_PK, LITE_PK, UNMO_NDEC)
VALUES('CNY', 'C7D329D7DFF99947BBC96B4D629A4E6B', 1);
INSERT INTO TNHT_LITE(LITE_PK) VALUES('73A365FD7764B44BBDFF715FDFCEA46F');
INSERT INTO TNHT_MULT(LITE_PK, LANG_PK, MULT_DESC)
VALUES('73A365FD7764B44BBDFF715FDFCEA46F', 1033, 'Peso, Colombian');
INSERT INTO TNHT_MULT(LITE_PK, LANG_PK, MULT_DESC)
VALUES('73A365FD7764B44BBDFF715FDFCEA46F', 3082, 'Peso, Colombiano');
INSERT INTO TNHT_MULT(LITE_PK, LANG_PK, MULT_DESC)
VALUES('73A365FD7764B44BBDFF715FDFCEA46F', 2070, 'Peso, Colombiano');
INSERT INTO TNHT_MULT(LITE_PK, LANG_PK, MULT_DESC)
VALUES('73A365FD7764B44BBDFF715FDFCEA46F', 1036, 'Peso, Colombien');
INSERT INTO TNHT_MULT(LITE_PK, LANG_PK, MULT_DESC)
VALUES('73A365FD7764B44BBDFF715FDFCEA46F', 1031, 'Kolumbischer Peso');
INSERT INTO TNHT_MULT(LITE_PK, LANG_PK, MULT_DESC)
VALUES('73A365FD7764B44BBDFF715FDFCEA46F', 1049, 'колумбийское песо');
INSERT INTO TNHT_MULT(LITE_PK, LANG_PK, MULT_DESC)
VALUES('73A365FD7764B44BBDFF715FDFCEA46F', 1063, 'Kolumbijos pesas');
INSERT INTO TNHT_UNMO(UNMO_PK, LITE_PK, UNMO_NDEC)
VALUES('COP', '73A365FD7764B44BBDFF715FDFCEA46F', 0);
INSERT INTO TNHT_LITE(LITE_PK) VALUES('8EFF29DF9D09AC4F98C5AC694748029A');
INSERT INTO TNHT_MULT(LITE_PK, LANG_PK, MULT_DESC)
VALUES('8EFF29DF9D09AC4F98C5AC694748029A', 1033, 'Costa Rica');
INSERT INTO TNHT_MULT(LITE_PK, LANG_PK, MULT_DESC)
VALUES('8EFF29DF9D09AC4F98C5AC694748029A', 3082, 'Colón, Costarricense');
INSERT INTO TNHT_MULT(LITE_PK, LANG_PK, MULT_DESC)
VALUES('8EFF29DF9D09AC4F98C5AC694748029A', 2070, 'Colon, Costa-Riquenho');
INSERT INTO TNHT_MULT(LITE_PK, LANG_PK, MULT_DESC)
VALUES('8EFF29DF9D09AC4F98C5AC694748029A', 1036, 'Colón, Costaricain');
INSERT INTO TNHT_MULT(LITE_PK, LANG_PK, MULT_DESC)
VALUES('8EFF29DF9D09AC4F98C5AC694748029A', 1031, 'Costa Rica Colon');
INSERT INTO TNHT_MULT(LITE_PK, LANG_PK, MULT_DESC)
VALUES('8EFF29DF9D09AC4F98C5AC694748029A', 1049, 'костариканский колон');
INSERT INTO TNHT_MULT(LITE_PK, LANG_PK, MULT_DESC)
VALUES('8EFF29DF9D09AC4F98C5AC694748029A', 1063, 'Kosta Rikos kolonas');
INSERT INTO TNHT_UNMO(UNMO_PK, LITE_PK, UNMO_NDEC)
VALUES('CRC', '8EFF29DF9D09AC4F98C5AC694748029A', 2);
INSERT INTO TNHT_LITE(LITE_PK) VALUES('E482002DEAFF434EACB89319656904F9');
INSERT INTO TNHT_MULT(LITE_PK, LANG_PK, MULT_DESC)
VALUES('E482002DEAFF434EACB89319656904F9', 1033, 'Peso, Convertible Cuban');
INSERT INTO TNHT_MULT(LITE_PK, LANG_PK, MULT_DESC)
VALUES('E482002DEAFF434EACB89319656904F9', 3082, 'Peso, Convertible Cubano');
INSERT INTO TNHT_MULT(LITE_PK, LANG_PK, MULT_DESC)
VALUES('E482002DEAFF434EACB89319656904F9', 2070, 'Peso, Convertible Cubano');
INSERT INTO TNHT_MULT(LITE_PK, LANG_PK, MULT_DESC)
VALUES('E482002DEAFF434EACB89319656904F9', 1036, 'Peso, Convertible Cubain');
INSERT INTO TNHT_MULT(LITE_PK, LANG_PK, MULT_DESC)
VALUES('E482002DEAFF434EACB89319656904F9', 1031, 'Kubanischer Peso konvertierbar');
INSERT INTO TNHT_MULT(LITE_PK, LANG_PK, MULT_DESC)
VALUES('E482002DEAFF434EACB89319656904F9', 1049, 'кубинское песо конвертируемый');
INSERT INTO TNHT_MULT(LITE_PK, LANG_PK, MULT_DESC)
VALUES('E482002DEAFF434EACB89319656904F9', 1063, 'Kubos pesas konvertuojamas');
INSERT INTO TNHT_UNMO(UNMO_PK, LITE_PK, UNMO_NDEC)
VALUES('CUC', 'E482002DEAFF434EACB89319656904F9', 2);
INSERT INTO TNHT_LITE(LITE_PK) VALUES('5E3568D716DBEC4E84B3BE2DC291FFF2');
INSERT INTO TNHT_MULT(LITE_PK, LANG_PK, MULT_DESC)
VALUES('5E3568D716DBEC4E84B3BE2DC291FFF2', 1033, 'Peso, Cuban');
INSERT INTO TNHT_MULT(LITE_PK, LANG_PK, MULT_DESC)
VALUES('5E3568D716DBEC4E84B3BE2DC291FFF2', 3082, 'Peso, Cubano');
INSERT INTO TNHT_MULT(LITE_PK, LANG_PK, MULT_DESC)
VALUES('5E3568D716DBEC4E84B3BE2DC291FFF2', 2070, 'Peso, Cubano');
INSERT INTO TNHT_MULT(LITE_PK, LANG_PK, MULT_DESC)
VALUES('5E3568D716DBEC4E84B3BE2DC291FFF2', 1036, 'Peso, Cubain');
INSERT INTO TNHT_MULT(LITE_PK, LANG_PK, MULT_DESC)
VALUES('5E3568D716DBEC4E84B3BE2DC291FFF2', 1031, 'Kubanischer Peso');
INSERT INTO TNHT_MULT(LITE_PK, LANG_PK, MULT_DESC)
VALUES('5E3568D716DBEC4E84B3BE2DC291FFF2', 1049, 'кубинское песо');
INSERT INTO TNHT_MULT(LITE_PK, LANG_PK, MULT_DESC)
VALUES('5E3568D716DBEC4E84B3BE2DC291FFF2', 1063, 'Kubos pesas');
INSERT INTO TNHT_UNMO(UNMO_PK, LITE_PK, UNMO_NDEC)
VALUES('CUP', '5E3568D716DBEC4E84B3BE2DC291FFF2', 2);
INSERT INTO TNHT_LITE(LITE_PK) VALUES('1215DF6CB959A546A585EAF0DEFECBF7');
INSERT INTO TNHT_MULT(LITE_PK, LANG_PK, MULT_DESC)
VALUES('1215DF6CB959A546A585EAF0DEFECBF7', 1033, 'Escudo, Cape Verde');
INSERT INTO TNHT_MULT(LITE_PK, LANG_PK, MULT_DESC)
VALUES('1215DF6CB959A546A585EAF0DEFECBF7', 3082, 'Escudo, Cabo Verde');
INSERT INTO TNHT_MULT(LITE_PK, LANG_PK, MULT_DESC)
VALUES('1215DF6CB959A546A585EAF0DEFECBF7', 2070, 'Escudo, Cabo Verde');
INSERT INTO TNHT_MULT(LITE_PK, LANG_PK, MULT_DESC)
VALUES('1215DF6CB959A546A585EAF0DEFECBF7', 1036, 'Escudo, Cap-Vert');
INSERT INTO TNHT_MULT(LITE_PK, LANG_PK, MULT_DESC)
VALUES('1215DF6CB959A546A585EAF0DEFECBF7', 1031, 'Kap-Verde-Escudo');
INSERT INTO TNHT_MULT(LITE_PK, LANG_PK, MULT_DESC)
VALUES('1215DF6CB959A546A585EAF0DEFECBF7', 1049, 'эскудо Кабо-Верде');
INSERT INTO TNHT_MULT(LITE_PK, LANG_PK, MULT_DESC)
VALUES('1215DF6CB959A546A585EAF0DEFECBF7', 1063, 'Žaliojo Kyšulio eskudas');
INSERT INTO TNHT_UNMO(UNMO_PK, LITE_PK, UNMO_NDEC)
VALUES('CVE', '1215DF6CB959A546A585EAF0DEFECBF7', 0);
INSERT INTO TNHT_LITE(LITE_PK) VALUES('5BD8E3EA0EAA104486086400B1D1DD2F');
INSERT INTO TNHT_MULT(LITE_PK, LANG_PK, MULT_DESC)
VALUES('5BD8E3EA0EAA104486086400B1D1DD2F', 1033, 'Pound, Cyprus');
INSERT INTO TNHT_MULT(LITE_PK, LANG_PK, MULT_DESC)
VALUES('5BD8E3EA0EAA104486086400B1D1DD2F', 3082, 'Libra, Chipriota');
INSERT INTO TNHT_MULT(LITE_PK, LANG_PK, MULT_DESC)
VALUES('5BD8E3EA0EAA104486086400B1D1DD2F', 2070, 'Libra, Cipriota');
INSERT INTO TNHT_MULT(LITE_PK, LANG_PK, MULT_DESC)
VALUES('5BD8E3EA0EAA104486086400B1D1DD2F', 1036, 'Livre, Chypriote');
INSERT INTO TNHT_MULT(LITE_PK, LANG_PK, MULT_DESC)
VALUES('5BD8E3EA0EAA104486086400B1D1DD2F', 1031, 'Zypriotisches Pfund');
INSERT INTO TNHT_MULT(LITE_PK, LANG_PK, MULT_DESC)
VALUES('5BD8E3EA0EAA104486086400B1D1DD2F', 1049, 'кипрский фунт');
INSERT INTO TNHT_MULT(LITE_PK, LANG_PK, MULT_DESC)
VALUES('5BD8E3EA0EAA104486086400B1D1DD2F', 1063, 'Kipro svaras');
INSERT INTO TNHT_UNMO(UNMO_PK, LITE_PK, UNMO_NDEC)
VALUES('CYP', '5BD8E3EA0EAA104486086400B1D1DD2F', 2);
INSERT INTO TNHT_LITE(LITE_PK) VALUES('0172809324505A4F80EA896622CA3A18');
INSERT INTO TNHT_MULT(LITE_PK, LANG_PK, MULT_DESC)
VALUES('0172809324505A4F80EA896622CA3A18', 1033, 'Koruna, Czech');
INSERT INTO TNHT_MULT(LITE_PK, LANG_PK, MULT_DESC)
VALUES('0172809324505A4F80EA896622CA3A18', 3082, 'Corona, Checa');
INSERT INTO TNHT_MULT(LITE_PK, LANG_PK, MULT_DESC)
VALUES('0172809324505A4F80EA896622CA3A18', 2070, 'Koruna, Checa');
INSERT INTO TNHT_MULT(LITE_PK, LANG_PK, MULT_DESC)
VALUES('0172809324505A4F80EA896622CA3A18', 1036, 'Koruna, Tchèque');
INSERT INTO TNHT_MULT(LITE_PK, LANG_PK, MULT_DESC)
VALUES('0172809324505A4F80EA896622CA3A18', 1031, 'Tschechische Krone');
INSERT INTO TNHT_MULT(LITE_PK, LANG_PK, MULT_DESC)
VALUES('0172809324505A4F80EA896622CA3A18', 1049, 'чешская крона');
INSERT INTO TNHT_MULT(LITE_PK, LANG_PK, MULT_DESC)
VALUES('0172809324505A4F80EA896622CA3A18', 1063, 'Čekijos krona');
INSERT INTO TNHT_UNMO(UNMO_PK, LITE_PK, UNMO_NDEC)
VALUES('CZK', '0172809324505A4F80EA896622CA3A18', 2);
INSERT INTO TNHT_LITE(LITE_PK) VALUES('7AB1BDF8CA58754FBD4FA5BC8F62F17B');
INSERT INTO TNHT_MULT(LITE_PK, LANG_PK, MULT_DESC)
VALUES('7AB1BDF8CA58754FBD4FA5BC8F62F17B', 1033, 'Franc, Djiboutian');
INSERT INTO TNHT_MULT(LITE_PK, LANG_PK, MULT_DESC)
VALUES('7AB1BDF8CA58754FBD4FA5BC8F62F17B', 3082, 'Franco, Djibouti');
INSERT INTO TNHT_MULT(LITE_PK, LANG_PK, MULT_DESC)
VALUES('7AB1BDF8CA58754FBD4FA5BC8F62F17B', 2070, 'Franco, Djibouti');
INSERT INTO TNHT_MULT(LITE_PK, LANG_PK, MULT_DESC)
VALUES('7AB1BDF8CA58754FBD4FA5BC8F62F17B', 1036, 'Franc, Djiboutien');
INSERT INTO TNHT_MULT(LITE_PK, LANG_PK, MULT_DESC)
VALUES('7AB1BDF8CA58754FBD4FA5BC8F62F17B', 1031, 'Djibouti-Franc');
INSERT INTO TNHT_MULT(LITE_PK, LANG_PK, MULT_DESC)
VALUES('7AB1BDF8CA58754FBD4FA5BC8F62F17B', 1049, 'франк Джибути');
INSERT INTO TNHT_MULT(LITE_PK, LANG_PK, MULT_DESC)
VALUES('7AB1BDF8CA58754FBD4FA5BC8F62F17B', 1063, 'Džibučio frankas');
INSERT INTO TNHT_UNMO(UNMO_PK, LITE_PK, UNMO_NDEC)
VALUES('DJF', '7AB1BDF8CA58754FBD4FA5BC8F62F17B', 0);
INSERT INTO TNHT_LITE(LITE_PK) VALUES('8B1FA38B321B1849A5483F81088831F2');
INSERT INTO TNHT_MULT(LITE_PK, LANG_PK, MULT_DESC)
VALUES('8B1FA38B321B1849A5483F81088831F2', 1033, 'Krone, Danish');
INSERT INTO TNHT_MULT(LITE_PK, LANG_PK, MULT_DESC)
VALUES('8B1FA38B321B1849A5483F81088831F2', 3082, 'Corona, Danesa');
INSERT INTO TNHT_MULT(LITE_PK, LANG_PK, MULT_DESC)
VALUES('8B1FA38B321B1849A5483F81088831F2', 2070, 'Coroa, Dinamarquesa');
INSERT INTO TNHT_MULT(LITE_PK, LANG_PK, MULT_DESC)
VALUES('8B1FA38B321B1849A5483F81088831F2', 1036, 'Couronne, Danoise');
INSERT INTO TNHT_MULT(LITE_PK, LANG_PK, MULT_DESC)
VALUES('8B1FA38B321B1849A5483F81088831F2', 1031, 'Dänische Krone');
INSERT INTO TNHT_MULT(LITE_PK, LANG_PK, MULT_DESC)
VALUES('8B1FA38B321B1849A5483F81088831F2', 1049, 'датская крона');
INSERT INTO TNHT_MULT(LITE_PK, LANG_PK, MULT_DESC)
VALUES('8B1FA38B321B1849A5483F81088831F2', 1063, 'Danijos krona');
INSERT INTO TNHT_UNMO(UNMO_PK, LITE_PK, UNMO_NDEC)
VALUES('DKK', '8B1FA38B321B1849A5483F81088831F2', 2);
INSERT INTO TNHT_LITE(LITE_PK) VALUES('CC63473B113108468BF4EF05F311ADF7');
INSERT INTO TNHT_MULT(LITE_PK, LANG_PK, MULT_DESC)
VALUES('CC63473B113108468BF4EF05F311ADF7', 1033, 'Peso, Dominican');
INSERT INTO TNHT_MULT(LITE_PK, LANG_PK, MULT_DESC)
VALUES('CC63473B113108468BF4EF05F311ADF7', 3082, 'Peso, Dominicano');
INSERT INTO TNHT_MULT(LITE_PK, LANG_PK, MULT_DESC)
VALUES('CC63473B113108468BF4EF05F311ADF7', 2070, 'Peso, Dominicano');
INSERT INTO TNHT_MULT(LITE_PK, LANG_PK, MULT_DESC)
VALUES('CC63473B113108468BF4EF05F311ADF7', 1036, 'Peso, Dominicain');
INSERT INTO TNHT_MULT(LITE_PK, LANG_PK, MULT_DESC)
VALUES('CC63473B113108468BF4EF05F311ADF7', 1031, 'Dominikanischer Peso');
INSERT INTO TNHT_MULT(LITE_PK, LANG_PK, MULT_DESC)
VALUES('CC63473B113108468BF4EF05F311ADF7', 1049, 'доминиканское песо');
INSERT INTO TNHT_MULT(LITE_PK, LANG_PK, MULT_DESC)
VALUES('CC63473B113108468BF4EF05F311ADF7', 1063, 'Dominikos pesas');
INSERT INTO TNHT_UNMO(UNMO_PK, LITE_PK, UNMO_NDEC)
VALUES('DOP', 'CC63473B113108468BF4EF05F311ADF7', 2);
INSERT INTO TNHT_LITE(LITE_PK) VALUES('33E6617E965E8D4F97BDCE1A98E1BE95');
INSERT INTO TNHT_MULT(LITE_PK, LANG_PK, MULT_DESC)
VALUES('33E6617E965E8D4F97BDCE1A98E1BE95', 1033, 'Dinar, Algerian');
INSERT INTO TNHT_MULT(LITE_PK, LANG_PK, MULT_DESC)
VALUES('33E6617E965E8D4F97BDCE1A98E1BE95', 3082, 'Dinar, Argelino');
INSERT INTO TNHT_MULT(LITE_PK, LANG_PK, MULT_DESC)
VALUES('33E6617E965E8D4F97BDCE1A98E1BE95', 2070, 'Dinar, Algéria');
INSERT INTO TNHT_MULT(LITE_PK, LANG_PK, MULT_DESC)
VALUES('33E6617E965E8D4F97BDCE1A98E1BE95', 1036, 'Dinar, Algérien');
INSERT INTO TNHT_MULT(LITE_PK, LANG_PK, MULT_DESC)
VALUES('33E6617E965E8D4F97BDCE1A98E1BE95', 1031, 'Algerischer Dinar');
INSERT INTO TNHT_MULT(LITE_PK, LANG_PK, MULT_DESC)
VALUES('33E6617E965E8D4F97BDCE1A98E1BE95', 1049, 'алжирский динар');
INSERT INTO TNHT_MULT(LITE_PK, LANG_PK, MULT_DESC)
VALUES('33E6617E965E8D4F97BDCE1A98E1BE95', 1063, 'Alžyro dinaras');
INSERT INTO TNHT_UNMO(UNMO_PK, LITE_PK, UNMO_NDEC)
VALUES('DZD', '33E6617E965E8D4F97BDCE1A98E1BE95', 2);
INSERT INTO TNHT_LITE(LITE_PK) VALUES('CFC1C5F7D0ADBB48A0AECC8BE39FB5C6');
INSERT INTO TNHT_MULT(LITE_PK, LANG_PK, MULT_DESC)
VALUES('CFC1C5F7D0ADBB48A0AECC8BE39FB5C6', 1033, 'Kroon');
INSERT INTO TNHT_MULT(LITE_PK, LANG_PK, MULT_DESC)
VALUES('CFC1C5F7D0ADBB48A0AECC8BE39FB5C6', 3082, 'Corona, Estonia');
INSERT INTO TNHT_MULT(LITE_PK, LANG_PK, MULT_DESC)
VALUES('CFC1C5F7D0ADBB48A0AECC8BE39FB5C6', 2070, 'Corona, Estonia');
INSERT INTO TNHT_MULT(LITE_PK, LANG_PK, MULT_DESC)
VALUES('CFC1C5F7D0ADBB48A0AECC8BE39FB5C6', 1036, 'Couronne, Estonienne');
INSERT INTO TNHT_MULT(LITE_PK, LANG_PK, MULT_DESC)
VALUES('CFC1C5F7D0ADBB48A0AECC8BE39FB5C6', 1031, 'Estnische Krone');
INSERT INTO TNHT_MULT(LITE_PK, LANG_PK, MULT_DESC)
VALUES('CFC1C5F7D0ADBB48A0AECC8BE39FB5C6', 1049, 'крона');
INSERT INTO TNHT_MULT(LITE_PK, LANG_PK, MULT_DESC)
VALUES('CFC1C5F7D0ADBB48A0AECC8BE39FB5C6', 1063, 'Krona');
INSERT INTO TNHT_UNMO(UNMO_PK, LITE_PK, UNMO_NDEC)
VALUES('EEK', 'CFC1C5F7D0ADBB48A0AECC8BE39FB5C6', 2);
INSERT INTO TNHT_LITE(LITE_PK) VALUES('437693D2D1A5FE40BE571CB07301AE00');
INSERT INTO TNHT_MULT(LITE_PK, LANG_PK, MULT_DESC)
VALUES('437693D2D1A5FE40BE571CB07301AE00', 1033, 'Pound, Egyptian');
INSERT INTO TNHT_MULT(LITE_PK, LANG_PK, MULT_DESC)
VALUES('437693D2D1A5FE40BE571CB07301AE00', 3082, 'Libra, Egipcia');
INSERT INTO TNHT_MULT(LITE_PK, LANG_PK, MULT_DESC)
VALUES('437693D2D1A5FE40BE571CB07301AE00', 2070, 'Libra, Egípcia');
INSERT INTO TNHT_MULT(LITE_PK, LANG_PK, MULT_DESC)
VALUES('437693D2D1A5FE40BE571CB07301AE00', 1036, 'Livre, Égyptienne');
INSERT INTO TNHT_MULT(LITE_PK, LANG_PK, MULT_DESC)
VALUES('437693D2D1A5FE40BE571CB07301AE00', 1031, 'Ägyptisches Pfund');
INSERT INTO TNHT_MULT(LITE_PK, LANG_PK, MULT_DESC)
VALUES('437693D2D1A5FE40BE571CB07301AE00', 1049, 'египетский фунт');
INSERT INTO TNHT_MULT(LITE_PK, LANG_PK, MULT_DESC)
VALUES('437693D2D1A5FE40BE571CB07301AE00', 1063, 'Egipto svaras');
INSERT INTO TNHT_UNMO(UNMO_PK, LITE_PK, UNMO_NDEC)
VALUES('EGP', '437693D2D1A5FE40BE571CB07301AE00', 2);
INSERT INTO TNHT_LITE(LITE_PK) VALUES('FD18055DFCC35D44AF725E42B0EF5D78');
INSERT INTO TNHT_MULT(LITE_PK, LANG_PK, MULT_DESC)
VALUES('FD18055DFCC35D44AF725E42B0EF5D78', 1033, 'Nakfa');
INSERT INTO TNHT_MULT(LITE_PK, LANG_PK, MULT_DESC)
VALUES('FD18055DFCC35D44AF725E42B0EF5D78', 3082, 'Nakfa');
INSERT INTO TNHT_MULT(LITE_PK, LANG_PK, MULT_DESC)
VALUES('FD18055DFCC35D44AF725E42B0EF5D78', 2070, 'Nakfa');
INSERT INTO TNHT_MULT(LITE_PK, LANG_PK, MULT_DESC)
VALUES('FD18055DFCC35D44AF725E42B0EF5D78', 1036, 'Nakfa');
INSERT INTO TNHT_MULT(LITE_PK, LANG_PK, MULT_DESC)
VALUES('FD18055DFCC35D44AF725E42B0EF5D78', 1031, 'Nakfa');
INSERT INTO TNHT_MULT(LITE_PK, LANG_PK, MULT_DESC)
VALUES('FD18055DFCC35D44AF725E42B0EF5D78', 1049, 'накфа');
INSERT INTO TNHT_MULT(LITE_PK, LANG_PK, MULT_DESC)
VALUES('FD18055DFCC35D44AF725E42B0EF5D78', 1063, 'Nakfa');
INSERT INTO TNHT_UNMO(UNMO_PK, LITE_PK, UNMO_NDEC)
VALUES('ERN', 'FD18055DFCC35D44AF725E42B0EF5D78', 2);
INSERT INTO TNHT_LITE(LITE_PK) VALUES('6D0E06C99FC56C46B18DF7A3B4451D91');
INSERT INTO TNHT_MULT(LITE_PK, LANG_PK, MULT_DESC)
VALUES('6D0E06C99FC56C46B18DF7A3B4451D91', 1033, 'Birr, Ethiopian');
INSERT INTO TNHT_MULT(LITE_PK, LANG_PK, MULT_DESC)
VALUES('6D0E06C99FC56C46B18DF7A3B4451D91', 3082, 'Birr, Etíope');
INSERT INTO TNHT_MULT(LITE_PK, LANG_PK, MULT_DESC)
VALUES('6D0E06C99FC56C46B18DF7A3B4451D91', 2070, 'Birr, Etíope');
INSERT INTO TNHT_MULT(LITE_PK, LANG_PK, MULT_DESC)
VALUES('6D0E06C99FC56C46B18DF7A3B4451D91', 1036, 'Birr Éthiopien');
INSERT INTO TNHT_MULT(LITE_PK, LANG_PK, MULT_DESC)
VALUES('6D0E06C99FC56C46B18DF7A3B4451D91', 1031, 'Äthiopischer Birr');
INSERT INTO TNHT_MULT(LITE_PK, LANG_PK, MULT_DESC)
VALUES('6D0E06C99FC56C46B18DF7A3B4451D91', 1049, 'эфиопский быр');
INSERT INTO TNHT_MULT(LITE_PK, LANG_PK, MULT_DESC)
VALUES('6D0E06C99FC56C46B18DF7A3B4451D91', 1063, 'Etiopijos biras');
INSERT INTO TNHT_UNMO(UNMO_PK, LITE_PK, UNMO_NDEC)
VALUES('ETB', '6D0E06C99FC56C46B18DF7A3B4451D91', 2);
INSERT INTO TNHT_LITE(LITE_PK) VALUES('8B4A9A60210D3649B9E95E168704D8E6');
INSERT INTO TNHT_MULT(LITE_PK, LANG_PK, MULT_DESC)
VALUES('8B4A9A60210D3649B9E95E168704D8E6', 1033, 'Euro');
INSERT INTO TNHT_MULT(LITE_PK, LANG_PK, MULT_DESC)
VALUES('8B4A9A60210D3649B9E95E168704D8E6', 3082, 'Euro');
INSERT INTO TNHT_MULT(LITE_PK, LANG_PK, MULT_DESC)
VALUES('8B4A9A60210D3649B9E95E168704D8E6', 2070, 'Euro');
INSERT INTO TNHT_MULT(LITE_PK, LANG_PK, MULT_DESC)
VALUES('8B4A9A60210D3649B9E95E168704D8E6', 1036, 'Euro');
INSERT INTO TNHT_MULT(LITE_PK, LANG_PK, MULT_DESC)
VALUES('8B4A9A60210D3649B9E95E168704D8E6', 1031, 'Euro');
INSERT INTO TNHT_MULT(LITE_PK, LANG_PK, MULT_DESC)
VALUES('8B4A9A60210D3649B9E95E168704D8E6', 1049, 'евро');
INSERT INTO TNHT_MULT(LITE_PK, LANG_PK, MULT_DESC)
VALUES('8B4A9A60210D3649B9E95E168704D8E6', 1063, 'Euras');
INSERT INTO TNHT_UNMO(UNMO_PK, LITE_PK, UNMO_NDEC)
VALUES('EUR', '8B4A9A60210D3649B9E95E168704D8E6', 2);
INSERT INTO TNHT_LITE(LITE_PK) VALUES('D9C4CB7171B2044194BC0BB0E1CEC11D');
INSERT INTO TNHT_MULT(LITE_PK, LANG_PK, MULT_DESC)
VALUES('D9C4CB7171B2044194BC0BB0E1CEC11D', 1033, 'Dollar, Fiji');
INSERT INTO TNHT_MULT(LITE_PK, LANG_PK, MULT_DESC)
VALUES('D9C4CB7171B2044194BC0BB0E1CEC11D', 3082, 'Dólar, Islas Fiji');
INSERT INTO TNHT_MULT(LITE_PK, LANG_PK, MULT_DESC)
VALUES('D9C4CB7171B2044194BC0BB0E1CEC11D', 2070, 'Dólar, Fiji');
INSERT INTO TNHT_MULT(LITE_PK, LANG_PK, MULT_DESC)
VALUES('D9C4CB7171B2044194BC0BB0E1CEC11D', 1036, 'Dollar, Fidjien');
INSERT INTO TNHT_MULT(LITE_PK, LANG_PK, MULT_DESC)
VALUES('D9C4CB7171B2044194BC0BB0E1CEC11D', 1031, 'Fidschi-Dollar');
INSERT INTO TNHT_MULT(LITE_PK, LANG_PK, MULT_DESC)
VALUES('D9C4CB7171B2044194BC0BB0E1CEC11D', 1049, 'фуджийский доллар');
INSERT INTO TNHT_MULT(LITE_PK, LANG_PK, MULT_DESC)
VALUES('D9C4CB7171B2044194BC0BB0E1CEC11D', 1063, 'Fidžio doleris');
INSERT INTO TNHT_UNMO(UNMO_PK, LITE_PK, UNMO_NDEC)
VALUES('FJD', 'D9C4CB7171B2044194BC0BB0E1CEC11D', 2);
INSERT INTO TNHT_LITE(LITE_PK) VALUES('1DD0CF76313D25439CDB92C24581839C');
INSERT INTO TNHT_MULT(LITE_PK, LANG_PK, MULT_DESC)
VALUES('1DD0CF76313D25439CDB92C24581839C', 1033, 'Pound, Falkland Islands');
INSERT INTO TNHT_MULT(LITE_PK, LANG_PK, MULT_DESC)
VALUES('1DD0CF76313D25439CDB92C24581839C', 3082, 'Libra, Islas Malvinas');
INSERT INTO TNHT_MULT(LITE_PK, LANG_PK, MULT_DESC)
VALUES('1DD0CF76313D25439CDB92C24581839C', 2070, 'Libra, Ilhas Malvinas');
INSERT INTO TNHT_MULT(LITE_PK, LANG_PK, MULT_DESC)
VALUES('1DD0CF76313D25439CDB92C24581839C', 1036, 'Livre, Falkland');
INSERT INTO TNHT_MULT(LITE_PK, LANG_PK, MULT_DESC)
VALUES('1DD0CF76313D25439CDB92C24581839C', 1031, 'Falkland Pfund');
INSERT INTO TNHT_MULT(LITE_PK, LANG_PK, MULT_DESC)
VALUES('1DD0CF76313D25439CDB92C24581839C', 1049, 'фунт фолклендских островов');
INSERT INTO TNHT_MULT(LITE_PK, LANG_PK, MULT_DESC)
VALUES('1DD0CF76313D25439CDB92C24581839C', 1063, 'Falklando salų svaras');
INSERT INTO TNHT_UNMO(UNMO_PK, LITE_PK, UNMO_NDEC)
VALUES('FKP', '1DD0CF76313D25439CDB92C24581839C', 2);
INSERT INTO TNHT_LITE(LITE_PK) VALUES('F9A2AFCC069B4C4F9CFF4C36D5B858BA');
INSERT INTO TNHT_MULT(LITE_PK, LANG_PK, MULT_DESC)
VALUES('F9A2AFCC069B4C4F9CFF4C36D5B858BA', 1033, 'Pound Sterling');
INSERT INTO TNHT_MULT(LITE_PK, LANG_PK, MULT_DESC)
VALUES('F9A2AFCC069B4C4F9CFF4C36D5B858BA', 3082, 'Libra Esterlina');
INSERT INTO TNHT_MULT(LITE_PK, LANG_PK, MULT_DESC)
VALUES('F9A2AFCC069B4C4F9CFF4C36D5B858BA', 2070, 'Libra Inglesa');
INSERT INTO TNHT_MULT(LITE_PK, LANG_PK, MULT_DESC)
VALUES('F9A2AFCC069B4C4F9CFF4C36D5B858BA', 1036, 'Livre Sterling');
INSERT INTO TNHT_MULT(LITE_PK, LANG_PK, MULT_DESC)
VALUES('F9A2AFCC069B4C4F9CFF4C36D5B858BA', 1031, 'Pfund Sterling');
INSERT INTO TNHT_MULT(LITE_PK, LANG_PK, MULT_DESC)
VALUES('F9A2AFCC069B4C4F9CFF4C36D5B858BA', 1049, 'фунт стерлингов');
INSERT INTO TNHT_MULT(LITE_PK, LANG_PK, MULT_DESC)
VALUES('F9A2AFCC069B4C4F9CFF4C36D5B858BA', 1063, 'Svaras sterlingų');
INSERT INTO TNHT_UNMO(UNMO_PK, LITE_PK, UNMO_NDEC)
VALUES('GBP', 'F9A2AFCC069B4C4F9CFF4C36D5B858BA', 2);
INSERT INTO TNHT_LITE(LITE_PK) VALUES('2F8CC950F7A4AC4E8AA51D150ECD8D01');
INSERT INTO TNHT_MULT(LITE_PK, LANG_PK, MULT_DESC)
VALUES('2F8CC950F7A4AC4E8AA51D150ECD8D01', 1033, 'Lari');
INSERT INTO TNHT_MULT(LITE_PK, LANG_PK, MULT_DESC)
VALUES('2F8CC950F7A4AC4E8AA51D150ECD8D01', 3082, 'Lari');
INSERT INTO TNHT_MULT(LITE_PK, LANG_PK, MULT_DESC)
VALUES('2F8CC950F7A4AC4E8AA51D150ECD8D01', 2070, 'Lari');
INSERT INTO TNHT_MULT(LITE_PK, LANG_PK, MULT_DESC)
VALUES('2F8CC950F7A4AC4E8AA51D150ECD8D01', 1036, 'Lari');
INSERT INTO TNHT_MULT(LITE_PK, LANG_PK, MULT_DESC)
VALUES('2F8CC950F7A4AC4E8AA51D150ECD8D01', 1031, 'Lari');
INSERT INTO TNHT_MULT(LITE_PK, LANG_PK, MULT_DESC)
VALUES('2F8CC950F7A4AC4E8AA51D150ECD8D01', 1049, 'лари');
INSERT INTO TNHT_MULT(LITE_PK, LANG_PK, MULT_DESC)
VALUES('2F8CC950F7A4AC4E8AA51D150ECD8D01', 1063, 'Laris');
INSERT INTO TNHT_UNMO(UNMO_PK, LITE_PK, UNMO_NDEC)
VALUES('GEL', '2F8CC950F7A4AC4E8AA51D150ECD8D01', 2);
INSERT INTO TNHT_LITE(LITE_PK) VALUES('54ACA89B7B7E0744BFCD60ED4954B852');
INSERT INTO TNHT_MULT(LITE_PK, LANG_PK, MULT_DESC)
VALUES('54ACA89B7B7E0744BFCD60ED4954B852', 1033, 'Cedi, Ghana');
INSERT INTO TNHT_MULT(LITE_PK, LANG_PK, MULT_DESC)
VALUES('54ACA89B7B7E0744BFCD60ED4954B852', 3082, 'Cedi, Ghanés');
INSERT INTO TNHT_MULT(LITE_PK, LANG_PK, MULT_DESC)
VALUES('54ACA89B7B7E0744BFCD60ED4954B852', 2070, 'Cedi, Ghana');
INSERT INTO TNHT_MULT(LITE_PK, LANG_PK, MULT_DESC)
VALUES('54ACA89B7B7E0744BFCD60ED4954B852', 1036, 'Cedi, Ghana');
INSERT INTO TNHT_MULT(LITE_PK, LANG_PK, MULT_DESC)
VALUES('54ACA89B7B7E0744BFCD60ED4954B852', 1031, 'Ghanaischer Cedi');
INSERT INTO TNHT_MULT(LITE_PK, LANG_PK, MULT_DESC)
VALUES('54ACA89B7B7E0744BFCD60ED4954B852', 1049, 'ганская седи');
INSERT INTO TNHT_MULT(LITE_PK, LANG_PK, MULT_DESC)
VALUES('54ACA89B7B7E0744BFCD60ED4954B852', 1063, 'Ganos cedis');
INSERT INTO TNHT_UNMO(UNMO_PK, LITE_PK, UNMO_NDEC)
VALUES('GHS', '54ACA89B7B7E0744BFCD60ED4954B852', 2);
INSERT INTO TNHT_LITE(LITE_PK) VALUES('5C8F4E229EFF9746845503D28355BA7B');
INSERT INTO TNHT_MULT(LITE_PK, LANG_PK, MULT_DESC)
VALUES('5C8F4E229EFF9746845503D28355BA7B', 1033, 'Pound, Gibraltar');
INSERT INTO TNHT_MULT(LITE_PK, LANG_PK, MULT_DESC)
VALUES('5C8F4E229EFF9746845503D28355BA7B', 3082, 'Libra, Gibraltar');
INSERT INTO TNHT_MULT(LITE_PK, LANG_PK, MULT_DESC)
VALUES('5C8F4E229EFF9746845503D28355BA7B', 2070, 'Libra, Gibraltar');
INSERT INTO TNHT_MULT(LITE_PK, LANG_PK, MULT_DESC)
VALUES('5C8F4E229EFF9746845503D28355BA7B', 1036, 'Livre, Gibraltar');
INSERT INTO TNHT_MULT(LITE_PK, LANG_PK, MULT_DESC)
VALUES('5C8F4E229EFF9746845503D28355BA7B', 1031, 'Gibraltar-Pfund');
INSERT INTO TNHT_MULT(LITE_PK, LANG_PK, MULT_DESC)
VALUES('5C8F4E229EFF9746845503D28355BA7B', 1049, 'гибралтарский фунт');
INSERT INTO TNHT_MULT(LITE_PK, LANG_PK, MULT_DESC)
VALUES('5C8F4E229EFF9746845503D28355BA7B', 1063, 'Gibraltaro svaras');
INSERT INTO TNHT_UNMO(UNMO_PK, LITE_PK, UNMO_NDEC)
VALUES('GIP', '5C8F4E229EFF9746845503D28355BA7B', 2);
INSERT INTO TNHT_LITE(LITE_PK) VALUES('A336DCD6630190498E60411EA33950A7');
INSERT INTO TNHT_MULT(LITE_PK, LANG_PK, MULT_DESC)
VALUES('A336DCD6630190498E60411EA33950A7', 1033, 'Dalasi');
INSERT INTO TNHT_MULT(LITE_PK, LANG_PK, MULT_DESC)
VALUES('A336DCD6630190498E60411EA33950A7', 3082, 'Dalasi');
INSERT INTO TNHT_MULT(LITE_PK, LANG_PK, MULT_DESC)
VALUES('A336DCD6630190498E60411EA33950A7', 2070, 'Dalaso');
INSERT INTO TNHT_MULT(LITE_PK, LANG_PK, MULT_DESC)
VALUES('A336DCD6630190498E60411EA33950A7', 1036, 'Dalasi');
INSERT INTO TNHT_MULT(LITE_PK, LANG_PK, MULT_DESC)
VALUES('A336DCD6630190498E60411EA33950A7', 1031, 'Dalasi');
INSERT INTO TNHT_MULT(LITE_PK, LANG_PK, MULT_DESC)
VALUES('A336DCD6630190498E60411EA33950A7', 1049, 'даласи');
INSERT INTO TNHT_MULT(LITE_PK, LANG_PK, MULT_DESC)
VALUES('A336DCD6630190498E60411EA33950A7', 1063, 'Dalasis');
INSERT INTO TNHT_UNMO(UNMO_PK, LITE_PK, UNMO_NDEC)
VALUES('GMD', 'A336DCD6630190498E60411EA33950A7', 2);
INSERT INTO TNHT_LITE(LITE_PK) VALUES('3DD9E16BD7F7C24180C69B838180E8AA');
INSERT INTO TNHT_MULT(LITE_PK, LANG_PK, MULT_DESC)
VALUES('3DD9E16BD7F7C24180C69B838180E8AA', 1033, 'Franc, Guinea');
INSERT INTO TNHT_MULT(LITE_PK, LANG_PK, MULT_DESC)
VALUES('3DD9E16BD7F7C24180C69B838180E8AA', 3082, 'Franco, Guineano');
INSERT INTO TNHT_MULT(LITE_PK, LANG_PK, MULT_DESC)
VALUES('3DD9E16BD7F7C24180C69B838180E8AA', 2070, 'Franco, Guiné');
INSERT INTO TNHT_MULT(LITE_PK, LANG_PK, MULT_DESC)
VALUES('3DD9E16BD7F7C24180C69B838180E8AA', 1036, 'Franc, Guinéen');
INSERT INTO TNHT_MULT(LITE_PK, LANG_PK, MULT_DESC)
VALUES('3DD9E16BD7F7C24180C69B838180E8AA', 1031, 'Guinea-Franc');
INSERT INTO TNHT_MULT(LITE_PK, LANG_PK, MULT_DESC)
VALUES('3DD9E16BD7F7C24180C69B838180E8AA', 1049, 'гвинейский франк');
INSERT INTO TNHT_MULT(LITE_PK, LANG_PK, MULT_DESC)
VALUES('3DD9E16BD7F7C24180C69B838180E8AA', 1063, 'Gvinėjos frankas');
INSERT INTO TNHT_UNMO(UNMO_PK, LITE_PK, UNMO_NDEC)
VALUES('GNF', '3DD9E16BD7F7C24180C69B838180E8AA', 0);
INSERT INTO TNHT_LITE(LITE_PK) VALUES('8F232E30DA66A3489C96B8639BE77131');
INSERT INTO TNHT_MULT(LITE_PK, LANG_PK, MULT_DESC)
VALUES('8F232E30DA66A3489C96B8639BE77131', 1033, 'Quetzal');
INSERT INTO TNHT_MULT(LITE_PK, LANG_PK, MULT_DESC)
VALUES('8F232E30DA66A3489C96B8639BE77131', 3082, 'Quetzal');
INSERT INTO TNHT_MULT(LITE_PK, LANG_PK, MULT_DESC)
VALUES('8F232E30DA66A3489C96B8639BE77131', 2070, 'Quetzal');
INSERT INTO TNHT_MULT(LITE_PK, LANG_PK, MULT_DESC)
VALUES('8F232E30DA66A3489C96B8639BE77131', 1036, 'Quetzal');
INSERT INTO TNHT_MULT(LITE_PK, LANG_PK, MULT_DESC)
VALUES('8F232E30DA66A3489C96B8639BE77131', 1031, 'Quetzal');
INSERT INTO TNHT_MULT(LITE_PK, LANG_PK, MULT_DESC)
VALUES('8F232E30DA66A3489C96B8639BE77131', 1049, 'кетсаль');
INSERT INTO TNHT_MULT(LITE_PK, LANG_PK, MULT_DESC)
VALUES('8F232E30DA66A3489C96B8639BE77131', 1063, 'Ketcalis');
INSERT INTO TNHT_UNMO(UNMO_PK, LITE_PK, UNMO_NDEC)
VALUES('GTQ', '8F232E30DA66A3489C96B8639BE77131', 2);
INSERT INTO TNHT_LITE(LITE_PK) VALUES('C341D0E04A3EE34ABA160D7DF01B53AB');
INSERT INTO TNHT_MULT(LITE_PK, LANG_PK, MULT_DESC)
VALUES('C341D0E04A3EE34ABA160D7DF01B53AB', 1033, 'Dollar, Guyana');
INSERT INTO TNHT_MULT(LITE_PK, LANG_PK, MULT_DESC)
VALUES('C341D0E04A3EE34ABA160D7DF01B53AB', 3082, 'Dólar, Guayanés');
INSERT INTO TNHT_MULT(LITE_PK, LANG_PK, MULT_DESC)
VALUES('C341D0E04A3EE34ABA160D7DF01B53AB', 2070, 'Dólar, Guiana');
INSERT INTO TNHT_MULT(LITE_PK, LANG_PK, MULT_DESC)
VALUES('C341D0E04A3EE34ABA160D7DF01B53AB', 1036, 'Dollar, Guyana');
INSERT INTO TNHT_MULT(LITE_PK, LANG_PK, MULT_DESC)
VALUES('C341D0E04A3EE34ABA160D7DF01B53AB', 1031, 'Guyana-Dollar');
INSERT INTO TNHT_MULT(LITE_PK, LANG_PK, MULT_DESC)
VALUES('C341D0E04A3EE34ABA160D7DF01B53AB', 1049, 'гайанский доллар');
INSERT INTO TNHT_MULT(LITE_PK, LANG_PK, MULT_DESC)
VALUES('C341D0E04A3EE34ABA160D7DF01B53AB', 1063, 'Gajanos doleris');
INSERT INTO TNHT_UNMO(UNMO_PK, LITE_PK, UNMO_NDEC)
VALUES('GYD', 'C341D0E04A3EE34ABA160D7DF01B53AB', 2);
INSERT INTO TNHT_LITE(LITE_PK) VALUES('DC5720CDD001A14086BF4CC08FA2C485');
INSERT INTO TNHT_MULT(LITE_PK, LANG_PK, MULT_DESC)
VALUES('DC5720CDD001A14086BF4CC08FA2C485', 1033, 'Dollar, Hong Kong');
INSERT INTO TNHT_MULT(LITE_PK, LANG_PK, MULT_DESC)
VALUES('DC5720CDD001A14086BF4CC08FA2C485', 3082, 'Dólar, Hong Kong');
INSERT INTO TNHT_MULT(LITE_PK, LANG_PK, MULT_DESC)
VALUES('DC5720CDD001A14086BF4CC08FA2C485', 2070, 'Dólar, Hong Kong');
INSERT INTO TNHT_MULT(LITE_PK, LANG_PK, MULT_DESC)
VALUES('DC5720CDD001A14086BF4CC08FA2C485', 1036, 'Dollar, Hong Kong');
INSERT INTO TNHT_MULT(LITE_PK, LANG_PK, MULT_DESC)
VALUES('DC5720CDD001A14086BF4CC08FA2C485', 1031, 'Hongkong-Dollar');
INSERT INTO TNHT_MULT(LITE_PK, LANG_PK, MULT_DESC)
VALUES('DC5720CDD001A14086BF4CC08FA2C485', 1049, 'гонконгский доллар');
INSERT INTO TNHT_MULT(LITE_PK, LANG_PK, MULT_DESC)
VALUES('DC5720CDD001A14086BF4CC08FA2C485', 1063, 'Honkongo doleris');
INSERT INTO TNHT_UNMO(UNMO_PK, LITE_PK, UNMO_NDEC)
VALUES('HKD', 'DC5720CDD001A14086BF4CC08FA2C485', 2);
INSERT INTO TNHT_LITE(LITE_PK) VALUES('EC700D63E575744FB2D8645FFE5913AD');
INSERT INTO TNHT_MULT(LITE_PK, LANG_PK, MULT_DESC)
VALUES('EC700D63E575744FB2D8645FFE5913AD', 1033, 'Lempira, Honduran');
INSERT INTO TNHT_MULT(LITE_PK, LANG_PK, MULT_DESC)
VALUES('EC700D63E575744FB2D8645FFE5913AD', 3082, 'Lempira, Hondureño');
INSERT INTO TNHT_MULT(LITE_PK, LANG_PK, MULT_DESC)
VALUES('EC700D63E575744FB2D8645FFE5913AD', 2070, 'Lempira, Honduras');
INSERT INTO TNHT_MULT(LITE_PK, LANG_PK, MULT_DESC)
VALUES('EC700D63E575744FB2D8645FFE5913AD', 1036, 'Lempira');
INSERT INTO TNHT_MULT(LITE_PK, LANG_PK, MULT_DESC)
VALUES('EC700D63E575744FB2D8645FFE5913AD', 1031, 'Lempira');
INSERT INTO TNHT_MULT(LITE_PK, LANG_PK, MULT_DESC)
VALUES('EC700D63E575744FB2D8645FFE5913AD', 1049, 'лемпира');
INSERT INTO TNHT_MULT(LITE_PK, LANG_PK, MULT_DESC)
VALUES('EC700D63E575744FB2D8645FFE5913AD', 1063, 'Lempira');
INSERT INTO TNHT_UNMO(UNMO_PK, LITE_PK, UNMO_NDEC)
VALUES('HNL', 'EC700D63E575744FB2D8645FFE5913AD', 2);
INSERT INTO TNHT_LITE(LITE_PK) VALUES('09DCD717854894448A8AB92E668DB296');
INSERT INTO TNHT_MULT(LITE_PK, LANG_PK, MULT_DESC)
VALUES('09DCD717854894448A8AB92E668DB296', 1033, 'Kuna, Croatian');
INSERT INTO TNHT_MULT(LITE_PK, LANG_PK, MULT_DESC)
VALUES('09DCD717854894448A8AB92E668DB296', 3082, 'Kuna, Croata');
INSERT INTO TNHT_MULT(LITE_PK, LANG_PK, MULT_DESC)
VALUES('09DCD717854894448A8AB92E668DB296', 2070, 'Kuna, Croata');
INSERT INTO TNHT_MULT(LITE_PK, LANG_PK, MULT_DESC)
VALUES('09DCD717854894448A8AB92E668DB296', 1036, 'Kuna, Croatie');
INSERT INTO TNHT_MULT(LITE_PK, LANG_PK, MULT_DESC)
VALUES('09DCD717854894448A8AB92E668DB296', 1031, 'Kuna');
INSERT INTO TNHT_MULT(LITE_PK, LANG_PK, MULT_DESC)
VALUES('09DCD717854894448A8AB92E668DB296', 1049, 'хорватская куна');
INSERT INTO TNHT_MULT(LITE_PK, LANG_PK, MULT_DESC)
VALUES('09DCD717854894448A8AB92E668DB296', 1063, 'Kroatijos kuna');
INSERT INTO TNHT_UNMO(UNMO_PK, LITE_PK, UNMO_NDEC)
VALUES('HRK', '09DCD717854894448A8AB92E668DB296', 2);
INSERT INTO TNHT_LITE(LITE_PK) VALUES('B48147B3C325CE4D8EE3049B5FFC428F');
INSERT INTO TNHT_MULT(LITE_PK, LANG_PK, MULT_DESC)
VALUES('B48147B3C325CE4D8EE3049B5FFC428F', 1033, 'Gourde, Haitian');
INSERT INTO TNHT_MULT(LITE_PK, LANG_PK, MULT_DESC)
VALUES('B48147B3C325CE4D8EE3049B5FFC428F', 3082, 'Gourde, Haitiano');
INSERT INTO TNHT_MULT(LITE_PK, LANG_PK, MULT_DESC)
VALUES('B48147B3C325CE4D8EE3049B5FFC428F', 2070, 'Gourde, Haiti');
INSERT INTO TNHT_MULT(LITE_PK, LANG_PK, MULT_DESC)
VALUES('B48147B3C325CE4D8EE3049B5FFC428F', 1036, 'Gourde');
INSERT INTO TNHT_MULT(LITE_PK, LANG_PK, MULT_DESC)
VALUES('B48147B3C325CE4D8EE3049B5FFC428F', 1031, 'Gourde');
INSERT INTO TNHT_MULT(LITE_PK, LANG_PK, MULT_DESC)
VALUES('B48147B3C325CE4D8EE3049B5FFC428F', 1049, 'гурд');
INSERT INTO TNHT_MULT(LITE_PK, LANG_PK, MULT_DESC)
VALUES('B48147B3C325CE4D8EE3049B5FFC428F', 1063, 'Gurdas');
INSERT INTO TNHT_UNMO(UNMO_PK, LITE_PK, UNMO_NDEC)
VALUES('HTG', 'B48147B3C325CE4D8EE3049B5FFC428F', 2);
INSERT INTO TNHT_LITE(LITE_PK) VALUES('67800C66E0F4104C8BA30706A0A30D7C');
INSERT INTO TNHT_MULT(LITE_PK, LANG_PK, MULT_DESC)
VALUES('67800C66E0F4104C8BA30706A0A30D7C', 1033, 'Forint');
INSERT INTO TNHT_MULT(LITE_PK, LANG_PK, MULT_DESC)
VALUES('67800C66E0F4104C8BA30706A0A30D7C', 3082, 'Forint, Húngaro');
INSERT INTO TNHT_MULT(LITE_PK, LANG_PK, MULT_DESC)
VALUES('67800C66E0F4104C8BA30706A0A30D7C', 2070, 'Forint');
INSERT INTO TNHT_MULT(LITE_PK, LANG_PK, MULT_DESC)
VALUES('67800C66E0F4104C8BA30706A0A30D7C', 1036, 'Forint');
INSERT INTO TNHT_MULT(LITE_PK, LANG_PK, MULT_DESC)
VALUES('67800C66E0F4104C8BA30706A0A30D7C', 1031, 'Forint');
INSERT INTO TNHT_MULT(LITE_PK, LANG_PK, MULT_DESC)
VALUES('67800C66E0F4104C8BA30706A0A30D7C', 1049, 'форинт');
INSERT INTO TNHT_MULT(LITE_PK, LANG_PK, MULT_DESC)
VALUES('67800C66E0F4104C8BA30706A0A30D7C', 1063, 'Forintas');
INSERT INTO TNHT_UNMO(UNMO_PK, LITE_PK, UNMO_NDEC)
VALUES('HUF', '67800C66E0F4104C8BA30706A0A30D7C', 2);
INSERT INTO TNHT_LITE(LITE_PK) VALUES('FEF322149631D248B0E1D231BADEA06E');
INSERT INTO TNHT_MULT(LITE_PK, LANG_PK, MULT_DESC)
VALUES('FEF322149631D248B0E1D231BADEA06E', 1033, 'Rupiah');
INSERT INTO TNHT_MULT(LITE_PK, LANG_PK, MULT_DESC)
VALUES('FEF322149631D248B0E1D231BADEA06E', 3082, 'Rupia, Indonesia');
INSERT INTO TNHT_MULT(LITE_PK, LANG_PK, MULT_DESC)
VALUES('FEF322149631D248B0E1D231BADEA06E', 2070, 'Rupiah');
INSERT INTO TNHT_MULT(LITE_PK, LANG_PK, MULT_DESC)
VALUES('FEF322149631D248B0E1D231BADEA06E', 1036, 'Roupie, Indonésienne');
INSERT INTO TNHT_MULT(LITE_PK, LANG_PK, MULT_DESC)
VALUES('FEF322149631D248B0E1D231BADEA06E', 1031, 'Rupie');
INSERT INTO TNHT_MULT(LITE_PK, LANG_PK, MULT_DESC)
VALUES('FEF322149631D248B0E1D231BADEA06E', 1049, 'рупия');
INSERT INTO TNHT_MULT(LITE_PK, LANG_PK, MULT_DESC)
VALUES('FEF322149631D248B0E1D231BADEA06E', 1063, 'Rupija');
INSERT INTO TNHT_UNMO(UNMO_PK, LITE_PK, UNMO_NDEC)
VALUES('IDR', 'FEF322149631D248B0E1D231BADEA06E', 0);
INSERT INTO TNHT_LITE(LITE_PK) VALUES('70AF21B9D1BA1B498C07E8B3015B8A18');
INSERT INTO TNHT_MULT(LITE_PK, LANG_PK, MULT_DESC)
VALUES('70AF21B9D1BA1B498C07E8B3015B8A18', 1033, 'Sheqel New, Israeli');
INSERT INTO TNHT_MULT(LITE_PK, LANG_PK, MULT_DESC)
VALUES('70AF21B9D1BA1B498C07E8B3015B8A18', 3082, 'Sheqel Nuevo, israelí');
INSERT INTO TNHT_MULT(LITE_PK, LANG_PK, MULT_DESC)
VALUES('70AF21B9D1BA1B498C07E8B3015B8A18', 2070, 'Shekel Novo, Israelita');
INSERT INTO TNHT_MULT(LITE_PK, LANG_PK, MULT_DESC)
VALUES('70AF21B9D1BA1B498C07E8B3015B8A18', 1036, 'Sheqel Nouveau, Israëlien');
INSERT INTO TNHT_MULT(LITE_PK, LANG_PK, MULT_DESC)
VALUES('70AF21B9D1BA1B498C07E8B3015B8A18', 1031, 'Schekel');
INSERT INTO TNHT_MULT(LITE_PK, LANG_PK, MULT_DESC)
VALUES('70AF21B9D1BA1B498C07E8B3015B8A18', 1049, 'новый израильский шекель');
INSERT INTO TNHT_MULT(LITE_PK, LANG_PK, MULT_DESC)
VALUES('70AF21B9D1BA1B498C07E8B3015B8A18', 1063, 'Naujasis Izraelio šekelis');
INSERT INTO TNHT_UNMO(UNMO_PK, LITE_PK, UNMO_NDEC)
VALUES('ILS', '70AF21B9D1BA1B498C07E8B3015B8A18', 2);
INSERT INTO TNHT_LITE(LITE_PK) VALUES('47DAB50614706C4C8FC114B081FDDF96');
INSERT INTO TNHT_MULT(LITE_PK, LANG_PK, MULT_DESC)
VALUES('47DAB50614706C4C8FC114B081FDDF96', 1033, 'Rupee, Indian');
INSERT INTO TNHT_MULT(LITE_PK, LANG_PK, MULT_DESC)
VALUES('47DAB50614706C4C8FC114B081FDDF96', 3082, 'Rupia, India');
INSERT INTO TNHT_MULT(LITE_PK, LANG_PK, MULT_DESC)
VALUES('47DAB50614706C4C8FC114B081FDDF96', 2070, 'Rupia, Indiana');
INSERT INTO TNHT_MULT(LITE_PK, LANG_PK, MULT_DESC)
VALUES('47DAB50614706C4C8FC114B081FDDF96', 1036, 'Roupie, Indienne');
INSERT INTO TNHT_MULT(LITE_PK, LANG_PK, MULT_DESC)
VALUES('47DAB50614706C4C8FC114B081FDDF96', 1031, 'Indische Rupie');
INSERT INTO TNHT_MULT(LITE_PK, LANG_PK, MULT_DESC)
VALUES('47DAB50614706C4C8FC114B081FDDF96', 1049, 'индийская рупия');
INSERT INTO TNHT_MULT(LITE_PK, LANG_PK, MULT_DESC)
VALUES('47DAB50614706C4C8FC114B081FDDF96', 1063, 'Indijos rupija');
INSERT INTO TNHT_UNMO(UNMO_PK, LITE_PK, UNMO_NDEC)
VALUES('INR', '47DAB50614706C4C8FC114B081FDDF96', 2);
INSERT INTO TNHT_LITE(LITE_PK) VALUES('BFACA999130B8540AF81B2E7FD78ED65');
INSERT INTO TNHT_MULT(LITE_PK, LANG_PK, MULT_DESC)
VALUES('BFACA999130B8540AF81B2E7FD78ED65', 1033, 'Dinar, Iraqi');
INSERT INTO TNHT_MULT(LITE_PK, LANG_PK, MULT_DESC)
VALUES('BFACA999130B8540AF81B2E7FD78ED65', 3082, 'Dinar, Iraquí');
INSERT INTO TNHT_MULT(LITE_PK, LANG_PK, MULT_DESC)
VALUES('BFACA999130B8540AF81B2E7FD78ED65', 2070, 'Dinar, Iraquiano');
INSERT INTO TNHT_MULT(LITE_PK, LANG_PK, MULT_DESC)
VALUES('BFACA999130B8540AF81B2E7FD78ED65', 1036, 'Dinar, Irakien');
INSERT INTO TNHT_MULT(LITE_PK, LANG_PK, MULT_DESC)
VALUES('BFACA999130B8540AF81B2E7FD78ED65', 1031, 'Irakischer Dinar');
INSERT INTO TNHT_MULT(LITE_PK, LANG_PK, MULT_DESC)
VALUES('BFACA999130B8540AF81B2E7FD78ED65', 1049, 'иракский динар');
INSERT INTO TNHT_MULT(LITE_PK, LANG_PK, MULT_DESC)
VALUES('BFACA999130B8540AF81B2E7FD78ED65', 1063, 'Irako dinaras');
INSERT INTO TNHT_UNMO(UNMO_PK, LITE_PK, UNMO_NDEC)
VALUES('IQD', 'BFACA999130B8540AF81B2E7FD78ED65', 0);
INSERT INTO TNHT_LITE(LITE_PK) VALUES('5392BC0E8C7F0946AAB3074C23EC30AE');
INSERT INTO TNHT_MULT(LITE_PK, LANG_PK, MULT_DESC)
VALUES('5392BC0E8C7F0946AAB3074C23EC30AE', 1033, 'Rial, Iranian');
INSERT INTO TNHT_MULT(LITE_PK, LANG_PK, MULT_DESC)
VALUES('5392BC0E8C7F0946AAB3074C23EC30AE', 3082, 'Rial, Iraní');
INSERT INTO TNHT_MULT(LITE_PK, LANG_PK, MULT_DESC)
VALUES('5392BC0E8C7F0946AAB3074C23EC30AE', 2070, 'Rial, Iraniano');
INSERT INTO TNHT_MULT(LITE_PK, LANG_PK, MULT_DESC)
VALUES('5392BC0E8C7F0946AAB3074C23EC30AE', 1036, 'Rial, Iranien');
INSERT INTO TNHT_MULT(LITE_PK, LANG_PK, MULT_DESC)
VALUES('5392BC0E8C7F0946AAB3074C23EC30AE', 1031, 'Iranischer Rial');
INSERT INTO TNHT_MULT(LITE_PK, LANG_PK, MULT_DESC)
VALUES('5392BC0E8C7F0946AAB3074C23EC30AE', 1049, 'иранский риал');
INSERT INTO TNHT_MULT(LITE_PK, LANG_PK, MULT_DESC)
VALUES('5392BC0E8C7F0946AAB3074C23EC30AE', 1063, 'Irano rialas');
INSERT INTO TNHT_UNMO(UNMO_PK, LITE_PK, UNMO_NDEC)
VALUES('IRR', '5392BC0E8C7F0946AAB3074C23EC30AE', 0);
INSERT INTO TNHT_LITE(LITE_PK) VALUES('E6AD1413114A9245990C1FF478D120F0');
INSERT INTO TNHT_MULT(LITE_PK, LANG_PK, MULT_DESC)
VALUES('E6AD1413114A9245990C1FF478D120F0', 1033, 'Krona, Iceland');
INSERT INTO TNHT_MULT(LITE_PK, LANG_PK, MULT_DESC)
VALUES('E6AD1413114A9245990C1FF478D120F0', 3082, 'Corona, Islandesa');
INSERT INTO TNHT_MULT(LITE_PK, LANG_PK, MULT_DESC)
VALUES('E6AD1413114A9245990C1FF478D120F0', 2070, 'Krona, Islandesa');
INSERT INTO TNHT_MULT(LITE_PK, LANG_PK, MULT_DESC)
VALUES('E6AD1413114A9245990C1FF478D120F0', 1036, 'Couronne, Islandaise');
INSERT INTO TNHT_MULT(LITE_PK, LANG_PK, MULT_DESC)
VALUES('E6AD1413114A9245990C1FF478D120F0', 1031, 'Isländische Krone');
INSERT INTO TNHT_MULT(LITE_PK, LANG_PK, MULT_DESC)
VALUES('E6AD1413114A9245990C1FF478D120F0', 1049, 'исландская крона');
INSERT INTO TNHT_MULT(LITE_PK, LANG_PK, MULT_DESC)
VALUES('E6AD1413114A9245990C1FF478D120F0', 1063, 'Islandijos krona');
INSERT INTO TNHT_UNMO(UNMO_PK, LITE_PK, UNMO_NDEC)
VALUES('ISK', 'E6AD1413114A9245990C1FF478D120F0', 0);
INSERT INTO TNHT_LITE(LITE_PK) VALUES('CAF211CA589A2D4DAA53F38C05A2E1AE');
INSERT INTO TNHT_MULT(LITE_PK, LANG_PK, MULT_DESC)
VALUES('CAF211CA589A2D4DAA53F38C05A2E1AE', 1033, 'Dollar, Jamaican');
INSERT INTO TNHT_MULT(LITE_PK, LANG_PK, MULT_DESC)
VALUES('CAF211CA589A2D4DAA53F38C05A2E1AE', 3082, 'Dólar, Jamaiqueño');
INSERT INTO TNHT_MULT(LITE_PK, LANG_PK, MULT_DESC)
VALUES('CAF211CA589A2D4DAA53F38C05A2E1AE', 2070, 'Dólar, Jamaicano');
INSERT INTO TNHT_MULT(LITE_PK, LANG_PK, MULT_DESC)
VALUES('CAF211CA589A2D4DAA53F38C05A2E1AE', 1036, 'Dollar, Jamaïcain');
INSERT INTO TNHT_MULT(LITE_PK, LANG_PK, MULT_DESC)
VALUES('CAF211CA589A2D4DAA53F38C05A2E1AE', 1031, 'Jamaikanischer Dollar');
INSERT INTO TNHT_MULT(LITE_PK, LANG_PK, MULT_DESC)
VALUES('CAF211CA589A2D4DAA53F38C05A2E1AE', 1049, 'ямайский доллар');
INSERT INTO TNHT_MULT(LITE_PK, LANG_PK, MULT_DESC)
VALUES('CAF211CA589A2D4DAA53F38C05A2E1AE', 1063, 'Jamaikos doleris');
INSERT INTO TNHT_UNMO(UNMO_PK, LITE_PK, UNMO_NDEC)
VALUES('JMD', 'CAF211CA589A2D4DAA53F38C05A2E1AE', 2);
INSERT INTO TNHT_LITE(LITE_PK) VALUES('AF544DBE2ED2DD4BB135EBB7FFED1714');
INSERT INTO TNHT_MULT(LITE_PK, LANG_PK, MULT_DESC)
VALUES('AF544DBE2ED2DD4BB135EBB7FFED1714', 1033, 'Dinar, Jordanian');
INSERT INTO TNHT_MULT(LITE_PK, LANG_PK, MULT_DESC)
VALUES('AF544DBE2ED2DD4BB135EBB7FFED1714', 3082, 'Dinar, Jordano');
INSERT INTO TNHT_MULT(LITE_PK, LANG_PK, MULT_DESC)
VALUES('AF544DBE2ED2DD4BB135EBB7FFED1714', 2070, 'Dinar, Jordão');
INSERT INTO TNHT_MULT(LITE_PK, LANG_PK, MULT_DESC)
VALUES('AF544DBE2ED2DD4BB135EBB7FFED1714', 1036, 'Dinar, Jordanien');
INSERT INTO TNHT_MULT(LITE_PK, LANG_PK, MULT_DESC)
VALUES('AF544DBE2ED2DD4BB135EBB7FFED1714', 1031, 'Jordanischer Dinar');
INSERT INTO TNHT_MULT(LITE_PK, LANG_PK, MULT_DESC)
VALUES('AF544DBE2ED2DD4BB135EBB7FFED1714', 1049, 'иорданский динар');
INSERT INTO TNHT_MULT(LITE_PK, LANG_PK, MULT_DESC)
VALUES('AF544DBE2ED2DD4BB135EBB7FFED1714', 1063, 'Jordanijos dinaras');
INSERT INTO TNHT_UNMO(UNMO_PK, LITE_PK, UNMO_NDEC)
VALUES('JOD', 'AF544DBE2ED2DD4BB135EBB7FFED1714', 3);
INSERT INTO TNHT_LITE(LITE_PK) VALUES('CE1DE58B2B2E2A41BA1D088DA12CE695');
INSERT INTO TNHT_MULT(LITE_PK, LANG_PK, MULT_DESC)
VALUES('CE1DE58B2B2E2A41BA1D088DA12CE695', 1033, 'Yen');
INSERT INTO TNHT_MULT(LITE_PK, LANG_PK, MULT_DESC)
VALUES('CE1DE58B2B2E2A41BA1D088DA12CE695', 3082, 'Yen');
INSERT INTO TNHT_MULT(LITE_PK, LANG_PK, MULT_DESC)
VALUES('CE1DE58B2B2E2A41BA1D088DA12CE695', 2070, 'Yen');
INSERT INTO TNHT_MULT(LITE_PK, LANG_PK, MULT_DESC)
VALUES('CE1DE58B2B2E2A41BA1D088DA12CE695', 1036, 'Yen');
INSERT INTO TNHT_MULT(LITE_PK, LANG_PK, MULT_DESC)
VALUES('CE1DE58B2B2E2A41BA1D088DA12CE695', 1031, 'Yen');
INSERT INTO TNHT_MULT(LITE_PK, LANG_PK, MULT_DESC)
VALUES('CE1DE58B2B2E2A41BA1D088DA12CE695', 1049, 'йена');
INSERT INTO TNHT_MULT(LITE_PK, LANG_PK, MULT_DESC)
VALUES('CE1DE58B2B2E2A41BA1D088DA12CE695', 1063, 'Jena');
INSERT INTO TNHT_UNMO(UNMO_PK, LITE_PK, UNMO_NDEC)
VALUES('JPY', 'CE1DE58B2B2E2A41BA1D088DA12CE695', 0);
INSERT INTO TNHT_LITE(LITE_PK) VALUES('07D683593886E7468EF86C232FC96B06');
INSERT INTO TNHT_MULT(LITE_PK, LANG_PK, MULT_DESC)
VALUES('07D683593886E7468EF86C232FC96B06', 1033, 'Shilling, Kenyan');
INSERT INTO TNHT_MULT(LITE_PK, LANG_PK, MULT_DESC)
VALUES('07D683593886E7468EF86C232FC96B06', 3082, 'Chelín, Keniata');
INSERT INTO TNHT_MULT(LITE_PK, LANG_PK, MULT_DESC)
VALUES('07D683593886E7468EF86C232FC96B06', 2070, 'Schilling, Quénia');
INSERT INTO TNHT_MULT(LITE_PK, LANG_PK, MULT_DESC)
VALUES('07D683593886E7468EF86C232FC96B06', 1036, 'Shilling, Kenyan');
INSERT INTO TNHT_MULT(LITE_PK, LANG_PK, MULT_DESC)
VALUES('07D683593886E7468EF86C232FC96B06', 1031, 'Kenianischer Shilling');
INSERT INTO TNHT_MULT(LITE_PK, LANG_PK, MULT_DESC)
VALUES('07D683593886E7468EF86C232FC96B06', 1049, 'кенийский шиллинг');
INSERT INTO TNHT_MULT(LITE_PK, LANG_PK, MULT_DESC)
VALUES('07D683593886E7468EF86C232FC96B06', 1063, 'Kenijos šilingas');
INSERT INTO TNHT_UNMO(UNMO_PK, LITE_PK, UNMO_NDEC)
VALUES('KES', '07D683593886E7468EF86C232FC96B06', 2);
INSERT INTO TNHT_LITE(LITE_PK) VALUES('612A4B25B0D2A844841C9EE3C6370015');
INSERT INTO TNHT_MULT(LITE_PK, LANG_PK, MULT_DESC)
VALUES('612A4B25B0D2A844841C9EE3C6370015', 1033, 'Som');
INSERT INTO TNHT_MULT(LITE_PK, LANG_PK, MULT_DESC)
VALUES('612A4B25B0D2A844841C9EE3C6370015', 3082, 'Som');
INSERT INTO TNHT_MULT(LITE_PK, LANG_PK, MULT_DESC)
VALUES('612A4B25B0D2A844841C9EE3C6370015', 2070, 'Som');
INSERT INTO TNHT_MULT(LITE_PK, LANG_PK, MULT_DESC)
VALUES('612A4B25B0D2A844841C9EE3C6370015', 1036, 'Som');
INSERT INTO TNHT_MULT(LITE_PK, LANG_PK, MULT_DESC)
VALUES('612A4B25B0D2A844841C9EE3C6370015', 1031, 'Som');
INSERT INTO TNHT_MULT(LITE_PK, LANG_PK, MULT_DESC)
VALUES('612A4B25B0D2A844841C9EE3C6370015', 1049, 'сом');
INSERT INTO TNHT_MULT(LITE_PK, LANG_PK, MULT_DESC)
VALUES('612A4B25B0D2A844841C9EE3C6370015', 1063, 'Somas');
INSERT INTO TNHT_UNMO(UNMO_PK, LITE_PK, UNMO_NDEC)
VALUES('KGS', '612A4B25B0D2A844841C9EE3C6370015', 2);
INSERT INTO TNHT_LITE(LITE_PK) VALUES('B91E80027C06DC4896145003DE85349C');
INSERT INTO TNHT_MULT(LITE_PK, LANG_PK, MULT_DESC)
VALUES('B91E80027C06DC4896145003DE85349C', 1033, 'Riel');
INSERT INTO TNHT_MULT(LITE_PK, LANG_PK, MULT_DESC)
VALUES('B91E80027C06DC4896145003DE85349C', 3082, 'Riel, Camboyano');
INSERT INTO TNHT_MULT(LITE_PK, LANG_PK, MULT_DESC)
VALUES('B91E80027C06DC4896145003DE85349C', 2070, 'Riel');
INSERT INTO TNHT_MULT(LITE_PK, LANG_PK, MULT_DESC)
VALUES('B91E80027C06DC4896145003DE85349C', 1036, 'Riel');
INSERT INTO TNHT_MULT(LITE_PK, LANG_PK, MULT_DESC)
VALUES('B91E80027C06DC4896145003DE85349C', 1031, 'Riel');
INSERT INTO TNHT_MULT(LITE_PK, LANG_PK, MULT_DESC)
VALUES('B91E80027C06DC4896145003DE85349C', 1049, 'риал');
INSERT INTO TNHT_MULT(LITE_PK, LANG_PK, MULT_DESC)
VALUES('B91E80027C06DC4896145003DE85349C', 1063, 'Rielis');
INSERT INTO TNHT_UNMO(UNMO_PK, LITE_PK, UNMO_NDEC)
VALUES('KHR', 'B91E80027C06DC4896145003DE85349C', 0);
INSERT INTO TNHT_LITE(LITE_PK) VALUES('744456B74B000743A472AD71E707AF39');
INSERT INTO TNHT_MULT(LITE_PK, LANG_PK, MULT_DESC)
VALUES('744456B74B000743A472AD71E707AF39', 1033, 'Franc, Comoro');
INSERT INTO TNHT_MULT(LITE_PK, LANG_PK, MULT_DESC)
VALUES('744456B74B000743A472AD71E707AF39', 3082, 'Franco, Comoriano');
INSERT INTO TNHT_MULT(LITE_PK, LANG_PK, MULT_DESC)
VALUES('744456B74B000743A472AD71E707AF39', 2070, 'Francos, Comoros');
INSERT INTO TNHT_MULT(LITE_PK, LANG_PK, MULT_DESC)
VALUES('744456B74B000743A472AD71E707AF39', 1036, 'Franc, Comorien');
INSERT INTO TNHT_MULT(LITE_PK, LANG_PK, MULT_DESC)
VALUES('744456B74B000743A472AD71E707AF39', 1031, 'Komoren-Franc');
INSERT INTO TNHT_MULT(LITE_PK, LANG_PK, MULT_DESC)
VALUES('744456B74B000743A472AD71E707AF39', 1049, 'франк Коморских островов');
INSERT INTO TNHT_MULT(LITE_PK, LANG_PK, MULT_DESC)
VALUES('744456B74B000743A472AD71E707AF39', 1063, 'Komorų frankas');
INSERT INTO TNHT_UNMO(UNMO_PK, LITE_PK, UNMO_NDEC)
VALUES('KMF', '744456B74B000743A472AD71E707AF39', 0);
INSERT INTO TNHT_LITE(LITE_PK) VALUES('57267211095C67419AE2EFDEA8BA09B7');
INSERT INTO TNHT_MULT(LITE_PK, LANG_PK, MULT_DESC)
VALUES('57267211095C67419AE2EFDEA8BA09B7', 1033, 'Won, North Korean');
INSERT INTO TNHT_MULT(LITE_PK, LANG_PK, MULT_DESC)
VALUES('57267211095C67419AE2EFDEA8BA09B7', 3082, 'Won, Norcoreano');
INSERT INTO TNHT_MULT(LITE_PK, LANG_PK, MULT_DESC)
VALUES('57267211095C67419AE2EFDEA8BA09B7', 2070, 'Won, Norte-Coreano');
INSERT INTO TNHT_MULT(LITE_PK, LANG_PK, MULT_DESC)
VALUES('57267211095C67419AE2EFDEA8BA09B7', 1036, 'Won, Nord-coréen');
INSERT INTO TNHT_MULT(LITE_PK, LANG_PK, MULT_DESC)
VALUES('57267211095C67419AE2EFDEA8BA09B7', 1031, 'Nordkoreanischer Won');
INSERT INTO TNHT_MULT(LITE_PK, LANG_PK, MULT_DESC)
VALUES('57267211095C67419AE2EFDEA8BA09B7', 1049, 'северокорейский вон');
INSERT INTO TNHT_MULT(LITE_PK, LANG_PK, MULT_DESC)
VALUES('57267211095C67419AE2EFDEA8BA09B7', 1063, 'Šiaurės Korėjos vonas');
INSERT INTO TNHT_UNMO(UNMO_PK, LITE_PK, UNMO_NDEC)
VALUES('KPW', '57267211095C67419AE2EFDEA8BA09B7', 0);
INSERT INTO TNHT_LITE(LITE_PK) VALUES('59BA1A666F7EB84491BD566A30150353');
INSERT INTO TNHT_MULT(LITE_PK, LANG_PK, MULT_DESC)
VALUES('59BA1A666F7EB84491BD566A30150353', 1033, 'Won');
INSERT INTO TNHT_MULT(LITE_PK, LANG_PK, MULT_DESC)
VALUES('59BA1A666F7EB84491BD566A30150353', 3082, 'Won, Surcoreano');
INSERT INTO TNHT_MULT(LITE_PK, LANG_PK, MULT_DESC)
VALUES('59BA1A666F7EB84491BD566A30150353', 2070, 'Won');
INSERT INTO TNHT_MULT(LITE_PK, LANG_PK, MULT_DESC)
VALUES('59BA1A666F7EB84491BD566A30150353', 1036, 'Won');
INSERT INTO TNHT_MULT(LITE_PK, LANG_PK, MULT_DESC)
VALUES('59BA1A666F7EB84491BD566A30150353', 1031, 'Won');
INSERT INTO TNHT_MULT(LITE_PK, LANG_PK, MULT_DESC)
VALUES('59BA1A666F7EB84491BD566A30150353', 1049, 'вон');
INSERT INTO TNHT_MULT(LITE_PK, LANG_PK, MULT_DESC)
VALUES('59BA1A666F7EB84491BD566A30150353', 1063, 'Vonas');
INSERT INTO TNHT_UNMO(UNMO_PK, LITE_PK, UNMO_NDEC)
VALUES('KRW', '59BA1A666F7EB84491BD566A30150353', 0);
INSERT INTO TNHT_LITE(LITE_PK) VALUES('A229DA1B29B0DB4AA8C88EAA44184939');
INSERT INTO TNHT_MULT(LITE_PK, LANG_PK, MULT_DESC)
VALUES('A229DA1B29B0DB4AA8C88EAA44184939', 1033, 'Dinar, Kuwaiti');
INSERT INTO TNHT_MULT(LITE_PK, LANG_PK, MULT_DESC)
VALUES('A229DA1B29B0DB4AA8C88EAA44184939', 3082, 'Dinar, Kuwaití');
INSERT INTO TNHT_MULT(LITE_PK, LANG_PK, MULT_DESC)
VALUES('A229DA1B29B0DB4AA8C88EAA44184939', 2070, 'Dinar, Kuwait');
INSERT INTO TNHT_MULT(LITE_PK, LANG_PK, MULT_DESC)
VALUES('A229DA1B29B0DB4AA8C88EAA44184939', 1036, 'Dinar, Koweïtien');
INSERT INTO TNHT_MULT(LITE_PK, LANG_PK, MULT_DESC)
VALUES('A229DA1B29B0DB4AA8C88EAA44184939', 1031, 'Kuwait-Dinar');
INSERT INTO TNHT_MULT(LITE_PK, LANG_PK, MULT_DESC)
VALUES('A229DA1B29B0DB4AA8C88EAA44184939', 1049, 'кувейтский динар');
INSERT INTO TNHT_MULT(LITE_PK, LANG_PK, MULT_DESC)
VALUES('A229DA1B29B0DB4AA8C88EAA44184939', 1063, 'Kuveito dinaras');
INSERT INTO TNHT_UNMO(UNMO_PK, LITE_PK, UNMO_NDEC)
VALUES('KWD', 'A229DA1B29B0DB4AA8C88EAA44184939', 3);
INSERT INTO TNHT_LITE(LITE_PK) VALUES('CA374AEEAFE5EA45A9C70770F017113E');
INSERT INTO TNHT_MULT(LITE_PK, LANG_PK, MULT_DESC)
VALUES('CA374AEEAFE5EA45A9C70770F017113E', 1033, 'Dollar, Cayman Islands');
INSERT INTO TNHT_MULT(LITE_PK, LANG_PK, MULT_DESC)
VALUES('CA374AEEAFE5EA45A9C70770F017113E', 3082, 'Dólar, Islas Caimán');
INSERT INTO TNHT_MULT(LITE_PK, LANG_PK, MULT_DESC)
VALUES('CA374AEEAFE5EA45A9C70770F017113E', 2070, 'Dólar, Ilhas Caimão');
INSERT INTO TNHT_MULT(LITE_PK, LANG_PK, MULT_DESC)
VALUES('CA374AEEAFE5EA45A9C70770F017113E', 1036, 'Dollar, Îles Caïman');
INSERT INTO TNHT_MULT(LITE_PK, LANG_PK, MULT_DESC)
VALUES('CA374AEEAFE5EA45A9C70770F017113E', 1031, 'Kaiman-Dollar');
INSERT INTO TNHT_MULT(LITE_PK, LANG_PK, MULT_DESC)
VALUES('CA374AEEAFE5EA45A9C70770F017113E', 1049, 'доллар Каймановых Островов');
INSERT INTO TNHT_MULT(LITE_PK, LANG_PK, MULT_DESC)
VALUES('CA374AEEAFE5EA45A9C70770F017113E', 1063, 'Kaimanų salų doleris');
INSERT INTO TNHT_UNMO(UNMO_PK, LITE_PK, UNMO_NDEC)
VALUES('KYD', 'CA374AEEAFE5EA45A9C70770F017113E', 2);
INSERT INTO TNHT_LITE(LITE_PK) VALUES('A28AA8A670180D4FA698E24B8472CCF4');
INSERT INTO TNHT_MULT(LITE_PK, LANG_PK, MULT_DESC)
VALUES('A28AA8A670180D4FA698E24B8472CCF4', 1033, 'Tenge');
INSERT INTO TNHT_MULT(LITE_PK, LANG_PK, MULT_DESC)
VALUES('A28AA8A670180D4FA698E24B8472CCF4', 3082, 'Tenge');
INSERT INTO TNHT_MULT(LITE_PK, LANG_PK, MULT_DESC)
VALUES('A28AA8A670180D4FA698E24B8472CCF4', 2070, 'Tenge');
INSERT INTO TNHT_MULT(LITE_PK, LANG_PK, MULT_DESC)
VALUES('A28AA8A670180D4FA698E24B8472CCF4', 1036, 'Tenge');
INSERT INTO TNHT_MULT(LITE_PK, LANG_PK, MULT_DESC)
VALUES('A28AA8A670180D4FA698E24B8472CCF4', 1031, 'Tenge');
INSERT INTO TNHT_MULT(LITE_PK, LANG_PK, MULT_DESC)
VALUES('A28AA8A670180D4FA698E24B8472CCF4', 1049, 'тенге');
INSERT INTO TNHT_MULT(LITE_PK, LANG_PK, MULT_DESC)
VALUES('A28AA8A670180D4FA698E24B8472CCF4', 1063, 'Tengė');
INSERT INTO TNHT_UNMO(UNMO_PK, LITE_PK, UNMO_NDEC)
VALUES('KZT', 'A28AA8A670180D4FA698E24B8472CCF4', 2);
INSERT INTO TNHT_LITE(LITE_PK) VALUES('BE5BF582B9B4884D93A4498647907E73');
INSERT INTO TNHT_MULT(LITE_PK, LANG_PK, MULT_DESC)
VALUES('BE5BF582B9B4884D93A4498647907E73', 1033, 'Kip');
INSERT INTO TNHT_MULT(LITE_PK, LANG_PK, MULT_DESC)
VALUES('BE5BF582B9B4884D93A4498647907E73', 3082, 'Kip, Laosiano');
INSERT INTO TNHT_MULT(LITE_PK, LANG_PK, MULT_DESC)
VALUES('BE5BF582B9B4884D93A4498647907E73', 2070, 'Kip, Lao');
INSERT INTO TNHT_MULT(LITE_PK, LANG_PK, MULT_DESC)
VALUES('BE5BF582B9B4884D93A4498647907E73', 1036, 'Kip');
INSERT INTO TNHT_MULT(LITE_PK, LANG_PK, MULT_DESC)
VALUES('BE5BF582B9B4884D93A4498647907E73', 1031, 'Kip');
INSERT INTO TNHT_MULT(LITE_PK, LANG_PK, MULT_DESC)
VALUES('BE5BF582B9B4884D93A4498647907E73', 1049, 'кип');
INSERT INTO TNHT_MULT(LITE_PK, LANG_PK, MULT_DESC)
VALUES('BE5BF582B9B4884D93A4498647907E73', 1063, 'Kipas');
INSERT INTO TNHT_UNMO(UNMO_PK, LITE_PK, UNMO_NDEC)
VALUES('LAK', 'BE5BF582B9B4884D93A4498647907E73', 0);
INSERT INTO TNHT_LITE(LITE_PK) VALUES('D9193302B2328845909075CDF566C116');
INSERT INTO TNHT_MULT(LITE_PK, LANG_PK, MULT_DESC)
VALUES('D9193302B2328845909075CDF566C116', 1033, 'Pound, Lebanese');
INSERT INTO TNHT_MULT(LITE_PK, LANG_PK, MULT_DESC)
VALUES('D9193302B2328845909075CDF566C116', 3082, 'Libra, Libanesa');
INSERT INTO TNHT_MULT(LITE_PK, LANG_PK, MULT_DESC)
VALUES('D9193302B2328845909075CDF566C116', 2070, 'Libra, Libanesa');
INSERT INTO TNHT_MULT(LITE_PK, LANG_PK, MULT_DESC)
VALUES('D9193302B2328845909075CDF566C116', 1036, 'Livre, Libanaise');
INSERT INTO TNHT_MULT(LITE_PK, LANG_PK, MULT_DESC)
VALUES('D9193302B2328845909075CDF566C116', 1031, 'Libanesisches Pfund');
INSERT INTO TNHT_MULT(LITE_PK, LANG_PK, MULT_DESC)
VALUES('D9193302B2328845909075CDF566C116', 1049, 'ливанский фунт');
INSERT INTO TNHT_MULT(LITE_PK, LANG_PK, MULT_DESC)
VALUES('D9193302B2328845909075CDF566C116', 1063, 'Libano svaras');
INSERT INTO TNHT_UNMO(UNMO_PK, LITE_PK, UNMO_NDEC)
VALUES('LBP', 'D9193302B2328845909075CDF566C116', 0);
INSERT INTO TNHT_LITE(LITE_PK) VALUES('89E4E26D9D359A438E843106F02F7E69');
INSERT INTO TNHT_MULT(LITE_PK, LANG_PK, MULT_DESC)
VALUES('89E4E26D9D359A438E843106F02F7E69', 1033, 'Rupee, Sri Lanka');
INSERT INTO TNHT_MULT(LITE_PK, LANG_PK, MULT_DESC)
VALUES('89E4E26D9D359A438E843106F02F7E69', 3082, 'Rupia, Sri Lanka');
INSERT INTO TNHT_MULT(LITE_PK, LANG_PK, MULT_DESC)
VALUES('89E4E26D9D359A438E843106F02F7E69', 2070, 'Rupia, Sri-Lanka');
INSERT INTO TNHT_MULT(LITE_PK, LANG_PK, MULT_DESC)
VALUES('89E4E26D9D359A438E843106F02F7E69', 1036, 'Roupie, Sri-lankaise');
INSERT INTO TNHT_MULT(LITE_PK, LANG_PK, MULT_DESC)
VALUES('89E4E26D9D359A438E843106F02F7E69', 1031, 'Sri-Lanka-Rupie');
INSERT INTO TNHT_MULT(LITE_PK, LANG_PK, MULT_DESC)
VALUES('89E4E26D9D359A438E843106F02F7E69', 1049, 'шриланкийская рупия');
INSERT INTO TNHT_MULT(LITE_PK, LANG_PK, MULT_DESC)
VALUES('89E4E26D9D359A438E843106F02F7E69', 1063, 'Šri Lankos rupija');
INSERT INTO TNHT_UNMO(UNMO_PK, LITE_PK, UNMO_NDEC)
VALUES('LKR', '89E4E26D9D359A438E843106F02F7E69', 2);
INSERT INTO TNHT_LITE(LITE_PK) VALUES('046D5F88DAA43244A6A21CB23174477C');
INSERT INTO TNHT_MULT(LITE_PK, LANG_PK, MULT_DESC)
VALUES('046D5F88DAA43244A6A21CB23174477C', 1033, 'Dollar, Liberian');
INSERT INTO TNHT_MULT(LITE_PK, LANG_PK, MULT_DESC)
VALUES('046D5F88DAA43244A6A21CB23174477C', 3082, 'Dólar, Liberiano');
INSERT INTO TNHT_MULT(LITE_PK, LANG_PK, MULT_DESC)
VALUES('046D5F88DAA43244A6A21CB23174477C', 2070, 'Dólar, Libéria');
INSERT INTO TNHT_MULT(LITE_PK, LANG_PK, MULT_DESC)
VALUES('046D5F88DAA43244A6A21CB23174477C', 1036, 'Dollar, Liberien');
INSERT INTO TNHT_MULT(LITE_PK, LANG_PK, MULT_DESC)
VALUES('046D5F88DAA43244A6A21CB23174477C', 1031, 'Liberianischer Dollar');
INSERT INTO TNHT_MULT(LITE_PK, LANG_PK, MULT_DESC)
VALUES('046D5F88DAA43244A6A21CB23174477C', 1049, 'либерийский долар');
INSERT INTO TNHT_MULT(LITE_PK, LANG_PK, MULT_DESC)
VALUES('046D5F88DAA43244A6A21CB23174477C', 1063, 'Liberijos doleris');
INSERT INTO TNHT_UNMO(UNMO_PK, LITE_PK, UNMO_NDEC)
VALUES('LRD', '046D5F88DAA43244A6A21CB23174477C', 2);
INSERT INTO TNHT_LITE(LITE_PK) VALUES('89C729953166EA43AC8797E5FA3D3538');
INSERT INTO TNHT_MULT(LITE_PK, LANG_PK, MULT_DESC)
VALUES('89C729953166EA43AC8797E5FA3D3538', 1033, 'Loti, Lesotho');
INSERT INTO TNHT_MULT(LITE_PK, LANG_PK, MULT_DESC)
VALUES('89C729953166EA43AC8797E5FA3D3538', 3082, 'Loti, Lesothense');
INSERT INTO TNHT_MULT(LITE_PK, LANG_PK, MULT_DESC)
VALUES('89C729953166EA43AC8797E5FA3D3538', 2070, 'Loti');
INSERT INTO TNHT_MULT(LITE_PK, LANG_PK, MULT_DESC)
VALUES('89C729953166EA43AC8797E5FA3D3538', 1036, 'Loti');
INSERT INTO TNHT_MULT(LITE_PK, LANG_PK, MULT_DESC)
VALUES('89C729953166EA43AC8797E5FA3D3538', 1031, 'Loti');
INSERT INTO TNHT_MULT(LITE_PK, LANG_PK, MULT_DESC)
VALUES('89C729953166EA43AC8797E5FA3D3538', 1049, 'лоти');
INSERT INTO TNHT_MULT(LITE_PK, LANG_PK, MULT_DESC)
VALUES('89C729953166EA43AC8797E5FA3D3538', 1063, 'Lotis');
INSERT INTO TNHT_UNMO(UNMO_PK, LITE_PK, UNMO_NDEC)
VALUES('LSL', '89C729953166EA43AC8797E5FA3D3538', 2);
INSERT INTO TNHT_LITE(LITE_PK) VALUES('5EA6614877568245A877A09A0BA18109');
INSERT INTO TNHT_MULT(LITE_PK, LANG_PK, MULT_DESC)
VALUES('5EA6614877568245A877A09A0BA18109', 1033, 'Litas, Lithuanian');
INSERT INTO TNHT_MULT(LITE_PK, LANG_PK, MULT_DESC)
VALUES('5EA6614877568245A877A09A0BA18109', 3082, 'Litas, Lituano');
INSERT INTO TNHT_MULT(LITE_PK, LANG_PK, MULT_DESC)
VALUES('5EA6614877568245A877A09A0BA18109', 2070, 'Litas, Lituânia');
INSERT INTO TNHT_MULT(LITE_PK, LANG_PK, MULT_DESC)
VALUES('5EA6614877568245A877A09A0BA18109', 1036, 'Litas, Lithuanie');
INSERT INTO TNHT_MULT(LITE_PK, LANG_PK, MULT_DESC)
VALUES('5EA6614877568245A877A09A0BA18109', 1031, 'Litauischer Litas');
INSERT INTO TNHT_MULT(LITE_PK, LANG_PK, MULT_DESC)
VALUES('5EA6614877568245A877A09A0BA18109', 1049, 'литовский лит');
INSERT INTO TNHT_MULT(LITE_PK, LANG_PK, MULT_DESC)
VALUES('5EA6614877568245A877A09A0BA18109', 1063, 'Lietuvos litas');
INSERT INTO TNHT_UNMO(UNMO_PK, LITE_PK, UNMO_NDEC)
VALUES('LTL', '5EA6614877568245A877A09A0BA18109', 2);
INSERT INTO TNHT_LITE(LITE_PK) VALUES('ED296BE3B9899E4EB986C4F5E68344F2');
INSERT INTO TNHT_MULT(LITE_PK, LANG_PK, MULT_DESC)
VALUES('ED296BE3B9899E4EB986C4F5E68344F2', 1033, 'Lats, Latvian');
INSERT INTO TNHT_MULT(LITE_PK, LANG_PK, MULT_DESC)
VALUES('ED296BE3B9899E4EB986C4F5E68344F2', 3082, 'Lats, Letón');
INSERT INTO TNHT_MULT(LITE_PK, LANG_PK, MULT_DESC)
VALUES('ED296BE3B9899E4EB986C4F5E68344F2', 2070, 'Lats, Letão');
INSERT INTO TNHT_MULT(LITE_PK, LANG_PK, MULT_DESC)
VALUES('ED296BE3B9899E4EB986C4F5E68344F2', 1036, 'Lats, Lettonie');
INSERT INTO TNHT_MULT(LITE_PK, LANG_PK, MULT_DESC)
VALUES('ED296BE3B9899E4EB986C4F5E68344F2', 1031, 'Lettischer Lats');
INSERT INTO TNHT_MULT(LITE_PK, LANG_PK, MULT_DESC)
VALUES('ED296BE3B9899E4EB986C4F5E68344F2', 1049, 'латвийский лат');
INSERT INTO TNHT_MULT(LITE_PK, LANG_PK, MULT_DESC)
VALUES('ED296BE3B9899E4EB986C4F5E68344F2', 1063, 'Latvijos latas');
INSERT INTO TNHT_UNMO(UNMO_PK, LITE_PK, UNMO_NDEC)
VALUES('LVL', 'ED296BE3B9899E4EB986C4F5E68344F2', 2);
INSERT INTO TNHT_LITE(LITE_PK) VALUES('322C658B3958484782BF4D8D529BEB3F');
INSERT INTO TNHT_MULT(LITE_PK, LANG_PK, MULT_DESC)
VALUES('322C658B3958484782BF4D8D529BEB3F', 1033, 'Dinar, Libyan');
INSERT INTO TNHT_MULT(LITE_PK, LANG_PK, MULT_DESC)
VALUES('322C658B3958484782BF4D8D529BEB3F', 3082, 'Dinar, Libio');
INSERT INTO TNHT_MULT(LITE_PK, LANG_PK, MULT_DESC)
VALUES('322C658B3958484782BF4D8D529BEB3F', 2070, 'Dinar, Líbio');
INSERT INTO TNHT_MULT(LITE_PK, LANG_PK, MULT_DESC)
VALUES('322C658B3958484782BF4D8D529BEB3F', 1036, 'Dinar, Libyen');
INSERT INTO TNHT_MULT(LITE_PK, LANG_PK, MULT_DESC)
VALUES('322C658B3958484782BF4D8D529BEB3F', 1031, 'Libyscher Dinar');
INSERT INTO TNHT_MULT(LITE_PK, LANG_PK, MULT_DESC)
VALUES('322C658B3958484782BF4D8D529BEB3F', 1049, 'ливийский динар');
INSERT INTO TNHT_MULT(LITE_PK, LANG_PK, MULT_DESC)
VALUES('322C658B3958484782BF4D8D529BEB3F', 1063, 'Libijos dinaras');
INSERT INTO TNHT_UNMO(UNMO_PK, LITE_PK, UNMO_NDEC)
VALUES('LYD', '322C658B3958484782BF4D8D529BEB3F', 2);
INSERT INTO TNHT_LITE(LITE_PK) VALUES('5A5550925CCF13439D32090725D51688');
INSERT INTO TNHT_MULT(LITE_PK, LANG_PK, MULT_DESC)
VALUES('5A5550925CCF13439D32090725D51688', 1033, 'Dirham, Moroccan');
INSERT INTO TNHT_MULT(LITE_PK, LANG_PK, MULT_DESC)
VALUES('5A5550925CCF13439D32090725D51688', 3082, 'Dirham, Marroquí');
INSERT INTO TNHT_MULT(LITE_PK, LANG_PK, MULT_DESC)
VALUES('5A5550925CCF13439D32090725D51688', 2070, 'Dirham, Marroquino');
INSERT INTO TNHT_MULT(LITE_PK, LANG_PK, MULT_DESC)
VALUES('5A5550925CCF13439D32090725D51688', 1036, 'Dirham, Marocain');
INSERT INTO TNHT_MULT(LITE_PK, LANG_PK, MULT_DESC)
VALUES('5A5550925CCF13439D32090725D51688', 1031, 'Marokkanischer Dirham');
INSERT INTO TNHT_MULT(LITE_PK, LANG_PK, MULT_DESC)
VALUES('5A5550925CCF13439D32090725D51688', 1049, 'марокканский дирхам');
INSERT INTO TNHT_MULT(LITE_PK, LANG_PK, MULT_DESC)
VALUES('5A5550925CCF13439D32090725D51688', 1063, 'Maroko dirhamas');
INSERT INTO TNHT_UNMO(UNMO_PK, LITE_PK, UNMO_NDEC)
VALUES('MAD', '5A5550925CCF13439D32090725D51688', 2);
INSERT INTO TNHT_LITE(LITE_PK) VALUES('F985049B25AE7C4FA532F088707CA16D');
INSERT INTO TNHT_MULT(LITE_PK, LANG_PK, MULT_DESC)
VALUES('F985049B25AE7C4FA532F088707CA16D', 1033, 'Leu, Moldovan');
INSERT INTO TNHT_MULT(LITE_PK, LANG_PK, MULT_DESC)
VALUES('F985049B25AE7C4FA532F088707CA16D', 3082, 'Leu, Moldavo');
INSERT INTO TNHT_MULT(LITE_PK, LANG_PK, MULT_DESC)
VALUES('F985049B25AE7C4FA532F088707CA16D', 2070, 'Leu, Moldávia');
INSERT INTO TNHT_MULT(LITE_PK, LANG_PK, MULT_DESC)
VALUES('F985049B25AE7C4FA532F088707CA16D', 1036, 'Leu, Moldavie');
INSERT INTO TNHT_MULT(LITE_PK, LANG_PK, MULT_DESC)
VALUES('F985049B25AE7C4FA532F088707CA16D', 1031, 'Moldau Leu');
INSERT INTO TNHT_MULT(LITE_PK, LANG_PK, MULT_DESC)
VALUES('F985049B25AE7C4FA532F088707CA16D', 1049, 'молдавский лей');
INSERT INTO TNHT_MULT(LITE_PK, LANG_PK, MULT_DESC)
VALUES('F985049B25AE7C4FA532F088707CA16D', 1063, 'Moldovos lėja');
INSERT INTO TNHT_UNMO(UNMO_PK, LITE_PK, UNMO_NDEC)
VALUES('MDL', 'F985049B25AE7C4FA532F088707CA16D', 2);
INSERT INTO TNHT_LITE(LITE_PK) VALUES('6E5F9EB1750EBA44B6F9DF114AA7D922');
INSERT INTO TNHT_MULT(LITE_PK, LANG_PK, MULT_DESC)
VALUES('6E5F9EB1750EBA44B6F9DF114AA7D922', 1033, 'Ariary, Malagasy');
INSERT INTO TNHT_MULT(LITE_PK, LANG_PK, MULT_DESC)
VALUES('6E5F9EB1750EBA44B6F9DF114AA7D922', 3082, 'Ariary, Malgache');
INSERT INTO TNHT_MULT(LITE_PK, LANG_PK, MULT_DESC)
VALUES('6E5F9EB1750EBA44B6F9DF114AA7D922', 2070, 'Ariary, Madagáscar');
INSERT INTO TNHT_MULT(LITE_PK, LANG_PK, MULT_DESC)
VALUES('6E5F9EB1750EBA44B6F9DF114AA7D922', 1036, 'Ariary, Malgache');
INSERT INTO TNHT_MULT(LITE_PK, LANG_PK, MULT_DESC)
VALUES('6E5F9EB1750EBA44B6F9DF114AA7D922', 1031, 'Madagassischer Ariary');
INSERT INTO TNHT_MULT(LITE_PK, LANG_PK, MULT_DESC)
VALUES('6E5F9EB1750EBA44B6F9DF114AA7D922', 1049, 'малагасийский ариари');
INSERT INTO TNHT_MULT(LITE_PK, LANG_PK, MULT_DESC)
VALUES('6E5F9EB1750EBA44B6F9DF114AA7D922', 1063, 'Madagaskaro ariaris');
INSERT INTO TNHT_UNMO(UNMO_PK, LITE_PK, UNMO_NDEC)
VALUES('MGA', '6E5F9EB1750EBA44B6F9DF114AA7D922', 2);
INSERT INTO TNHT_LITE(LITE_PK) VALUES('65012B67785EF940A30E6B7270901C11');
INSERT INTO TNHT_MULT(LITE_PK, LANG_PK, MULT_DESC)
VALUES('65012B67785EF940A30E6B7270901C11', 1033, 'Denar');
INSERT INTO TNHT_MULT(LITE_PK, LANG_PK, MULT_DESC)
VALUES('65012B67785EF940A30E6B7270901C11', 3082, 'Denar');
INSERT INTO TNHT_MULT(LITE_PK, LANG_PK, MULT_DESC)
VALUES('65012B67785EF940A30E6B7270901C11', 2070, 'Denar');
INSERT INTO TNHT_MULT(LITE_PK, LANG_PK, MULT_DESC)
VALUES('65012B67785EF940A30E6B7270901C11', 1036, 'Dinar');
INSERT INTO TNHT_MULT(LITE_PK, LANG_PK, MULT_DESC)
VALUES('65012B67785EF940A30E6B7270901C11', 1031, 'Denar');
INSERT INTO TNHT_MULT(LITE_PK, LANG_PK, MULT_DESC)
VALUES('65012B67785EF940A30E6B7270901C11', 1049, 'динар');
INSERT INTO TNHT_MULT(LITE_PK, LANG_PK, MULT_DESC)
VALUES('65012B67785EF940A30E6B7270901C11', 1063, 'Denaras');
INSERT INTO TNHT_UNMO(UNMO_PK, LITE_PK, UNMO_NDEC)
VALUES('MKD', '65012B67785EF940A30E6B7270901C11', 2);
INSERT INTO TNHT_LITE(LITE_PK) VALUES('820DB387373DA14E91D58CA444534319');
INSERT INTO TNHT_MULT(LITE_PK, LANG_PK, MULT_DESC)
VALUES('820DB387373DA14E91D58CA444534319', 1033, 'Kyat');
INSERT INTO TNHT_MULT(LITE_PK, LANG_PK, MULT_DESC)
VALUES('820DB387373DA14E91D58CA444534319', 3082, 'Kyat');
INSERT INTO TNHT_MULT(LITE_PK, LANG_PK, MULT_DESC)
VALUES('820DB387373DA14E91D58CA444534319', 2070, 'Kyat');
INSERT INTO TNHT_MULT(LITE_PK, LANG_PK, MULT_DESC)
VALUES('820DB387373DA14E91D58CA444534319', 1036, 'Kyat');
INSERT INTO TNHT_MULT(LITE_PK, LANG_PK, MULT_DESC)
VALUES('820DB387373DA14E91D58CA444534319', 1031, 'Kyat');
INSERT INTO TNHT_MULT(LITE_PK, LANG_PK, MULT_DESC)
VALUES('820DB387373DA14E91D58CA444534319', 1049, 'кьят');
INSERT INTO TNHT_MULT(LITE_PK, LANG_PK, MULT_DESC)
VALUES('820DB387373DA14E91D58CA444534319', 1063, 'Kijatas');
INSERT INTO TNHT_UNMO(UNMO_PK, LITE_PK, UNMO_NDEC)
VALUES('MMK', '820DB387373DA14E91D58CA444534319', 0);
INSERT INTO TNHT_LITE(LITE_PK) VALUES('B433C974A8FAA54A9EE51F515FDC1AEA');
INSERT INTO TNHT_MULT(LITE_PK, LANG_PK, MULT_DESC)
VALUES('B433C974A8FAA54A9EE51F515FDC1AEA', 1033, 'Tugrik');
INSERT INTO TNHT_MULT(LITE_PK, LANG_PK, MULT_DESC)
VALUES('B433C974A8FAA54A9EE51F515FDC1AEA', 3082, 'Tugrik');
INSERT INTO TNHT_MULT(LITE_PK, LANG_PK, MULT_DESC)
VALUES('B433C974A8FAA54A9EE51F515FDC1AEA', 2070, 'Tugrik');
INSERT INTO TNHT_MULT(LITE_PK, LANG_PK, MULT_DESC)
VALUES('B433C974A8FAA54A9EE51F515FDC1AEA', 1036, 'Tugrik');
INSERT INTO TNHT_MULT(LITE_PK, LANG_PK, MULT_DESC)
VALUES('B433C974A8FAA54A9EE51F515FDC1AEA', 1031, 'Tugrik');
INSERT INTO TNHT_MULT(LITE_PK, LANG_PK, MULT_DESC)
VALUES('B433C974A8FAA54A9EE51F515FDC1AEA', 1049, 'тугрик');
INSERT INTO TNHT_MULT(LITE_PK, LANG_PK, MULT_DESC)
VALUES('B433C974A8FAA54A9EE51F515FDC1AEA', 1063, 'Tugrikas');
INSERT INTO TNHT_UNMO(UNMO_PK, LITE_PK, UNMO_NDEC)
VALUES('MNT', 'B433C974A8FAA54A9EE51F515FDC1AEA', 2);
INSERT INTO TNHT_LITE(LITE_PK) VALUES('FAFAC0752692D547AC93411F0E237DAB');
INSERT INTO TNHT_MULT(LITE_PK, LANG_PK, MULT_DESC)
VALUES('FAFAC0752692D547AC93411F0E237DAB', 1033, 'Pataca');
INSERT INTO TNHT_MULT(LITE_PK, LANG_PK, MULT_DESC)
VALUES('FAFAC0752692D547AC93411F0E237DAB', 3082, 'Pataca');
INSERT INTO TNHT_MULT(LITE_PK, LANG_PK, MULT_DESC)
VALUES('FAFAC0752692D547AC93411F0E237DAB', 2070, 'Pataca');
INSERT INTO TNHT_MULT(LITE_PK, LANG_PK, MULT_DESC)
VALUES('FAFAC0752692D547AC93411F0E237DAB', 1036, 'Pataca');
INSERT INTO TNHT_MULT(LITE_PK, LANG_PK, MULT_DESC)
VALUES('FAFAC0752692D547AC93411F0E237DAB', 1031, 'Pataca');
INSERT INTO TNHT_MULT(LITE_PK, LANG_PK, MULT_DESC)
VALUES('FAFAC0752692D547AC93411F0E237DAB', 1049, 'патака');
INSERT INTO TNHT_MULT(LITE_PK, LANG_PK, MULT_DESC)
VALUES('FAFAC0752692D547AC93411F0E237DAB', 1063, 'Pataka');
INSERT INTO TNHT_UNMO(UNMO_PK, LITE_PK, UNMO_NDEC)
VALUES('MOP', 'FAFAC0752692D547AC93411F0E237DAB', 1);
INSERT INTO TNHT_LITE(LITE_PK) VALUES('240D5F93DE682148BD5B29269FAB3AC3');
INSERT INTO TNHT_MULT(LITE_PK, LANG_PK, MULT_DESC)
VALUES('240D5F93DE682148BD5B29269FAB3AC3', 1033, 'Ouguiya');
INSERT INTO TNHT_MULT(LITE_PK, LANG_PK, MULT_DESC)
VALUES('240D5F93DE682148BD5B29269FAB3AC3', 3082, 'Uquiya');
INSERT INTO TNHT_MULT(LITE_PK, LANG_PK, MULT_DESC)
VALUES('240D5F93DE682148BD5B29269FAB3AC3', 2070, 'Ouguiya');
INSERT INTO TNHT_MULT(LITE_PK, LANG_PK, MULT_DESC)
VALUES('240D5F93DE682148BD5B29269FAB3AC3', 1036, 'Ouguiya');
INSERT INTO TNHT_MULT(LITE_PK, LANG_PK, MULT_DESC)
VALUES('240D5F93DE682148BD5B29269FAB3AC3', 1031, 'Ouguiya');
INSERT INTO TNHT_MULT(LITE_PK, LANG_PK, MULT_DESC)
VALUES('240D5F93DE682148BD5B29269FAB3AC3', 1049, 'угия');
INSERT INTO TNHT_MULT(LITE_PK, LANG_PK, MULT_DESC)
VALUES('240D5F93DE682148BD5B29269FAB3AC3', 1063, 'Ugija');
INSERT INTO TNHT_UNMO(UNMO_PK, LITE_PK, UNMO_NDEC)
VALUES('MRO', '240D5F93DE682148BD5B29269FAB3AC3', 2);
INSERT INTO TNHT_LITE(LITE_PK) VALUES('F6676221C8FA9446B5BFECC14D885CD5');
INSERT INTO TNHT_MULT(LITE_PK, LANG_PK, MULT_DESC)
VALUES('F6676221C8FA9446B5BFECC14D885CD5', 1033, 'Lira, Maltese');
INSERT INTO TNHT_MULT(LITE_PK, LANG_PK, MULT_DESC)
VALUES('F6676221C8FA9446B5BFECC14D885CD5', 3082, 'Lira, Maltesa');
INSERT INTO TNHT_MULT(LITE_PK, LANG_PK, MULT_DESC)
VALUES('F6676221C8FA9446B5BFECC14D885CD5', 2070, 'Lira, Malta');
INSERT INTO TNHT_MULT(LITE_PK, LANG_PK, MULT_DESC)
VALUES('F6676221C8FA9446B5BFECC14D885CD5', 1036, 'Livre, Maltaise');
INSERT INTO TNHT_MULT(LITE_PK, LANG_PK, MULT_DESC)
VALUES('F6676221C8FA9446B5BFECC14D885CD5', 1031, 'Maltesische Lira');
INSERT INTO TNHT_MULT(LITE_PK, LANG_PK, MULT_DESC)
VALUES('F6676221C8FA9446B5BFECC14D885CD5', 1049, 'мальтийская лира');
INSERT INTO TNHT_MULT(LITE_PK, LANG_PK, MULT_DESC)
VALUES('F6676221C8FA9446B5BFECC14D885CD5', 1063, 'Maltos lira');
INSERT INTO TNHT_UNMO(UNMO_PK, LITE_PK, UNMO_NDEC)
VALUES('MTL', 'F6676221C8FA9446B5BFECC14D885CD5', 2);
INSERT INTO TNHT_LITE(LITE_PK) VALUES('CA099237AE07C344938711D7264EE347');
INSERT INTO TNHT_MULT(LITE_PK, LANG_PK, MULT_DESC)
VALUES('CA099237AE07C344938711D7264EE347', 1033, 'Rupee, Mauritius');
INSERT INTO TNHT_MULT(LITE_PK, LANG_PK, MULT_DESC)
VALUES('CA099237AE07C344938711D7264EE347', 3082, 'Rupia, Mauricia');
INSERT INTO TNHT_MULT(LITE_PK, LANG_PK, MULT_DESC)
VALUES('CA099237AE07C344938711D7264EE347', 2070, 'Rupia, Ilhas Mauricias');
INSERT INTO TNHT_MULT(LITE_PK, LANG_PK, MULT_DESC)
VALUES('CA099237AE07C344938711D7264EE347', 1036, 'Roupie, Mauricienne');
INSERT INTO TNHT_MULT(LITE_PK, LANG_PK, MULT_DESC)
VALUES('CA099237AE07C344938711D7264EE347', 1031, 'Mauritius-Rupie');
INSERT INTO TNHT_MULT(LITE_PK, LANG_PK, MULT_DESC)
VALUES('CA099237AE07C344938711D7264EE347', 1049, 'маврикийская рупия');
INSERT INTO TNHT_MULT(LITE_PK, LANG_PK, MULT_DESC)
VALUES('CA099237AE07C344938711D7264EE347', 1063, 'Mauricijaus rupija');
INSERT INTO TNHT_UNMO(UNMO_PK, LITE_PK, UNMO_NDEC)
VALUES('MUR', 'CA099237AE07C344938711D7264EE347', 2);
INSERT INTO TNHT_LITE(LITE_PK) VALUES('FAC34ABA731DCE4BAC63981B795219ED');
INSERT INTO TNHT_MULT(LITE_PK, LANG_PK, MULT_DESC)
VALUES('FAC34ABA731DCE4BAC63981B795219ED', 1033, 'Rufiyaa');
INSERT INTO TNHT_MULT(LITE_PK, LANG_PK, MULT_DESC)
VALUES('FAC34ABA731DCE4BAC63981B795219ED', 3082, 'Rufiyaa');
INSERT INTO TNHT_MULT(LITE_PK, LANG_PK, MULT_DESC)
VALUES('FAC34ABA731DCE4BAC63981B795219ED', 2070, 'Rupia, Maldivas');
INSERT INTO TNHT_MULT(LITE_PK, LANG_PK, MULT_DESC)
VALUES('FAC34ABA731DCE4BAC63981B795219ED', 1036, 'Roupie, Maldive');
INSERT INTO TNHT_MULT(LITE_PK, LANG_PK, MULT_DESC)
VALUES('FAC34ABA731DCE4BAC63981B795219ED', 1031, 'Rufiyaa');
INSERT INTO TNHT_MULT(LITE_PK, LANG_PK, MULT_DESC)
VALUES('FAC34ABA731DCE4BAC63981B795219ED', 1049, 'руфия');
INSERT INTO TNHT_MULT(LITE_PK, LANG_PK, MULT_DESC)
VALUES('FAC34ABA731DCE4BAC63981B795219ED', 1063, 'Rufija');
INSERT INTO TNHT_UNMO(UNMO_PK, LITE_PK, UNMO_NDEC)
VALUES('MVR', 'FAC34ABA731DCE4BAC63981B795219ED', 2);
INSERT INTO TNHT_LITE(LITE_PK) VALUES('A0C3AD2E120D064A938BD6341873EB2E');
INSERT INTO TNHT_MULT(LITE_PK, LANG_PK, MULT_DESC)
VALUES('A0C3AD2E120D064A938BD6341873EB2E', 1033, 'Kwacha, Malawian');
INSERT INTO TNHT_MULT(LITE_PK, LANG_PK, MULT_DESC)
VALUES('A0C3AD2E120D064A938BD6341873EB2E', 3082, 'Kwacha, Malawiano');
INSERT INTO TNHT_MULT(LITE_PK, LANG_PK, MULT_DESC)
VALUES('A0C3AD2E120D064A938BD6341873EB2E', 2070, 'Kwacha, Malawi');
INSERT INTO TNHT_MULT(LITE_PK, LANG_PK, MULT_DESC)
VALUES('A0C3AD2E120D064A938BD6341873EB2E', 1036, 'Kwacha');
INSERT INTO TNHT_MULT(LITE_PK, LANG_PK, MULT_DESC)
VALUES('A0C3AD2E120D064A938BD6341873EB2E', 1031, 'Kwacha');
INSERT INTO TNHT_MULT(LITE_PK, LANG_PK, MULT_DESC)
VALUES('A0C3AD2E120D064A938BD6341873EB2E', 1049, 'квача');
INSERT INTO TNHT_MULT(LITE_PK, LANG_PK, MULT_DESC)
VALUES('A0C3AD2E120D064A938BD6341873EB2E', 1063, 'Kvača');
INSERT INTO TNHT_UNMO(UNMO_PK, LITE_PK, UNMO_NDEC)
VALUES('MWK', 'A0C3AD2E120D064A938BD6341873EB2E', 2);
INSERT INTO TNHT_LITE(LITE_PK) VALUES('04A29638C90219448D1BACAB975FB609');
INSERT INTO TNHT_MULT(LITE_PK, LANG_PK, MULT_DESC)
VALUES('04A29638C90219448D1BACAB975FB609', 1033, 'Peso, Mexican');
INSERT INTO TNHT_MULT(LITE_PK, LANG_PK, MULT_DESC)
VALUES('04A29638C90219448D1BACAB975FB609', 3082, 'Peso, Mexicano');
INSERT INTO TNHT_MULT(LITE_PK, LANG_PK, MULT_DESC)
VALUES('04A29638C90219448D1BACAB975FB609', 2070, 'Peso, Mexicano');
INSERT INTO TNHT_MULT(LITE_PK, LANG_PK, MULT_DESC)
VALUES('04A29638C90219448D1BACAB975FB609', 1036, 'Peso, Mexicain');
INSERT INTO TNHT_MULT(LITE_PK, LANG_PK, MULT_DESC)
VALUES('04A29638C90219448D1BACAB975FB609', 1031, 'Mexikanischer Peso');
INSERT INTO TNHT_MULT(LITE_PK, LANG_PK, MULT_DESC)
VALUES('04A29638C90219448D1BACAB975FB609', 1049, 'Мексиканское песо');
INSERT INTO TNHT_MULT(LITE_PK, LANG_PK, MULT_DESC)
VALUES('04A29638C90219448D1BACAB975FB609', 1063, 'Meksikos pesas');
INSERT INTO TNHT_UNMO(UNMO_PK, LITE_PK, UNMO_NDEC)
VALUES('MXN', '04A29638C90219448D1BACAB975FB609', 2);
INSERT INTO TNHT_LITE(LITE_PK) VALUES('ED634782E244DB478B4EB4B9C0F7E0FC');
INSERT INTO TNHT_MULT(LITE_PK, LANG_PK, MULT_DESC)
VALUES('ED634782E244DB478B4EB4B9C0F7E0FC', 1033, 'Ringgit, Malaysian');
INSERT INTO TNHT_MULT(LITE_PK, LANG_PK, MULT_DESC)
VALUES('ED634782E244DB478B4EB4B9C0F7E0FC', 3082, 'Ringgit, Malasio');
INSERT INTO TNHT_MULT(LITE_PK, LANG_PK, MULT_DESC)
VALUES('ED634782E244DB478B4EB4B9C0F7E0FC', 2070, 'Ringgit, Malaio');
INSERT INTO TNHT_MULT(LITE_PK, LANG_PK, MULT_DESC)
VALUES('ED634782E244DB478B4EB4B9C0F7E0FC', 1036, 'Ringgit, Malaisien');
INSERT INTO TNHT_MULT(LITE_PK, LANG_PK, MULT_DESC)
VALUES('ED634782E244DB478B4EB4B9C0F7E0FC', 1031, 'Malaysischer Ringgit');
INSERT INTO TNHT_MULT(LITE_PK, LANG_PK, MULT_DESC)
VALUES('ED634782E244DB478B4EB4B9C0F7E0FC', 1049, 'малазийский рингтит');
INSERT INTO TNHT_MULT(LITE_PK, LANG_PK, MULT_DESC)
VALUES('ED634782E244DB478B4EB4B9C0F7E0FC', 1063, 'Malaizijos ringitas');
INSERT INTO TNHT_UNMO(UNMO_PK, LITE_PK, UNMO_NDEC)
VALUES('MYR', 'ED634782E244DB478B4EB4B9C0F7E0FC', 2);
INSERT INTO TNHT_LITE(LITE_PK) VALUES('543799BA4D0DB247909DBFB002F7A780');
INSERT INTO TNHT_MULT(LITE_PK, LANG_PK, MULT_DESC)
VALUES('543799BA4D0DB247909DBFB002F7A780', 1033, 'Metical');
INSERT INTO TNHT_MULT(LITE_PK, LANG_PK, MULT_DESC)
VALUES('543799BA4D0DB247909DBFB002F7A780', 3082, 'Metical');
INSERT INTO TNHT_MULT(LITE_PK, LANG_PK, MULT_DESC)
VALUES('543799BA4D0DB247909DBFB002F7A780', 2070, 'Metical');
INSERT INTO TNHT_MULT(LITE_PK, LANG_PK, MULT_DESC)
VALUES('543799BA4D0DB247909DBFB002F7A780', 1036, 'Metical');
INSERT INTO TNHT_MULT(LITE_PK, LANG_PK, MULT_DESC)
VALUES('543799BA4D0DB247909DBFB002F7A780', 1031, 'Metical');
INSERT INTO TNHT_MULT(LITE_PK, LANG_PK, MULT_DESC)
VALUES('543799BA4D0DB247909DBFB002F7A780', 1049, 'метикал');
INSERT INTO TNHT_MULT(LITE_PK, LANG_PK, MULT_DESC)
VALUES('543799BA4D0DB247909DBFB002F7A780', 1063, 'Metikalas');
INSERT INTO TNHT_UNMO(UNMO_PK, LITE_PK, UNMO_NDEC)
VALUES('MZN', '543799BA4D0DB247909DBFB002F7A780', 2);
INSERT INTO TNHT_LITE(LITE_PK) VALUES('B1401F86E89E4E42A57CBA1262D0B1C6');
INSERT INTO TNHT_MULT(LITE_PK, LANG_PK, MULT_DESC)
VALUES('B1401F86E89E4E42A57CBA1262D0B1C6', 1033, 'Dollar, Namibia');
INSERT INTO TNHT_MULT(LITE_PK, LANG_PK, MULT_DESC)
VALUES('B1401F86E89E4E42A57CBA1262D0B1C6', 3082, 'Dólar, Namibio');
INSERT INTO TNHT_MULT(LITE_PK, LANG_PK, MULT_DESC)
VALUES('B1401F86E89E4E42A57CBA1262D0B1C6', 2070, 'Dólar, Namíbia');
INSERT INTO TNHT_MULT(LITE_PK, LANG_PK, MULT_DESC)
VALUES('B1401F86E89E4E42A57CBA1262D0B1C6', 1036, 'Dollar, Namibie');
INSERT INTO TNHT_MULT(LITE_PK, LANG_PK, MULT_DESC)
VALUES('B1401F86E89E4E42A57CBA1262D0B1C6', 1031, 'Namibia-Dollar');
INSERT INTO TNHT_MULT(LITE_PK, LANG_PK, MULT_DESC)
VALUES('B1401F86E89E4E42A57CBA1262D0B1C6', 1049, 'намибийский доллар');
INSERT INTO TNHT_MULT(LITE_PK, LANG_PK, MULT_DESC)
VALUES('B1401F86E89E4E42A57CBA1262D0B1C6', 1063, 'Namibijos doleri');
INSERT INTO TNHT_UNMO(UNMO_PK, LITE_PK, UNMO_NDEC)
VALUES('NAD', 'B1401F86E89E4E42A57CBA1262D0B1C6', 2);
INSERT INTO TNHT_LITE(LITE_PK) VALUES('0024DF595B454A4BA26664BD69508E61');
INSERT INTO TNHT_MULT(LITE_PK, LANG_PK, MULT_DESC)
VALUES('0024DF595B454A4BA26664BD69508E61', 1033, 'Naira');
INSERT INTO TNHT_MULT(LITE_PK, LANG_PK, MULT_DESC)
VALUES('0024DF595B454A4BA26664BD69508E61', 3082, 'Naira');
INSERT INTO TNHT_MULT(LITE_PK, LANG_PK, MULT_DESC)
VALUES('0024DF595B454A4BA26664BD69508E61', 2070, 'Naira');
INSERT INTO TNHT_MULT(LITE_PK, LANG_PK, MULT_DESC)
VALUES('0024DF595B454A4BA26664BD69508E61', 1036, 'Naira');
INSERT INTO TNHT_MULT(LITE_PK, LANG_PK, MULT_DESC)
VALUES('0024DF595B454A4BA26664BD69508E61', 1031, 'Naira');
INSERT INTO TNHT_MULT(LITE_PK, LANG_PK, MULT_DESC)
VALUES('0024DF595B454A4BA26664BD69508E61', 1049, 'найра');
INSERT INTO TNHT_MULT(LITE_PK, LANG_PK, MULT_DESC)
VALUES('0024DF595B454A4BA26664BD69508E61', 1063, 'Naira');
INSERT INTO TNHT_UNMO(UNMO_PK, LITE_PK, UNMO_NDEC)
VALUES('NGN', '0024DF595B454A4BA26664BD69508E61', 2);
INSERT INTO TNHT_LITE(LITE_PK) VALUES('1F1E380904AE88418675350A67DF1F69');
INSERT INTO TNHT_MULT(LITE_PK, LANG_PK, MULT_DESC)
VALUES('1F1E380904AE88418675350A67DF1F69', 1033, 'Cordoba Oro');
INSERT INTO TNHT_MULT(LITE_PK, LANG_PK, MULT_DESC)
VALUES('1F1E380904AE88418675350A67DF1F69', 3082, 'Córdoba Oro');
INSERT INTO TNHT_MULT(LITE_PK, LANG_PK, MULT_DESC)
VALUES('1F1E380904AE88418675350A67DF1F69', 2070, 'Cordoba Oro');
INSERT INTO TNHT_MULT(LITE_PK, LANG_PK, MULT_DESC)
VALUES('1F1E380904AE88418675350A67DF1F69', 1036, 'Cordoba Oro');
INSERT INTO TNHT_MULT(LITE_PK, LANG_PK, MULT_DESC)
VALUES('1F1E380904AE88418675350A67DF1F69', 1031, 'Cordoba Oro');
INSERT INTO TNHT_MULT(LITE_PK, LANG_PK, MULT_DESC)
VALUES('1F1E380904AE88418675350A67DF1F69', 1049, 'золотая кордоба');
INSERT INTO TNHT_MULT(LITE_PK, LANG_PK, MULT_DESC)
VALUES('1F1E380904AE88418675350A67DF1F69', 1063, 'Kordobos oras');
INSERT INTO TNHT_UNMO(UNMO_PK, LITE_PK, UNMO_NDEC)
VALUES('NIO', '1F1E380904AE88418675350A67DF1F69', 2);
INSERT INTO TNHT_LITE(LITE_PK) VALUES('44D671A423567D45B0C43D83678217CE');
INSERT INTO TNHT_MULT(LITE_PK, LANG_PK, MULT_DESC)
VALUES('44D671A423567D45B0C43D83678217CE', 1033, 'Krone, Norwegian');
INSERT INTO TNHT_MULT(LITE_PK, LANG_PK, MULT_DESC)
VALUES('44D671A423567D45B0C43D83678217CE', 3082, 'Corona, Noruega');
INSERT INTO TNHT_MULT(LITE_PK, LANG_PK, MULT_DESC)
VALUES('44D671A423567D45B0C43D83678217CE', 2070, 'Coroa, Norueguêsa');
INSERT INTO TNHT_MULT(LITE_PK, LANG_PK, MULT_DESC)
VALUES('44D671A423567D45B0C43D83678217CE', 1036, 'Couronne, Norvégienne');
INSERT INTO TNHT_MULT(LITE_PK, LANG_PK, MULT_DESC)
VALUES('44D671A423567D45B0C43D83678217CE', 1031, 'Norwegische Krone');
INSERT INTO TNHT_MULT(LITE_PK, LANG_PK, MULT_DESC)
VALUES('44D671A423567D45B0C43D83678217CE', 1049, 'норвежская крона');
INSERT INTO TNHT_MULT(LITE_PK, LANG_PK, MULT_DESC)
VALUES('44D671A423567D45B0C43D83678217CE', 1063, 'Norvegijos krona');
INSERT INTO TNHT_UNMO(UNMO_PK, LITE_PK, UNMO_NDEC)
VALUES('NOK', '44D671A423567D45B0C43D83678217CE', 2);
INSERT INTO TNHT_LITE(LITE_PK) VALUES('4FC987233F42C043BBCF5FD42E2D6D4C');
INSERT INTO TNHT_MULT(LITE_PK, LANG_PK, MULT_DESC)
VALUES('4FC987233F42C043BBCF5FD42E2D6D4C', 1033, 'Rupee, Nepalese');
INSERT INTO TNHT_MULT(LITE_PK, LANG_PK, MULT_DESC)
VALUES('4FC987233F42C043BBCF5FD42E2D6D4C', 3082, 'Rupia, Nepalesa');
INSERT INTO TNHT_MULT(LITE_PK, LANG_PK, MULT_DESC)
VALUES('4FC987233F42C043BBCF5FD42E2D6D4C', 2070, 'Rupia, Nepal');
INSERT INTO TNHT_MULT(LITE_PK, LANG_PK, MULT_DESC)
VALUES('4FC987233F42C043BBCF5FD42E2D6D4C', 1036, 'Roupie, Népalaise');
INSERT INTO TNHT_MULT(LITE_PK, LANG_PK, MULT_DESC)
VALUES('4FC987233F42C043BBCF5FD42E2D6D4C', 1031, 'Nepalesische Rupie');
INSERT INTO TNHT_MULT(LITE_PK, LANG_PK, MULT_DESC)
VALUES('4FC987233F42C043BBCF5FD42E2D6D4C', 1049, 'непальская рупия');
INSERT INTO TNHT_MULT(LITE_PK, LANG_PK, MULT_DESC)
VALUES('4FC987233F42C043BBCF5FD42E2D6D4C', 1063, 'Nepalo rupija');
INSERT INTO TNHT_UNMO(UNMO_PK, LITE_PK, UNMO_NDEC)
VALUES('NPR', '4FC987233F42C043BBCF5FD42E2D6D4C', 2);
INSERT INTO TNHT_LITE(LITE_PK) VALUES('56C838D1EC32FF448D7DFDD6FD838A79');
INSERT INTO TNHT_MULT(LITE_PK, LANG_PK, MULT_DESC)
VALUES('56C838D1EC32FF448D7DFDD6FD838A79', 1033, 'Dollar, New Zealand');
INSERT INTO TNHT_MULT(LITE_PK, LANG_PK, MULT_DESC)
VALUES('56C838D1EC32FF448D7DFDD6FD838A79', 3082, 'Dólar, Neozelandés');
INSERT INTO TNHT_MULT(LITE_PK, LANG_PK, MULT_DESC)
VALUES('56C838D1EC32FF448D7DFDD6FD838A79', 2070, 'Dólar, Neo-Zelandês');
INSERT INTO TNHT_MULT(LITE_PK, LANG_PK, MULT_DESC)
VALUES('56C838D1EC32FF448D7DFDD6FD838A79', 1036, 'Dollar, Néo-zélandais');
INSERT INTO TNHT_MULT(LITE_PK, LANG_PK, MULT_DESC)
VALUES('56C838D1EC32FF448D7DFDD6FD838A79', 1031, 'Neuseeland-Dollar');
INSERT INTO TNHT_MULT(LITE_PK, LANG_PK, MULT_DESC)
VALUES('56C838D1EC32FF448D7DFDD6FD838A79', 1049, 'новозеландский доллар');
INSERT INTO TNHT_MULT(LITE_PK, LANG_PK, MULT_DESC)
VALUES('56C838D1EC32FF448D7DFDD6FD838A79', 1063, 'Naujosios Zelandijos doleris');
INSERT INTO TNHT_UNMO(UNMO_PK, LITE_PK, UNMO_NDEC)
VALUES('NZD', '56C838D1EC32FF448D7DFDD6FD838A79', 2);
INSERT INTO TNHT_LITE(LITE_PK) VALUES('D9280C60938C5746A1CA9B48ABCFF676');
INSERT INTO TNHT_MULT(LITE_PK, LANG_PK, MULT_DESC)
VALUES('D9280C60938C5746A1CA9B48ABCFF676', 1033, 'Omani, Rial');
INSERT INTO TNHT_MULT(LITE_PK, LANG_PK, MULT_DESC)
VALUES('D9280C60938C5746A1CA9B48ABCFF676', 3082, 'Omaní, Rial');
INSERT INTO TNHT_MULT(LITE_PK, LANG_PK, MULT_DESC)
VALUES('D9280C60938C5746A1CA9B48ABCFF676', 2070, 'Omani, Rial');
INSERT INTO TNHT_MULT(LITE_PK, LANG_PK, MULT_DESC)
VALUES('D9280C60938C5746A1CA9B48ABCFF676', 1036, 'Riyal, Oman');
INSERT INTO TNHT_MULT(LITE_PK, LANG_PK, MULT_DESC)
VALUES('D9280C60938C5746A1CA9B48ABCFF676', 1031, 'Rial Omani');
INSERT INTO TNHT_MULT(LITE_PK, LANG_PK, MULT_DESC)
VALUES('D9280C60938C5746A1CA9B48ABCFF676', 1049, 'оманский риал');
INSERT INTO TNHT_MULT(LITE_PK, LANG_PK, MULT_DESC)
VALUES('D9280C60938C5746A1CA9B48ABCFF676', 1063, 'Omano rialas');
INSERT INTO TNHT_UNMO(UNMO_PK, LITE_PK, UNMO_NDEC)
VALUES('OMR', 'D9280C60938C5746A1CA9B48ABCFF676', 3);
INSERT INTO TNHT_LITE(LITE_PK) VALUES('BD1553940496EF4C8AFC9CCD383769C0');
INSERT INTO TNHT_MULT(LITE_PK, LANG_PK, MULT_DESC)
VALUES('BD1553940496EF4C8AFC9CCD383769C0', 1033, 'Balboa');
INSERT INTO TNHT_MULT(LITE_PK, LANG_PK, MULT_DESC)
VALUES('BD1553940496EF4C8AFC9CCD383769C0', 3082, 'Balboa');
INSERT INTO TNHT_MULT(LITE_PK, LANG_PK, MULT_DESC)
VALUES('BD1553940496EF4C8AFC9CCD383769C0', 2070, 'Balboa');
INSERT INTO TNHT_MULT(LITE_PK, LANG_PK, MULT_DESC)
VALUES('BD1553940496EF4C8AFC9CCD383769C0', 1036, 'Balboa');
INSERT INTO TNHT_MULT(LITE_PK, LANG_PK, MULT_DESC)
VALUES('BD1553940496EF4C8AFC9CCD383769C0', 1031, 'Balboa');
INSERT INTO TNHT_MULT(LITE_PK, LANG_PK, MULT_DESC)
VALUES('BD1553940496EF4C8AFC9CCD383769C0', 1049, 'балбоа');
INSERT INTO TNHT_MULT(LITE_PK, LANG_PK, MULT_DESC)
VALUES('BD1553940496EF4C8AFC9CCD383769C0', 1063, 'Balboa');
INSERT INTO TNHT_UNMO(UNMO_PK, LITE_PK, UNMO_NDEC)
VALUES('PAB', 'BD1553940496EF4C8AFC9CCD383769C0', 2);
INSERT INTO TNHT_LITE(LITE_PK) VALUES('7406C8430B5ED64F8E80EE542606A54B');
INSERT INTO TNHT_MULT(LITE_PK, LANG_PK, MULT_DESC)
VALUES('7406C8430B5ED64F8E80EE542606A54B', 1033, 'Nuevo Sol');
INSERT INTO TNHT_MULT(LITE_PK, LANG_PK, MULT_DESC)
VALUES('7406C8430B5ED64F8E80EE542606A54B', 3082, 'Nuevo Sol');
INSERT INTO TNHT_MULT(LITE_PK, LANG_PK, MULT_DESC)
VALUES('7406C8430B5ED64F8E80EE542606A54B', 2070, 'Sol Novo');
INSERT INTO TNHT_MULT(LITE_PK, LANG_PK, MULT_DESC)
VALUES('7406C8430B5ED64F8E80EE542606A54B', 1036, 'Nouveau Sol');
INSERT INTO TNHT_MULT(LITE_PK, LANG_PK, MULT_DESC)
VALUES('7406C8430B5ED64F8E80EE542606A54B', 1031, 'Neuer Sol');
INSERT INTO TNHT_MULT(LITE_PK, LANG_PK, MULT_DESC)
VALUES('7406C8430B5ED64F8E80EE542606A54B', 1049, 'новый соль');
INSERT INTO TNHT_MULT(LITE_PK, LANG_PK, MULT_DESC)
VALUES('7406C8430B5ED64F8E80EE542606A54B', 1063, 'Naujasis solis');
INSERT INTO TNHT_UNMO(UNMO_PK, LITE_PK, UNMO_NDEC)
VALUES('PEN', '7406C8430B5ED64F8E80EE542606A54B', 2);
INSERT INTO TNHT_LITE(LITE_PK) VALUES('94B4F21103F07D4A99497B6CCBEB86C7');
INSERT INTO TNHT_MULT(LITE_PK, LANG_PK, MULT_DESC)
VALUES('94B4F21103F07D4A99497B6CCBEB86C7', 1033, 'Kina');
INSERT INTO TNHT_MULT(LITE_PK, LANG_PK, MULT_DESC)
VALUES('94B4F21103F07D4A99497B6CCBEB86C7', 3082, 'Kina');
INSERT INTO TNHT_MULT(LITE_PK, LANG_PK, MULT_DESC)
VALUES('94B4F21103F07D4A99497B6CCBEB86C7', 2070, 'Kina');
INSERT INTO TNHT_MULT(LITE_PK, LANG_PK, MULT_DESC)
VALUES('94B4F21103F07D4A99497B6CCBEB86C7', 1036, 'Kina');
INSERT INTO TNHT_MULT(LITE_PK, LANG_PK, MULT_DESC)
VALUES('94B4F21103F07D4A99497B6CCBEB86C7', 1031, 'Kina');
INSERT INTO TNHT_MULT(LITE_PK, LANG_PK, MULT_DESC)
VALUES('94B4F21103F07D4A99497B6CCBEB86C7', 1049, 'кина');
INSERT INTO TNHT_MULT(LITE_PK, LANG_PK, MULT_DESC)
VALUES('94B4F21103F07D4A99497B6CCBEB86C7', 1063, 'Kina');
INSERT INTO TNHT_UNMO(UNMO_PK, LITE_PK, UNMO_NDEC)
VALUES('PGK', '94B4F21103F07D4A99497B6CCBEB86C7', 2);
INSERT INTO TNHT_LITE(LITE_PK) VALUES('F8486C1AF656084CA18E1E62F22BB7AB');
INSERT INTO TNHT_MULT(LITE_PK, LANG_PK, MULT_DESC)
VALUES('F8486C1AF656084CA18E1E62F22BB7AB', 1033, 'Peso, Philippine');
INSERT INTO TNHT_MULT(LITE_PK, LANG_PK, MULT_DESC)
VALUES('F8486C1AF656084CA18E1E62F22BB7AB', 3082, 'Peso, Filipino');
INSERT INTO TNHT_MULT(LITE_PK, LANG_PK, MULT_DESC)
VALUES('F8486C1AF656084CA18E1E62F22BB7AB', 2070, 'Peso, Filipino');
INSERT INTO TNHT_MULT(LITE_PK, LANG_PK, MULT_DESC)
VALUES('F8486C1AF656084CA18E1E62F22BB7AB', 1036, 'Peso, Philippin');
INSERT INTO TNHT_MULT(LITE_PK, LANG_PK, MULT_DESC)
VALUES('F8486C1AF656084CA18E1E62F22BB7AB', 1031, 'Philippinischer Peso');
INSERT INTO TNHT_MULT(LITE_PK, LANG_PK, MULT_DESC)
VALUES('F8486C1AF656084CA18E1E62F22BB7AB', 1049, 'филиппинское песо');
INSERT INTO TNHT_MULT(LITE_PK, LANG_PK, MULT_DESC)
VALUES('F8486C1AF656084CA18E1E62F22BB7AB', 1063, 'Filipinų pesas');
INSERT INTO TNHT_UNMO(UNMO_PK, LITE_PK, UNMO_NDEC)
VALUES('PHP', 'F8486C1AF656084CA18E1E62F22BB7AB', 2);
INSERT INTO TNHT_LITE(LITE_PK) VALUES('61498C61998AA94E99942DB687BA7457');
INSERT INTO TNHT_MULT(LITE_PK, LANG_PK, MULT_DESC)
VALUES('61498C61998AA94E99942DB687BA7457', 1033, 'Rupee, Pakistan');
INSERT INTO TNHT_MULT(LITE_PK, LANG_PK, MULT_DESC)
VALUES('61498C61998AA94E99942DB687BA7457', 3082, 'Rupia, Pakistaní');
INSERT INTO TNHT_MULT(LITE_PK, LANG_PK, MULT_DESC)
VALUES('61498C61998AA94E99942DB687BA7457', 2070, 'Rupia, Paquistanesa');
INSERT INTO TNHT_MULT(LITE_PK, LANG_PK, MULT_DESC)
VALUES('61498C61998AA94E99942DB687BA7457', 1036, 'Roupie, Pakistanaise');
INSERT INTO TNHT_MULT(LITE_PK, LANG_PK, MULT_DESC)
VALUES('61498C61998AA94E99942DB687BA7457', 1031, 'Pakistanische Rupie');
INSERT INTO TNHT_MULT(LITE_PK, LANG_PK, MULT_DESC)
VALUES('61498C61998AA94E99942DB687BA7457', 1049, 'пакистанская рупия');
INSERT INTO TNHT_MULT(LITE_PK, LANG_PK, MULT_DESC)
VALUES('61498C61998AA94E99942DB687BA7457', 1063, 'Pakistano rupija');
INSERT INTO TNHT_UNMO(UNMO_PK, LITE_PK, UNMO_NDEC)
VALUES('PKR', '61498C61998AA94E99942DB687BA7457', 2);
INSERT INTO TNHT_LITE(LITE_PK) VALUES('4AF17E46E9960E48801F369B834DF927');
INSERT INTO TNHT_MULT(LITE_PK, LANG_PK, MULT_DESC)
VALUES('4AF17E46E9960E48801F369B834DF927', 1033, 'Zloty');
INSERT INTO TNHT_MULT(LITE_PK, LANG_PK, MULT_DESC)
VALUES('4AF17E46E9960E48801F369B834DF927', 3082, 'Zloty');
INSERT INTO TNHT_MULT(LITE_PK, LANG_PK, MULT_DESC)
VALUES('4AF17E46E9960E48801F369B834DF927', 2070, 'Zloty');
INSERT INTO TNHT_MULT(LITE_PK, LANG_PK, MULT_DESC)
VALUES('4AF17E46E9960E48801F369B834DF927', 1036, 'Zloty');
INSERT INTO TNHT_MULT(LITE_PK, LANG_PK, MULT_DESC)
VALUES('4AF17E46E9960E48801F369B834DF927', 1031, 'Zloty');
INSERT INTO TNHT_MULT(LITE_PK, LANG_PK, MULT_DESC)
VALUES('4AF17E46E9960E48801F369B834DF927', 1049, 'злотый');
INSERT INTO TNHT_MULT(LITE_PK, LANG_PK, MULT_DESC)
VALUES('4AF17E46E9960E48801F369B834DF927', 1063, 'Zlotas');
INSERT INTO TNHT_UNMO(UNMO_PK, LITE_PK, UNMO_NDEC)
VALUES('PLN', '4AF17E46E9960E48801F369B834DF927', 2);
INSERT INTO TNHT_LITE(LITE_PK) VALUES('97EE2ADDF5C363478FFC7934E7EA3443');
INSERT INTO TNHT_MULT(LITE_PK, LANG_PK, MULT_DESC)
VALUES('97EE2ADDF5C363478FFC7934E7EA3443', 1033, 'Guarani');
INSERT INTO TNHT_MULT(LITE_PK, LANG_PK, MULT_DESC)
VALUES('97EE2ADDF5C363478FFC7934E7EA3443', 3082, 'Guaraní');
INSERT INTO TNHT_MULT(LITE_PK, LANG_PK, MULT_DESC)
VALUES('97EE2ADDF5C363478FFC7934E7EA3443', 2070, 'Guaraní');
INSERT INTO TNHT_MULT(LITE_PK, LANG_PK, MULT_DESC)
VALUES('97EE2ADDF5C363478FFC7934E7EA3443', 1036, 'Guarani');
INSERT INTO TNHT_MULT(LITE_PK, LANG_PK, MULT_DESC)
VALUES('97EE2ADDF5C363478FFC7934E7EA3443', 1031, 'Guarani');
INSERT INTO TNHT_MULT(LITE_PK, LANG_PK, MULT_DESC)
VALUES('97EE2ADDF5C363478FFC7934E7EA3443', 1049, 'гуарани');
INSERT INTO TNHT_MULT(LITE_PK, LANG_PK, MULT_DESC)
VALUES('97EE2ADDF5C363478FFC7934E7EA3443', 1063, 'Guaranis');
INSERT INTO TNHT_UNMO(UNMO_PK, LITE_PK, UNMO_NDEC)
VALUES('PYG', '97EE2ADDF5C363478FFC7934E7EA3443', 0);
INSERT INTO TNHT_LITE(LITE_PK) VALUES('298D2C5A5E8BCF4698EA1C18DFBABEE8');
INSERT INTO TNHT_MULT(LITE_PK, LANG_PK, MULT_DESC)
VALUES('298D2C5A5E8BCF4698EA1C18DFBABEE8', 1033, 'Rial, Qatari');
INSERT INTO TNHT_MULT(LITE_PK, LANG_PK, MULT_DESC)
VALUES('298D2C5A5E8BCF4698EA1C18DFBABEE8', 3082, 'Rial, Qatar');
INSERT INTO TNHT_MULT(LITE_PK, LANG_PK, MULT_DESC)
VALUES('298D2C5A5E8BCF4698EA1C18DFBABEE8', 2070, 'Rial, Qatari');
INSERT INTO TNHT_MULT(LITE_PK, LANG_PK, MULT_DESC)
VALUES('298D2C5A5E8BCF4698EA1C18DFBABEE8', 1036, 'Riyal, Qatar');
INSERT INTO TNHT_MULT(LITE_PK, LANG_PK, MULT_DESC)
VALUES('298D2C5A5E8BCF4698EA1C18DFBABEE8', 1031, 'Katar-Rial');
INSERT INTO TNHT_MULT(LITE_PK, LANG_PK, MULT_DESC)
VALUES('298D2C5A5E8BCF4698EA1C18DFBABEE8', 1049, 'катарский риал');
INSERT INTO TNHT_MULT(LITE_PK, LANG_PK, MULT_DESC)
VALUES('298D2C5A5E8BCF4698EA1C18DFBABEE8', 1063, 'Kataro rialas');
INSERT INTO TNHT_UNMO(UNMO_PK, LITE_PK, UNMO_NDEC)
VALUES('QAR', '298D2C5A5E8BCF4698EA1C18DFBABEE8', 2);
INSERT INTO TNHT_LITE(LITE_PK) VALUES('A4ABE2A2412EFD47BBB7855BEC575DC1');
INSERT INTO TNHT_MULT(LITE_PK, LANG_PK, MULT_DESC)
VALUES('A4ABE2A2412EFD47BBB7855BEC575DC1', 1033, 'Leu');
INSERT INTO TNHT_MULT(LITE_PK, LANG_PK, MULT_DESC)
VALUES('A4ABE2A2412EFD47BBB7855BEC575DC1', 3082, 'Leu');
INSERT INTO TNHT_MULT(LITE_PK, LANG_PK, MULT_DESC)
VALUES('A4ABE2A2412EFD47BBB7855BEC575DC1', 2070, 'Leu');
INSERT INTO TNHT_MULT(LITE_PK, LANG_PK, MULT_DESC)
VALUES('A4ABE2A2412EFD47BBB7855BEC575DC1', 1036, 'Leu');
INSERT INTO TNHT_MULT(LITE_PK, LANG_PK, MULT_DESC)
VALUES('A4ABE2A2412EFD47BBB7855BEC575DC1', 1031, 'Neuer Leu');
INSERT INTO TNHT_MULT(LITE_PK, LANG_PK, MULT_DESC)
VALUES('A4ABE2A2412EFD47BBB7855BEC575DC1', 1049, 'новый лей');
INSERT INTO TNHT_MULT(LITE_PK, LANG_PK, MULT_DESC)
VALUES('A4ABE2A2412EFD47BBB7855BEC575DC1', 1063, 'Naujoji lėja');
INSERT INTO TNHT_UNMO(UNMO_PK, LITE_PK, UNMO_NDEC)
VALUES('RON', 'A4ABE2A2412EFD47BBB7855BEC575DC1', 2);
INSERT INTO TNHT_LITE(LITE_PK) VALUES('C2D87622CD954C46A8D157F07EC72C9E');
INSERT INTO TNHT_MULT(LITE_PK, LANG_PK, MULT_DESC)
VALUES('C2D87622CD954C46A8D157F07EC72C9E', 1033, 'Dinar, Serbian');
INSERT INTO TNHT_MULT(LITE_PK, LANG_PK, MULT_DESC)
VALUES('C2D87622CD954C46A8D157F07EC72C9E', 3082, 'Dinar, Serbio');
INSERT INTO TNHT_MULT(LITE_PK, LANG_PK, MULT_DESC)
VALUES('C2D87622CD954C46A8D157F07EC72C9E', 2070, 'Dinar, Sérvio');
INSERT INTO TNHT_MULT(LITE_PK, LANG_PK, MULT_DESC)
VALUES('C2D87622CD954C46A8D157F07EC72C9E', 1036, 'Dinar, Serbe');
INSERT INTO TNHT_MULT(LITE_PK, LANG_PK, MULT_DESC)
VALUES('C2D87622CD954C46A8D157F07EC72C9E', 1031, 'Serbischer Dinar');
INSERT INTO TNHT_MULT(LITE_PK, LANG_PK, MULT_DESC)
VALUES('C2D87622CD954C46A8D157F07EC72C9E', 1049, 'сербский динар');
INSERT INTO TNHT_MULT(LITE_PK, LANG_PK, MULT_DESC)
VALUES('C2D87622CD954C46A8D157F07EC72C9E', 1063, 'Serbijos dinaras');
INSERT INTO TNHT_UNMO(UNMO_PK, LITE_PK, UNMO_NDEC)
VALUES('RSD', 'C2D87622CD954C46A8D157F07EC72C9E', 2);
INSERT INTO TNHT_LITE(LITE_PK) VALUES('D6F05215C51EC44BABD6362B2EB41AC2');
INSERT INTO TNHT_MULT(LITE_PK, LANG_PK, MULT_DESC)
VALUES('D6F05215C51EC44BABD6362B2EB41AC2', 1033, 'Ruble, Russian');
INSERT INTO TNHT_MULT(LITE_PK, LANG_PK, MULT_DESC)
VALUES('D6F05215C51EC44BABD6362B2EB41AC2', 3082, 'Rublo, Ruso');
INSERT INTO TNHT_MULT(LITE_PK, LANG_PK, MULT_DESC)
VALUES('D6F05215C51EC44BABD6362B2EB41AC2', 2070, 'Rublo, Russo');
INSERT INTO TNHT_MULT(LITE_PK, LANG_PK, MULT_DESC)
VALUES('D6F05215C51EC44BABD6362B2EB41AC2', 1036, 'Rouble, Russe');
INSERT INTO TNHT_MULT(LITE_PK, LANG_PK, MULT_DESC)
VALUES('D6F05215C51EC44BABD6362B2EB41AC2', 1031, 'Russischer Rubel');
INSERT INTO TNHT_MULT(LITE_PK, LANG_PK, MULT_DESC)
VALUES('D6F05215C51EC44BABD6362B2EB41AC2', 1049, 'российский рубль');
INSERT INTO TNHT_MULT(LITE_PK, LANG_PK, MULT_DESC)
VALUES('D6F05215C51EC44BABD6362B2EB41AC2', 1063, 'Rusijos rublis');
INSERT INTO TNHT_UNMO(UNMO_PK, LITE_PK, UNMO_NDEC)
VALUES('RUB', 'D6F05215C51EC44BABD6362B2EB41AC2', 2);
INSERT INTO TNHT_LITE(LITE_PK) VALUES('E6FAFAB8D6BCCF4ABFABB22CADE293A8');
INSERT INTO TNHT_MULT(LITE_PK, LANG_PK, MULT_DESC)
VALUES('E6FAFAB8D6BCCF4ABFABB22CADE293A8', 1033, 'Franc, Rwanda');
INSERT INTO TNHT_MULT(LITE_PK, LANG_PK, MULT_DESC)
VALUES('E6FAFAB8D6BCCF4ABFABB22CADE293A8', 3082, 'Franco, Ruandés');
INSERT INTO TNHT_MULT(LITE_PK, LANG_PK, MULT_DESC)
VALUES('E6FAFAB8D6BCCF4ABFABB22CADE293A8', 2070, 'Franco, Ruandês');
INSERT INTO TNHT_MULT(LITE_PK, LANG_PK, MULT_DESC)
VALUES('E6FAFAB8D6BCCF4ABFABB22CADE293A8', 1036, 'Franc, Rwanda');
INSERT INTO TNHT_MULT(LITE_PK, LANG_PK, MULT_DESC)
VALUES('E6FAFAB8D6BCCF4ABFABB22CADE293A8', 1031, 'Ruandischer Franc');
INSERT INTO TNHT_MULT(LITE_PK, LANG_PK, MULT_DESC)
VALUES('E6FAFAB8D6BCCF4ABFABB22CADE293A8', 1049, 'руандский франк');
INSERT INTO TNHT_MULT(LITE_PK, LANG_PK, MULT_DESC)
VALUES('E6FAFAB8D6BCCF4ABFABB22CADE293A8', 1063, 'Ruandos frankas');
INSERT INTO TNHT_UNMO(UNMO_PK, LITE_PK, UNMO_NDEC)
VALUES('RWF', 'E6FAFAB8D6BCCF4ABFABB22CADE293A8', 0);
INSERT INTO TNHT_LITE(LITE_PK) VALUES('B558FDCF649FFD41A30ECD6C3360F17E');
INSERT INTO TNHT_MULT(LITE_PK, LANG_PK, MULT_DESC)
VALUES('B558FDCF649FFD41A30ECD6C3360F17E', 1033, 'Riyal, Saudi');
INSERT INTO TNHT_MULT(LITE_PK, LANG_PK, MULT_DESC)
VALUES('B558FDCF649FFD41A30ECD6C3360F17E', 3082, 'Rial, Saudí');
INSERT INTO TNHT_MULT(LITE_PK, LANG_PK, MULT_DESC)
VALUES('B558FDCF649FFD41A30ECD6C3360F17E', 2070, 'Riyal, Arábia Saudita');
INSERT INTO TNHT_MULT(LITE_PK, LANG_PK, MULT_DESC)
VALUES('B558FDCF649FFD41A30ECD6C3360F17E', 1036, 'Riyal, Saoudien');
INSERT INTO TNHT_MULT(LITE_PK, LANG_PK, MULT_DESC)
VALUES('B558FDCF649FFD41A30ECD6C3360F17E', 1031, 'Saudi-Arabischer Rial');
INSERT INTO TNHT_MULT(LITE_PK, LANG_PK, MULT_DESC)
VALUES('B558FDCF649FFD41A30ECD6C3360F17E', 1049, 'саудовский риял');
INSERT INTO TNHT_MULT(LITE_PK, LANG_PK, MULT_DESC)
VALUES('B558FDCF649FFD41A30ECD6C3360F17E', 1063, 'Saudo Arabijos rialas');
INSERT INTO TNHT_UNMO(UNMO_PK, LITE_PK, UNMO_NDEC)
VALUES('SAR', 'B558FDCF649FFD41A30ECD6C3360F17E', 2);
INSERT INTO TNHT_LITE(LITE_PK) VALUES('D7AAEBCD8252D84C9CACFB0B0E3C24FC');
INSERT INTO TNHT_MULT(LITE_PK, LANG_PK, MULT_DESC)
VALUES('D7AAEBCD8252D84C9CACFB0B0E3C24FC', 1033, 'Dollar, Solomon Islands');
INSERT INTO TNHT_MULT(LITE_PK, LANG_PK, MULT_DESC)
VALUES('D7AAEBCD8252D84C9CACFB0B0E3C24FC', 3082, 'Dólar, Islas Solomón');
INSERT INTO TNHT_MULT(LITE_PK, LANG_PK, MULT_DESC)
VALUES('D7AAEBCD8252D84C9CACFB0B0E3C24FC', 2070, 'Dólar, Ilhas Salomão');
INSERT INTO TNHT_MULT(LITE_PK, LANG_PK, MULT_DESC)
VALUES('D7AAEBCD8252D84C9CACFB0B0E3C24FC', 1036, 'Dollar, Îles Salomon');
INSERT INTO TNHT_MULT(LITE_PK, LANG_PK, MULT_DESC)
VALUES('D7AAEBCD8252D84C9CACFB0B0E3C24FC', 1031, 'Salomonen-Dollar');
INSERT INTO TNHT_MULT(LITE_PK, LANG_PK, MULT_DESC)
VALUES('D7AAEBCD8252D84C9CACFB0B0E3C24FC', 1049, 'доллар Соломоновых островов');
INSERT INTO TNHT_MULT(LITE_PK, LANG_PK, MULT_DESC)
VALUES('D7AAEBCD8252D84C9CACFB0B0E3C24FC', 1063, 'Saliamono salų doleris');
INSERT INTO TNHT_UNMO(UNMO_PK, LITE_PK, UNMO_NDEC)
VALUES('SBD', 'D7AAEBCD8252D84C9CACFB0B0E3C24FC', 2);
INSERT INTO TNHT_LITE(LITE_PK) VALUES('6913D854F204544E9C9F217023868620');
INSERT INTO TNHT_MULT(LITE_PK, LANG_PK, MULT_DESC)
VALUES('6913D854F204544E9C9F217023868620', 1033, 'Rupee, Seychelles');
INSERT INTO TNHT_MULT(LITE_PK, LANG_PK, MULT_DESC)
VALUES('6913D854F204544E9C9F217023868620', 3082, 'Rupia, Seychelles');
INSERT INTO TNHT_MULT(LITE_PK, LANG_PK, MULT_DESC)
VALUES('6913D854F204544E9C9F217023868620', 2070, 'Rupia, Seicheles');
INSERT INTO TNHT_MULT(LITE_PK, LANG_PK, MULT_DESC)
VALUES('6913D854F204544E9C9F217023868620', 1036, 'Roupie, Seychelloise');
INSERT INTO TNHT_MULT(LITE_PK, LANG_PK, MULT_DESC)
VALUES('6913D854F204544E9C9F217023868620', 1031, 'Seychellen-Rupie');
INSERT INTO TNHT_MULT(LITE_PK, LANG_PK, MULT_DESC)
VALUES('6913D854F204544E9C9F217023868620', 1049, 'сейшельская рупия');
INSERT INTO TNHT_MULT(LITE_PK, LANG_PK, MULT_DESC)
VALUES('6913D854F204544E9C9F217023868620', 1063, 'Seišelių rupija');
INSERT INTO TNHT_UNMO(UNMO_PK, LITE_PK, UNMO_NDEC)
VALUES('SCR', '6913D854F204544E9C9F217023868620', 2);
INSERT INTO TNHT_LITE(LITE_PK) VALUES('5FD86C51CA4886428D5C27AB9C09F3AA');
INSERT INTO TNHT_MULT(LITE_PK, LANG_PK, MULT_DESC)
VALUES('5FD86C51CA4886428D5C27AB9C09F3AA', 1033, 'Pound, Sudanese');
INSERT INTO TNHT_MULT(LITE_PK, LANG_PK, MULT_DESC)
VALUES('5FD86C51CA4886428D5C27AB9C09F3AA', 3082, 'Libra, Sudanesa');
INSERT INTO TNHT_MULT(LITE_PK, LANG_PK, MULT_DESC)
VALUES('5FD86C51CA4886428D5C27AB9C09F3AA', 2070, 'Libra, Sudanesa');
INSERT INTO TNHT_MULT(LITE_PK, LANG_PK, MULT_DESC)
VALUES('5FD86C51CA4886428D5C27AB9C09F3AA', 1036, 'Livre, Soudanaise');
INSERT INTO TNHT_MULT(LITE_PK, LANG_PK, MULT_DESC)
VALUES('5FD86C51CA4886428D5C27AB9C09F3AA', 1031, 'Sudanesisches Pfund');
INSERT INTO TNHT_MULT(LITE_PK, LANG_PK, MULT_DESC)
VALUES('5FD86C51CA4886428D5C27AB9C09F3AA', 1049, 'суданский фунт');
INSERT INTO TNHT_MULT(LITE_PK, LANG_PK, MULT_DESC)
VALUES('5FD86C51CA4886428D5C27AB9C09F3AA', 1063, 'Sudano svaras');
INSERT INTO TNHT_UNMO(UNMO_PK, LITE_PK, UNMO_NDEC)
VALUES('SDG', '5FD86C51CA4886428D5C27AB9C09F3AA', 2);
INSERT INTO TNHT_LITE(LITE_PK) VALUES('412A4C58E7BA494D8BF089ECC71C9F85');
INSERT INTO TNHT_MULT(LITE_PK, LANG_PK, MULT_DESC)
VALUES('412A4C58E7BA494D8BF089ECC71C9F85', 1033, 'Krona, Swedish');
INSERT INTO TNHT_MULT(LITE_PK, LANG_PK, MULT_DESC)
VALUES('412A4C58E7BA494D8BF089ECC71C9F85', 3082, 'Corona, Sueca');
INSERT INTO TNHT_MULT(LITE_PK, LANG_PK, MULT_DESC)
VALUES('412A4C58E7BA494D8BF089ECC71C9F85', 2070, 'Coroa, Sueca');
INSERT INTO TNHT_MULT(LITE_PK, LANG_PK, MULT_DESC)
VALUES('412A4C58E7BA494D8BF089ECC71C9F85', 1036, 'Couronne, Suédoise');
INSERT INTO TNHT_MULT(LITE_PK, LANG_PK, MULT_DESC)
VALUES('412A4C58E7BA494D8BF089ECC71C9F85', 1031, 'Schwedische Krone');
INSERT INTO TNHT_MULT(LITE_PK, LANG_PK, MULT_DESC)
VALUES('412A4C58E7BA494D8BF089ECC71C9F85', 1049, 'шведская крона');
INSERT INTO TNHT_MULT(LITE_PK, LANG_PK, MULT_DESC)
VALUES('412A4C58E7BA494D8BF089ECC71C9F85', 1063, 'Švedijos krona');
INSERT INTO TNHT_UNMO(UNMO_PK, LITE_PK, UNMO_NDEC)
VALUES('SEK', '412A4C58E7BA494D8BF089ECC71C9F85', 2);
INSERT INTO TNHT_LITE(LITE_PK) VALUES('87D8414A5085F24692875D38B940557C');
INSERT INTO TNHT_MULT(LITE_PK, LANG_PK, MULT_DESC)
VALUES('87D8414A5085F24692875D38B940557C', 1033, 'Dollar, Singapore');
INSERT INTO TNHT_MULT(LITE_PK, LANG_PK, MULT_DESC)
VALUES('87D8414A5085F24692875D38B940557C', 3082, 'Dólar, Singapur');
INSERT INTO TNHT_MULT(LITE_PK, LANG_PK, MULT_DESC)
VALUES('87D8414A5085F24692875D38B940557C', 2070, 'Dólar, Singapura');
INSERT INTO TNHT_MULT(LITE_PK, LANG_PK, MULT_DESC)
VALUES('87D8414A5085F24692875D38B940557C', 1036, 'Dollar, Singapour');
INSERT INTO TNHT_MULT(LITE_PK, LANG_PK, MULT_DESC)
VALUES('87D8414A5085F24692875D38B940557C', 1031, 'Singapur-Dollar');
INSERT INTO TNHT_MULT(LITE_PK, LANG_PK, MULT_DESC)
VALUES('87D8414A5085F24692875D38B940557C', 1049, 'сингапурский доллар');
INSERT INTO TNHT_MULT(LITE_PK, LANG_PK, MULT_DESC)
VALUES('87D8414A5085F24692875D38B940557C', 1063, 'Singapūro doleris');
INSERT INTO TNHT_UNMO(UNMO_PK, LITE_PK, UNMO_NDEC)
VALUES('SGD', '87D8414A5085F24692875D38B940557C', 2);
INSERT INTO TNHT_LITE(LITE_PK) VALUES('04A81F489DCA0F4ABE9A7DEF086B7A97');
INSERT INTO TNHT_MULT(LITE_PK, LANG_PK, MULT_DESC)
VALUES('04A81F489DCA0F4ABE9A7DEF086B7A97', 1033, 'Pound, Saint Helena');
INSERT INTO TNHT_MULT(LITE_PK, LANG_PK, MULT_DESC)
VALUES('04A81F489DCA0F4ABE9A7DEF086B7A97', 3082, 'Libra, Santa Helena');
INSERT INTO TNHT_MULT(LITE_PK, LANG_PK, MULT_DESC)
VALUES('04A81F489DCA0F4ABE9A7DEF086B7A97', 2070, 'Libra, Santa Helena');
INSERT INTO TNHT_MULT(LITE_PK, LANG_PK, MULT_DESC)
VALUES('04A81F489DCA0F4ABE9A7DEF086B7A97', 1036, 'Livre, Sainte-Hélène');
INSERT INTO TNHT_MULT(LITE_PK, LANG_PK, MULT_DESC)
VALUES('04A81F489DCA0F4ABE9A7DEF086B7A97', 1031, 'St.-Helena-Pfund');
INSERT INTO TNHT_MULT(LITE_PK, LANG_PK, MULT_DESC)
VALUES('04A81F489DCA0F4ABE9A7DEF086B7A97', 1049, 'фунт Острова Святой Елены');
INSERT INTO TNHT_MULT(LITE_PK, LANG_PK, MULT_DESC)
VALUES('04A81F489DCA0F4ABE9A7DEF086B7A97', 1063, 'Šv.Elenos svaras');
INSERT INTO TNHT_UNMO(UNMO_PK, LITE_PK, UNMO_NDEC)
VALUES('SHP', '04A81F489DCA0F4ABE9A7DEF086B7A97', 2);
INSERT INTO TNHT_LITE(LITE_PK) VALUES('852079F8F473D4499D27F107D2D3C0CC');
INSERT INTO TNHT_MULT(LITE_PK, LANG_PK, MULT_DESC)
VALUES('852079F8F473D4499D27F107D2D3C0CC', 1033, 'Leone');
INSERT INTO TNHT_MULT(LITE_PK, LANG_PK, MULT_DESC)
VALUES('852079F8F473D4499D27F107D2D3C0CC', 3082, 'Leone');
INSERT INTO TNHT_MULT(LITE_PK, LANG_PK, MULT_DESC)
VALUES('852079F8F473D4499D27F107D2D3C0CC', 2070, 'Leone');
INSERT INTO TNHT_MULT(LITE_PK, LANG_PK, MULT_DESC)
VALUES('852079F8F473D4499D27F107D2D3C0CC', 1036, 'Leone');
INSERT INTO TNHT_MULT(LITE_PK, LANG_PK, MULT_DESC)
VALUES('852079F8F473D4499D27F107D2D3C0CC', 1031, 'Leone');
INSERT INTO TNHT_MULT(LITE_PK, LANG_PK, MULT_DESC)
VALUES('852079F8F473D4499D27F107D2D3C0CC', 1049, 'леоне');
INSERT INTO TNHT_MULT(LITE_PK, LANG_PK, MULT_DESC)
VALUES('852079F8F473D4499D27F107D2D3C0CC', 1063, 'Leonė');
INSERT INTO TNHT_UNMO(UNMO_PK, LITE_PK, UNMO_NDEC)
VALUES('SLL', '852079F8F473D4499D27F107D2D3C0CC', 0);
INSERT INTO TNHT_LITE(LITE_PK) VALUES('054C3AABDC86EA4191459032CB23596E');
INSERT INTO TNHT_MULT(LITE_PK, LANG_PK, MULT_DESC)
VALUES('054C3AABDC86EA4191459032CB23596E', 1033, 'Shilling, Somali');
INSERT INTO TNHT_MULT(LITE_PK, LANG_PK, MULT_DESC)
VALUES('054C3AABDC86EA4191459032CB23596E', 3082, 'Chelín, Somalí');
INSERT INTO TNHT_MULT(LITE_PK, LANG_PK, MULT_DESC)
VALUES('054C3AABDC86EA4191459032CB23596E', 2070, 'Xelim, Somália');
INSERT INTO TNHT_MULT(LITE_PK, LANG_PK, MULT_DESC)
VALUES('054C3AABDC86EA4191459032CB23596E', 1036, 'Shilling, Somalie');
INSERT INTO TNHT_MULT(LITE_PK, LANG_PK, MULT_DESC)
VALUES('054C3AABDC86EA4191459032CB23596E', 1031, 'Somalischer Schilling');
INSERT INTO TNHT_MULT(LITE_PK, LANG_PK, MULT_DESC)
VALUES('054C3AABDC86EA4191459032CB23596E', 1049, 'сомалийский шиллинг');
INSERT INTO TNHT_MULT(LITE_PK, LANG_PK, MULT_DESC)
VALUES('054C3AABDC86EA4191459032CB23596E', 1063, 'Somalio šilingas');
INSERT INTO TNHT_UNMO(UNMO_PK, LITE_PK, UNMO_NDEC)
VALUES('SOS', '054C3AABDC86EA4191459032CB23596E', 2);
INSERT INTO TNHT_LITE(LITE_PK) VALUES('D3E15DF2C247E5429C1A779ADC940225');
INSERT INTO TNHT_MULT(LITE_PK, LANG_PK, MULT_DESC)
VALUES('D3E15DF2C247E5429C1A779ADC940225', 1033, 'Dollar, Surinam');
INSERT INTO TNHT_MULT(LITE_PK, LANG_PK, MULT_DESC)
VALUES('D3E15DF2C247E5429C1A779ADC940225', 3082, 'Dólar, Surinamés');
INSERT INTO TNHT_MULT(LITE_PK, LANG_PK, MULT_DESC)
VALUES('D3E15DF2C247E5429C1A779ADC940225', 2070, 'Dólar, Suriname');
INSERT INTO TNHT_MULT(LITE_PK, LANG_PK, MULT_DESC)
VALUES('D3E15DF2C247E5429C1A779ADC940225', 1036, 'Dollar, Surinam');
INSERT INTO TNHT_MULT(LITE_PK, LANG_PK, MULT_DESC)
VALUES('D3E15DF2C247E5429C1A779ADC940225', 1031, 'Surinam-Dollar');
INSERT INTO TNHT_MULT(LITE_PK, LANG_PK, MULT_DESC)
VALUES('D3E15DF2C247E5429C1A779ADC940225', 1049, 'суринамский доллар');
INSERT INTO TNHT_MULT(LITE_PK, LANG_PK, MULT_DESC)
VALUES('D3E15DF2C247E5429C1A779ADC940225', 1063, 'Surinamo doleris');
INSERT INTO TNHT_UNMO(UNMO_PK, LITE_PK, UNMO_NDEC)
VALUES('SRD', 'D3E15DF2C247E5429C1A779ADC940225', 2);
INSERT INTO TNHT_LITE(LITE_PK) VALUES('30B752E1FCCB4A45BE5B10BF7DAF37E5');
INSERT INTO TNHT_MULT(LITE_PK, LANG_PK, MULT_DESC)
VALUES('30B752E1FCCB4A45BE5B10BF7DAF37E5', 1033, 'Dobra');
INSERT INTO TNHT_MULT(LITE_PK, LANG_PK, MULT_DESC)
VALUES('30B752E1FCCB4A45BE5B10BF7DAF37E5', 3082, 'Dobra');
INSERT INTO TNHT_MULT(LITE_PK, LANG_PK, MULT_DESC)
VALUES('30B752E1FCCB4A45BE5B10BF7DAF37E5', 2070, 'Dobra');
INSERT INTO TNHT_MULT(LITE_PK, LANG_PK, MULT_DESC)
VALUES('30B752E1FCCB4A45BE5B10BF7DAF37E5', 1036, 'Dobra');
INSERT INTO TNHT_MULT(LITE_PK, LANG_PK, MULT_DESC)
VALUES('30B752E1FCCB4A45BE5B10BF7DAF37E5', 1031, 'Dobra');
INSERT INTO TNHT_MULT(LITE_PK, LANG_PK, MULT_DESC)
VALUES('30B752E1FCCB4A45BE5B10BF7DAF37E5', 1049, 'добра');
INSERT INTO TNHT_MULT(LITE_PK, LANG_PK, MULT_DESC)
VALUES('30B752E1FCCB4A45BE5B10BF7DAF37E5', 1063, 'Dobra');
INSERT INTO TNHT_UNMO(UNMO_PK, LITE_PK, UNMO_NDEC)
VALUES('STD', '30B752E1FCCB4A45BE5B10BF7DAF37E5', 0);
INSERT INTO TNHT_LITE(LITE_PK) VALUES('BCBDBF1B7B36674FA4916794C00DB7EE');
INSERT INTO TNHT_MULT(LITE_PK, LANG_PK, MULT_DESC)
VALUES('BCBDBF1B7B36674FA4916794C00DB7EE', 1033, 'Colon, El Salvador');
INSERT INTO TNHT_MULT(LITE_PK, LANG_PK, MULT_DESC)
VALUES('BCBDBF1B7B36674FA4916794C00DB7EE', 3082, 'Colón, Salvadoreño');
INSERT INTO TNHT_MULT(LITE_PK, LANG_PK, MULT_DESC)
VALUES('BCBDBF1B7B36674FA4916794C00DB7EE', 2070, 'Colon, Salvadorenho');
INSERT INTO TNHT_MULT(LITE_PK, LANG_PK, MULT_DESC)
VALUES('BCBDBF1B7B36674FA4916794C00DB7EE', 1036, 'Colón, Salvadorien');
INSERT INTO TNHT_MULT(LITE_PK, LANG_PK, MULT_DESC)
VALUES('BCBDBF1B7B36674FA4916794C00DB7EE', 1031, 'El Salvador Colon');
INSERT INTO TNHT_MULT(LITE_PK, LANG_PK, MULT_DESC)
VALUES('BCBDBF1B7B36674FA4916794C00DB7EE', 1049, 'сальвадорский колон');
INSERT INTO TNHT_MULT(LITE_PK, LANG_PK, MULT_DESC)
VALUES('BCBDBF1B7B36674FA4916794C00DB7EE', 1063, 'Salvadoro kolonas');
INSERT INTO TNHT_UNMO(UNMO_PK, LITE_PK, UNMO_NDEC)
VALUES('SVC', 'BCBDBF1B7B36674FA4916794C00DB7EE', 2);
INSERT INTO TNHT_LITE(LITE_PK) VALUES('DE30CC2A4B5DA446AED21CDF5B740F1E');
INSERT INTO TNHT_MULT(LITE_PK, LANG_PK, MULT_DESC)
VALUES('DE30CC2A4B5DA446AED21CDF5B740F1E', 1033, 'Pound, Syrian');
INSERT INTO TNHT_MULT(LITE_PK, LANG_PK, MULT_DESC)
VALUES('DE30CC2A4B5DA446AED21CDF5B740F1E', 3082, 'Libra, Siria');
INSERT INTO TNHT_MULT(LITE_PK, LANG_PK, MULT_DESC)
VALUES('DE30CC2A4B5DA446AED21CDF5B740F1E', 2070, 'Libra, Síria');
INSERT INTO TNHT_MULT(LITE_PK, LANG_PK, MULT_DESC)
VALUES('DE30CC2A4B5DA446AED21CDF5B740F1E', 1036, 'Livre, Syrienne');
INSERT INTO TNHT_MULT(LITE_PK, LANG_PK, MULT_DESC)
VALUES('DE30CC2A4B5DA446AED21CDF5B740F1E', 1031, 'Syrisches Pfund');
INSERT INTO TNHT_MULT(LITE_PK, LANG_PK, MULT_DESC)
VALUES('DE30CC2A4B5DA446AED21CDF5B740F1E', 1049, 'сирийский фунт');
INSERT INTO TNHT_MULT(LITE_PK, LANG_PK, MULT_DESC)
VALUES('DE30CC2A4B5DA446AED21CDF5B740F1E', 1063, 'Sirijos svaras');
INSERT INTO TNHT_UNMO(UNMO_PK, LITE_PK, UNMO_NDEC)
VALUES('SYP', 'DE30CC2A4B5DA446AED21CDF5B740F1E', 2);
INSERT INTO TNHT_LITE(LITE_PK) VALUES('309A2AA12461A649B2CD3233EE4C5F01');
INSERT INTO TNHT_MULT(LITE_PK, LANG_PK, MULT_DESC)
VALUES('309A2AA12461A649B2CD3233EE4C5F01', 1033, 'Lilangeni');
INSERT INTO TNHT_MULT(LITE_PK, LANG_PK, MULT_DESC)
VALUES('309A2AA12461A649B2CD3233EE4C5F01', 3082, 'Lilangeni');
INSERT INTO TNHT_MULT(LITE_PK, LANG_PK, MULT_DESC)
VALUES('309A2AA12461A649B2CD3233EE4C5F01', 2070, 'Lilangeni');
INSERT INTO TNHT_MULT(LITE_PK, LANG_PK, MULT_DESC)
VALUES('309A2AA12461A649B2CD3233EE4C5F01', 1036, 'Lilangeni');
INSERT INTO TNHT_MULT(LITE_PK, LANG_PK, MULT_DESC)
VALUES('309A2AA12461A649B2CD3233EE4C5F01', 1031, 'Lilangeni');
INSERT INTO TNHT_MULT(LITE_PK, LANG_PK, MULT_DESC)
VALUES('309A2AA12461A649B2CD3233EE4C5F01', 1049, 'лилангени');
INSERT INTO TNHT_MULT(LITE_PK, LANG_PK, MULT_DESC)
VALUES('309A2AA12461A649B2CD3233EE4C5F01', 1063, 'Lilangenis');
INSERT INTO TNHT_UNMO(UNMO_PK, LITE_PK, UNMO_NDEC)
VALUES('SZL', '309A2AA12461A649B2CD3233EE4C5F01', 2);
INSERT INTO TNHT_LITE(LITE_PK) VALUES('F1CA7D7702DA5946B3A90BDDF8373FAB');
INSERT INTO TNHT_MULT(LITE_PK, LANG_PK, MULT_DESC)
VALUES('F1CA7D7702DA5946B3A90BDDF8373FAB', 1033, 'Baht');
INSERT INTO TNHT_MULT(LITE_PK, LANG_PK, MULT_DESC)
VALUES('F1CA7D7702DA5946B3A90BDDF8373FAB', 3082, 'Baht');
INSERT INTO TNHT_MULT(LITE_PK, LANG_PK, MULT_DESC)
VALUES('F1CA7D7702DA5946B3A90BDDF8373FAB', 2070, 'Baht');
INSERT INTO TNHT_MULT(LITE_PK, LANG_PK, MULT_DESC)
VALUES('F1CA7D7702DA5946B3A90BDDF8373FAB', 1036, 'Baht');
INSERT INTO TNHT_MULT(LITE_PK, LANG_PK, MULT_DESC)
VALUES('F1CA7D7702DA5946B3A90BDDF8373FAB', 1031, 'Baht');
INSERT INTO TNHT_MULT(LITE_PK, LANG_PK, MULT_DESC)
VALUES('F1CA7D7702DA5946B3A90BDDF8373FAB', 1049, 'бат');
INSERT INTO TNHT_MULT(LITE_PK, LANG_PK, MULT_DESC)
VALUES('F1CA7D7702DA5946B3A90BDDF8373FAB', 1063, 'Batas');
INSERT INTO TNHT_UNMO(UNMO_PK, LITE_PK, UNMO_NDEC)
VALUES('THB', 'F1CA7D7702DA5946B3A90BDDF8373FAB', 2);
INSERT INTO TNHT_LITE(LITE_PK) VALUES('D0C8532DB9F9D844BD663F351FC3EEA7');
INSERT INTO TNHT_MULT(LITE_PK, LANG_PK, MULT_DESC)
VALUES('D0C8532DB9F9D844BD663F351FC3EEA7', 1033, 'Somoni');
INSERT INTO TNHT_MULT(LITE_PK, LANG_PK, MULT_DESC)
VALUES('D0C8532DB9F9D844BD663F351FC3EEA7', 3082, 'Somoni');
INSERT INTO TNHT_MULT(LITE_PK, LANG_PK, MULT_DESC)
VALUES('D0C8532DB9F9D844BD663F351FC3EEA7', 2070, 'Somoni');
INSERT INTO TNHT_MULT(LITE_PK, LANG_PK, MULT_DESC)
VALUES('D0C8532DB9F9D844BD663F351FC3EEA7', 1036, 'Somoni');
INSERT INTO TNHT_MULT(LITE_PK, LANG_PK, MULT_DESC)
VALUES('D0C8532DB9F9D844BD663F351FC3EEA7', 1031, 'Somoni');
INSERT INTO TNHT_MULT(LITE_PK, LANG_PK, MULT_DESC)
VALUES('D0C8532DB9F9D844BD663F351FC3EEA7', 1049, 'таджикский сомони');
INSERT INTO TNHT_MULT(LITE_PK, LANG_PK, MULT_DESC)
VALUES('D0C8532DB9F9D844BD663F351FC3EEA7', 1063, 'Somonis');
INSERT INTO TNHT_UNMO(UNMO_PK, LITE_PK, UNMO_NDEC)
VALUES('TJS', 'D0C8532DB9F9D844BD663F351FC3EEA7', 2);
INSERT INTO TNHT_LITE(LITE_PK) VALUES('483396883CC29C42A0FAC52464BEF99B');
INSERT INTO TNHT_MULT(LITE_PK, LANG_PK, MULT_DESC)
VALUES('483396883CC29C42A0FAC52464BEF99B', 1033, 'Manat');
INSERT INTO TNHT_MULT(LITE_PK, LANG_PK, MULT_DESC)
VALUES('483396883CC29C42A0FAC52464BEF99B', 3082, 'Manat');
INSERT INTO TNHT_MULT(LITE_PK, LANG_PK, MULT_DESC)
VALUES('483396883CC29C42A0FAC52464BEF99B', 2070, 'Manat');
INSERT INTO TNHT_MULT(LITE_PK, LANG_PK, MULT_DESC)
VALUES('483396883CC29C42A0FAC52464BEF99B', 1036, 'Manat');
INSERT INTO TNHT_MULT(LITE_PK, LANG_PK, MULT_DESC)
VALUES('483396883CC29C42A0FAC52464BEF99B', 1031, 'Manat');
INSERT INTO TNHT_MULT(LITE_PK, LANG_PK, MULT_DESC)
VALUES('483396883CC29C42A0FAC52464BEF99B', 1049, 'манат');
INSERT INTO TNHT_MULT(LITE_PK, LANG_PK, MULT_DESC)
VALUES('483396883CC29C42A0FAC52464BEF99B', 1063, 'Manatas');
INSERT INTO TNHT_UNMO(UNMO_PK, LITE_PK, UNMO_NDEC)
VALUES('TMT', '483396883CC29C42A0FAC52464BEF99B', 2);
INSERT INTO TNHT_LITE(LITE_PK) VALUES('52F19463485DAD45993E9EBB8C7654F8');
INSERT INTO TNHT_MULT(LITE_PK, LANG_PK, MULT_DESC)
VALUES('52F19463485DAD45993E9EBB8C7654F8', 1033, 'Dinar, Tunisian');
INSERT INTO TNHT_MULT(LITE_PK, LANG_PK, MULT_DESC)
VALUES('52F19463485DAD45993E9EBB8C7654F8', 3082, 'Dinar, Tunecino');
INSERT INTO TNHT_MULT(LITE_PK, LANG_PK, MULT_DESC)
VALUES('52F19463485DAD45993E9EBB8C7654F8', 2070, 'Dinar, Tunisino');
INSERT INTO TNHT_MULT(LITE_PK, LANG_PK, MULT_DESC)
VALUES('52F19463485DAD45993E9EBB8C7654F8', 1036, 'Dinar, Tunisien');
INSERT INTO TNHT_MULT(LITE_PK, LANG_PK, MULT_DESC)
VALUES('52F19463485DAD45993E9EBB8C7654F8', 1031, 'Tunesischer Dinar');
INSERT INTO TNHT_MULT(LITE_PK, LANG_PK, MULT_DESC)
VALUES('52F19463485DAD45993E9EBB8C7654F8', 1049, 'тунисский динар');
INSERT INTO TNHT_MULT(LITE_PK, LANG_PK, MULT_DESC)
VALUES('52F19463485DAD45993E9EBB8C7654F8', 1063, 'Tuniso dinaras');
INSERT INTO TNHT_UNMO(UNMO_PK, LITE_PK, UNMO_NDEC)
VALUES('TND', '52F19463485DAD45993E9EBB8C7654F8', 3);
INSERT INTO TNHT_LITE(LITE_PK) VALUES('04B330BE1C8AA74A8D6F6BAF9D512D43');
INSERT INTO TNHT_MULT(LITE_PK, LANG_PK, MULT_DESC)
VALUES('04B330BE1C8AA74A8D6F6BAF9D512D43', 1033, 'Pa´anga');
INSERT INTO TNHT_MULT(LITE_PK, LANG_PK, MULT_DESC)
VALUES('04B330BE1C8AA74A8D6F6BAF9D512D43', 3082, 'Pa´anga');
INSERT INTO TNHT_MULT(LITE_PK, LANG_PK, MULT_DESC)
VALUES('04B330BE1C8AA74A8D6F6BAF9D512D43', 2070, 'Pa´anga');
INSERT INTO TNHT_MULT(LITE_PK, LANG_PK, MULT_DESC)
VALUES('04B330BE1C8AA74A8D6F6BAF9D512D43', 1036, 'Pa´anga');
INSERT INTO TNHT_MULT(LITE_PK, LANG_PK, MULT_DESC)
VALUES('04B330BE1C8AA74A8D6F6BAF9D512D43', 1031, 'Pa´anga');
INSERT INTO TNHT_MULT(LITE_PK, LANG_PK, MULT_DESC)
VALUES('04B330BE1C8AA74A8D6F6BAF9D512D43', 1049, 'паанга');
INSERT INTO TNHT_MULT(LITE_PK, LANG_PK, MULT_DESC)
VALUES('04B330BE1C8AA74A8D6F6BAF9D512D43', 1063, 'Panga');
INSERT INTO TNHT_UNMO(UNMO_PK, LITE_PK, UNMO_NDEC)
VALUES('TOP', '04B330BE1C8AA74A8D6F6BAF9D512D43', 2);
INSERT INTO TNHT_LITE(LITE_PK) VALUES('7A2E8927DD1FCB46A7C7EE8B313FE8EB');
INSERT INTO TNHT_MULT(LITE_PK, LANG_PK, MULT_DESC)
VALUES('7A2E8927DD1FCB46A7C7EE8B313FE8EB', 1033, 'Lira, Turkish (New)');
INSERT INTO TNHT_MULT(LITE_PK, LANG_PK, MULT_DESC)
VALUES('7A2E8927DD1FCB46A7C7EE8B313FE8EB', 3082, 'Lira, Turca (Nueva)');
INSERT INTO TNHT_MULT(LITE_PK, LANG_PK, MULT_DESC)
VALUES('7A2E8927DD1FCB46A7C7EE8B313FE8EB', 2070, 'Lira, Turca (Nova)');
INSERT INTO TNHT_MULT(LITE_PK, LANG_PK, MULT_DESC)
VALUES('7A2E8927DD1FCB46A7C7EE8B313FE8EB', 1036, 'Livre, Turque (Nouveau)');
INSERT INTO TNHT_MULT(LITE_PK, LANG_PK, MULT_DESC)
VALUES('7A2E8927DD1FCB46A7C7EE8B313FE8EB', 1031, 'Neue Türkische Lira');
INSERT INTO TNHT_MULT(LITE_PK, LANG_PK, MULT_DESC)
VALUES('7A2E8927DD1FCB46A7C7EE8B313FE8EB', 1049, 'новая турецкая лира');
INSERT INTO TNHT_MULT(LITE_PK, LANG_PK, MULT_DESC)
VALUES('7A2E8927DD1FCB46A7C7EE8B313FE8EB', 1063, 'Naujoji Turkijos lira');
INSERT INTO TNHT_UNMO(UNMO_PK, LITE_PK, UNMO_NDEC)
VALUES('TRY', '7A2E8927DD1FCB46A7C7EE8B313FE8EB', 2);
INSERT INTO TNHT_LITE(LITE_PK) VALUES('516EA745F93AE14A85314D8343CDFD1D');
INSERT INTO TNHT_MULT(LITE_PK, LANG_PK, MULT_DESC)
VALUES('516EA745F93AE14A85314D8343CDFD1D', 1033, 'Dollar, Trinidad and Tobago');
INSERT INTO TNHT_MULT(LITE_PK, LANG_PK, MULT_DESC)
VALUES('516EA745F93AE14A85314D8343CDFD1D', 3082, 'Dólar, Trinidad y Tobago');
INSERT INTO TNHT_MULT(LITE_PK, LANG_PK, MULT_DESC)
VALUES('516EA745F93AE14A85314D8343CDFD1D', 2070, 'Dólar, Trinidade e Tobago');
INSERT INTO TNHT_MULT(LITE_PK, LANG_PK, MULT_DESC)
VALUES('516EA745F93AE14A85314D8343CDFD1D', 1036, 'Dollar, Trinité-et-Tobago');
INSERT INTO TNHT_MULT(LITE_PK, LANG_PK, MULT_DESC)
VALUES('516EA745F93AE14A85314D8343CDFD1D', 1031, 'Trinidad-und-Tobago-Dollar');
INSERT INTO TNHT_MULT(LITE_PK, LANG_PK, MULT_DESC)
VALUES('516EA745F93AE14A85314D8343CDFD1D', 1049, 'доллар Тринидад и Тобаго');
INSERT INTO TNHT_MULT(LITE_PK, LANG_PK, MULT_DESC)
VALUES('516EA745F93AE14A85314D8343CDFD1D', 1063, 'Trinidado ir Tobago doleris');
INSERT INTO TNHT_UNMO(UNMO_PK, LITE_PK, UNMO_NDEC)
VALUES('TTD', '516EA745F93AE14A85314D8343CDFD1D', 2);
INSERT INTO TNHT_LITE(LITE_PK) VALUES('D6B4DC34817D824EBCAB2B0E073F9C0D');
INSERT INTO TNHT_MULT(LITE_PK, LANG_PK, MULT_DESC)
VALUES('D6B4DC34817D824EBCAB2B0E073F9C0D', 1033, 'Dollar, Taiwan (New)');
INSERT INTO TNHT_MULT(LITE_PK, LANG_PK, MULT_DESC)
VALUES('D6B4DC34817D824EBCAB2B0E073F9C0D', 3082, 'Dólar, Taiwanés (Nuevo)');
INSERT INTO TNHT_MULT(LITE_PK, LANG_PK, MULT_DESC)
VALUES('D6B4DC34817D824EBCAB2B0E073F9C0D', 2070, 'Dólar, Taiwan (Novo)');
INSERT INTO TNHT_MULT(LITE_PK, LANG_PK, MULT_DESC)
VALUES('D6B4DC34817D824EBCAB2B0E073F9C0D', 1036, 'Dollar, Taïwainais (Nouveau)');
INSERT INTO TNHT_MULT(LITE_PK, LANG_PK, MULT_DESC)
VALUES('D6B4DC34817D824EBCAB2B0E073F9C0D', 1031, 'Neuer Taiwan-Dollar');
INSERT INTO TNHT_MULT(LITE_PK, LANG_PK, MULT_DESC)
VALUES('D6B4DC34817D824EBCAB2B0E073F9C0D', 1049, 'новый тайваньский доллар');
INSERT INTO TNHT_MULT(LITE_PK, LANG_PK, MULT_DESC)
VALUES('D6B4DC34817D824EBCAB2B0E073F9C0D', 1063, 'Naujasis Taivano doleris');
INSERT INTO TNHT_UNMO(UNMO_PK, LITE_PK, UNMO_NDEC)
VALUES('TWD', 'D6B4DC34817D824EBCAB2B0E073F9C0D', 1);
INSERT INTO TNHT_LITE(LITE_PK) VALUES('AB1625A0C44CBD48B628E3DC3E73BD51');
INSERT INTO TNHT_MULT(LITE_PK, LANG_PK, MULT_DESC)
VALUES('AB1625A0C44CBD48B628E3DC3E73BD51', 1033, 'Shilling, Tanzanian');
INSERT INTO TNHT_MULT(LITE_PK, LANG_PK, MULT_DESC)
VALUES('AB1625A0C44CBD48B628E3DC3E73BD51', 3082, 'Chelín, Tanzano');
INSERT INTO TNHT_MULT(LITE_PK, LANG_PK, MULT_DESC)
VALUES('AB1625A0C44CBD48B628E3DC3E73BD51', 2070, 'Xelim, Tanzânia');
INSERT INTO TNHT_MULT(LITE_PK, LANG_PK, MULT_DESC)
VALUES('AB1625A0C44CBD48B628E3DC3E73BD51', 1036, 'Shilling, Tanzanie');
INSERT INTO TNHT_MULT(LITE_PK, LANG_PK, MULT_DESC)
VALUES('AB1625A0C44CBD48B628E3DC3E73BD51', 1031, 'Tansanischer Schilling');
INSERT INTO TNHT_MULT(LITE_PK, LANG_PK, MULT_DESC)
VALUES('AB1625A0C44CBD48B628E3DC3E73BD51', 1049, 'танзанийский шиллинг');
INSERT INTO TNHT_MULT(LITE_PK, LANG_PK, MULT_DESC)
VALUES('AB1625A0C44CBD48B628E3DC3E73BD51', 1063, 'Tanzanijos šilingas');
INSERT INTO TNHT_UNMO(UNMO_PK, LITE_PK, UNMO_NDEC)
VALUES('TZS', 'AB1625A0C44CBD48B628E3DC3E73BD51', 2);
INSERT INTO TNHT_LITE(LITE_PK) VALUES('68C9B8B6A8AE68479DE0C24B24C1678B');
INSERT INTO TNHT_MULT(LITE_PK, LANG_PK, MULT_DESC)
VALUES('68C9B8B6A8AE68479DE0C24B24C1678B', 1033, 'Hryvnia');
INSERT INTO TNHT_MULT(LITE_PK, LANG_PK, MULT_DESC)
VALUES('68C9B8B6A8AE68479DE0C24B24C1678B', 3082, 'Grivnia');
INSERT INTO TNHT_MULT(LITE_PK, LANG_PK, MULT_DESC)
VALUES('68C9B8B6A8AE68479DE0C24B24C1678B', 2070, 'Grivnia');
INSERT INTO TNHT_MULT(LITE_PK, LANG_PK, MULT_DESC)
VALUES('68C9B8B6A8AE68479DE0C24B24C1678B', 1036, 'Hryvnia');
INSERT INTO TNHT_MULT(LITE_PK, LANG_PK, MULT_DESC)
VALUES('68C9B8B6A8AE68479DE0C24B24C1678B', 1031, 'Hrywnja');
INSERT INTO TNHT_MULT(LITE_PK, LANG_PK, MULT_DESC)
VALUES('68C9B8B6A8AE68479DE0C24B24C1678B', 1049, 'гривна');
INSERT INTO TNHT_MULT(LITE_PK, LANG_PK, MULT_DESC)
VALUES('68C9B8B6A8AE68479DE0C24B24C1678B', 1063, 'Grivina');
INSERT INTO TNHT_UNMO(UNMO_PK, LITE_PK, UNMO_NDEC)
VALUES('UAH', '68C9B8B6A8AE68479DE0C24B24C1678B', 2);
INSERT INTO TNHT_LITE(LITE_PK) VALUES('36D83E030C21AB45B296BC22CC725781');
INSERT INTO TNHT_MULT(LITE_PK, LANG_PK, MULT_DESC)
VALUES('36D83E030C21AB45B296BC22CC725781', 1033, 'Shilling, Uganda');
INSERT INTO TNHT_MULT(LITE_PK, LANG_PK, MULT_DESC)
VALUES('36D83E030C21AB45B296BC22CC725781', 3082, 'Chelín, Ugandés');
INSERT INTO TNHT_MULT(LITE_PK, LANG_PK, MULT_DESC)
VALUES('36D83E030C21AB45B296BC22CC725781', 2070, 'Xelim, Uganês');
INSERT INTO TNHT_MULT(LITE_PK, LANG_PK, MULT_DESC)
VALUES('36D83E030C21AB45B296BC22CC725781', 1036, 'Shilling, Ouganda');
INSERT INTO TNHT_MULT(LITE_PK, LANG_PK, MULT_DESC)
VALUES('36D83E030C21AB45B296BC22CC725781', 1031, 'Uganda-Schilling');
INSERT INTO TNHT_MULT(LITE_PK, LANG_PK, MULT_DESC)
VALUES('36D83E030C21AB45B296BC22CC725781', 1049, 'угандийский шиллинг');
INSERT INTO TNHT_MULT(LITE_PK, LANG_PK, MULT_DESC)
VALUES('36D83E030C21AB45B296BC22CC725781', 1063, 'Ugandos šilingas');
INSERT INTO TNHT_UNMO(UNMO_PK, LITE_PK, UNMO_NDEC)
VALUES('UGX', '36D83E030C21AB45B296BC22CC725781', 0);
INSERT INTO TNHT_LITE(LITE_PK) VALUES('0508213A5264BD498FC367357C721DAF');
INSERT INTO TNHT_MULT(LITE_PK, LANG_PK, MULT_DESC)
VALUES('0508213A5264BD498FC367357C721DAF', 1033, 'Dollar, US');
INSERT INTO TNHT_MULT(LITE_PK, LANG_PK, MULT_DESC)
VALUES('0508213A5264BD498FC367357C721DAF', 3082, 'Dólar, Estadounidense');
INSERT INTO TNHT_MULT(LITE_PK, LANG_PK, MULT_DESC)
VALUES('0508213A5264BD498FC367357C721DAF', 2070, 'Dólar EUA');
INSERT INTO TNHT_MULT(LITE_PK, LANG_PK, MULT_DESC)
VALUES('0508213A5264BD498FC367357C721DAF', 1036, 'Dollar, États-Unis d´Amérique');
INSERT INTO TNHT_MULT(LITE_PK, LANG_PK, MULT_DESC)
VALUES('0508213A5264BD498FC367357C721DAF', 1031, 'US Dollar');
INSERT INTO TNHT_MULT(LITE_PK, LANG_PK, MULT_DESC)
VALUES('0508213A5264BD498FC367357C721DAF', 1049, 'доллар США');
INSERT INTO TNHT_MULT(LITE_PK, LANG_PK, MULT_DESC)
VALUES('0508213A5264BD498FC367357C721DAF', 1063, 'JAV doleris');
INSERT INTO TNHT_UNMO(UNMO_PK, LITE_PK, UNMO_NDEC)
VALUES('USD', '0508213A5264BD498FC367357C721DAF', 2);
INSERT INTO TNHT_LITE(LITE_PK) VALUES('03130E333C30AD49B03D8BB69A642B8E');
INSERT INTO TNHT_MULT(LITE_PK, LANG_PK, MULT_DESC)
VALUES('03130E333C30AD49B03D8BB69A642B8E', 1033, 'Peso, Uruguayo');
INSERT INTO TNHT_MULT(LITE_PK, LANG_PK, MULT_DESC)
VALUES('03130E333C30AD49B03D8BB69A642B8E', 3082, 'Peso, Uruguayo');
INSERT INTO TNHT_MULT(LITE_PK, LANG_PK, MULT_DESC)
VALUES('03130E333C30AD49B03D8BB69A642B8E', 2070, 'Peso, Uruguaio');
INSERT INTO TNHT_MULT(LITE_PK, LANG_PK, MULT_DESC)
VALUES('03130E333C30AD49B03D8BB69A642B8E', 1036, 'Peso, Uruguay');
INSERT INTO TNHT_MULT(LITE_PK, LANG_PK, MULT_DESC)
VALUES('03130E333C30AD49B03D8BB69A642B8E', 1031, 'Uruguayischer Peso');
INSERT INTO TNHT_MULT(LITE_PK, LANG_PK, MULT_DESC)
VALUES('03130E333C30AD49B03D8BB69A642B8E', 1049, 'уругвайское песо');
INSERT INTO TNHT_MULT(LITE_PK, LANG_PK, MULT_DESC)
VALUES('03130E333C30AD49B03D8BB69A642B8E', 1063, 'Urugvajaus pesas');
INSERT INTO TNHT_UNMO(UNMO_PK, LITE_PK, UNMO_NDEC)
VALUES('UYU', '03130E333C30AD49B03D8BB69A642B8E', 2);
INSERT INTO TNHT_LITE(LITE_PK) VALUES('9CC866A8C9818D44932B7902003AC97B');
INSERT INTO TNHT_MULT(LITE_PK, LANG_PK, MULT_DESC)
VALUES('9CC866A8C9818D44932B7902003AC97B', 1033, 'Sum, Uzbekistan');
INSERT INTO TNHT_MULT(LITE_PK, LANG_PK, MULT_DESC)
VALUES('9CC866A8C9818D44932B7902003AC97B', 3082, 'Som, Uzbeco');
INSERT INTO TNHT_MULT(LITE_PK, LANG_PK, MULT_DESC)
VALUES('9CC866A8C9818D44932B7902003AC97B', 2070, 'Sum, Usbequistão');
INSERT INTO TNHT_MULT(LITE_PK, LANG_PK, MULT_DESC)
VALUES('9CC866A8C9818D44932B7902003AC97B', 1036, 'Sum, Ouzbékistan');
INSERT INTO TNHT_MULT(LITE_PK, LANG_PK, MULT_DESC)
VALUES('9CC866A8C9818D44932B7902003AC97B', 1031, 'Usbekischer Soʻm');
INSERT INTO TNHT_MULT(LITE_PK, LANG_PK, MULT_DESC)
VALUES('9CC866A8C9818D44932B7902003AC97B', 1049, 'узбекский сом');
INSERT INTO TNHT_MULT(LITE_PK, LANG_PK, MULT_DESC)
VALUES('9CC866A8C9818D44932B7902003AC97B', 1063, 'Uzbekistano sumas');
INSERT INTO TNHT_UNMO(UNMO_PK, LITE_PK, UNMO_NDEC)
VALUES('UZS', '9CC866A8C9818D44932B7902003AC97B', 2);
INSERT INTO TNHT_LITE(LITE_PK) VALUES('0A93942E9D7CE74C9CA94E0C7FAD6BAF');
INSERT INTO TNHT_MULT(LITE_PK, LANG_PK, MULT_DESC)
VALUES('0A93942E9D7CE74C9CA94E0C7FAD6BAF', 1033, 'Bolivar');
INSERT INTO TNHT_MULT(LITE_PK, LANG_PK, MULT_DESC)
VALUES('0A93942E9D7CE74C9CA94E0C7FAD6BAF', 3082, 'Bolivar');
INSERT INTO TNHT_MULT(LITE_PK, LANG_PK, MULT_DESC)
VALUES('0A93942E9D7CE74C9CA94E0C7FAD6BAF', 2070, 'Bolivar');
INSERT INTO TNHT_MULT(LITE_PK, LANG_PK, MULT_DESC)
VALUES('0A93942E9D7CE74C9CA94E0C7FAD6BAF', 1036, 'Bolivar');
INSERT INTO TNHT_MULT(LITE_PK, LANG_PK, MULT_DESC)
VALUES('0A93942E9D7CE74C9CA94E0C7FAD6BAF', 1031, 'Bolívar Fuerte');
INSERT INTO TNHT_MULT(LITE_PK, LANG_PK, MULT_DESC)
VALUES('0A93942E9D7CE74C9CA94E0C7FAD6BAF', 1049, 'боливар фуэрте');
INSERT INTO TNHT_MULT(LITE_PK, LANG_PK, MULT_DESC)
VALUES('0A93942E9D7CE74C9CA94E0C7FAD6BAF', 1063, 'Bolivaro');
INSERT INTO TNHT_UNMO(UNMO_PK, LITE_PK, UNMO_NDEC)
VALUES('VEF', '0A93942E9D7CE74C9CA94E0C7FAD6BAF', 2);
INSERT INTO TNHT_LITE(LITE_PK) VALUES('A5780DE53A12A948A9657CFC0E34D2FB');
INSERT INTO TNHT_MULT(LITE_PK, LANG_PK, MULT_DESC)
VALUES('A5780DE53A12A948A9657CFC0E34D2FB', 1033, 'Dong');
INSERT INTO TNHT_MULT(LITE_PK, LANG_PK, MULT_DESC)
VALUES('A5780DE53A12A948A9657CFC0E34D2FB', 3082, 'Dong');
INSERT INTO TNHT_MULT(LITE_PK, LANG_PK, MULT_DESC)
VALUES('A5780DE53A12A948A9657CFC0E34D2FB', 2070, 'Dong');
INSERT INTO TNHT_MULT(LITE_PK, LANG_PK, MULT_DESC)
VALUES('A5780DE53A12A948A9657CFC0E34D2FB', 1036, 'Dong');
INSERT INTO TNHT_MULT(LITE_PK, LANG_PK, MULT_DESC)
VALUES('A5780DE53A12A948A9657CFC0E34D2FB', 1031, 'Dong');
INSERT INTO TNHT_MULT(LITE_PK, LANG_PK, MULT_DESC)
VALUES('A5780DE53A12A948A9657CFC0E34D2FB', 1049, 'донг');
INSERT INTO TNHT_MULT(LITE_PK, LANG_PK, MULT_DESC)
VALUES('A5780DE53A12A948A9657CFC0E34D2FB', 1063, 'Dongas');
INSERT INTO TNHT_UNMO(UNMO_PK, LITE_PK, UNMO_NDEC)
VALUES('VND', 'A5780DE53A12A948A9657CFC0E34D2FB', 0);
INSERT INTO TNHT_LITE(LITE_PK) VALUES('045D2D54591A4740B177BE13786D8FA4');
INSERT INTO TNHT_MULT(LITE_PK, LANG_PK, MULT_DESC)
VALUES('045D2D54591A4740B177BE13786D8FA4', 1033, 'Vatu');
INSERT INTO TNHT_MULT(LITE_PK, LANG_PK, MULT_DESC)
VALUES('045D2D54591A4740B177BE13786D8FA4', 3082, 'Vatu');
INSERT INTO TNHT_MULT(LITE_PK, LANG_PK, MULT_DESC)
VALUES('045D2D54591A4740B177BE13786D8FA4', 2070, 'Vatu');
INSERT INTO TNHT_MULT(LITE_PK, LANG_PK, MULT_DESC)
VALUES('045D2D54591A4740B177BE13786D8FA4', 1036, 'Vatu');
INSERT INTO TNHT_MULT(LITE_PK, LANG_PK, MULT_DESC)
VALUES('045D2D54591A4740B177BE13786D8FA4', 1031, 'Vatu');
INSERT INTO TNHT_MULT(LITE_PK, LANG_PK, MULT_DESC)
VALUES('045D2D54591A4740B177BE13786D8FA4', 1049, 'вату');
INSERT INTO TNHT_MULT(LITE_PK, LANG_PK, MULT_DESC)
VALUES('045D2D54591A4740B177BE13786D8FA4', 1063, 'Vatu');
INSERT INTO TNHT_UNMO(UNMO_PK, LITE_PK, UNMO_NDEC)
VALUES('VUV', '045D2D54591A4740B177BE13786D8FA4', 0);
INSERT INTO TNHT_LITE(LITE_PK) VALUES('6BEE3350B0229346AAB4863A9A5BC8DA');
INSERT INTO TNHT_MULT(LITE_PK, LANG_PK, MULT_DESC)
VALUES('6BEE3350B0229346AAB4863A9A5BC8DA', 1033, 'Tala');
INSERT INTO TNHT_MULT(LITE_PK, LANG_PK, MULT_DESC)
VALUES('6BEE3350B0229346AAB4863A9A5BC8DA', 3082, 'Tala');
INSERT INTO TNHT_MULT(LITE_PK, LANG_PK, MULT_DESC)
VALUES('6BEE3350B0229346AAB4863A9A5BC8DA', 2070, 'Tala');
INSERT INTO TNHT_MULT(LITE_PK, LANG_PK, MULT_DESC)
VALUES('6BEE3350B0229346AAB4863A9A5BC8DA', 1036, 'Tala');
INSERT INTO TNHT_MULT(LITE_PK, LANG_PK, MULT_DESC)
VALUES('6BEE3350B0229346AAB4863A9A5BC8DA', 1031, 'Tala');
INSERT INTO TNHT_MULT(LITE_PK, LANG_PK, MULT_DESC)
VALUES('6BEE3350B0229346AAB4863A9A5BC8DA', 1049, 'тала');
INSERT INTO TNHT_MULT(LITE_PK, LANG_PK, MULT_DESC)
VALUES('6BEE3350B0229346AAB4863A9A5BC8DA', 1063, 'Tala');
INSERT INTO TNHT_UNMO(UNMO_PK, LITE_PK, UNMO_NDEC)
VALUES('WST', '6BEE3350B0229346AAB4863A9A5BC8DA', 2);
INSERT INTO TNHT_LITE(LITE_PK) VALUES('9ED3E5CA1460F546B4AC77431A706437');
INSERT INTO TNHT_MULT(LITE_PK, LANG_PK, MULT_DESC)
VALUES('9ED3E5CA1460F546B4AC77431A706437', 1033, 'Franc, CFA BEAC');
INSERT INTO TNHT_MULT(LITE_PK, LANG_PK, MULT_DESC)
VALUES('9ED3E5CA1460F546B4AC77431A706437', 3082, 'Franco, CFA BEAC');
INSERT INTO TNHT_MULT(LITE_PK, LANG_PK, MULT_DESC)
VALUES('9ED3E5CA1460F546B4AC77431A706437', 2070, 'Franco, CFA BEAC');
INSERT INTO TNHT_MULT(LITE_PK, LANG_PK, MULT_DESC)
VALUES('9ED3E5CA1460F546B4AC77431A706437', 1036, 'Franc, CFA BEAC');
INSERT INTO TNHT_MULT(LITE_PK, LANG_PK, MULT_DESC)
VALUES('9ED3E5CA1460F546B4AC77431A706437', 1031, 'CFA Franc (Äquatorial)');
INSERT INTO TNHT_MULT(LITE_PK, LANG_PK, MULT_DESC)
VALUES('9ED3E5CA1460F546B4AC77431A706437', 1049, 'франк КФА ВЕАС');
INSERT INTO TNHT_MULT(LITE_PK, LANG_PK, MULT_DESC)
VALUES('9ED3E5CA1460F546B4AC77431A706437', 1063, 'CFA BEAC frankas');
INSERT INTO TNHT_UNMO(UNMO_PK, LITE_PK, UNMO_NDEC)
VALUES('XAF', '9ED3E5CA1460F546B4AC77431A706437', 0);
INSERT INTO TNHT_LITE(LITE_PK) VALUES('63292CE595A15D48B7C60FACF313920F');
INSERT INTO TNHT_MULT(LITE_PK, LANG_PK, MULT_DESC)
VALUES('63292CE595A15D48B7C60FACF313920F', 1033, 'Dollar, East Caribbean');
INSERT INTO TNHT_MULT(LITE_PK, LANG_PK, MULT_DESC)
VALUES('63292CE595A15D48B7C60FACF313920F', 3082, 'Dólar, Caribe oriental');
INSERT INTO TNHT_MULT(LITE_PK, LANG_PK, MULT_DESC)
VALUES('63292CE595A15D48B7C60FACF313920F', 2070, 'Dólar, Caraibas Orientais');
INSERT INTO TNHT_MULT(LITE_PK, LANG_PK, MULT_DESC)
VALUES('63292CE595A15D48B7C60FACF313920F', 1036, 'Dollar, Caraïbes orientales');
INSERT INTO TNHT_MULT(LITE_PK, LANG_PK, MULT_DESC)
VALUES('63292CE595A15D48B7C60FACF313920F', 1031, 'Ostkaribischer Dollar');
INSERT INTO TNHT_MULT(LITE_PK, LANG_PK, MULT_DESC)
VALUES('63292CE595A15D48B7C60FACF313920F', 1049, 'доллар Восточных Кариб');
INSERT INTO TNHT_MULT(LITE_PK, LANG_PK, MULT_DESC)
VALUES('63292CE595A15D48B7C60FACF313920F', 1063, 'Rytų Karibų doleris');
INSERT INTO TNHT_UNMO(UNMO_PK, LITE_PK, UNMO_NDEC)
VALUES('XCD', '63292CE595A15D48B7C60FACF313920F', 2);
INSERT INTO TNHT_LITE(LITE_PK) VALUES('8E9548CB09925D4980267CA917774219');
INSERT INTO TNHT_MULT(LITE_PK, LANG_PK, MULT_DESC)
VALUES('8E9548CB09925D4980267CA917774219', 1033, 'Franc, CFA BCEAO');
INSERT INTO TNHT_MULT(LITE_PK, LANG_PK, MULT_DESC)
VALUES('8E9548CB09925D4980267CA917774219', 3082, 'Franco, CFA BCEAO');
INSERT INTO TNHT_MULT(LITE_PK, LANG_PK, MULT_DESC)
VALUES('8E9548CB09925D4980267CA917774219', 2070, 'Franco, CFA BCEAO');
INSERT INTO TNHT_MULT(LITE_PK, LANG_PK, MULT_DESC)
VALUES('8E9548CB09925D4980267CA917774219', 1036, 'Franc, CFA BCEAO');
INSERT INTO TNHT_MULT(LITE_PK, LANG_PK, MULT_DESC)
VALUES('8E9548CB09925D4980267CA917774219', 1031, 'CFA Franc (West)');
INSERT INTO TNHT_MULT(LITE_PK, LANG_PK, MULT_DESC)
VALUES('8E9548CB09925D4980267CA917774219', 1049, 'франк КФА BCEAO');
INSERT INTO TNHT_MULT(LITE_PK, LANG_PK, MULT_DESC)
VALUES('8E9548CB09925D4980267CA917774219', 1063, 'CFA BCEAO frankas');
INSERT INTO TNHT_UNMO(UNMO_PK, LITE_PK, UNMO_NDEC)
VALUES('XOF', '8E9548CB09925D4980267CA917774219', 0);
INSERT INTO TNHT_LITE(LITE_PK) VALUES('6B85D03156355447A7387A442EBD60AE');
INSERT INTO TNHT_MULT(LITE_PK, LANG_PK, MULT_DESC)
VALUES('6B85D03156355447A7387A442EBD60AE', 1033, 'Franc, CFP');
INSERT INTO TNHT_MULT(LITE_PK, LANG_PK, MULT_DESC)
VALUES('6B85D03156355447A7387A442EBD60AE', 3082, 'Franco, CFP');
INSERT INTO TNHT_MULT(LITE_PK, LANG_PK, MULT_DESC)
VALUES('6B85D03156355447A7387A442EBD60AE', 2070, 'Franco, CFP');
INSERT INTO TNHT_MULT(LITE_PK, LANG_PK, MULT_DESC)
VALUES('6B85D03156355447A7387A442EBD60AE', 1036, 'Franc, Pacifique');
INSERT INTO TNHT_MULT(LITE_PK, LANG_PK, MULT_DESC)
VALUES('6B85D03156355447A7387A442EBD60AE', 1031, 'CFP Franc');
INSERT INTO TNHT_MULT(LITE_PK, LANG_PK, MULT_DESC)
VALUES('6B85D03156355447A7387A442EBD60AE', 1049, 'франк КФП');
INSERT INTO TNHT_MULT(LITE_PK, LANG_PK, MULT_DESC)
VALUES('6B85D03156355447A7387A442EBD60AE', 1063, 'CFP frankas');
INSERT INTO TNHT_UNMO(UNMO_PK, LITE_PK, UNMO_NDEC)
VALUES('XPF', '6B85D03156355447A7387A442EBD60AE', 0);
INSERT INTO TNHT_LITE(LITE_PK) VALUES('4DDDC887772C3F48A8A72DA945A99621');
INSERT INTO TNHT_MULT(LITE_PK, LANG_PK, MULT_DESC)
VALUES('4DDDC887772C3F48A8A72DA945A99621', 1033, 'Rial, Yemeni');
INSERT INTO TNHT_MULT(LITE_PK, LANG_PK, MULT_DESC)
VALUES('4DDDC887772C3F48A8A72DA945A99621', 3082, 'Rial, Yemení');
INSERT INTO TNHT_MULT(LITE_PK, LANG_PK, MULT_DESC)
VALUES('4DDDC887772C3F48A8A72DA945A99621', 2070, 'Rial, Yemen');
INSERT INTO TNHT_MULT(LITE_PK, LANG_PK, MULT_DESC)
VALUES('4DDDC887772C3F48A8A72DA945A99621', 1036, 'Riyal, Yemen');
INSERT INTO TNHT_MULT(LITE_PK, LANG_PK, MULT_DESC)
VALUES('4DDDC887772C3F48A8A72DA945A99621', 1031, 'Jemenitischer Rial');
INSERT INTO TNHT_MULT(LITE_PK, LANG_PK, MULT_DESC)
VALUES('4DDDC887772C3F48A8A72DA945A99621', 1049, 'йеменский риал');
INSERT INTO TNHT_MULT(LITE_PK, LANG_PK, MULT_DESC)
VALUES('4DDDC887772C3F48A8A72DA945A99621', 1063, 'Jemeno rialas');
INSERT INTO TNHT_UNMO(UNMO_PK, LITE_PK, UNMO_NDEC)
VALUES('YER', '4DDDC887772C3F48A8A72DA945A99621', 0);
INSERT INTO TNHT_LITE(LITE_PK) VALUES('C8FF5437FCAE7044BC3A9C65AA9F5878');
INSERT INTO TNHT_MULT(LITE_PK, LANG_PK, MULT_DESC)
VALUES('C8FF5437FCAE7044BC3A9C65AA9F5878', 1033, 'Rand');
INSERT INTO TNHT_MULT(LITE_PK, LANG_PK, MULT_DESC)
VALUES('C8FF5437FCAE7044BC3A9C65AA9F5878', 3082, 'Rand');
INSERT INTO TNHT_MULT(LITE_PK, LANG_PK, MULT_DESC)
VALUES('C8FF5437FCAE7044BC3A9C65AA9F5878', 2070, 'Rand');
INSERT INTO TNHT_MULT(LITE_PK, LANG_PK, MULT_DESC)
VALUES('C8FF5437FCAE7044BC3A9C65AA9F5878', 1036, 'Rand');
INSERT INTO TNHT_MULT(LITE_PK, LANG_PK, MULT_DESC)
VALUES('C8FF5437FCAE7044BC3A9C65AA9F5878', 1031, 'Rand');
INSERT INTO TNHT_MULT(LITE_PK, LANG_PK, MULT_DESC)
VALUES('C8FF5437FCAE7044BC3A9C65AA9F5878', 1049, 'ранд');
INSERT INTO TNHT_MULT(LITE_PK, LANG_PK, MULT_DESC)
VALUES('C8FF5437FCAE7044BC3A9C65AA9F5878', 1063, 'Randas');
INSERT INTO TNHT_UNMO(UNMO_PK, LITE_PK, UNMO_NDEC)
VALUES('ZAR', 'C8FF5437FCAE7044BC3A9C65AA9F5878', 2);
INSERT INTO TNHT_LITE(LITE_PK) VALUES('4B856F118B4EC645A8F26B28001D1B4C');
INSERT INTO TNHT_MULT(LITE_PK, LANG_PK, MULT_DESC)
VALUES('4B856F118B4EC645A8F26B28001D1B4C', 1033, 'Dollar, Zimbabwe');
INSERT INTO TNHT_MULT(LITE_PK, LANG_PK, MULT_DESC)
VALUES('4B856F118B4EC645A8F26B28001D1B4C', 3082, 'Dólar, Zimbabuense');
INSERT INTO TNHT_MULT(LITE_PK, LANG_PK, MULT_DESC)
VALUES('4B856F118B4EC645A8F26B28001D1B4C', 2070, 'Dólar, Zimbabwe');
INSERT INTO TNHT_MULT(LITE_PK, LANG_PK, MULT_DESC)
VALUES('4B856F118B4EC645A8F26B28001D1B4C', 1036, 'Dollar, Zimbabwéen');
INSERT INTO TNHT_MULT(LITE_PK, LANG_PK, MULT_DESC)
VALUES('4B856F118B4EC645A8F26B28001D1B4C', 1031, 'Simbabwe-Dollar');
INSERT INTO TNHT_MULT(LITE_PK, LANG_PK, MULT_DESC)
VALUES('4B856F118B4EC645A8F26B28001D1B4C', 1049, 'доллар Зимбабве');
INSERT INTO TNHT_MULT(LITE_PK, LANG_PK, MULT_DESC)
VALUES('4B856F118B4EC645A8F26B28001D1B4C', 1063, 'Zimbabvės doleris');
INSERT INTO TNHT_UNMO(UNMO_PK, LITE_PK, UNMO_NDEC)
VALUES('ZWD', '4B856F118B4EC645A8F26B28001D1B4C', 2);

INSERT INTO TNHT_LITE(LITE_PK) VALUES('DA4DCFEAB23D2A479A7ACE459D3502B7');
INSERT INTO TNHT_MULT(LITE_PK, LANG_PK, MULT_DESC)
VALUES('DA4DCFEAB23D2A479A7ACE459D3502B7', 1033, 'Arabic');
INSERT INTO TNHT_MULT(LITE_PK, LANG_PK, MULT_DESC)
VALUES('DA4DCFEAB23D2A479A7ACE459D3502B7', 3082, 'Árábe');
INSERT INTO TNHT_MULT(LITE_PK, LANG_PK, MULT_DESC)
VALUES('DA4DCFEAB23D2A479A7ACE459D3502B7', 2070, 'Arábico');
INSERT INTO TNHT_MULT(LITE_PK, LANG_PK, MULT_DESC)
VALUES('DA4DCFEAB23D2A479A7ACE459D3502B7', 1036, 'Arabe');
INSERT INTO TNHT_MULT(LITE_PK, LANG_PK, MULT_DESC)
VALUES('DA4DCFEAB23D2A479A7ACE459D3502B7', 1049, 'Арабский');
INSERT INTO TNHT_LICL(LICL_PK, LITE_PK, LICL_PRIM, ISO_639Y1, ISO_639Y2)
VALUES(1, 'DA4DCFEAB23D2A479A7ACE459D3502B7', '1', 'AR', 'ARA');
INSERT INTO TNHT_LITE(LITE_PK) VALUES('9B89285561EB1546868F8FE24FD206EB');
INSERT INTO TNHT_MULT(LITE_PK, LANG_PK, MULT_DESC)
VALUES('9B89285561EB1546868F8FE24FD206EB', 1033, 'Arabic (Saudi Arabia)');
INSERT INTO TNHT_MULT(LITE_PK, LANG_PK, MULT_DESC)
VALUES('9B89285561EB1546868F8FE24FD206EB', 3082, 'Árábe (Saudi Arabia)');
INSERT INTO TNHT_MULT(LITE_PK, LANG_PK, MULT_DESC)
VALUES('9B89285561EB1546868F8FE24FD206EB', 2070, 'Arábico (Saudi Arabia)');
INSERT INTO TNHT_MULT(LITE_PK, LANG_PK, MULT_DESC)
VALUES('9B89285561EB1546868F8FE24FD206EB', 1036, 'Arabe (Saudi Arabia)');
INSERT INTO TNHT_MULT(LITE_PK, LANG_PK, MULT_DESC)
VALUES('9B89285561EB1546868F8FE24FD206EB', 1049, 'Арабский (Саудовская Аравия)');
INSERT INTO TNHT_LICL(LICL_PK, LITE_PK, LICL_PRIM, ISO_639Y1, ISO_639Y2)
VALUES(1025, '9B89285561EB1546868F8FE24FD206EB', '0', 'AR', 'ARA');
INSERT INTO TNHT_LITE(LITE_PK) VALUES('D451D7863CB4B042BD44B6848047D0D2');
INSERT INTO TNHT_MULT(LITE_PK, LANG_PK, MULT_DESC)
VALUES('D451D7863CB4B042BD44B6848047D0D2', 1033, 'Arabic (Iraq)');
INSERT INTO TNHT_MULT(LITE_PK, LANG_PK, MULT_DESC)
VALUES('D451D7863CB4B042BD44B6848047D0D2', 3082, 'Árábe (Iraq)');
INSERT INTO TNHT_MULT(LITE_PK, LANG_PK, MULT_DESC)
VALUES('D451D7863CB4B042BD44B6848047D0D2', 2070, 'Arábico (Iraq)');
INSERT INTO TNHT_MULT(LITE_PK, LANG_PK, MULT_DESC)
VALUES('D451D7863CB4B042BD44B6848047D0D2', 1036, 'Arabe (Iraq)');
INSERT INTO TNHT_MULT(LITE_PK, LANG_PK, MULT_DESC)
VALUES('D451D7863CB4B042BD44B6848047D0D2', 1049, 'Арабский (Ирак)');
INSERT INTO TNHT_LICL(LICL_PK, LITE_PK, LICL_PRIM, ISO_639Y1, ISO_639Y2)
VALUES(2049, 'D451D7863CB4B042BD44B6848047D0D2', '0', 'AR', 'ARA');
INSERT INTO TNHT_LITE(LITE_PK) VALUES('137556286AED364C99F8ED8EB6649172');
INSERT INTO TNHT_MULT(LITE_PK, LANG_PK, MULT_DESC)
VALUES('137556286AED364C99F8ED8EB6649172', 1033, 'Arabic (Egypt)');
INSERT INTO TNHT_MULT(LITE_PK, LANG_PK, MULT_DESC)
VALUES('137556286AED364C99F8ED8EB6649172', 3082, 'Árábe (Egypt)');
INSERT INTO TNHT_MULT(LITE_PK, LANG_PK, MULT_DESC)
VALUES('137556286AED364C99F8ED8EB6649172', 2070, 'Arábico (Egypt)');
INSERT INTO TNHT_MULT(LITE_PK, LANG_PK, MULT_DESC)
VALUES('137556286AED364C99F8ED8EB6649172', 1036, 'Arabe (Egypt)');
INSERT INTO TNHT_MULT(LITE_PK, LANG_PK, MULT_DESC)
VALUES('137556286AED364C99F8ED8EB6649172', 1049, 'Арабский (Египет)');
INSERT INTO TNHT_LICL(LICL_PK, LITE_PK, LICL_PRIM, ISO_639Y1, ISO_639Y2)
VALUES(3073, '137556286AED364C99F8ED8EB6649172', '0', 'AR', 'ARA');
INSERT INTO TNHT_LITE(LITE_PK) VALUES('77CC22E2BD57754DBC9718CE0C47B76C');
INSERT INTO TNHT_MULT(LITE_PK, LANG_PK, MULT_DESC)
VALUES('77CC22E2BD57754DBC9718CE0C47B76C', 1033, 'Arabic (Libya)');
INSERT INTO TNHT_MULT(LITE_PK, LANG_PK, MULT_DESC)
VALUES('77CC22E2BD57754DBC9718CE0C47B76C', 3082, 'Árábe (Libya)');
INSERT INTO TNHT_MULT(LITE_PK, LANG_PK, MULT_DESC)
VALUES('77CC22E2BD57754DBC9718CE0C47B76C', 2070, 'Arábico (Libya)');
INSERT INTO TNHT_MULT(LITE_PK, LANG_PK, MULT_DESC)
VALUES('77CC22E2BD57754DBC9718CE0C47B76C', 1036, 'Arabe (Libya)');
INSERT INTO TNHT_MULT(LITE_PK, LANG_PK, MULT_DESC)
VALUES('77CC22E2BD57754DBC9718CE0C47B76C', 1049, 'Арабский (Ливия)');
INSERT INTO TNHT_LICL(LICL_PK, LITE_PK, LICL_PRIM, ISO_639Y1, ISO_639Y2)
VALUES(4097, '77CC22E2BD57754DBC9718CE0C47B76C', '0', 'AR', 'ARA');
INSERT INTO TNHT_LITE(LITE_PK) VALUES('D37663CEEC14E84DAB04608F2595F364');
INSERT INTO TNHT_MULT(LITE_PK, LANG_PK, MULT_DESC)
VALUES('D37663CEEC14E84DAB04608F2595F364', 1033, 'Arabic (Algeria)');
INSERT INTO TNHT_MULT(LITE_PK, LANG_PK, MULT_DESC)
VALUES('D37663CEEC14E84DAB04608F2595F364', 3082, 'Árábe (Algeria)');
INSERT INTO TNHT_MULT(LITE_PK, LANG_PK, MULT_DESC)
VALUES('D37663CEEC14E84DAB04608F2595F364', 2070, 'Arábico (Algeria)');
INSERT INTO TNHT_MULT(LITE_PK, LANG_PK, MULT_DESC)
VALUES('D37663CEEC14E84DAB04608F2595F364', 1036, 'Arabe (Algeria)');
INSERT INTO TNHT_MULT(LITE_PK, LANG_PK, MULT_DESC)
VALUES('D37663CEEC14E84DAB04608F2595F364', 1049, 'Арабский (Алжир)');
INSERT INTO TNHT_LICL(LICL_PK, LITE_PK, LICL_PRIM, ISO_639Y1, ISO_639Y2)
VALUES(5121, 'D37663CEEC14E84DAB04608F2595F364', '0', 'AR', 'ARA');
INSERT INTO TNHT_LITE(LITE_PK) VALUES('64270721D10484459C4091C25CD3CD10');
INSERT INTO TNHT_MULT(LITE_PK, LANG_PK, MULT_DESC)
VALUES('64270721D10484459C4091C25CD3CD10', 1033, 'Arabic (Morocco)');
INSERT INTO TNHT_MULT(LITE_PK, LANG_PK, MULT_DESC)
VALUES('64270721D10484459C4091C25CD3CD10', 3082, 'Árábe (Morocco)');
INSERT INTO TNHT_MULT(LITE_PK, LANG_PK, MULT_DESC)
VALUES('64270721D10484459C4091C25CD3CD10', 2070, 'Arábico (Morocco)');
INSERT INTO TNHT_MULT(LITE_PK, LANG_PK, MULT_DESC)
VALUES('64270721D10484459C4091C25CD3CD10', 1036, 'Arabe (Morocco)');
INSERT INTO TNHT_MULT(LITE_PK, LANG_PK, MULT_DESC)
VALUES('64270721D10484459C4091C25CD3CD10', 1049, 'Арабский (Марокко)');
INSERT INTO TNHT_LICL(LICL_PK, LITE_PK, LICL_PRIM, ISO_639Y1, ISO_639Y2)
VALUES(6145, '64270721D10484459C4091C25CD3CD10', '0', 'AR', 'ARA');
INSERT INTO TNHT_LITE(LITE_PK) VALUES('5BFBC01E1383ED41844DF302B7B087FD');
INSERT INTO TNHT_MULT(LITE_PK, LANG_PK, MULT_DESC)
VALUES('5BFBC01E1383ED41844DF302B7B087FD', 1033, 'Arabic (Tunisia)');
INSERT INTO TNHT_MULT(LITE_PK, LANG_PK, MULT_DESC)
VALUES('5BFBC01E1383ED41844DF302B7B087FD', 3082, 'Árábe (Tunisia)');
INSERT INTO TNHT_MULT(LITE_PK, LANG_PK, MULT_DESC)
VALUES('5BFBC01E1383ED41844DF302B7B087FD', 2070, 'Arábico (Tunisia)');
INSERT INTO TNHT_MULT(LITE_PK, LANG_PK, MULT_DESC)
VALUES('5BFBC01E1383ED41844DF302B7B087FD', 1036, 'Arabe (Tunisia)');
INSERT INTO TNHT_MULT(LITE_PK, LANG_PK, MULT_DESC)
VALUES('5BFBC01E1383ED41844DF302B7B087FD', 1049, 'Арабский (Тунис)');
INSERT INTO TNHT_LICL(LICL_PK, LITE_PK, LICL_PRIM, ISO_639Y1, ISO_639Y2)
VALUES(7169, '5BFBC01E1383ED41844DF302B7B087FD', '0', 'AR', 'ARA');
INSERT INTO TNHT_LITE(LITE_PK) VALUES('14C3413A5C6C3C4AAAB43024702341C8');
INSERT INTO TNHT_MULT(LITE_PK, LANG_PK, MULT_DESC)
VALUES('14C3413A5C6C3C4AAAB43024702341C8', 1033, 'Arabic (Oman)');
INSERT INTO TNHT_MULT(LITE_PK, LANG_PK, MULT_DESC)
VALUES('14C3413A5C6C3C4AAAB43024702341C8', 3082, 'Árábe (Oman)');
INSERT INTO TNHT_MULT(LITE_PK, LANG_PK, MULT_DESC)
VALUES('14C3413A5C6C3C4AAAB43024702341C8', 2070, 'Arábico (Oman)');
INSERT INTO TNHT_MULT(LITE_PK, LANG_PK, MULT_DESC)
VALUES('14C3413A5C6C3C4AAAB43024702341C8', 1036, 'Arabe (Oman)');
INSERT INTO TNHT_MULT(LITE_PK, LANG_PK, MULT_DESC)
VALUES('14C3413A5C6C3C4AAAB43024702341C8', 1049, 'Арабский (Оман)');
INSERT INTO TNHT_LICL(LICL_PK, LITE_PK, LICL_PRIM, ISO_639Y1, ISO_639Y2)
VALUES(8193, '14C3413A5C6C3C4AAAB43024702341C8', '0', 'AR', 'ARA');
INSERT INTO TNHT_LITE(LITE_PK) VALUES('1A3FEA6CA378E140A5DACC2B9924EDB7');
INSERT INTO TNHT_MULT(LITE_PK, LANG_PK, MULT_DESC)
VALUES('1A3FEA6CA378E140A5DACC2B9924EDB7', 1033, 'Arabic (Yemen)');
INSERT INTO TNHT_MULT(LITE_PK, LANG_PK, MULT_DESC)
VALUES('1A3FEA6CA378E140A5DACC2B9924EDB7', 3082, 'Árábe (Yemen)');
INSERT INTO TNHT_MULT(LITE_PK, LANG_PK, MULT_DESC)
VALUES('1A3FEA6CA378E140A5DACC2B9924EDB7', 2070, 'Arábico (Yemen)');
INSERT INTO TNHT_MULT(LITE_PK, LANG_PK, MULT_DESC)
VALUES('1A3FEA6CA378E140A5DACC2B9924EDB7', 1036, 'Arabe (Yemen)');
INSERT INTO TNHT_MULT(LITE_PK, LANG_PK, MULT_DESC)
VALUES('1A3FEA6CA378E140A5DACC2B9924EDB7', 1049, 'Арабский (Йемен)');
INSERT INTO TNHT_LICL(LICL_PK, LITE_PK, LICL_PRIM, ISO_639Y1, ISO_639Y2)
VALUES(9217, '1A3FEA6CA378E140A5DACC2B9924EDB7', '0', 'AR', 'ARA');
INSERT INTO TNHT_LITE(LITE_PK) VALUES('C15D8177D494B04FAC8572C0A22554F5');
INSERT INTO TNHT_MULT(LITE_PK, LANG_PK, MULT_DESC)
VALUES('C15D8177D494B04FAC8572C0A22554F5', 1033, 'Arabic (Syria)');
INSERT INTO TNHT_MULT(LITE_PK, LANG_PK, MULT_DESC)
VALUES('C15D8177D494B04FAC8572C0A22554F5', 3082, 'Árábe (Syria)');
INSERT INTO TNHT_MULT(LITE_PK, LANG_PK, MULT_DESC)
VALUES('C15D8177D494B04FAC8572C0A22554F5', 2070, 'Arábico (Syria)');
INSERT INTO TNHT_MULT(LITE_PK, LANG_PK, MULT_DESC)
VALUES('C15D8177D494B04FAC8572C0A22554F5', 1036, 'Arabe (Syria)');
INSERT INTO TNHT_MULT(LITE_PK, LANG_PK, MULT_DESC)
VALUES('C15D8177D494B04FAC8572C0A22554F5', 1049, 'Арабский (Сирия)');
INSERT INTO TNHT_LICL(LICL_PK, LITE_PK, LICL_PRIM, ISO_639Y1, ISO_639Y2)
VALUES(10241, 'C15D8177D494B04FAC8572C0A22554F5', '0', 'AR', 'ARA');
INSERT INTO TNHT_LITE(LITE_PK) VALUES('0FD22738CE41514EA95355E680476622');
INSERT INTO TNHT_MULT(LITE_PK, LANG_PK, MULT_DESC)
VALUES('0FD22738CE41514EA95355E680476622', 1033, 'Arabic (Jordan)');
INSERT INTO TNHT_MULT(LITE_PK, LANG_PK, MULT_DESC)
VALUES('0FD22738CE41514EA95355E680476622', 3082, 'Árábe (Jordan)');
INSERT INTO TNHT_MULT(LITE_PK, LANG_PK, MULT_DESC)
VALUES('0FD22738CE41514EA95355E680476622', 2070, 'Arábico (Jordan)');
INSERT INTO TNHT_MULT(LITE_PK, LANG_PK, MULT_DESC)
VALUES('0FD22738CE41514EA95355E680476622', 1036, 'Arabe (Jordan)');
INSERT INTO TNHT_MULT(LITE_PK, LANG_PK, MULT_DESC)
VALUES('0FD22738CE41514EA95355E680476622', 1049, 'Арабский (Йордания)');
INSERT INTO TNHT_LICL(LICL_PK, LITE_PK, LICL_PRIM, ISO_639Y1, ISO_639Y2)
VALUES(11265, '0FD22738CE41514EA95355E680476622', '0', 'AR', 'ARA');
INSERT INTO TNHT_LITE(LITE_PK) VALUES('9934A521789AFC458996E4932574758B');
INSERT INTO TNHT_MULT(LITE_PK, LANG_PK, MULT_DESC)
VALUES('9934A521789AFC458996E4932574758B', 1033, 'Arabic (Lebanon)');
INSERT INTO TNHT_MULT(LITE_PK, LANG_PK, MULT_DESC)
VALUES('9934A521789AFC458996E4932574758B', 3082, 'Árábe (Lebanon)');
INSERT INTO TNHT_MULT(LITE_PK, LANG_PK, MULT_DESC)
VALUES('9934A521789AFC458996E4932574758B', 2070, 'Arábico (Lebanon)');
INSERT INTO TNHT_MULT(LITE_PK, LANG_PK, MULT_DESC)
VALUES('9934A521789AFC458996E4932574758B', 1036, 'Arabe (Lebanon)');
INSERT INTO TNHT_MULT(LITE_PK, LANG_PK, MULT_DESC)
VALUES('9934A521789AFC458996E4932574758B', 1049, 'Арабский (Ливан)');
INSERT INTO TNHT_LICL(LICL_PK, LITE_PK, LICL_PRIM, ISO_639Y1, ISO_639Y2)
VALUES(12289, '9934A521789AFC458996E4932574758B', '0', 'AR', 'ARA');
INSERT INTO TNHT_LITE(LITE_PK) VALUES('7C61A6DB6137474FB267A71160745CA9');
INSERT INTO TNHT_MULT(LITE_PK, LANG_PK, MULT_DESC)
VALUES('7C61A6DB6137474FB267A71160745CA9', 1033, 'Arabic (Kuwait)');
INSERT INTO TNHT_MULT(LITE_PK, LANG_PK, MULT_DESC)
VALUES('7C61A6DB6137474FB267A71160745CA9', 3082, 'Árábe (Kuwait)');
INSERT INTO TNHT_MULT(LITE_PK, LANG_PK, MULT_DESC)
VALUES('7C61A6DB6137474FB267A71160745CA9', 2070, 'Arábico (Kuwait)');
INSERT INTO TNHT_MULT(LITE_PK, LANG_PK, MULT_DESC)
VALUES('7C61A6DB6137474FB267A71160745CA9', 1036, 'Arabe (Kuwait)');
INSERT INTO TNHT_MULT(LITE_PK, LANG_PK, MULT_DESC)
VALUES('7C61A6DB6137474FB267A71160745CA9', 1049, 'Арабский (Кувейт)');
INSERT INTO TNHT_LICL(LICL_PK, LITE_PK, LICL_PRIM, ISO_639Y1, ISO_639Y2)
VALUES(13313, '7C61A6DB6137474FB267A71160745CA9', '0', 'AR', 'ARA');
INSERT INTO TNHT_LITE(LITE_PK) VALUES('92F7D80E3E27BC45AEDB0186D08FEC96');
INSERT INTO TNHT_MULT(LITE_PK, LANG_PK, MULT_DESC)
VALUES('92F7D80E3E27BC45AEDB0186D08FEC96', 1033, 'Arabic (U.A.E.)');
INSERT INTO TNHT_MULT(LITE_PK, LANG_PK, MULT_DESC)
VALUES('92F7D80E3E27BC45AEDB0186D08FEC96', 3082, 'Árábe (U.A.E.)');
INSERT INTO TNHT_MULT(LITE_PK, LANG_PK, MULT_DESC)
VALUES('92F7D80E3E27BC45AEDB0186D08FEC96', 2070, 'Arábico (U.A.E.)');
INSERT INTO TNHT_MULT(LITE_PK, LANG_PK, MULT_DESC)
VALUES('92F7D80E3E27BC45AEDB0186D08FEC96', 1036, 'Arabe (U.A.E.)');
INSERT INTO TNHT_MULT(LITE_PK, LANG_PK, MULT_DESC)
VALUES('92F7D80E3E27BC45AEDB0186D08FEC96', 1049, 'Арабский (ОАЭ)');
INSERT INTO TNHT_LICL(LICL_PK, LITE_PK, LICL_PRIM, ISO_639Y1, ISO_639Y2)
VALUES(14337, '92F7D80E3E27BC45AEDB0186D08FEC96', '0', 'AR', 'ARA');
INSERT INTO TNHT_LITE(LITE_PK) VALUES('892CB78E121AFA44A41EE27128B62762');
INSERT INTO TNHT_MULT(LITE_PK, LANG_PK, MULT_DESC)
VALUES('892CB78E121AFA44A41EE27128B62762', 1033, 'Arabic (Bahrain)');
INSERT INTO TNHT_MULT(LITE_PK, LANG_PK, MULT_DESC)
VALUES('892CB78E121AFA44A41EE27128B62762', 3082, 'Árábe (Bahrain)');
INSERT INTO TNHT_MULT(LITE_PK, LANG_PK, MULT_DESC)
VALUES('892CB78E121AFA44A41EE27128B62762', 2070, 'Arábico (Bahrain)');
INSERT INTO TNHT_MULT(LITE_PK, LANG_PK, MULT_DESC)
VALUES('892CB78E121AFA44A41EE27128B62762', 1036, 'Arabe (Bahrain)');
INSERT INTO TNHT_MULT(LITE_PK, LANG_PK, MULT_DESC)
VALUES('892CB78E121AFA44A41EE27128B62762', 1049, 'Арабский (Бахрейн)');
INSERT INTO TNHT_LICL(LICL_PK, LITE_PK, LICL_PRIM, ISO_639Y1, ISO_639Y2)
VALUES(15361, '892CB78E121AFA44A41EE27128B62762', '0', 'AR', 'ARA');
INSERT INTO TNHT_LITE(LITE_PK) VALUES('422DF723FA5F61439D136581004AA459');
INSERT INTO TNHT_MULT(LITE_PK, LANG_PK, MULT_DESC)
VALUES('422DF723FA5F61439D136581004AA459', 1033, 'Arabic (Qatar)');
INSERT INTO TNHT_MULT(LITE_PK, LANG_PK, MULT_DESC)
VALUES('422DF723FA5F61439D136581004AA459', 3082, 'Árábe (Qatar)');
INSERT INTO TNHT_MULT(LITE_PK, LANG_PK, MULT_DESC)
VALUES('422DF723FA5F61439D136581004AA459', 2070, 'Arábico (Qatar)');
INSERT INTO TNHT_MULT(LITE_PK, LANG_PK, MULT_DESC)
VALUES('422DF723FA5F61439D136581004AA459', 1036, 'Arabe (Qatar)');
INSERT INTO TNHT_MULT(LITE_PK, LANG_PK, MULT_DESC)
VALUES('422DF723FA5F61439D136581004AA459', 1049, 'Арабский (Катар)');
INSERT INTO TNHT_LICL(LICL_PK, LITE_PK, LICL_PRIM, ISO_639Y1, ISO_639Y2)
VALUES(16385, '422DF723FA5F61439D136581004AA459', '0', 'AR', 'ARA');
INSERT INTO TNHT_LITE(LITE_PK) VALUES('14997C05AF981542BC21A79F9DF5EBAB');
INSERT INTO TNHT_MULT(LITE_PK, LANG_PK, MULT_DESC)
VALUES('14997C05AF981542BC21A79F9DF5EBAB', 1033, 'Bulgarian');
INSERT INTO TNHT_MULT(LITE_PK, LANG_PK, MULT_DESC)
VALUES('14997C05AF981542BC21A79F9DF5EBAB', 3082, 'Búlgaro');
INSERT INTO TNHT_MULT(LITE_PK, LANG_PK, MULT_DESC)
VALUES('14997C05AF981542BC21A79F9DF5EBAB', 2070, 'Búlgaro');
INSERT INTO TNHT_MULT(LITE_PK, LANG_PK, MULT_DESC)
VALUES('14997C05AF981542BC21A79F9DF5EBAB', 1036, 'Bulgare');
INSERT INTO TNHT_MULT(LITE_PK, LANG_PK, MULT_DESC)
VALUES('14997C05AF981542BC21A79F9DF5EBAB', 1049, 'Болгарский');
INSERT INTO TNHT_LICL(LICL_PK, LITE_PK, LICL_PRIM, ISO_639Y1, ISO_639Y2)
VALUES(2, '14997C05AF981542BC21A79F9DF5EBAB', '1', 'BG', 'BUL');
INSERT INTO TNHT_LITE(LITE_PK) VALUES('BFA2318D8B707048AEC1B83354809FDA');
INSERT INTO TNHT_MULT(LITE_PK, LANG_PK, MULT_DESC)
VALUES('BFA2318D8B707048AEC1B83354809FDA', 1033, 'Bulgarian (Bulgaria)');
INSERT INTO TNHT_MULT(LITE_PK, LANG_PK, MULT_DESC)
VALUES('BFA2318D8B707048AEC1B83354809FDA', 3082, 'Búlgaro (Bulgaria)');
INSERT INTO TNHT_MULT(LITE_PK, LANG_PK, MULT_DESC)
VALUES('BFA2318D8B707048AEC1B83354809FDA', 2070, 'Búlgaro (Bulgaria)');
INSERT INTO TNHT_MULT(LITE_PK, LANG_PK, MULT_DESC)
VALUES('BFA2318D8B707048AEC1B83354809FDA', 1036, 'Bulgare (Bulgaria)');
INSERT INTO TNHT_MULT(LITE_PK, LANG_PK, MULT_DESC)
VALUES('BFA2318D8B707048AEC1B83354809FDA', 1049, 'Болгарский (Болгария)');
INSERT INTO TNHT_LICL(LICL_PK, LITE_PK, LICL_PRIM, ISO_639Y1, ISO_639Y2)
VALUES(1026, 'BFA2318D8B707048AEC1B83354809FDA', '0', 'BG', 'BUL');
INSERT INTO TNHT_LITE(LITE_PK) VALUES('9DAA3C38E9A8094FB790B84BE0D8176D');
INSERT INTO TNHT_MULT(LITE_PK, LANG_PK, MULT_DESC)
VALUES('9DAA3C38E9A8094FB790B84BE0D8176D', 1033, 'Catalan');
INSERT INTO TNHT_MULT(LITE_PK, LANG_PK, MULT_DESC)
VALUES('9DAA3C38E9A8094FB790B84BE0D8176D', 3082, 'Catalán');
INSERT INTO TNHT_MULT(LITE_PK, LANG_PK, MULT_DESC)
VALUES('9DAA3C38E9A8094FB790B84BE0D8176D', 2070, 'Catalão');
INSERT INTO TNHT_MULT(LITE_PK, LANG_PK, MULT_DESC)
VALUES('9DAA3C38E9A8094FB790B84BE0D8176D', 1036, 'Catalan');
INSERT INTO TNHT_MULT(LITE_PK, LANG_PK, MULT_DESC)
VALUES('9DAA3C38E9A8094FB790B84BE0D8176D', 1049, 'Каталонский');
INSERT INTO TNHT_LICL(LICL_PK, LITE_PK, LICL_PRIM, ISO_639Y1, ISO_639Y2)
VALUES(3, '9DAA3C38E9A8094FB790B84BE0D8176D', '1', 'CA', 'CAT');
INSERT INTO TNHT_LITE(LITE_PK) VALUES('B75F5BB4E4A1F449A0831AB7730958B5');
INSERT INTO TNHT_MULT(LITE_PK, LANG_PK, MULT_DESC)
VALUES('B75F5BB4E4A1F449A0831AB7730958B5', 1033, 'Catalan (Catalan)');
INSERT INTO TNHT_MULT(LITE_PK, LANG_PK, MULT_DESC)
VALUES('B75F5BB4E4A1F449A0831AB7730958B5', 3082, 'Catalán (Catalan)');
INSERT INTO TNHT_MULT(LITE_PK, LANG_PK, MULT_DESC)
VALUES('B75F5BB4E4A1F449A0831AB7730958B5', 2070, 'Catalão (Catalan)');
INSERT INTO TNHT_MULT(LITE_PK, LANG_PK, MULT_DESC)
VALUES('B75F5BB4E4A1F449A0831AB7730958B5', 1036, 'Catalan (Catalan)');
INSERT INTO TNHT_MULT(LITE_PK, LANG_PK, MULT_DESC)
VALUES('B75F5BB4E4A1F449A0831AB7730958B5', 1049, 'Каталонский (Каталония)');
INSERT INTO TNHT_LICL(LICL_PK, LITE_PK, LICL_PRIM, ISO_639Y1, ISO_639Y2)
VALUES(1027, 'B75F5BB4E4A1F449A0831AB7730958B5', '0', 'CA', 'CAT');
INSERT INTO TNHT_LITE(LITE_PK) VALUES('BF66F06A13B46C4C8A131290D9C6CCA6');
INSERT INTO TNHT_MULT(LITE_PK, LANG_PK, MULT_DESC)
VALUES('BF66F06A13B46C4C8A131290D9C6CCA6', 1033, 'Chinese');
INSERT INTO TNHT_MULT(LITE_PK, LANG_PK, MULT_DESC)
VALUES('BF66F06A13B46C4C8A131290D9C6CCA6', 3082, 'Chino');
INSERT INTO TNHT_MULT(LITE_PK, LANG_PK, MULT_DESC)
VALUES('BF66F06A13B46C4C8A131290D9C6CCA6', 2070, 'Chinês');
INSERT INTO TNHT_MULT(LITE_PK, LANG_PK, MULT_DESC)
VALUES('BF66F06A13B46C4C8A131290D9C6CCA6', 1036, 'Chinois');
INSERT INTO TNHT_MULT(LITE_PK, LANG_PK, MULT_DESC)
VALUES('BF66F06A13B46C4C8A131290D9C6CCA6', 1049, 'Китайский');
INSERT INTO TNHT_LICL(LICL_PK, LITE_PK, LICL_PRIM, ISO_639Y1, ISO_639Y2)
VALUES(4, 'BF66F06A13B46C4C8A131290D9C6CCA6', '1', 'ZH', 'ZHO');
INSERT INTO TNHT_LITE(LITE_PK) VALUES('1759D18CCB935943A2D54128777F9FA8');
INSERT INTO TNHT_MULT(LITE_PK, LANG_PK, MULT_DESC)
VALUES('1759D18CCB935943A2D54128777F9FA8', 1033, 'Chinese (Simplified)');
INSERT INTO TNHT_MULT(LITE_PK, LANG_PK, MULT_DESC)
VALUES('1759D18CCB935943A2D54128777F9FA8', 3082, 'Chino (Simplified)');
INSERT INTO TNHT_MULT(LITE_PK, LANG_PK, MULT_DESC)
VALUES('1759D18CCB935943A2D54128777F9FA8', 2070, 'Chinês (Simplified)');
INSERT INTO TNHT_MULT(LITE_PK, LANG_PK, MULT_DESC)
VALUES('1759D18CCB935943A2D54128777F9FA8', 1036, 'Chinois (Simplified)');
INSERT INTO TNHT_MULT(LITE_PK, LANG_PK, MULT_DESC)
VALUES('1759D18CCB935943A2D54128777F9FA8', 1049, 'Китайский (Упрощенный)');
INSERT INTO TNHT_LICL(LICL_PK, LITE_PK, LICL_PRIM, ISO_639Y1, ISO_639Y2)
VALUES(30724, '1759D18CCB935943A2D54128777F9FA8', '0', 'ZH', 'ZHO');
INSERT INTO TNHT_LITE(LITE_PK) VALUES('3F3BB505FCB2654E955037EABECDFAE1');
INSERT INTO TNHT_MULT(LITE_PK, LANG_PK, MULT_DESC)
VALUES('3F3BB505FCB2654E955037EABECDFAE1', 1033, 'Chinese (Traditional)');
INSERT INTO TNHT_MULT(LITE_PK, LANG_PK, MULT_DESC)
VALUES('3F3BB505FCB2654E955037EABECDFAE1', 3082, 'Chino (Traditional)');
INSERT INTO TNHT_MULT(LITE_PK, LANG_PK, MULT_DESC)
VALUES('3F3BB505FCB2654E955037EABECDFAE1', 2070, 'Chinês (Traditional)');
INSERT INTO TNHT_MULT(LITE_PK, LANG_PK, MULT_DESC)
VALUES('3F3BB505FCB2654E955037EABECDFAE1', 1036, 'Chinois (Traditional)');
INSERT INTO TNHT_MULT(LITE_PK, LANG_PK, MULT_DESC)
VALUES('3F3BB505FCB2654E955037EABECDFAE1', 1049, 'Китайский (Традиционный)');
INSERT INTO TNHT_LICL(LICL_PK, LITE_PK, LICL_PRIM, ISO_639Y1, ISO_639Y2)
VALUES(31748, '3F3BB505FCB2654E955037EABECDFAE1', '0', 'ZH', 'ZHO');
INSERT INTO TNHT_LITE(LITE_PK) VALUES('ED6B5EE15AD02F43A442ED7D6830BC58');
INSERT INTO TNHT_MULT(LITE_PK, LANG_PK, MULT_DESC)
VALUES('ED6B5EE15AD02F43A442ED7D6830BC58', 1033, 'Chinese (Traditional, Taiwan)');
INSERT INTO TNHT_MULT(LITE_PK, LANG_PK, MULT_DESC)
VALUES('ED6B5EE15AD02F43A442ED7D6830BC58', 3082, 'Chino (Traditional, Taiwan)');
INSERT INTO TNHT_MULT(LITE_PK, LANG_PK, MULT_DESC)
VALUES('ED6B5EE15AD02F43A442ED7D6830BC58', 2070, 'Chinês (Traditional, Taiwan)');
INSERT INTO TNHT_MULT(LITE_PK, LANG_PK, MULT_DESC)
VALUES('ED6B5EE15AD02F43A442ED7D6830BC58', 1036, 'Chinois (Traditional, Taiwan)');
INSERT INTO TNHT_MULT(LITE_PK, LANG_PK, MULT_DESC)
VALUES('ED6B5EE15AD02F43A442ED7D6830BC58', 1049, 'Китайский (Традиционный, Тайвань)');
INSERT INTO TNHT_LICL(LICL_PK, LITE_PK, LICL_PRIM, ISO_639Y1, ISO_639Y2)
VALUES(1028, 'ED6B5EE15AD02F43A442ED7D6830BC58', '0', 'ZH', 'ZHO');
INSERT INTO TNHT_LITE(LITE_PK) VALUES('0BA3502A2B08D243A525692469C5AD35');
INSERT INTO TNHT_MULT(LITE_PK, LANG_PK, MULT_DESC)
VALUES('0BA3502A2B08D243A525692469C5AD35', 1033, 'Chinese (Simplified, PRC)');
INSERT INTO TNHT_MULT(LITE_PK, LANG_PK, MULT_DESC)
VALUES('0BA3502A2B08D243A525692469C5AD35', 3082, 'Chino (Simplified, PRC)');
INSERT INTO TNHT_MULT(LITE_PK, LANG_PK, MULT_DESC)
VALUES('0BA3502A2B08D243A525692469C5AD35', 2070, 'Chinês (Simplified, PRC)');
INSERT INTO TNHT_MULT(LITE_PK, LANG_PK, MULT_DESC)
VALUES('0BA3502A2B08D243A525692469C5AD35', 1036, 'Chinois (Simplified, PRC)');
INSERT INTO TNHT_MULT(LITE_PK, LANG_PK, MULT_DESC)
VALUES('0BA3502A2B08D243A525692469C5AD35', 1049, 'Китайский (Упрощенный, Китай)');
INSERT INTO TNHT_LICL(LICL_PK, LITE_PK, LICL_PRIM, ISO_639Y1, ISO_639Y2)
VALUES(2052, '0BA3502A2B08D243A525692469C5AD35', '0', 'ZH', 'ZHO');
INSERT INTO TNHT_LITE(LITE_PK) VALUES('C2192FDE5DF9A947A415CFF0B6206441');
INSERT INTO TNHT_MULT(LITE_PK, LANG_PK, MULT_DESC)
VALUES('C2192FDE5DF9A947A415CFF0B6206441', 1033, 'Chinese (Traditional, Hong Kong S.A.R.)');
INSERT INTO TNHT_MULT(LITE_PK, LANG_PK, MULT_DESC)
VALUES('C2192FDE5DF9A947A415CFF0B6206441', 3082, 'Chino (Traditional, Hong Kong S.A.R.)');
INSERT INTO TNHT_MULT(LITE_PK, LANG_PK, MULT_DESC)
VALUES('C2192FDE5DF9A947A415CFF0B6206441', 2070, 'Chinês (Traditional, Hong Kong S.A.R.)');
INSERT INTO TNHT_MULT(LITE_PK, LANG_PK, MULT_DESC)
VALUES('C2192FDE5DF9A947A415CFF0B6206441', 1036, 'Chinois (Traditional, Hong Kong S.A.R.)');
INSERT INTO TNHT_MULT(LITE_PK, LANG_PK, MULT_DESC)
VALUES('C2192FDE5DF9A947A415CFF0B6206441', 1049, 'Китайский (Традиционный, Гонконг)');
INSERT INTO TNHT_LICL(LICL_PK, LITE_PK, LICL_PRIM, ISO_639Y1, ISO_639Y2)
VALUES(3076, 'C2192FDE5DF9A947A415CFF0B6206441', '0', 'ZH', 'ZHO');
INSERT INTO TNHT_LITE(LITE_PK) VALUES('692889B88FB61B44B7F1046B7D0A04DC');
INSERT INTO TNHT_MULT(LITE_PK, LANG_PK, MULT_DESC)
VALUES('692889B88FB61B44B7F1046B7D0A04DC', 1033, 'Chinese (Simplified, Singapore)');
INSERT INTO TNHT_MULT(LITE_PK, LANG_PK, MULT_DESC)
VALUES('692889B88FB61B44B7F1046B7D0A04DC', 3082, 'Chino (Simplified, Singapore)');
INSERT INTO TNHT_MULT(LITE_PK, LANG_PK, MULT_DESC)
VALUES('692889B88FB61B44B7F1046B7D0A04DC', 2070, 'Chinês (Simplified, Singapore)');
INSERT INTO TNHT_MULT(LITE_PK, LANG_PK, MULT_DESC)
VALUES('692889B88FB61B44B7F1046B7D0A04DC', 1036, 'Chinois (Simplified, Singapore)');
INSERT INTO TNHT_MULT(LITE_PK, LANG_PK, MULT_DESC)
VALUES('692889B88FB61B44B7F1046B7D0A04DC', 1049, 'Китайский (Упрощенный, Сингапур)');
INSERT INTO TNHT_LICL(LICL_PK, LITE_PK, LICL_PRIM, ISO_639Y1, ISO_639Y2)
VALUES(4100, '692889B88FB61B44B7F1046B7D0A04DC', '0', 'ZH', 'ZHO');
INSERT INTO TNHT_LITE(LITE_PK) VALUES('D34002BCFE7C114787F56DC7D886F234');
INSERT INTO TNHT_MULT(LITE_PK, LANG_PK, MULT_DESC)
VALUES('D34002BCFE7C114787F56DC7D886F234', 1033, 'Chinese (Traditional, Macao S.A.R.)');
INSERT INTO TNHT_MULT(LITE_PK, LANG_PK, MULT_DESC)
VALUES('D34002BCFE7C114787F56DC7D886F234', 3082, 'Chino (Traditional, Macao S.A.R.)');
INSERT INTO TNHT_MULT(LITE_PK, LANG_PK, MULT_DESC)
VALUES('D34002BCFE7C114787F56DC7D886F234', 2070, 'Chinês (Traditional, Macao S.A.R.)');
INSERT INTO TNHT_MULT(LITE_PK, LANG_PK, MULT_DESC)
VALUES('D34002BCFE7C114787F56DC7D886F234', 1036, 'Chinois (Traditional, Macao S.A.R.)');
INSERT INTO TNHT_MULT(LITE_PK, LANG_PK, MULT_DESC)
VALUES('D34002BCFE7C114787F56DC7D886F234', 1049, 'Китайский (Традиционный, Макао)');
INSERT INTO TNHT_LICL(LICL_PK, LITE_PK, LICL_PRIM, ISO_639Y1, ISO_639Y2)
VALUES(5124, 'D34002BCFE7C114787F56DC7D886F234', '0', 'ZH', 'ZHO');
INSERT INTO TNHT_LITE(LITE_PK) VALUES('957323961BEAD84CABDF7B2F381FC01E');
INSERT INTO TNHT_MULT(LITE_PK, LANG_PK, MULT_DESC)
VALUES('957323961BEAD84CABDF7B2F381FC01E', 1033, 'Czech');
INSERT INTO TNHT_MULT(LITE_PK, LANG_PK, MULT_DESC)
VALUES('957323961BEAD84CABDF7B2F381FC01E', 3082, 'Checo');
INSERT INTO TNHT_MULT(LITE_PK, LANG_PK, MULT_DESC)
VALUES('957323961BEAD84CABDF7B2F381FC01E', 2070, 'Checo');
INSERT INTO TNHT_MULT(LITE_PK, LANG_PK, MULT_DESC)
VALUES('957323961BEAD84CABDF7B2F381FC01E', 1036, 'Tchèque');
INSERT INTO TNHT_MULT(LITE_PK, LANG_PK, MULT_DESC)
VALUES('957323961BEAD84CABDF7B2F381FC01E', 1049, 'Чешский');
INSERT INTO TNHT_LICL(LICL_PK, LITE_PK, LICL_PRIM, ISO_639Y1, ISO_639Y2)
VALUES(5, '957323961BEAD84CABDF7B2F381FC01E', '1', 'CS', 'CES');
INSERT INTO TNHT_LITE(LITE_PK) VALUES('3C0A7FD4C41C75489F4E25515CA86658');
INSERT INTO TNHT_MULT(LITE_PK, LANG_PK, MULT_DESC)
VALUES('3C0A7FD4C41C75489F4E25515CA86658', 1033, 'Czech (Czech Republic)');
INSERT INTO TNHT_MULT(LITE_PK, LANG_PK, MULT_DESC)
VALUES('3C0A7FD4C41C75489F4E25515CA86658', 3082, 'Checo (Czech Republic)');
INSERT INTO TNHT_MULT(LITE_PK, LANG_PK, MULT_DESC)
VALUES('3C0A7FD4C41C75489F4E25515CA86658', 2070, 'Checo (Czech Republic)');
INSERT INTO TNHT_MULT(LITE_PK, LANG_PK, MULT_DESC)
VALUES('3C0A7FD4C41C75489F4E25515CA86658', 1036, 'Tchèque (Czech Republic)');
INSERT INTO TNHT_MULT(LITE_PK, LANG_PK, MULT_DESC)
VALUES('3C0A7FD4C41C75489F4E25515CA86658', 1049, 'Чешский (Чешская республика)');
INSERT INTO TNHT_LICL(LICL_PK, LITE_PK, LICL_PRIM, ISO_639Y1, ISO_639Y2)
VALUES(1029, '3C0A7FD4C41C75489F4E25515CA86658', '0', 'CS', 'CES');
INSERT INTO TNHT_LITE(LITE_PK) VALUES('E8BABCE3F000F841B4E407B5F819C558');
INSERT INTO TNHT_MULT(LITE_PK, LANG_PK, MULT_DESC)
VALUES('E8BABCE3F000F841B4E407B5F819C558', 1033, 'Danish');
INSERT INTO TNHT_MULT(LITE_PK, LANG_PK, MULT_DESC)
VALUES('E8BABCE3F000F841B4E407B5F819C558', 3082, 'Danés');
INSERT INTO TNHT_MULT(LITE_PK, LANG_PK, MULT_DESC)
VALUES('E8BABCE3F000F841B4E407B5F819C558', 2070, 'Dinamarquês');
INSERT INTO TNHT_MULT(LITE_PK, LANG_PK, MULT_DESC)
VALUES('E8BABCE3F000F841B4E407B5F819C558', 1036, 'Danois');
INSERT INTO TNHT_MULT(LITE_PK, LANG_PK, MULT_DESC)
VALUES('E8BABCE3F000F841B4E407B5F819C558', 1049, 'Датский');
INSERT INTO TNHT_LICL(LICL_PK, LITE_PK, LICL_PRIM, ISO_639Y1, ISO_639Y2)
VALUES(6, 'E8BABCE3F000F841B4E407B5F819C558', '1', 'DA', 'DAN');
INSERT INTO TNHT_LITE(LITE_PK) VALUES('B81B787335F24B4FACD6CE6B15536449');
INSERT INTO TNHT_MULT(LITE_PK, LANG_PK, MULT_DESC)
VALUES('B81B787335F24B4FACD6CE6B15536449', 1033, 'Danish (Denmark)');
INSERT INTO TNHT_MULT(LITE_PK, LANG_PK, MULT_DESC)
VALUES('B81B787335F24B4FACD6CE6B15536449', 3082, 'Danés (Denmark)');
INSERT INTO TNHT_MULT(LITE_PK, LANG_PK, MULT_DESC)
VALUES('B81B787335F24B4FACD6CE6B15536449', 2070, 'Dinamarquês (Denmark)');
INSERT INTO TNHT_MULT(LITE_PK, LANG_PK, MULT_DESC)
VALUES('B81B787335F24B4FACD6CE6B15536449', 1036, 'Danois (Denmark)');
INSERT INTO TNHT_MULT(LITE_PK, LANG_PK, MULT_DESC)
VALUES('B81B787335F24B4FACD6CE6B15536449', 1049, 'Датский (Дания)');
INSERT INTO TNHT_LICL(LICL_PK, LITE_PK, LICL_PRIM, ISO_639Y1, ISO_639Y2)
VALUES(1030, 'B81B787335F24B4FACD6CE6B15536449', '0', 'DA', 'DAN');
INSERT INTO TNHT_LITE(LITE_PK) VALUES('1BB70FDB045B3347A84F28D8FFCC222E');
INSERT INTO TNHT_MULT(LITE_PK, LANG_PK, MULT_DESC)
VALUES('1BB70FDB045B3347A84F28D8FFCC222E', 1033, 'German');
INSERT INTO TNHT_MULT(LITE_PK, LANG_PK, MULT_DESC)
VALUES('1BB70FDB045B3347A84F28D8FFCC222E', 3082, 'Alemán');
INSERT INTO TNHT_MULT(LITE_PK, LANG_PK, MULT_DESC)
VALUES('1BB70FDB045B3347A84F28D8FFCC222E', 2070, 'Alemão');
INSERT INTO TNHT_MULT(LITE_PK, LANG_PK, MULT_DESC)
VALUES('1BB70FDB045B3347A84F28D8FFCC222E', 1036, 'Allemand');
INSERT INTO TNHT_MULT(LITE_PK, LANG_PK, MULT_DESC)
VALUES('1BB70FDB045B3347A84F28D8FFCC222E', 1049, 'Немецкий');
INSERT INTO TNHT_LICL(LICL_PK, LITE_PK, LICL_PRIM, ISO_639Y1, ISO_639Y2)
VALUES(7, '1BB70FDB045B3347A84F28D8FFCC222E', '1', 'DE', 'DEU');
INSERT INTO TNHT_LITE(LITE_PK) VALUES('10F663C633BB284CBDBD22F0D5D38B55');
INSERT INTO TNHT_MULT(LITE_PK, LANG_PK, MULT_DESC)
VALUES('10F663C633BB284CBDBD22F0D5D38B55', 1033, 'German (Germany)');
INSERT INTO TNHT_MULT(LITE_PK, LANG_PK, MULT_DESC)
VALUES('10F663C633BB284CBDBD22F0D5D38B55', 3082, 'Alemán (Germany)');
INSERT INTO TNHT_MULT(LITE_PK, LANG_PK, MULT_DESC)
VALUES('10F663C633BB284CBDBD22F0D5D38B55', 2070, 'Alemão (Germany)');
INSERT INTO TNHT_MULT(LITE_PK, LANG_PK, MULT_DESC)
VALUES('10F663C633BB284CBDBD22F0D5D38B55', 1036, 'Allemand (Germany)');
INSERT INTO TNHT_MULT(LITE_PK, LANG_PK, MULT_DESC)
VALUES('10F663C633BB284CBDBD22F0D5D38B55', 1049, 'Немецкий (Германия)');
INSERT INTO TNHT_LICL(LICL_PK, LITE_PK, LICL_PRIM, ISO_639Y1, ISO_639Y2)
VALUES(1031, '10F663C633BB284CBDBD22F0D5D38B55', '0', 'DE', 'DEU');
INSERT INTO TNHT_LITE(LITE_PK) VALUES('D59ED1B227C3CB448A4DDCDC3C10DB91');
INSERT INTO TNHT_MULT(LITE_PK, LANG_PK, MULT_DESC)
VALUES('D59ED1B227C3CB448A4DDCDC3C10DB91', 1033, 'German (Switzerland)');
INSERT INTO TNHT_MULT(LITE_PK, LANG_PK, MULT_DESC)
VALUES('D59ED1B227C3CB448A4DDCDC3C10DB91', 3082, 'Alemán (Switzerland)');
INSERT INTO TNHT_MULT(LITE_PK, LANG_PK, MULT_DESC)
VALUES('D59ED1B227C3CB448A4DDCDC3C10DB91', 2070, 'Alemão (Switzerland)');
INSERT INTO TNHT_MULT(LITE_PK, LANG_PK, MULT_DESC)
VALUES('D59ED1B227C3CB448A4DDCDC3C10DB91', 1036, 'Allemand (Switzerland)');
INSERT INTO TNHT_MULT(LITE_PK, LANG_PK, MULT_DESC)
VALUES('D59ED1B227C3CB448A4DDCDC3C10DB91', 1049, 'Немецкий (Швейцария)');
INSERT INTO TNHT_LICL(LICL_PK, LITE_PK, LICL_PRIM, ISO_639Y1, ISO_639Y2)
VALUES(2055, 'D59ED1B227C3CB448A4DDCDC3C10DB91', '0', 'DE', 'DEU');
INSERT INTO TNHT_LITE(LITE_PK) VALUES('4099A83F6E58A54EB8F014B9DE60FE62');
INSERT INTO TNHT_MULT(LITE_PK, LANG_PK, MULT_DESC)
VALUES('4099A83F6E58A54EB8F014B9DE60FE62', 1033, 'German (Austria)');
INSERT INTO TNHT_MULT(LITE_PK, LANG_PK, MULT_DESC)
VALUES('4099A83F6E58A54EB8F014B9DE60FE62', 3082, 'Alemán (Austria)');
INSERT INTO TNHT_MULT(LITE_PK, LANG_PK, MULT_DESC)
VALUES('4099A83F6E58A54EB8F014B9DE60FE62', 2070, 'Alemão (Austria)');
INSERT INTO TNHT_MULT(LITE_PK, LANG_PK, MULT_DESC)
VALUES('4099A83F6E58A54EB8F014B9DE60FE62', 1036, 'Allemand (Austria)');
INSERT INTO TNHT_MULT(LITE_PK, LANG_PK, MULT_DESC)
VALUES('4099A83F6E58A54EB8F014B9DE60FE62', 1049, 'Немецкий (Австрия)');
INSERT INTO TNHT_LICL(LICL_PK, LITE_PK, LICL_PRIM, ISO_639Y1, ISO_639Y2)
VALUES(3079, '4099A83F6E58A54EB8F014B9DE60FE62', '0', 'DE', 'DEU');
INSERT INTO TNHT_LITE(LITE_PK) VALUES('5C33A3E4236BC4498B6F17C0B1FF40A9');
INSERT INTO TNHT_MULT(LITE_PK, LANG_PK, MULT_DESC)
VALUES('5C33A3E4236BC4498B6F17C0B1FF40A9', 1033, 'German (Luxembourg)');
INSERT INTO TNHT_MULT(LITE_PK, LANG_PK, MULT_DESC)
VALUES('5C33A3E4236BC4498B6F17C0B1FF40A9', 3082, 'Alemán (Luxembourg)');
INSERT INTO TNHT_MULT(LITE_PK, LANG_PK, MULT_DESC)
VALUES('5C33A3E4236BC4498B6F17C0B1FF40A9', 2070, 'Alemão (Luxembourg)');
INSERT INTO TNHT_MULT(LITE_PK, LANG_PK, MULT_DESC)
VALUES('5C33A3E4236BC4498B6F17C0B1FF40A9', 1036, 'Allemand (Luxembourg)');
INSERT INTO TNHT_MULT(LITE_PK, LANG_PK, MULT_DESC)
VALUES('5C33A3E4236BC4498B6F17C0B1FF40A9', 1049, 'Немецкий (Люксембург)');
INSERT INTO TNHT_LICL(LICL_PK, LITE_PK, LICL_PRIM, ISO_639Y1, ISO_639Y2)
VALUES(4103, '5C33A3E4236BC4498B6F17C0B1FF40A9', '0', 'DE', 'DEU');
INSERT INTO TNHT_LITE(LITE_PK) VALUES('0AC52905E4F3254E8C9BB6547A6953B2');
INSERT INTO TNHT_MULT(LITE_PK, LANG_PK, MULT_DESC)
VALUES('0AC52905E4F3254E8C9BB6547A6953B2', 1033, 'German (Liechtenstein)');
INSERT INTO TNHT_MULT(LITE_PK, LANG_PK, MULT_DESC)
VALUES('0AC52905E4F3254E8C9BB6547A6953B2', 3082, 'Alemán (Liechtenstein)');
INSERT INTO TNHT_MULT(LITE_PK, LANG_PK, MULT_DESC)
VALUES('0AC52905E4F3254E8C9BB6547A6953B2', 2070, 'Alemão (Liechtenstein)');
INSERT INTO TNHT_MULT(LITE_PK, LANG_PK, MULT_DESC)
VALUES('0AC52905E4F3254E8C9BB6547A6953B2', 1036, 'Allemand (Liechtenstein)');
INSERT INTO TNHT_MULT(LITE_PK, LANG_PK, MULT_DESC)
VALUES('0AC52905E4F3254E8C9BB6547A6953B2', 1049, 'Немецкий (Лихтенштейн)');
INSERT INTO TNHT_LICL(LICL_PK, LITE_PK, LICL_PRIM, ISO_639Y1, ISO_639Y2)
VALUES(5127, '0AC52905E4F3254E8C9BB6547A6953B2', '0', 'DE', 'DEU');
INSERT INTO TNHT_LITE(LITE_PK) VALUES('423FCE9E8A565847BAA4524853EAA4DF');
INSERT INTO TNHT_MULT(LITE_PK, LANG_PK, MULT_DESC)
VALUES('423FCE9E8A565847BAA4524853EAA4DF', 1033, 'Greek');
INSERT INTO TNHT_MULT(LITE_PK, LANG_PK, MULT_DESC)
VALUES('423FCE9E8A565847BAA4524853EAA4DF', 3082, 'Griego');
INSERT INTO TNHT_MULT(LITE_PK, LANG_PK, MULT_DESC)
VALUES('423FCE9E8A565847BAA4524853EAA4DF', 2070, 'Grego');
INSERT INTO TNHT_MULT(LITE_PK, LANG_PK, MULT_DESC)
VALUES('423FCE9E8A565847BAA4524853EAA4DF', 1036, 'Grec');
INSERT INTO TNHT_MULT(LITE_PK, LANG_PK, MULT_DESC)
VALUES('423FCE9E8A565847BAA4524853EAA4DF', 1049, 'Греческий');
INSERT INTO TNHT_LICL(LICL_PK, LITE_PK, LICL_PRIM, ISO_639Y1, ISO_639Y2)
VALUES(8, '423FCE9E8A565847BAA4524853EAA4DF', '1', 'EL', 'ELL');
INSERT INTO TNHT_LITE(LITE_PK) VALUES('7D8FD8ECF2D05247AFCAD997F6DC4ED1');
INSERT INTO TNHT_MULT(LITE_PK, LANG_PK, MULT_DESC)
VALUES('7D8FD8ECF2D05247AFCAD997F6DC4ED1', 1033, 'Greek (Greece)');
INSERT INTO TNHT_MULT(LITE_PK, LANG_PK, MULT_DESC)
VALUES('7D8FD8ECF2D05247AFCAD997F6DC4ED1', 3082, 'Griego (Greece)');
INSERT INTO TNHT_MULT(LITE_PK, LANG_PK, MULT_DESC)
VALUES('7D8FD8ECF2D05247AFCAD997F6DC4ED1', 2070, 'Grego (Greece)');
INSERT INTO TNHT_MULT(LITE_PK, LANG_PK, MULT_DESC)
VALUES('7D8FD8ECF2D05247AFCAD997F6DC4ED1', 1036, 'Grec (Greece)');
INSERT INTO TNHT_MULT(LITE_PK, LANG_PK, MULT_DESC)
VALUES('7D8FD8ECF2D05247AFCAD997F6DC4ED1', 1049, 'Греческий (Греция)');
INSERT INTO TNHT_LICL(LICL_PK, LITE_PK, LICL_PRIM, ISO_639Y1, ISO_639Y2)
VALUES(1032, '7D8FD8ECF2D05247AFCAD997F6DC4ED1', '0', 'EL', 'ELL');
INSERT INTO TNHT_LITE(LITE_PK) VALUES('B392DDEFA9F9CB42A904BD3A39E496D3');
INSERT INTO TNHT_MULT(LITE_PK, LANG_PK, MULT_DESC)
VALUES('B392DDEFA9F9CB42A904BD3A39E496D3', 1033, 'English');
INSERT INTO TNHT_MULT(LITE_PK, LANG_PK, MULT_DESC)
VALUES('B392DDEFA9F9CB42A904BD3A39E496D3', 3082, 'Inglés');
INSERT INTO TNHT_MULT(LITE_PK, LANG_PK, MULT_DESC)
VALUES('B392DDEFA9F9CB42A904BD3A39E496D3', 2070, 'Inglês');
INSERT INTO TNHT_MULT(LITE_PK, LANG_PK, MULT_DESC)
VALUES('B392DDEFA9F9CB42A904BD3A39E496D3', 1036, 'Anglais');
INSERT INTO TNHT_MULT(LITE_PK, LANG_PK, MULT_DESC)
VALUES('B392DDEFA9F9CB42A904BD3A39E496D3', 1049, 'Английский');
INSERT INTO TNHT_LICL(LICL_PK, LITE_PK, LICL_PRIM, ISO_639Y1, ISO_639Y2)
VALUES(9, 'B392DDEFA9F9CB42A904BD3A39E496D3', '1', 'EN', 'ENG');
INSERT INTO TNHT_LITE(LITE_PK) VALUES('DFCDCD41564CD04C8E7E43A89B9BD268');
INSERT INTO TNHT_MULT(LITE_PK, LANG_PK, MULT_DESC)
VALUES('DFCDCD41564CD04C8E7E43A89B9BD268', 1033, 'English (United States)');
INSERT INTO TNHT_MULT(LITE_PK, LANG_PK, MULT_DESC)
VALUES('DFCDCD41564CD04C8E7E43A89B9BD268', 3082, 'Inglés (United States)');
INSERT INTO TNHT_MULT(LITE_PK, LANG_PK, MULT_DESC)
VALUES('DFCDCD41564CD04C8E7E43A89B9BD268', 2070, 'Inglês (United States)');
INSERT INTO TNHT_MULT(LITE_PK, LANG_PK, MULT_DESC)
VALUES('DFCDCD41564CD04C8E7E43A89B9BD268', 1036, 'Anglais (United States)');
INSERT INTO TNHT_MULT(LITE_PK, LANG_PK, MULT_DESC)
VALUES('DFCDCD41564CD04C8E7E43A89B9BD268', 1049, 'Английский (США)');
INSERT INTO TNHT_LICL(LICL_PK, LITE_PK, LICL_PRIM, ISO_639Y1, ISO_639Y2)
VALUES(1033, 'DFCDCD41564CD04C8E7E43A89B9BD268', '0', 'EN', 'ENG');
INSERT INTO TNHT_LITE(LITE_PK) VALUES('DD1C9D12E23FE94AAD1E309392C345D3');
INSERT INTO TNHT_MULT(LITE_PK, LANG_PK, MULT_DESC)
VALUES('DD1C9D12E23FE94AAD1E309392C345D3', 1033, 'English (United Kingdom)');
INSERT INTO TNHT_MULT(LITE_PK, LANG_PK, MULT_DESC)
VALUES('DD1C9D12E23FE94AAD1E309392C345D3', 3082, 'Inglés (United Kingdom)');
INSERT INTO TNHT_MULT(LITE_PK, LANG_PK, MULT_DESC)
VALUES('DD1C9D12E23FE94AAD1E309392C345D3', 2070, 'Inglês (United Kingdom)');
INSERT INTO TNHT_MULT(LITE_PK, LANG_PK, MULT_DESC)
VALUES('DD1C9D12E23FE94AAD1E309392C345D3', 1036, 'Anglais (United Kingdom)');
INSERT INTO TNHT_MULT(LITE_PK, LANG_PK, MULT_DESC)
VALUES('DD1C9D12E23FE94AAD1E309392C345D3', 1049, 'Английский (Великобритания)');
INSERT INTO TNHT_LICL(LICL_PK, LITE_PK, LICL_PRIM, ISO_639Y1, ISO_639Y2)
VALUES(2057, 'DD1C9D12E23FE94AAD1E309392C345D3', '0', 'EN', 'ENG');
INSERT INTO TNHT_LITE(LITE_PK) VALUES('091DF0A910CB9948B3985C3D93EBD872');
INSERT INTO TNHT_MULT(LITE_PK, LANG_PK, MULT_DESC)
VALUES('091DF0A910CB9948B3985C3D93EBD872', 1033, 'English (Australia)');
INSERT INTO TNHT_MULT(LITE_PK, LANG_PK, MULT_DESC)
VALUES('091DF0A910CB9948B3985C3D93EBD872', 3082, 'Inglés (Australia)');
INSERT INTO TNHT_MULT(LITE_PK, LANG_PK, MULT_DESC)
VALUES('091DF0A910CB9948B3985C3D93EBD872', 2070, 'Inglês (Australia)');
INSERT INTO TNHT_MULT(LITE_PK, LANG_PK, MULT_DESC)
VALUES('091DF0A910CB9948B3985C3D93EBD872', 1036, 'Anglais (Australia)');
INSERT INTO TNHT_MULT(LITE_PK, LANG_PK, MULT_DESC)
VALUES('091DF0A910CB9948B3985C3D93EBD872', 1049, 'Английский (Австралия)');
INSERT INTO TNHT_LICL(LICL_PK, LITE_PK, LICL_PRIM, ISO_639Y1, ISO_639Y2)
VALUES(3081, '091DF0A910CB9948B3985C3D93EBD872', '0', 'EN', 'ENG');
INSERT INTO TNHT_LITE(LITE_PK) VALUES('BE78EA6F9A55ED40B761BF76F1F6FB73');
INSERT INTO TNHT_MULT(LITE_PK, LANG_PK, MULT_DESC)
VALUES('BE78EA6F9A55ED40B761BF76F1F6FB73', 1033, 'English (Canada)');
INSERT INTO TNHT_MULT(LITE_PK, LANG_PK, MULT_DESC)
VALUES('BE78EA6F9A55ED40B761BF76F1F6FB73', 3082, 'Inglés (Canada)');
INSERT INTO TNHT_MULT(LITE_PK, LANG_PK, MULT_DESC)
VALUES('BE78EA6F9A55ED40B761BF76F1F6FB73', 2070, 'Inglês (Canada)');
INSERT INTO TNHT_MULT(LITE_PK, LANG_PK, MULT_DESC)
VALUES('BE78EA6F9A55ED40B761BF76F1F6FB73', 1036, 'Anglais (Canada)');
INSERT INTO TNHT_MULT(LITE_PK, LANG_PK, MULT_DESC)
VALUES('BE78EA6F9A55ED40B761BF76F1F6FB73', 1049, 'Английский (Канада)');
INSERT INTO TNHT_LICL(LICL_PK, LITE_PK, LICL_PRIM, ISO_639Y1, ISO_639Y2)
VALUES(4105, 'BE78EA6F9A55ED40B761BF76F1F6FB73', '0', 'EN', 'ENG');
INSERT INTO TNHT_LITE(LITE_PK) VALUES('361BE01018F758479A38CDA75CF90AEA');
INSERT INTO TNHT_MULT(LITE_PK, LANG_PK, MULT_DESC)
VALUES('361BE01018F758479A38CDA75CF90AEA', 1033, 'English (New Zealand)');
INSERT INTO TNHT_MULT(LITE_PK, LANG_PK, MULT_DESC)
VALUES('361BE01018F758479A38CDA75CF90AEA', 3082, 'Inglés (New Zealand)');
INSERT INTO TNHT_MULT(LITE_PK, LANG_PK, MULT_DESC)
VALUES('361BE01018F758479A38CDA75CF90AEA', 2070, 'Inglês (New Zealand)');
INSERT INTO TNHT_MULT(LITE_PK, LANG_PK, MULT_DESC)
VALUES('361BE01018F758479A38CDA75CF90AEA', 1036, 'Anglais (New Zealand)');
INSERT INTO TNHT_MULT(LITE_PK, LANG_PK, MULT_DESC)
VALUES('361BE01018F758479A38CDA75CF90AEA', 1049, 'Английский (Новая Зеландия)');
INSERT INTO TNHT_LICL(LICL_PK, LITE_PK, LICL_PRIM, ISO_639Y1, ISO_639Y2)
VALUES(5129, '361BE01018F758479A38CDA75CF90AEA', '0', 'EN', 'ENG');
INSERT INTO TNHT_LITE(LITE_PK) VALUES('E2D92F6492A28948B498C55C2B6A98E9');
INSERT INTO TNHT_MULT(LITE_PK, LANG_PK, MULT_DESC)
VALUES('E2D92F6492A28948B498C55C2B6A98E9', 1033, 'English (Ireland)');
INSERT INTO TNHT_MULT(LITE_PK, LANG_PK, MULT_DESC)
VALUES('E2D92F6492A28948B498C55C2B6A98E9', 3082, 'Inglés (Ireland)');
INSERT INTO TNHT_MULT(LITE_PK, LANG_PK, MULT_DESC)
VALUES('E2D92F6492A28948B498C55C2B6A98E9', 2070, 'Inglês (Ireland)');
INSERT INTO TNHT_MULT(LITE_PK, LANG_PK, MULT_DESC)
VALUES('E2D92F6492A28948B498C55C2B6A98E9', 1036, 'Anglais (Ireland)');
INSERT INTO TNHT_MULT(LITE_PK, LANG_PK, MULT_DESC)
VALUES('E2D92F6492A28948B498C55C2B6A98E9', 1049, 'Английский (Ирландия)');
INSERT INTO TNHT_LICL(LICL_PK, LITE_PK, LICL_PRIM, ISO_639Y1, ISO_639Y2)
VALUES(6153, 'E2D92F6492A28948B498C55C2B6A98E9', '0', 'EN', 'ENG');
INSERT INTO TNHT_LITE(LITE_PK) VALUES('A461DA1498BB834ABCA67FB1C77E9121');
INSERT INTO TNHT_MULT(LITE_PK, LANG_PK, MULT_DESC)
VALUES('A461DA1498BB834ABCA67FB1C77E9121', 1033, 'English (South Africa)');
INSERT INTO TNHT_MULT(LITE_PK, LANG_PK, MULT_DESC)
VALUES('A461DA1498BB834ABCA67FB1C77E9121', 3082, 'Inglés (South Africa)');
INSERT INTO TNHT_MULT(LITE_PK, LANG_PK, MULT_DESC)
VALUES('A461DA1498BB834ABCA67FB1C77E9121', 2070, 'Inglês (South Africa)');
INSERT INTO TNHT_MULT(LITE_PK, LANG_PK, MULT_DESC)
VALUES('A461DA1498BB834ABCA67FB1C77E9121', 1036, 'Anglais (South Africa)');
INSERT INTO TNHT_MULT(LITE_PK, LANG_PK, MULT_DESC)
VALUES('A461DA1498BB834ABCA67FB1C77E9121', 1049, 'Английский (Южная Африка)');
INSERT INTO TNHT_LICL(LICL_PK, LITE_PK, LICL_PRIM, ISO_639Y1, ISO_639Y2)
VALUES(7177, 'A461DA1498BB834ABCA67FB1C77E9121', '0', 'EN', 'ENG');
INSERT INTO TNHT_LITE(LITE_PK) VALUES('28CAFBC51E25EB459EDEC2A82F6630D3');
INSERT INTO TNHT_MULT(LITE_PK, LANG_PK, MULT_DESC)
VALUES('28CAFBC51E25EB459EDEC2A82F6630D3', 1033, 'English (Jamaica)');
INSERT INTO TNHT_MULT(LITE_PK, LANG_PK, MULT_DESC)
VALUES('28CAFBC51E25EB459EDEC2A82F6630D3', 3082, 'Inglés (Jamaica)');
INSERT INTO TNHT_MULT(LITE_PK, LANG_PK, MULT_DESC)
VALUES('28CAFBC51E25EB459EDEC2A82F6630D3', 2070, 'Inglês (Jamaica)');
INSERT INTO TNHT_MULT(LITE_PK, LANG_PK, MULT_DESC)
VALUES('28CAFBC51E25EB459EDEC2A82F6630D3', 1036, 'Anglais (Jamaica)');
INSERT INTO TNHT_MULT(LITE_PK, LANG_PK, MULT_DESC)
VALUES('28CAFBC51E25EB459EDEC2A82F6630D3', 1049, 'Английский (Ямайка)');
INSERT INTO TNHT_LICL(LICL_PK, LITE_PK, LICL_PRIM, ISO_639Y1, ISO_639Y2)
VALUES(8201, '28CAFBC51E25EB459EDEC2A82F6630D3', '0', 'EN', 'ENG');
INSERT INTO TNHT_LITE(LITE_PK) VALUES('F12180A2F7F75C4D88B771BB47D288DC');
INSERT INTO TNHT_MULT(LITE_PK, LANG_PK, MULT_DESC)
VALUES('F12180A2F7F75C4D88B771BB47D288DC', 1033, 'English (Caribbean)');
INSERT INTO TNHT_MULT(LITE_PK, LANG_PK, MULT_DESC)
VALUES('F12180A2F7F75C4D88B771BB47D288DC', 3082, 'Inglés (Caribbean)');
INSERT INTO TNHT_MULT(LITE_PK, LANG_PK, MULT_DESC)
VALUES('F12180A2F7F75C4D88B771BB47D288DC', 2070, 'Inglês (Caribbean)');
INSERT INTO TNHT_MULT(LITE_PK, LANG_PK, MULT_DESC)
VALUES('F12180A2F7F75C4D88B771BB47D288DC', 1036, 'Anglais (Caribbean)');
INSERT INTO TNHT_MULT(LITE_PK, LANG_PK, MULT_DESC)
VALUES('F12180A2F7F75C4D88B771BB47D288DC', 1049, 'Английский (Карибский)');
INSERT INTO TNHT_LICL(LICL_PK, LITE_PK, LICL_PRIM, ISO_639Y1, ISO_639Y2)
VALUES(9225, 'F12180A2F7F75C4D88B771BB47D288DC', '0', 'EN', 'ENG');
INSERT INTO TNHT_LITE(LITE_PK) VALUES('4670F41AD05E5C45A21F1EBD1118FD5B');
INSERT INTO TNHT_MULT(LITE_PK, LANG_PK, MULT_DESC)
VALUES('4670F41AD05E5C45A21F1EBD1118FD5B', 1033, 'English (Belize)');
INSERT INTO TNHT_MULT(LITE_PK, LANG_PK, MULT_DESC)
VALUES('4670F41AD05E5C45A21F1EBD1118FD5B', 3082, 'Inglés (Belize)');
INSERT INTO TNHT_MULT(LITE_PK, LANG_PK, MULT_DESC)
VALUES('4670F41AD05E5C45A21F1EBD1118FD5B', 2070, 'Inglês (Belize)');
INSERT INTO TNHT_MULT(LITE_PK, LANG_PK, MULT_DESC)
VALUES('4670F41AD05E5C45A21F1EBD1118FD5B', 1036, 'Anglais (Belize)');
INSERT INTO TNHT_MULT(LITE_PK, LANG_PK, MULT_DESC)
VALUES('4670F41AD05E5C45A21F1EBD1118FD5B', 1049, 'Английский (Белиз)');
INSERT INTO TNHT_LICL(LICL_PK, LITE_PK, LICL_PRIM, ISO_639Y1, ISO_639Y2)
VALUES(10249, '4670F41AD05E5C45A21F1EBD1118FD5B', '0', 'EN', 'ENG');
INSERT INTO TNHT_LITE(LITE_PK) VALUES('FC2831F674F9F94593270C4A1AE5DABB');
INSERT INTO TNHT_MULT(LITE_PK, LANG_PK, MULT_DESC)
VALUES('FC2831F674F9F94593270C4A1AE5DABB', 1033, 'English (Trinidad and Tobago)');
INSERT INTO TNHT_MULT(LITE_PK, LANG_PK, MULT_DESC)
VALUES('FC2831F674F9F94593270C4A1AE5DABB', 3082, 'Inglés (Trinidad and Tobago)');
INSERT INTO TNHT_MULT(LITE_PK, LANG_PK, MULT_DESC)
VALUES('FC2831F674F9F94593270C4A1AE5DABB', 2070, 'Inglês (Trinidad and Tobago)');
INSERT INTO TNHT_MULT(LITE_PK, LANG_PK, MULT_DESC)
VALUES('FC2831F674F9F94593270C4A1AE5DABB', 1036, 'Anglais (Trinidad and Tobago)');
INSERT INTO TNHT_MULT(LITE_PK, LANG_PK, MULT_DESC)
VALUES('FC2831F674F9F94593270C4A1AE5DABB', 1049, 'Английский (Тринидад и Тобаго)');
INSERT INTO TNHT_LICL(LICL_PK, LITE_PK, LICL_PRIM, ISO_639Y1, ISO_639Y2)
VALUES(11273, 'FC2831F674F9F94593270C4A1AE5DABB', '0', 'EN', 'ENG');
INSERT INTO TNHT_LITE(LITE_PK) VALUES('36EF3035A73BE549B65FF18A04EAD1BE');
INSERT INTO TNHT_MULT(LITE_PK, LANG_PK, MULT_DESC)
VALUES('36EF3035A73BE549B65FF18A04EAD1BE', 1033, 'English (Netherlands)');
INSERT INTO TNHT_MULT(LITE_PK, LANG_PK, MULT_DESC)
VALUES('36EF3035A73BE549B65FF18A04EAD1BE', 3082, 'Inglés (Holanda)');
INSERT INTO TNHT_MULT(LITE_PK, LANG_PK, MULT_DESC)
VALUES('36EF3035A73BE549B65FF18A04EAD1BE', 2070, 'Inglês (Holanda)');
INSERT INTO TNHT_MULT(LITE_PK, LANG_PK, MULT_DESC)
VALUES('36EF3035A73BE549B65FF18A04EAD1BE', 1036, 'Anglais (Pays-Bas)');
INSERT INTO TNHT_MULT(LITE_PK, LANG_PK, MULT_DESC)
VALUES('36EF3035A73BE549B65FF18A04EAD1BE', 1049, 'Английский (Нидерланды)');
INSERT INTO TNHT_LICL(LICL_PK, LITE_PK, LICL_PRIM, ISO_639Y1, ISO_639Y2)
VALUES(12297, '36EF3035A73BE549B65FF18A04EAD1BE', '0', 'EN', 'ENG');
INSERT INTO TNHT_LITE(LITE_PK) VALUES('1652FF7A93902142AC092736786783C5');
INSERT INTO TNHT_MULT(LITE_PK, LANG_PK, MULT_DESC)
VALUES('1652FF7A93902142AC092736786783C5', 1033, 'English (Republic of the Philippines)');
INSERT INTO TNHT_MULT(LITE_PK, LANG_PK, MULT_DESC)
VALUES('1652FF7A93902142AC092736786783C5', 3082, 'Inglés (Republic of the Philippines)');
INSERT INTO TNHT_MULT(LITE_PK, LANG_PK, MULT_DESC)
VALUES('1652FF7A93902142AC092736786783C5', 2070, 'Inglês (Republic of the Philippines)');
INSERT INTO TNHT_MULT(LITE_PK, LANG_PK, MULT_DESC)
VALUES('1652FF7A93902142AC092736786783C5', 1036, 'Anglais (Republic of the Philippines)');
INSERT INTO TNHT_MULT(LITE_PK, LANG_PK, MULT_DESC)
VALUES('1652FF7A93902142AC092736786783C5', 1049, 'Английский (Республика Филиппины)');
INSERT INTO TNHT_LICL(LICL_PK, LITE_PK, LICL_PRIM, ISO_639Y1, ISO_639Y2)
VALUES(13321, '1652FF7A93902142AC092736786783C5', '0', 'EN', 'ENG');
INSERT INTO TNHT_LITE(LITE_PK) VALUES('EE65E108E2A9144CB1F8439ED2DFD5C3');
INSERT INTO TNHT_MULT(LITE_PK, LANG_PK, MULT_DESC)
VALUES('EE65E108E2A9144CB1F8439ED2DFD5C3', 1033, 'English (India)');
INSERT INTO TNHT_MULT(LITE_PK, LANG_PK, MULT_DESC)
VALUES('EE65E108E2A9144CB1F8439ED2DFD5C3', 3082, 'Inglés (India)');
INSERT INTO TNHT_MULT(LITE_PK, LANG_PK, MULT_DESC)
VALUES('EE65E108E2A9144CB1F8439ED2DFD5C3', 2070, 'Inglês (India)');
INSERT INTO TNHT_MULT(LITE_PK, LANG_PK, MULT_DESC)
VALUES('EE65E108E2A9144CB1F8439ED2DFD5C3', 1036, 'Anglais (India)');
INSERT INTO TNHT_MULT(LITE_PK, LANG_PK, MULT_DESC)
VALUES('EE65E108E2A9144CB1F8439ED2DFD5C3', 1049, 'Английский (Индия)');
INSERT INTO TNHT_LICL(LICL_PK, LITE_PK, LICL_PRIM, ISO_639Y1, ISO_639Y2)
VALUES(16393, 'EE65E108E2A9144CB1F8439ED2DFD5C3', '0', 'EN', 'ENG');
INSERT INTO TNHT_LITE(LITE_PK) VALUES('CED5577F3620B6458053D94839892D4F');
INSERT INTO TNHT_MULT(LITE_PK, LANG_PK, MULT_DESC)
VALUES('CED5577F3620B6458053D94839892D4F', 1033, 'English (Malaysia)');
INSERT INTO TNHT_MULT(LITE_PK, LANG_PK, MULT_DESC)
VALUES('CED5577F3620B6458053D94839892D4F', 3082, 'Inglés (Malaysia)');
INSERT INTO TNHT_MULT(LITE_PK, LANG_PK, MULT_DESC)
VALUES('CED5577F3620B6458053D94839892D4F', 2070, 'Inglês (Malaysia)');
INSERT INTO TNHT_MULT(LITE_PK, LANG_PK, MULT_DESC)
VALUES('CED5577F3620B6458053D94839892D4F', 1036, 'Anglais (Malaysia)');
INSERT INTO TNHT_MULT(LITE_PK, LANG_PK, MULT_DESC)
VALUES('CED5577F3620B6458053D94839892D4F', 1049, 'Английский (Малайзия)');
INSERT INTO TNHT_LICL(LICL_PK, LITE_PK, LICL_PRIM, ISO_639Y1, ISO_639Y2)
VALUES(17417, 'CED5577F3620B6458053D94839892D4F', '0', 'EN', 'ENG');
INSERT INTO TNHT_LITE(LITE_PK) VALUES('86C3240C6E22C34EBD26CEC9D52C7114');
INSERT INTO TNHT_MULT(LITE_PK, LANG_PK, MULT_DESC)
VALUES('86C3240C6E22C34EBD26CEC9D52C7114', 1033, 'English (Singapore)');
INSERT INTO TNHT_MULT(LITE_PK, LANG_PK, MULT_DESC)
VALUES('86C3240C6E22C34EBD26CEC9D52C7114', 3082, 'Inglés (Singapore)');
INSERT INTO TNHT_MULT(LITE_PK, LANG_PK, MULT_DESC)
VALUES('86C3240C6E22C34EBD26CEC9D52C7114', 2070, 'Inglês (Singapore)');
INSERT INTO TNHT_MULT(LITE_PK, LANG_PK, MULT_DESC)
VALUES('86C3240C6E22C34EBD26CEC9D52C7114', 1036, 'Anglais (Singapore)');
INSERT INTO TNHT_MULT(LITE_PK, LANG_PK, MULT_DESC)
VALUES('86C3240C6E22C34EBD26CEC9D52C7114', 1049, 'Английский (Сингапур)');
INSERT INTO TNHT_LICL(LICL_PK, LITE_PK, LICL_PRIM, ISO_639Y1, ISO_639Y2)
VALUES(18441, '86C3240C6E22C34EBD26CEC9D52C7114', '0', 'EN', 'ENG');
INSERT INTO TNHT_LITE(LITE_PK) VALUES('B2F3C3D1A84B53479F34ACE537D1F395');
INSERT INTO TNHT_MULT(LITE_PK, LANG_PK, MULT_DESC)
VALUES('B2F3C3D1A84B53479F34ACE537D1F395', 1033, 'Spanish');
INSERT INTO TNHT_MULT(LITE_PK, LANG_PK, MULT_DESC)
VALUES('B2F3C3D1A84B53479F34ACE537D1F395', 3082, 'Español');
INSERT INTO TNHT_MULT(LITE_PK, LANG_PK, MULT_DESC)
VALUES('B2F3C3D1A84B53479F34ACE537D1F395', 2070, 'Espanhol');
INSERT INTO TNHT_MULT(LITE_PK, LANG_PK, MULT_DESC)
VALUES('B2F3C3D1A84B53479F34ACE537D1F395', 1036, 'Espagnol');
INSERT INTO TNHT_MULT(LITE_PK, LANG_PK, MULT_DESC)
VALUES('B2F3C3D1A84B53479F34ACE537D1F395', 1049, 'Испанский');
INSERT INTO TNHT_LICL(LICL_PK, LITE_PK, LICL_PRIM, ISO_639Y1, ISO_639Y2)
VALUES(10, 'B2F3C3D1A84B53479F34ACE537D1F395', '1', 'ES', 'SPA');
INSERT INTO TNHT_LITE(LITE_PK) VALUES('C13BC778C8496A489B85A9633C02E287');
INSERT INTO TNHT_MULT(LITE_PK, LANG_PK, MULT_DESC)
VALUES('C13BC778C8496A489B85A9633C02E287', 1033, 'Spanish (Mexico)');
INSERT INTO TNHT_MULT(LITE_PK, LANG_PK, MULT_DESC)
VALUES('C13BC778C8496A489B85A9633C02E287', 3082, 'Español (Mexico)');
INSERT INTO TNHT_MULT(LITE_PK, LANG_PK, MULT_DESC)
VALUES('C13BC778C8496A489B85A9633C02E287', 2070, 'Espanhol (Mexico)');
INSERT INTO TNHT_MULT(LITE_PK, LANG_PK, MULT_DESC)
VALUES('C13BC778C8496A489B85A9633C02E287', 1036, 'Espagnol (Mexico)');
INSERT INTO TNHT_MULT(LITE_PK, LANG_PK, MULT_DESC)
VALUES('C13BC778C8496A489B85A9633C02E287', 1049, 'Чешский (Чешская республика)');
INSERT INTO TNHT_LICL(LICL_PK, LITE_PK, LICL_PRIM, ISO_639Y1, ISO_639Y2)
VALUES(2058, 'C13BC778C8496A489B85A9633C02E287', '0', 'ES', 'SPA');
INSERT INTO TNHT_LITE(LITE_PK) VALUES('277F2F65C71B3744973EB7FE5999A158');
INSERT INTO TNHT_MULT(LITE_PK, LANG_PK, MULT_DESC)
VALUES('277F2F65C71B3744973EB7FE5999A158', 1033, 'Spanish (Spain)');
INSERT INTO TNHT_MULT(LITE_PK, LANG_PK, MULT_DESC)
VALUES('277F2F65C71B3744973EB7FE5999A158', 3082, 'Español (España)');
INSERT INTO TNHT_MULT(LITE_PK, LANG_PK, MULT_DESC)
VALUES('277F2F65C71B3744973EB7FE5999A158', 2070, 'Espanhol (Espanha)');
INSERT INTO TNHT_MULT(LITE_PK, LANG_PK, MULT_DESC)
VALUES('277F2F65C71B3744973EB7FE5999A158', 1036, 'Espagnol (Espagne)');
INSERT INTO TNHT_MULT(LITE_PK, LANG_PK, MULT_DESC)
VALUES('277F2F65C71B3744973EB7FE5999A158', 1049, 'Испанский (Испания)');
INSERT INTO TNHT_LICL(LICL_PK, LITE_PK, LICL_PRIM, ISO_639Y1, ISO_639Y2)
VALUES(3082, '277F2F65C71B3744973EB7FE5999A158', '0', 'ES', 'SPA');
INSERT INTO TNHT_LITE(LITE_PK) VALUES('7DD9B10821FD0149854A2B621A0F027D');
INSERT INTO TNHT_MULT(LITE_PK, LANG_PK, MULT_DESC)
VALUES('7DD9B10821FD0149854A2B621A0F027D', 1033, 'Spanish (Guatemala)');
INSERT INTO TNHT_MULT(LITE_PK, LANG_PK, MULT_DESC)
VALUES('7DD9B10821FD0149854A2B621A0F027D', 3082, 'Español (Guatemala)');
INSERT INTO TNHT_MULT(LITE_PK, LANG_PK, MULT_DESC)
VALUES('7DD9B10821FD0149854A2B621A0F027D', 2070, 'Espanhol (Guatemala)');
INSERT INTO TNHT_MULT(LITE_PK, LANG_PK, MULT_DESC)
VALUES('7DD9B10821FD0149854A2B621A0F027D', 1036, 'Espagnol (Guatemala)');
INSERT INTO TNHT_MULT(LITE_PK, LANG_PK, MULT_DESC)
VALUES('7DD9B10821FD0149854A2B621A0F027D', 1049, 'Испанский (Гватемала)');
INSERT INTO TNHT_LICL(LICL_PK, LITE_PK, LICL_PRIM, ISO_639Y1, ISO_639Y2)
VALUES(4106, '7DD9B10821FD0149854A2B621A0F027D', '0', 'ES', 'SPA');
INSERT INTO TNHT_LITE(LITE_PK) VALUES('8065E35ED567A84991C576D680873D4C');
INSERT INTO TNHT_MULT(LITE_PK, LANG_PK, MULT_DESC)
VALUES('8065E35ED567A84991C576D680873D4C', 1033, 'Spanish (Costa Rica)');
INSERT INTO TNHT_MULT(LITE_PK, LANG_PK, MULT_DESC)
VALUES('8065E35ED567A84991C576D680873D4C', 3082, 'Español (Costa Rica)');
INSERT INTO TNHT_MULT(LITE_PK, LANG_PK, MULT_DESC)
VALUES('8065E35ED567A84991C576D680873D4C', 2070, 'Espanhol (Costa Rica)');
INSERT INTO TNHT_MULT(LITE_PK, LANG_PK, MULT_DESC)
VALUES('8065E35ED567A84991C576D680873D4C', 1036, 'Espagnol (Costa Rica)');
INSERT INTO TNHT_MULT(LITE_PK, LANG_PK, MULT_DESC)
VALUES('8065E35ED567A84991C576D680873D4C', 1049, 'Испанский (Коста Рика)');
INSERT INTO TNHT_LICL(LICL_PK, LITE_PK, LICL_PRIM, ISO_639Y1, ISO_639Y2)
VALUES(5130, '8065E35ED567A84991C576D680873D4C', '0', 'ES', 'SPA');
INSERT INTO TNHT_LITE(LITE_PK) VALUES('A248FB766D50A049A1B08BB8E23A14A8');
INSERT INTO TNHT_MULT(LITE_PK, LANG_PK, MULT_DESC)
VALUES('A248FB766D50A049A1B08BB8E23A14A8', 1033, 'Spanish (Panama)');
INSERT INTO TNHT_MULT(LITE_PK, LANG_PK, MULT_DESC)
VALUES('A248FB766D50A049A1B08BB8E23A14A8', 3082, 'Español (Panama)');
INSERT INTO TNHT_MULT(LITE_PK, LANG_PK, MULT_DESC)
VALUES('A248FB766D50A049A1B08BB8E23A14A8', 2070, 'Espanhol (Panama)');
INSERT INTO TNHT_MULT(LITE_PK, LANG_PK, MULT_DESC)
VALUES('A248FB766D50A049A1B08BB8E23A14A8', 1036, 'Espagnol (Panama)');
INSERT INTO TNHT_MULT(LITE_PK, LANG_PK, MULT_DESC)
VALUES('A248FB766D50A049A1B08BB8E23A14A8', 1049, 'Испанский (Панама)');
INSERT INTO TNHT_LICL(LICL_PK, LITE_PK, LICL_PRIM, ISO_639Y1, ISO_639Y2)
VALUES(6154, 'A248FB766D50A049A1B08BB8E23A14A8', '0', 'ES', 'SPA');
INSERT INTO TNHT_LITE(LITE_PK) VALUES('6610334A63A32B419BD3205D0FCE2F5D');
INSERT INTO TNHT_MULT(LITE_PK, LANG_PK, MULT_DESC)
VALUES('6610334A63A32B419BD3205D0FCE2F5D', 1033, 'Spanish (Dominican Republic)');
INSERT INTO TNHT_MULT(LITE_PK, LANG_PK, MULT_DESC)
VALUES('6610334A63A32B419BD3205D0FCE2F5D', 3082, 'Español (Dominican Republic)');
INSERT INTO TNHT_MULT(LITE_PK, LANG_PK, MULT_DESC)
VALUES('6610334A63A32B419BD3205D0FCE2F5D', 2070, 'Espanhol (Dominican Republic)');
INSERT INTO TNHT_MULT(LITE_PK, LANG_PK, MULT_DESC)
VALUES('6610334A63A32B419BD3205D0FCE2F5D', 1036, 'Espagnol (Dominican Republic)');
INSERT INTO TNHT_MULT(LITE_PK, LANG_PK, MULT_DESC)
VALUES('6610334A63A32B419BD3205D0FCE2F5D', 1049, 'Испанский (Доминиканская Республика)');
INSERT INTO TNHT_LICL(LICL_PK, LITE_PK, LICL_PRIM, ISO_639Y1, ISO_639Y2)
VALUES(7178, '6610334A63A32B419BD3205D0FCE2F5D', '0', 'ES', 'SPA');
INSERT INTO TNHT_LITE(LITE_PK) VALUES('BE84F4789896BD4FAAC8382926907F48');
INSERT INTO TNHT_MULT(LITE_PK, LANG_PK, MULT_DESC)
VALUES('BE84F4789896BD4FAAC8382926907F48', 1033, 'Spanish (Bolivarian Republic of Venezuela)');
INSERT INTO TNHT_MULT(LITE_PK, LANG_PK, MULT_DESC)
VALUES('BE84F4789896BD4FAAC8382926907F48', 3082, 'Español (Bolivarian Republic of Venezuela)');
INSERT INTO TNHT_MULT(LITE_PK, LANG_PK, MULT_DESC)
VALUES('BE84F4789896BD4FAAC8382926907F48', 2070, 'Espanhol (Bolivarian Republic of Venezuela)');
INSERT INTO TNHT_MULT(LITE_PK, LANG_PK, MULT_DESC)
VALUES('BE84F4789896BD4FAAC8382926907F48', 1036, 'Espagnol (Bolivarian Republic of Venezuela)');
INSERT INTO TNHT_MULT(LITE_PK, LANG_PK, MULT_DESC)
VALUES('BE84F4789896BD4FAAC8382926907F48', 1049, 'Испанский (Республика Венесуэла)');
INSERT INTO TNHT_LICL(LICL_PK, LITE_PK, LICL_PRIM, ISO_639Y1, ISO_639Y2)
VALUES(8202, 'BE84F4789896BD4FAAC8382926907F48', '0', 'ES', 'SPA');
INSERT INTO TNHT_LITE(LITE_PK) VALUES('A0B87A557899484E819602B17FA8F85D');
INSERT INTO TNHT_MULT(LITE_PK, LANG_PK, MULT_DESC)
VALUES('A0B87A557899484E819602B17FA8F85D', 1033, 'Spanish (Colombia)');
INSERT INTO TNHT_MULT(LITE_PK, LANG_PK, MULT_DESC)
VALUES('A0B87A557899484E819602B17FA8F85D', 3082, 'Español (Colombia)');
INSERT INTO TNHT_MULT(LITE_PK, LANG_PK, MULT_DESC)
VALUES('A0B87A557899484E819602B17FA8F85D', 2070, 'Espanhol (Colombia)');
INSERT INTO TNHT_MULT(LITE_PK, LANG_PK, MULT_DESC)
VALUES('A0B87A557899484E819602B17FA8F85D', 1036, 'Espagnol (Colombia)');
INSERT INTO TNHT_MULT(LITE_PK, LANG_PK, MULT_DESC)
VALUES('A0B87A557899484E819602B17FA8F85D', 1049, 'Испанский (Колумбия)');
INSERT INTO TNHT_LICL(LICL_PK, LITE_PK, LICL_PRIM, ISO_639Y1, ISO_639Y2)
VALUES(9226, 'A0B87A557899484E819602B17FA8F85D', '0', 'ES', 'SPA');
INSERT INTO TNHT_LITE(LITE_PK) VALUES('BD6F7A670DE9F54EA001BA700371EA61');
INSERT INTO TNHT_MULT(LITE_PK, LANG_PK, MULT_DESC)
VALUES('BD6F7A670DE9F54EA001BA700371EA61', 1033, 'Spanish (Peru)');
INSERT INTO TNHT_MULT(LITE_PK, LANG_PK, MULT_DESC)
VALUES('BD6F7A670DE9F54EA001BA700371EA61', 3082, 'Español (Peru)');
INSERT INTO TNHT_MULT(LITE_PK, LANG_PK, MULT_DESC)
VALUES('BD6F7A670DE9F54EA001BA700371EA61', 2070, 'Espanhol (Peru)');
INSERT INTO TNHT_MULT(LITE_PK, LANG_PK, MULT_DESC)
VALUES('BD6F7A670DE9F54EA001BA700371EA61', 1036, 'Espagnol (Peru)');
INSERT INTO TNHT_MULT(LITE_PK, LANG_PK, MULT_DESC)
VALUES('BD6F7A670DE9F54EA001BA700371EA61', 1049, 'Испанский (Перу)');
INSERT INTO TNHT_LICL(LICL_PK, LITE_PK, LICL_PRIM, ISO_639Y1, ISO_639Y2)
VALUES(10250, 'BD6F7A670DE9F54EA001BA700371EA61', '0', 'ES', 'SPA');
INSERT INTO TNHT_LITE(LITE_PK) VALUES('D1C1BABAC322054586B23C4678AB3426');
INSERT INTO TNHT_MULT(LITE_PK, LANG_PK, MULT_DESC)
VALUES('D1C1BABAC322054586B23C4678AB3426', 1033, 'Spanish (Argentina)');
INSERT INTO TNHT_MULT(LITE_PK, LANG_PK, MULT_DESC)
VALUES('D1C1BABAC322054586B23C4678AB3426', 3082, 'Español (Argentina)');
INSERT INTO TNHT_MULT(LITE_PK, LANG_PK, MULT_DESC)
VALUES('D1C1BABAC322054586B23C4678AB3426', 2070, 'Espanhol (Argentina)');
INSERT INTO TNHT_MULT(LITE_PK, LANG_PK, MULT_DESC)
VALUES('D1C1BABAC322054586B23C4678AB3426', 1036, 'Espagnol (Argentina)');
INSERT INTO TNHT_MULT(LITE_PK, LANG_PK, MULT_DESC)
VALUES('D1C1BABAC322054586B23C4678AB3426', 1049, 'Испанский (Аргентина)');
INSERT INTO TNHT_LICL(LICL_PK, LITE_PK, LICL_PRIM, ISO_639Y1, ISO_639Y2)
VALUES(11274, 'D1C1BABAC322054586B23C4678AB3426', '0', 'ES', 'SPA');
INSERT INTO TNHT_LITE(LITE_PK) VALUES('BD652D882FF2CE409AA48A9922D6715C');
INSERT INTO TNHT_MULT(LITE_PK, LANG_PK, MULT_DESC)
VALUES('BD652D882FF2CE409AA48A9922D6715C', 1033, 'Spanish (Ecuador)');
INSERT INTO TNHT_MULT(LITE_PK, LANG_PK, MULT_DESC)
VALUES('BD652D882FF2CE409AA48A9922D6715C', 3082, 'Español (Ecuador)');
INSERT INTO TNHT_MULT(LITE_PK, LANG_PK, MULT_DESC)
VALUES('BD652D882FF2CE409AA48A9922D6715C', 2070, 'Espanhol (Ecuador)');
INSERT INTO TNHT_MULT(LITE_PK, LANG_PK, MULT_DESC)
VALUES('BD652D882FF2CE409AA48A9922D6715C', 1036, 'Espagnol (Ecuador)');
INSERT INTO TNHT_MULT(LITE_PK, LANG_PK, MULT_DESC)
VALUES('BD652D882FF2CE409AA48A9922D6715C', 1049, 'Испанский (Эквадор)');
INSERT INTO TNHT_LICL(LICL_PK, LITE_PK, LICL_PRIM, ISO_639Y1, ISO_639Y2)
VALUES(12298, 'BD652D882FF2CE409AA48A9922D6715C', '0', 'ES', 'SPA');
INSERT INTO TNHT_LITE(LITE_PK) VALUES('04B48535680CBD4E8B6121223DEA0F7D');
INSERT INTO TNHT_MULT(LITE_PK, LANG_PK, MULT_DESC)
VALUES('04B48535680CBD4E8B6121223DEA0F7D', 1033, 'Spanish (Chile)');
INSERT INTO TNHT_MULT(LITE_PK, LANG_PK, MULT_DESC)
VALUES('04B48535680CBD4E8B6121223DEA0F7D', 3082, 'Español (Chile)');
INSERT INTO TNHT_MULT(LITE_PK, LANG_PK, MULT_DESC)
VALUES('04B48535680CBD4E8B6121223DEA0F7D', 2070, 'Espanhol (Chile)');
INSERT INTO TNHT_MULT(LITE_PK, LANG_PK, MULT_DESC)
VALUES('04B48535680CBD4E8B6121223DEA0F7D', 1036, 'Espagnol (Chile)');
INSERT INTO TNHT_MULT(LITE_PK, LANG_PK, MULT_DESC)
VALUES('04B48535680CBD4E8B6121223DEA0F7D', 1049, 'Испанский (Чили)');
INSERT INTO TNHT_LICL(LICL_PK, LITE_PK, LICL_PRIM, ISO_639Y1, ISO_639Y2)
VALUES(13322, '04B48535680CBD4E8B6121223DEA0F7D', '0', 'ES', 'SPA');
INSERT INTO TNHT_LITE(LITE_PK) VALUES('FBDC4EE2B6793D4499F09BFFE3B67894');
INSERT INTO TNHT_MULT(LITE_PK, LANG_PK, MULT_DESC)
VALUES('FBDC4EE2B6793D4499F09BFFE3B67894', 1033, 'Spanish (Uruguay)');
INSERT INTO TNHT_MULT(LITE_PK, LANG_PK, MULT_DESC)
VALUES('FBDC4EE2B6793D4499F09BFFE3B67894', 3082, 'Español (Uruguay)');
INSERT INTO TNHT_MULT(LITE_PK, LANG_PK, MULT_DESC)
VALUES('FBDC4EE2B6793D4499F09BFFE3B67894', 2070, 'Espanhol (Uruguay)');
INSERT INTO TNHT_MULT(LITE_PK, LANG_PK, MULT_DESC)
VALUES('FBDC4EE2B6793D4499F09BFFE3B67894', 1036, 'Espagnol (Uruguay)');
INSERT INTO TNHT_MULT(LITE_PK, LANG_PK, MULT_DESC)
VALUES('FBDC4EE2B6793D4499F09BFFE3B67894', 1049, 'Испанский (Уругвай)');
INSERT INTO TNHT_LICL(LICL_PK, LITE_PK, LICL_PRIM, ISO_639Y1, ISO_639Y2)
VALUES(14346, 'FBDC4EE2B6793D4499F09BFFE3B67894', '0', 'ES', 'SPA');
INSERT INTO TNHT_LITE(LITE_PK) VALUES('5528AE98156DA94B9928C26A8A607067');
INSERT INTO TNHT_MULT(LITE_PK, LANG_PK, MULT_DESC)
VALUES('5528AE98156DA94B9928C26A8A607067', 1033, 'Spanish (Paraguay)');
INSERT INTO TNHT_MULT(LITE_PK, LANG_PK, MULT_DESC)
VALUES('5528AE98156DA94B9928C26A8A607067', 3082, 'Español (Paraguay)');
INSERT INTO TNHT_MULT(LITE_PK, LANG_PK, MULT_DESC)
VALUES('5528AE98156DA94B9928C26A8A607067', 2070, 'Espanhol (Paraguay)');
INSERT INTO TNHT_MULT(LITE_PK, LANG_PK, MULT_DESC)
VALUES('5528AE98156DA94B9928C26A8A607067', 1036, 'Espagnol (Paraguay)');
INSERT INTO TNHT_MULT(LITE_PK, LANG_PK, MULT_DESC)
VALUES('5528AE98156DA94B9928C26A8A607067', 1049, 'Испанский (Парагвай)');
INSERT INTO TNHT_LICL(LICL_PK, LITE_PK, LICL_PRIM, ISO_639Y1, ISO_639Y2)
VALUES(15370, '5528AE98156DA94B9928C26A8A607067', '0', 'ES', 'SPA');
INSERT INTO TNHT_LITE(LITE_PK) VALUES('031A529A6D485A4482C021C6258B2761');
INSERT INTO TNHT_MULT(LITE_PK, LANG_PK, MULT_DESC)
VALUES('031A529A6D485A4482C021C6258B2761', 1033, 'Spanish (Bolivia)');
INSERT INTO TNHT_MULT(LITE_PK, LANG_PK, MULT_DESC)
VALUES('031A529A6D485A4482C021C6258B2761', 3082, 'Español (Bolivia)');
INSERT INTO TNHT_MULT(LITE_PK, LANG_PK, MULT_DESC)
VALUES('031A529A6D485A4482C021C6258B2761', 2070, 'Espanhol (Bolivia)');
INSERT INTO TNHT_MULT(LITE_PK, LANG_PK, MULT_DESC)
VALUES('031A529A6D485A4482C021C6258B2761', 1036, 'Espagnol (Bolivia)');
INSERT INTO TNHT_MULT(LITE_PK, LANG_PK, MULT_DESC)
VALUES('031A529A6D485A4482C021C6258B2761', 1049, 'Испанский (Боливия)');
INSERT INTO TNHT_LICL(LICL_PK, LITE_PK, LICL_PRIM, ISO_639Y1, ISO_639Y2)
VALUES(16394, '031A529A6D485A4482C021C6258B2761', '0', 'ES', 'SPA');
INSERT INTO TNHT_LITE(LITE_PK) VALUES('E7E645CD02D5AC489A4FB522AABD71E5');
INSERT INTO TNHT_MULT(LITE_PK, LANG_PK, MULT_DESC)
VALUES('E7E645CD02D5AC489A4FB522AABD71E5', 1033, 'Spanish (El Salvador)');
INSERT INTO TNHT_MULT(LITE_PK, LANG_PK, MULT_DESC)
VALUES('E7E645CD02D5AC489A4FB522AABD71E5', 3082, 'Español (El Salvador)');
INSERT INTO TNHT_MULT(LITE_PK, LANG_PK, MULT_DESC)
VALUES('E7E645CD02D5AC489A4FB522AABD71E5', 2070, 'Espanhol (El Salvador)');
INSERT INTO TNHT_MULT(LITE_PK, LANG_PK, MULT_DESC)
VALUES('E7E645CD02D5AC489A4FB522AABD71E5', 1036, 'Espagnol (El Salvador)');
INSERT INTO TNHT_MULT(LITE_PK, LANG_PK, MULT_DESC)
VALUES('E7E645CD02D5AC489A4FB522AABD71E5', 1049, 'Испанский (Сальвадор)');
INSERT INTO TNHT_LICL(LICL_PK, LITE_PK, LICL_PRIM, ISO_639Y1, ISO_639Y2)
VALUES(17418, 'E7E645CD02D5AC489A4FB522AABD71E5', '0', 'ES', 'SPA');
INSERT INTO TNHT_LITE(LITE_PK) VALUES('6930BED6DF4AF94AA337F51F6DE548B2');
INSERT INTO TNHT_MULT(LITE_PK, LANG_PK, MULT_DESC)
VALUES('6930BED6DF4AF94AA337F51F6DE548B2', 1033, 'Spanish (Honduras)');
INSERT INTO TNHT_MULT(LITE_PK, LANG_PK, MULT_DESC)
VALUES('6930BED6DF4AF94AA337F51F6DE548B2', 3082, 'Español (Honduras)');
INSERT INTO TNHT_MULT(LITE_PK, LANG_PK, MULT_DESC)
VALUES('6930BED6DF4AF94AA337F51F6DE548B2', 2070, 'Espanhol (Honduras)');
INSERT INTO TNHT_MULT(LITE_PK, LANG_PK, MULT_DESC)
VALUES('6930BED6DF4AF94AA337F51F6DE548B2', 1036, 'Espagnol (Honduras)');
INSERT INTO TNHT_MULT(LITE_PK, LANG_PK, MULT_DESC)
VALUES('6930BED6DF4AF94AA337F51F6DE548B2', 1049, 'Испанский (Гондурас)');
INSERT INTO TNHT_LICL(LICL_PK, LITE_PK, LICL_PRIM, ISO_639Y1, ISO_639Y2)
VALUES(18442, '6930BED6DF4AF94AA337F51F6DE548B2', '0', 'ES', 'SPA');
INSERT INTO TNHT_LITE(LITE_PK) VALUES('9AF47487EA5F394187D169CAE575B4C7');
INSERT INTO TNHT_MULT(LITE_PK, LANG_PK, MULT_DESC)
VALUES('9AF47487EA5F394187D169CAE575B4C7', 1033, 'Spanish (Nicaragua)');
INSERT INTO TNHT_MULT(LITE_PK, LANG_PK, MULT_DESC)
VALUES('9AF47487EA5F394187D169CAE575B4C7', 3082, 'Español (Nicaragua)');
INSERT INTO TNHT_MULT(LITE_PK, LANG_PK, MULT_DESC)
VALUES('9AF47487EA5F394187D169CAE575B4C7', 2070, 'Espanhol (Nicaragua)');
INSERT INTO TNHT_MULT(LITE_PK, LANG_PK, MULT_DESC)
VALUES('9AF47487EA5F394187D169CAE575B4C7', 1036, 'Espagnol (Nicaragua)');
INSERT INTO TNHT_MULT(LITE_PK, LANG_PK, MULT_DESC)
VALUES('9AF47487EA5F394187D169CAE575B4C7', 1049, 'Испанский (Никарагуа)');
INSERT INTO TNHT_LICL(LICL_PK, LITE_PK, LICL_PRIM, ISO_639Y1, ISO_639Y2)
VALUES(19466, '9AF47487EA5F394187D169CAE575B4C7', '0', 'ES', 'SPA');
INSERT INTO TNHT_LITE(LITE_PK) VALUES('6F6C9B77C36C204C922EED3B00C25DF8');
INSERT INTO TNHT_MULT(LITE_PK, LANG_PK, MULT_DESC)
VALUES('6F6C9B77C36C204C922EED3B00C25DF8', 1033, 'Spanish (Puerto Rico)');
INSERT INTO TNHT_MULT(LITE_PK, LANG_PK, MULT_DESC)
VALUES('6F6C9B77C36C204C922EED3B00C25DF8', 3082, 'Español (Puerto Rico)');
INSERT INTO TNHT_MULT(LITE_PK, LANG_PK, MULT_DESC)
VALUES('6F6C9B77C36C204C922EED3B00C25DF8', 2070, 'Espanhol (Puerto Rico)');
INSERT INTO TNHT_MULT(LITE_PK, LANG_PK, MULT_DESC)
VALUES('6F6C9B77C36C204C922EED3B00C25DF8', 1036, 'Espagnol (Puerto Rico)');
INSERT INTO TNHT_MULT(LITE_PK, LANG_PK, MULT_DESC)
VALUES('6F6C9B77C36C204C922EED3B00C25DF8', 1049, 'Испанский (Поэрто-Рико)');
INSERT INTO TNHT_LICL(LICL_PK, LITE_PK, LICL_PRIM, ISO_639Y1, ISO_639Y2)
VALUES(20490, '6F6C9B77C36C204C922EED3B00C25DF8', '0', 'ES', 'SPA');
INSERT INTO TNHT_LITE(LITE_PK) VALUES('13444B3AF9B7664D953F7D1F65A54C8A');
INSERT INTO TNHT_MULT(LITE_PK, LANG_PK, MULT_DESC)
VALUES('13444B3AF9B7664D953F7D1F65A54C8A', 1033, 'Spanish (United States)');
INSERT INTO TNHT_MULT(LITE_PK, LANG_PK, MULT_DESC)
VALUES('13444B3AF9B7664D953F7D1F65A54C8A', 3082, 'Español (United States)');
INSERT INTO TNHT_MULT(LITE_PK, LANG_PK, MULT_DESC)
VALUES('13444B3AF9B7664D953F7D1F65A54C8A', 2070, 'Espanhol (United States)');
INSERT INTO TNHT_MULT(LITE_PK, LANG_PK, MULT_DESC)
VALUES('13444B3AF9B7664D953F7D1F65A54C8A', 1036, 'Espagnol (United States)');
INSERT INTO TNHT_MULT(LITE_PK, LANG_PK, MULT_DESC)
VALUES('13444B3AF9B7664D953F7D1F65A54C8A', 1049, 'Испанский (США)');
INSERT INTO TNHT_LICL(LICL_PK, LITE_PK, LICL_PRIM, ISO_639Y1, ISO_639Y2)
VALUES(21514, '13444B3AF9B7664D953F7D1F65A54C8A', '0', 'ES', 'SPA');
INSERT INTO TNHT_LITE(LITE_PK) VALUES('6C1F9B0C1932AC4F8847BBF9B32FC2E2');
INSERT INTO TNHT_MULT(LITE_PK, LANG_PK, MULT_DESC)
VALUES('6C1F9B0C1932AC4F8847BBF9B32FC2E2', 1033, 'Finnish');
INSERT INTO TNHT_MULT(LITE_PK, LANG_PK, MULT_DESC)
VALUES('6C1F9B0C1932AC4F8847BBF9B32FC2E2', 3082, 'Finés');
INSERT INTO TNHT_MULT(LITE_PK, LANG_PK, MULT_DESC)
VALUES('6C1F9B0C1932AC4F8847BBF9B32FC2E2', 2070, 'Finlandês');
INSERT INTO TNHT_MULT(LITE_PK, LANG_PK, MULT_DESC)
VALUES('6C1F9B0C1932AC4F8847BBF9B32FC2E2', 1036, 'Finnois');
INSERT INTO TNHT_MULT(LITE_PK, LANG_PK, MULT_DESC)
VALUES('6C1F9B0C1932AC4F8847BBF9B32FC2E2', 1049, 'Финский');
INSERT INTO TNHT_LICL(LICL_PK, LITE_PK, LICL_PRIM, ISO_639Y1, ISO_639Y2)
VALUES(11, '6C1F9B0C1932AC4F8847BBF9B32FC2E2', '1', 'FI', 'FIN');
INSERT INTO TNHT_LITE(LITE_PK) VALUES('D7EE09EB736B304FB253A747269FFEEC');
INSERT INTO TNHT_MULT(LITE_PK, LANG_PK, MULT_DESC)
VALUES('D7EE09EB736B304FB253A747269FFEEC', 1033, 'Finnish (Finland)');
INSERT INTO TNHT_MULT(LITE_PK, LANG_PK, MULT_DESC)
VALUES('D7EE09EB736B304FB253A747269FFEEC', 3082, 'Finés (Finland)');
INSERT INTO TNHT_MULT(LITE_PK, LANG_PK, MULT_DESC)
VALUES('D7EE09EB736B304FB253A747269FFEEC', 2070, 'Finlandês (Finland)');
INSERT INTO TNHT_MULT(LITE_PK, LANG_PK, MULT_DESC)
VALUES('D7EE09EB736B304FB253A747269FFEEC', 1036, 'Finnois (Finland)');
INSERT INTO TNHT_MULT(LITE_PK, LANG_PK, MULT_DESC)
VALUES('D7EE09EB736B304FB253A747269FFEEC', 1049, 'Финский (Финляндия)');
INSERT INTO TNHT_LICL(LICL_PK, LITE_PK, LICL_PRIM, ISO_639Y1, ISO_639Y2)
VALUES(1035, 'D7EE09EB736B304FB253A747269FFEEC', '0', 'FI', 'FIN');
INSERT INTO TNHT_LITE(LITE_PK) VALUES('60AA2F95B223C14E8EE79DCDF798688F');
INSERT INTO TNHT_MULT(LITE_PK, LANG_PK, MULT_DESC)
VALUES('60AA2F95B223C14E8EE79DCDF798688F', 1033, 'French');
INSERT INTO TNHT_MULT(LITE_PK, LANG_PK, MULT_DESC)
VALUES('60AA2F95B223C14E8EE79DCDF798688F', 3082, 'Francés');
INSERT INTO TNHT_MULT(LITE_PK, LANG_PK, MULT_DESC)
VALUES('60AA2F95B223C14E8EE79DCDF798688F', 2070, 'Francês');
INSERT INTO TNHT_MULT(LITE_PK, LANG_PK, MULT_DESC)
VALUES('60AA2F95B223C14E8EE79DCDF798688F', 1036, 'Français');
INSERT INTO TNHT_MULT(LITE_PK, LANG_PK, MULT_DESC)
VALUES('60AA2F95B223C14E8EE79DCDF798688F', 1049, 'Французский');
INSERT INTO TNHT_LICL(LICL_PK, LITE_PK, LICL_PRIM, ISO_639Y1, ISO_639Y2)
VALUES(12, '60AA2F95B223C14E8EE79DCDF798688F', '1', 'FR', 'FRA');
INSERT INTO TNHT_LITE(LITE_PK) VALUES('1ED340D8EF1CBE41A9846CD26694DF4A');
INSERT INTO TNHT_MULT(LITE_PK, LANG_PK, MULT_DESC)
VALUES('1ED340D8EF1CBE41A9846CD26694DF4A', 1033, 'French (France)');
INSERT INTO TNHT_MULT(LITE_PK, LANG_PK, MULT_DESC)
VALUES('1ED340D8EF1CBE41A9846CD26694DF4A', 3082, 'Francés (France)');
INSERT INTO TNHT_MULT(LITE_PK, LANG_PK, MULT_DESC)
VALUES('1ED340D8EF1CBE41A9846CD26694DF4A', 2070, 'Francês (France)');
INSERT INTO TNHT_MULT(LITE_PK, LANG_PK, MULT_DESC)
VALUES('1ED340D8EF1CBE41A9846CD26694DF4A', 1036, 'Français (France)');
INSERT INTO TNHT_MULT(LITE_PK, LANG_PK, MULT_DESC)
VALUES('1ED340D8EF1CBE41A9846CD26694DF4A', 1049, 'Французский (Франция)');
INSERT INTO TNHT_LICL(LICL_PK, LITE_PK, LICL_PRIM, ISO_639Y1, ISO_639Y2)
VALUES(1036, '1ED340D8EF1CBE41A9846CD26694DF4A', '0', 'FR', 'FRA');
INSERT INTO TNHT_LITE(LITE_PK) VALUES('32325AA43D2EBA4BAD8546B8C0001168');
INSERT INTO TNHT_MULT(LITE_PK, LANG_PK, MULT_DESC)
VALUES('32325AA43D2EBA4BAD8546B8C0001168', 1033, 'French (Belgium)');
INSERT INTO TNHT_MULT(LITE_PK, LANG_PK, MULT_DESC)
VALUES('32325AA43D2EBA4BAD8546B8C0001168', 3082, 'Francés (Belgium)');
INSERT INTO TNHT_MULT(LITE_PK, LANG_PK, MULT_DESC)
VALUES('32325AA43D2EBA4BAD8546B8C0001168', 2070, 'Francês (Belgium)');
INSERT INTO TNHT_MULT(LITE_PK, LANG_PK, MULT_DESC)
VALUES('32325AA43D2EBA4BAD8546B8C0001168', 1036, 'Français (Belgium)');
INSERT INTO TNHT_MULT(LITE_PK, LANG_PK, MULT_DESC)
VALUES('32325AA43D2EBA4BAD8546B8C0001168', 1049, 'Французский (Бельгия)');
INSERT INTO TNHT_LICL(LICL_PK, LITE_PK, LICL_PRIM, ISO_639Y1, ISO_639Y2)
VALUES(2060, '32325AA43D2EBA4BAD8546B8C0001168', '0', 'FR', 'FRA');
INSERT INTO TNHT_LITE(LITE_PK) VALUES('2C569ECB6E2BF54CA995C4651F66C831');
INSERT INTO TNHT_MULT(LITE_PK, LANG_PK, MULT_DESC)
VALUES('2C569ECB6E2BF54CA995C4651F66C831', 1033, 'French (Canada)');
INSERT INTO TNHT_MULT(LITE_PK, LANG_PK, MULT_DESC)
VALUES('2C569ECB6E2BF54CA995C4651F66C831', 3082, 'Francés (Canada)');
INSERT INTO TNHT_MULT(LITE_PK, LANG_PK, MULT_DESC)
VALUES('2C569ECB6E2BF54CA995C4651F66C831', 2070, 'Francês (Canada)');
INSERT INTO TNHT_MULT(LITE_PK, LANG_PK, MULT_DESC)
VALUES('2C569ECB6E2BF54CA995C4651F66C831', 1036, 'Français (Canada)');
INSERT INTO TNHT_MULT(LITE_PK, LANG_PK, MULT_DESC)
VALUES('2C569ECB6E2BF54CA995C4651F66C831', 1049, 'Французский (Канада)');
INSERT INTO TNHT_LICL(LICL_PK, LITE_PK, LICL_PRIM, ISO_639Y1, ISO_639Y2)
VALUES(3084, '2C569ECB6E2BF54CA995C4651F66C831', '0', 'FR', 'FRA');
INSERT INTO TNHT_LITE(LITE_PK) VALUES('4C2260E446D56749843B01713BEF6073');
INSERT INTO TNHT_MULT(LITE_PK, LANG_PK, MULT_DESC)
VALUES('4C2260E446D56749843B01713BEF6073', 1033, 'French (Switzerland)');
INSERT INTO TNHT_MULT(LITE_PK, LANG_PK, MULT_DESC)
VALUES('4C2260E446D56749843B01713BEF6073', 3082, 'Francés (Switzerland)');
INSERT INTO TNHT_MULT(LITE_PK, LANG_PK, MULT_DESC)
VALUES('4C2260E446D56749843B01713BEF6073', 2070, 'Francês (Switzerland)');
INSERT INTO TNHT_MULT(LITE_PK, LANG_PK, MULT_DESC)
VALUES('4C2260E446D56749843B01713BEF6073', 1036, 'Français (Switzerland)');
INSERT INTO TNHT_MULT(LITE_PK, LANG_PK, MULT_DESC)
VALUES('4C2260E446D56749843B01713BEF6073', 1049, 'Французский (Швейцария)');
INSERT INTO TNHT_LICL(LICL_PK, LITE_PK, LICL_PRIM, ISO_639Y1, ISO_639Y2)
VALUES(4108, '4C2260E446D56749843B01713BEF6073', '0', 'FR', 'FRA');
INSERT INTO TNHT_LITE(LITE_PK) VALUES('82931ED2ED6BF74593AFED460AA733B5');
INSERT INTO TNHT_MULT(LITE_PK, LANG_PK, MULT_DESC)
VALUES('82931ED2ED6BF74593AFED460AA733B5', 1033, 'French (Luxembourg)');
INSERT INTO TNHT_MULT(LITE_PK, LANG_PK, MULT_DESC)
VALUES('82931ED2ED6BF74593AFED460AA733B5', 3082, 'Francés (Luxembourg)');
INSERT INTO TNHT_MULT(LITE_PK, LANG_PK, MULT_DESC)
VALUES('82931ED2ED6BF74593AFED460AA733B5', 2070, 'Francês (Luxembourg)');
INSERT INTO TNHT_MULT(LITE_PK, LANG_PK, MULT_DESC)
VALUES('82931ED2ED6BF74593AFED460AA733B5', 1036, 'Français (Luxembourg)');
INSERT INTO TNHT_MULT(LITE_PK, LANG_PK, MULT_DESC)
VALUES('82931ED2ED6BF74593AFED460AA733B5', 1049, 'Французский (Люксембург)');
INSERT INTO TNHT_LICL(LICL_PK, LITE_PK, LICL_PRIM, ISO_639Y1, ISO_639Y2)
VALUES(5132, '82931ED2ED6BF74593AFED460AA733B5', '0', 'FR', 'FRA');
INSERT INTO TNHT_LITE(LITE_PK) VALUES('67DCCF3096E2564EBD5BB9E5432B8071');
INSERT INTO TNHT_MULT(LITE_PK, LANG_PK, MULT_DESC)
VALUES('67DCCF3096E2564EBD5BB9E5432B8071', 1033, 'French (Monaco)');
INSERT INTO TNHT_MULT(LITE_PK, LANG_PK, MULT_DESC)
VALUES('67DCCF3096E2564EBD5BB9E5432B8071', 3082, 'Francés (Monaco)');
INSERT INTO TNHT_MULT(LITE_PK, LANG_PK, MULT_DESC)
VALUES('67DCCF3096E2564EBD5BB9E5432B8071', 2070, 'Francês (Monaco)');
INSERT INTO TNHT_MULT(LITE_PK, LANG_PK, MULT_DESC)
VALUES('67DCCF3096E2564EBD5BB9E5432B8071', 1036, 'Français (Monaco)');
INSERT INTO TNHT_MULT(LITE_PK, LANG_PK, MULT_DESC)
VALUES('67DCCF3096E2564EBD5BB9E5432B8071', 1049, 'Франция (Монако)');
INSERT INTO TNHT_LICL(LICL_PK, LITE_PK, LICL_PRIM, ISO_639Y1, ISO_639Y2)
VALUES(6156, '67DCCF3096E2564EBD5BB9E5432B8071', '0', 'FR', 'FRA');
INSERT INTO TNHT_LITE(LITE_PK) VALUES('0C63856BF3D93240A111A45B2FCDB132');
INSERT INTO TNHT_MULT(LITE_PK, LANG_PK, MULT_DESC)
VALUES('0C63856BF3D93240A111A45B2FCDB132', 1033, 'Hebrew');
INSERT INTO TNHT_MULT(LITE_PK, LANG_PK, MULT_DESC)
VALUES('0C63856BF3D93240A111A45B2FCDB132', 3082, 'Hebreo');
INSERT INTO TNHT_MULT(LITE_PK, LANG_PK, MULT_DESC)
VALUES('0C63856BF3D93240A111A45B2FCDB132', 2070, 'Hebreu');
INSERT INTO TNHT_MULT(LITE_PK, LANG_PK, MULT_DESC)
VALUES('0C63856BF3D93240A111A45B2FCDB132', 1036, 'Hébreu');
INSERT INTO TNHT_MULT(LITE_PK, LANG_PK, MULT_DESC)
VALUES('0C63856BF3D93240A111A45B2FCDB132', 1049, 'Иврит');
INSERT INTO TNHT_LICL(LICL_PK, LITE_PK, LICL_PRIM, ISO_639Y1, ISO_639Y2)
VALUES(13, '0C63856BF3D93240A111A45B2FCDB132', '1', 'HE', 'HEB');
INSERT INTO TNHT_LITE(LITE_PK) VALUES('675F79BB40E42B4CBA5AE1E37BA6CB4B');
INSERT INTO TNHT_MULT(LITE_PK, LANG_PK, MULT_DESC)
VALUES('675F79BB40E42B4CBA5AE1E37BA6CB4B', 1033, 'Hebrew (Israel)');
INSERT INTO TNHT_MULT(LITE_PK, LANG_PK, MULT_DESC)
VALUES('675F79BB40E42B4CBA5AE1E37BA6CB4B', 3082, 'Hebreo (Israel)');
INSERT INTO TNHT_MULT(LITE_PK, LANG_PK, MULT_DESC)
VALUES('675F79BB40E42B4CBA5AE1E37BA6CB4B', 2070, 'Hebreu (Israel)');
INSERT INTO TNHT_MULT(LITE_PK, LANG_PK, MULT_DESC)
VALUES('675F79BB40E42B4CBA5AE1E37BA6CB4B', 1036, 'Hébreu (Israel)');
INSERT INTO TNHT_MULT(LITE_PK, LANG_PK, MULT_DESC)
VALUES('675F79BB40E42B4CBA5AE1E37BA6CB4B', 1049, 'Иврит (Израиль)');
INSERT INTO TNHT_LICL(LICL_PK, LITE_PK, LICL_PRIM, ISO_639Y1, ISO_639Y2)
VALUES(1037, '675F79BB40E42B4CBA5AE1E37BA6CB4B', '0', 'HE', 'HEB');
INSERT INTO TNHT_LITE(LITE_PK) VALUES('1A2596F07727664CA588EFA12E9D5003');
INSERT INTO TNHT_MULT(LITE_PK, LANG_PK, MULT_DESC)
VALUES('1A2596F07727664CA588EFA12E9D5003', 1033, 'Hungarian');
INSERT INTO TNHT_MULT(LITE_PK, LANG_PK, MULT_DESC)
VALUES('1A2596F07727664CA588EFA12E9D5003', 3082, 'Húngaro');
INSERT INTO TNHT_MULT(LITE_PK, LANG_PK, MULT_DESC)
VALUES('1A2596F07727664CA588EFA12E9D5003', 2070, 'Húngaro');
INSERT INTO TNHT_MULT(LITE_PK, LANG_PK, MULT_DESC)
VALUES('1A2596F07727664CA588EFA12E9D5003', 1036, 'Hongrois');
INSERT INTO TNHT_MULT(LITE_PK, LANG_PK, MULT_DESC)
VALUES('1A2596F07727664CA588EFA12E9D5003', 1049, 'Венгерский');
INSERT INTO TNHT_LICL(LICL_PK, LITE_PK, LICL_PRIM, ISO_639Y1, ISO_639Y2)
VALUES(14, '1A2596F07727664CA588EFA12E9D5003', '1', 'HU', 'HUN');
INSERT INTO TNHT_LITE(LITE_PK) VALUES('995EE093A7F5A444A419733FDB445917');
INSERT INTO TNHT_MULT(LITE_PK, LANG_PK, MULT_DESC)
VALUES('995EE093A7F5A444A419733FDB445917', 1033, 'Hungarian (Hungary)');
INSERT INTO TNHT_MULT(LITE_PK, LANG_PK, MULT_DESC)
VALUES('995EE093A7F5A444A419733FDB445917', 3082, 'Húngaro (Hungary)');
INSERT INTO TNHT_MULT(LITE_PK, LANG_PK, MULT_DESC)
VALUES('995EE093A7F5A444A419733FDB445917', 2070, 'Húngaro (Hungary)');
INSERT INTO TNHT_MULT(LITE_PK, LANG_PK, MULT_DESC)
VALUES('995EE093A7F5A444A419733FDB445917', 1036, 'Hongrois (Hungary)');
INSERT INTO TNHT_MULT(LITE_PK, LANG_PK, MULT_DESC)
VALUES('995EE093A7F5A444A419733FDB445917', 1049, 'Венгерский (Венгрия)');
INSERT INTO TNHT_LICL(LICL_PK, LITE_PK, LICL_PRIM, ISO_639Y1, ISO_639Y2)
VALUES(1038, '995EE093A7F5A444A419733FDB445917', '0', 'HU', 'HUN');
INSERT INTO TNHT_LITE(LITE_PK) VALUES('3CF418A84D665D41B29EBF7E4602CA7A');
INSERT INTO TNHT_MULT(LITE_PK, LANG_PK, MULT_DESC)
VALUES('3CF418A84D665D41B29EBF7E4602CA7A', 1033, 'Icelandic');
INSERT INTO TNHT_MULT(LITE_PK, LANG_PK, MULT_DESC)
VALUES('3CF418A84D665D41B29EBF7E4602CA7A', 3082, 'Islandés');
INSERT INTO TNHT_MULT(LITE_PK, LANG_PK, MULT_DESC)
VALUES('3CF418A84D665D41B29EBF7E4602CA7A', 2070, 'Islandês');
INSERT INTO TNHT_MULT(LITE_PK, LANG_PK, MULT_DESC)
VALUES('3CF418A84D665D41B29EBF7E4602CA7A', 1036, 'Islandais');
INSERT INTO TNHT_MULT(LITE_PK, LANG_PK, MULT_DESC)
VALUES('3CF418A84D665D41B29EBF7E4602CA7A', 1049, 'Исландский');
INSERT INTO TNHT_LICL(LICL_PK, LITE_PK, LICL_PRIM, ISO_639Y1, ISO_639Y2)
VALUES(15, '3CF418A84D665D41B29EBF7E4602CA7A', '1', 'IS', 'ISL');
INSERT INTO TNHT_LITE(LITE_PK) VALUES('9196A3EEBDE975458E0DCC34D44DBE3E');
INSERT INTO TNHT_MULT(LITE_PK, LANG_PK, MULT_DESC)
VALUES('9196A3EEBDE975458E0DCC34D44DBE3E', 1033, 'Icelandic (Iceland)');
INSERT INTO TNHT_MULT(LITE_PK, LANG_PK, MULT_DESC)
VALUES('9196A3EEBDE975458E0DCC34D44DBE3E', 3082, 'Islandés (Iceland)');
INSERT INTO TNHT_MULT(LITE_PK, LANG_PK, MULT_DESC)
VALUES('9196A3EEBDE975458E0DCC34D44DBE3E', 2070, 'Islandês (Iceland)');
INSERT INTO TNHT_MULT(LITE_PK, LANG_PK, MULT_DESC)
VALUES('9196A3EEBDE975458E0DCC34D44DBE3E', 1036, 'Islandais (Iceland)');
INSERT INTO TNHT_MULT(LITE_PK, LANG_PK, MULT_DESC)
VALUES('9196A3EEBDE975458E0DCC34D44DBE3E', 1049, 'Исландский (Исландия)');
INSERT INTO TNHT_LICL(LICL_PK, LITE_PK, LICL_PRIM, ISO_639Y1, ISO_639Y2)
VALUES(1039, '9196A3EEBDE975458E0DCC34D44DBE3E', '0', 'IS', 'ISL');
INSERT INTO TNHT_LITE(LITE_PK) VALUES('3F119F25C7C95141A49600E386225B41');
INSERT INTO TNHT_MULT(LITE_PK, LANG_PK, MULT_DESC)
VALUES('3F119F25C7C95141A49600E386225B41', 1033, 'Italian');
INSERT INTO TNHT_MULT(LITE_PK, LANG_PK, MULT_DESC)
VALUES('3F119F25C7C95141A49600E386225B41', 3082, 'Italiano');
INSERT INTO TNHT_MULT(LITE_PK, LANG_PK, MULT_DESC)
VALUES('3F119F25C7C95141A49600E386225B41', 2070, 'Italiano');
INSERT INTO TNHT_MULT(LITE_PK, LANG_PK, MULT_DESC)
VALUES('3F119F25C7C95141A49600E386225B41', 1036, 'Italien');
INSERT INTO TNHT_MULT(LITE_PK, LANG_PK, MULT_DESC)
VALUES('3F119F25C7C95141A49600E386225B41', 1049, 'Итальянский');
INSERT INTO TNHT_LICL(LICL_PK, LITE_PK, LICL_PRIM, ISO_639Y1, ISO_639Y2)
VALUES(16, '3F119F25C7C95141A49600E386225B41', '1', 'IT', 'ITA');
INSERT INTO TNHT_LITE(LITE_PK) VALUES('9D96FAB5EB91E64884FE8AEF75A94F0C');
INSERT INTO TNHT_MULT(LITE_PK, LANG_PK, MULT_DESC)
VALUES('9D96FAB5EB91E64884FE8AEF75A94F0C', 1033, 'Italian (Italy)');
INSERT INTO TNHT_MULT(LITE_PK, LANG_PK, MULT_DESC)
VALUES('9D96FAB5EB91E64884FE8AEF75A94F0C', 3082, 'Italiano (Italy)');
INSERT INTO TNHT_MULT(LITE_PK, LANG_PK, MULT_DESC)
VALUES('9D96FAB5EB91E64884FE8AEF75A94F0C', 2070, 'Italiano (Italy)');
INSERT INTO TNHT_MULT(LITE_PK, LANG_PK, MULT_DESC)
VALUES('9D96FAB5EB91E64884FE8AEF75A94F0C', 1036, 'Italien (Italy)');
INSERT INTO TNHT_MULT(LITE_PK, LANG_PK, MULT_DESC)
VALUES('9D96FAB5EB91E64884FE8AEF75A94F0C', 1049, 'Итальянский (Италия)');
INSERT INTO TNHT_LICL(LICL_PK, LITE_PK, LICL_PRIM, ISO_639Y1, ISO_639Y2)
VALUES(1040, '9D96FAB5EB91E64884FE8AEF75A94F0C', '0', 'IT', 'ITA');
INSERT INTO TNHT_LITE(LITE_PK) VALUES('75D989CB4E126645B6040D63342965CD');
INSERT INTO TNHT_MULT(LITE_PK, LANG_PK, MULT_DESC)
VALUES('75D989CB4E126645B6040D63342965CD', 1033, 'Italian (Switzerland)');
INSERT INTO TNHT_MULT(LITE_PK, LANG_PK, MULT_DESC)
VALUES('75D989CB4E126645B6040D63342965CD', 3082, 'Italiano (Switzerland)');
INSERT INTO TNHT_MULT(LITE_PK, LANG_PK, MULT_DESC)
VALUES('75D989CB4E126645B6040D63342965CD', 2070, 'Italiano (Switzerland)');
INSERT INTO TNHT_MULT(LITE_PK, LANG_PK, MULT_DESC)
VALUES('75D989CB4E126645B6040D63342965CD', 1036, 'Italien (Switzerland)');
INSERT INTO TNHT_MULT(LITE_PK, LANG_PK, MULT_DESC)
VALUES('75D989CB4E126645B6040D63342965CD', 1049, 'Итальянский (Швейцария)');
INSERT INTO TNHT_LICL(LICL_PK, LITE_PK, LICL_PRIM, ISO_639Y1, ISO_639Y2)
VALUES(2064, '75D989CB4E126645B6040D63342965CD', '0', 'IT', 'ITA');
INSERT INTO TNHT_LITE(LITE_PK) VALUES('477872E5E735D4449EE7E5A988BFE6FF');
INSERT INTO TNHT_MULT(LITE_PK, LANG_PK, MULT_DESC)
VALUES('477872E5E735D4449EE7E5A988BFE6FF', 1033, 'Japanese');
INSERT INTO TNHT_MULT(LITE_PK, LANG_PK, MULT_DESC)
VALUES('477872E5E735D4449EE7E5A988BFE6FF', 3082, 'Japonés');
INSERT INTO TNHT_MULT(LITE_PK, LANG_PK, MULT_DESC)
VALUES('477872E5E735D4449EE7E5A988BFE6FF', 2070, 'Japonês');
INSERT INTO TNHT_MULT(LITE_PK, LANG_PK, MULT_DESC)
VALUES('477872E5E735D4449EE7E5A988BFE6FF', 1036, 'Japonais');
INSERT INTO TNHT_MULT(LITE_PK, LANG_PK, MULT_DESC)
VALUES('477872E5E735D4449EE7E5A988BFE6FF', 1049, 'Японский');
INSERT INTO TNHT_LICL(LICL_PK, LITE_PK, LICL_PRIM, ISO_639Y1, ISO_639Y2)
VALUES(17, '477872E5E735D4449EE7E5A988BFE6FF', '1', 'JA', 'JPN');
INSERT INTO TNHT_LITE(LITE_PK) VALUES('0ED3EBCC094FA24EBBFCCDE04D213592');
INSERT INTO TNHT_MULT(LITE_PK, LANG_PK, MULT_DESC)
VALUES('0ED3EBCC094FA24EBBFCCDE04D213592', 1033, 'Japanese (Japan)');
INSERT INTO TNHT_MULT(LITE_PK, LANG_PK, MULT_DESC)
VALUES('0ED3EBCC094FA24EBBFCCDE04D213592', 3082, 'Japonés (Japan)');
INSERT INTO TNHT_MULT(LITE_PK, LANG_PK, MULT_DESC)
VALUES('0ED3EBCC094FA24EBBFCCDE04D213592', 2070, 'Japonês (Japan)');
INSERT INTO TNHT_MULT(LITE_PK, LANG_PK, MULT_DESC)
VALUES('0ED3EBCC094FA24EBBFCCDE04D213592', 1036, 'Japonais (Japan)');
INSERT INTO TNHT_MULT(LITE_PK, LANG_PK, MULT_DESC)
VALUES('0ED3EBCC094FA24EBBFCCDE04D213592', 1049, 'Японский (Япония)');
INSERT INTO TNHT_LICL(LICL_PK, LITE_PK, LICL_PRIM, ISO_639Y1, ISO_639Y2)
VALUES(1041, '0ED3EBCC094FA24EBBFCCDE04D213592', '0', 'JA', 'JPN');
INSERT INTO TNHT_LITE(LITE_PK) VALUES('1AEC4C6BD72CE84AABEB1D38FB8016FD');
INSERT INTO TNHT_MULT(LITE_PK, LANG_PK, MULT_DESC)
VALUES('1AEC4C6BD72CE84AABEB1D38FB8016FD', 1033, 'Korean');
INSERT INTO TNHT_MULT(LITE_PK, LANG_PK, MULT_DESC)
VALUES('1AEC4C6BD72CE84AABEB1D38FB8016FD', 3082, 'Coreano');
INSERT INTO TNHT_MULT(LITE_PK, LANG_PK, MULT_DESC)
VALUES('1AEC4C6BD72CE84AABEB1D38FB8016FD', 2070, 'Coreano');
INSERT INTO TNHT_MULT(LITE_PK, LANG_PK, MULT_DESC)
VALUES('1AEC4C6BD72CE84AABEB1D38FB8016FD', 1036, 'Coréen');
INSERT INTO TNHT_MULT(LITE_PK, LANG_PK, MULT_DESC)
VALUES('1AEC4C6BD72CE84AABEB1D38FB8016FD', 1049, 'Корейский');
INSERT INTO TNHT_LICL(LICL_PK, LITE_PK, LICL_PRIM, ISO_639Y1, ISO_639Y2)
VALUES(18, '1AEC4C6BD72CE84AABEB1D38FB8016FD', '1', 'KO', 'KOR');
INSERT INTO TNHT_LITE(LITE_PK) VALUES('C3C0D033A2CB2E4EA5881599C029DB28');
INSERT INTO TNHT_MULT(LITE_PK, LANG_PK, MULT_DESC)
VALUES('C3C0D033A2CB2E4EA5881599C029DB28', 1033, 'Korean (Korea)');
INSERT INTO TNHT_MULT(LITE_PK, LANG_PK, MULT_DESC)
VALUES('C3C0D033A2CB2E4EA5881599C029DB28', 3082, 'Coreano (Korea)');
INSERT INTO TNHT_MULT(LITE_PK, LANG_PK, MULT_DESC)
VALUES('C3C0D033A2CB2E4EA5881599C029DB28', 2070, 'Coreano (Korea)');
INSERT INTO TNHT_MULT(LITE_PK, LANG_PK, MULT_DESC)
VALUES('C3C0D033A2CB2E4EA5881599C029DB28', 1036, 'Coréen (Korea)');
INSERT INTO TNHT_MULT(LITE_PK, LANG_PK, MULT_DESC)
VALUES('C3C0D033A2CB2E4EA5881599C029DB28', 1049, 'Корейский (Корея)');
INSERT INTO TNHT_LICL(LICL_PK, LITE_PK, LICL_PRIM, ISO_639Y1, ISO_639Y2)
VALUES(1042, 'C3C0D033A2CB2E4EA5881599C029DB28', '0', 'KO', 'KOR');
INSERT INTO TNHT_LITE(LITE_PK) VALUES('07600671279C8240AB0F3586E40810FF');
INSERT INTO TNHT_MULT(LITE_PK, LANG_PK, MULT_DESC)
VALUES('07600671279C8240AB0F3586E40810FF', 1033, 'Dutch');
INSERT INTO TNHT_MULT(LITE_PK, LANG_PK, MULT_DESC)
VALUES('07600671279C8240AB0F3586E40810FF', 3082, 'Holandés');
INSERT INTO TNHT_MULT(LITE_PK, LANG_PK, MULT_DESC)
VALUES('07600671279C8240AB0F3586E40810FF', 2070, 'Holandês');
INSERT INTO TNHT_MULT(LITE_PK, LANG_PK, MULT_DESC)
VALUES('07600671279C8240AB0F3586E40810FF', 1036, 'Néerlandais');
INSERT INTO TNHT_MULT(LITE_PK, LANG_PK, MULT_DESC)
VALUES('07600671279C8240AB0F3586E40810FF', 1049, 'Голландский');
INSERT INTO TNHT_LICL(LICL_PK, LITE_PK, LICL_PRIM, ISO_639Y1, ISO_639Y2)
VALUES(19, '07600671279C8240AB0F3586E40810FF', '1', 'NL', 'NLD');
INSERT INTO TNHT_LITE(LITE_PK) VALUES('B7DF7FEC5B1F524998485D6252B4E3CE');
INSERT INTO TNHT_MULT(LITE_PK, LANG_PK, MULT_DESC)
VALUES('B7DF7FEC5B1F524998485D6252B4E3CE', 1033, 'Dutch (Netherlands)');
INSERT INTO TNHT_MULT(LITE_PK, LANG_PK, MULT_DESC)
VALUES('B7DF7FEC5B1F524998485D6252B4E3CE', 3082, 'Holandés (Netherlands)');
INSERT INTO TNHT_MULT(LITE_PK, LANG_PK, MULT_DESC)
VALUES('B7DF7FEC5B1F524998485D6252B4E3CE', 2070, 'Holandês (Netherlands)');
INSERT INTO TNHT_MULT(LITE_PK, LANG_PK, MULT_DESC)
VALUES('B7DF7FEC5B1F524998485D6252B4E3CE', 1036, 'Néerlandais (Netherlands)');
INSERT INTO TNHT_MULT(LITE_PK, LANG_PK, MULT_DESC)
VALUES('B7DF7FEC5B1F524998485D6252B4E3CE', 1049, 'Голландский (Нидерланды)');
INSERT INTO TNHT_LICL(LICL_PK, LITE_PK, LICL_PRIM, ISO_639Y1, ISO_639Y2)
VALUES(1043, 'B7DF7FEC5B1F524998485D6252B4E3CE', '0', 'NL', 'NLD');
INSERT INTO TNHT_LITE(LITE_PK) VALUES('D3012216E2C31845B0B1D81DC41376AA');
INSERT INTO TNHT_MULT(LITE_PK, LANG_PK, MULT_DESC)
VALUES('D3012216E2C31845B0B1D81DC41376AA', 1033, 'Dutch (Belgium)');
INSERT INTO TNHT_MULT(LITE_PK, LANG_PK, MULT_DESC)
VALUES('D3012216E2C31845B0B1D81DC41376AA', 3082, 'Holandés (Belgium)');
INSERT INTO TNHT_MULT(LITE_PK, LANG_PK, MULT_DESC)
VALUES('D3012216E2C31845B0B1D81DC41376AA', 2070, 'Holandês (Belgium)');
INSERT INTO TNHT_MULT(LITE_PK, LANG_PK, MULT_DESC)
VALUES('D3012216E2C31845B0B1D81DC41376AA', 1036, 'Néerlandais (Belgium)');
INSERT INTO TNHT_MULT(LITE_PK, LANG_PK, MULT_DESC)
VALUES('D3012216E2C31845B0B1D81DC41376AA', 1049, 'Голландский (Бельгия)');
INSERT INTO TNHT_LICL(LICL_PK, LITE_PK, LICL_PRIM, ISO_639Y1, ISO_639Y2)
VALUES(2067, 'D3012216E2C31845B0B1D81DC41376AA', '0', 'NL', 'NLD');
INSERT INTO TNHT_LITE(LITE_PK) VALUES('B6639B3D66344245B55AB851E947CCE0');
INSERT INTO TNHT_MULT(LITE_PK, LANG_PK, MULT_DESC)
VALUES('B6639B3D66344245B55AB851E947CCE0', 1033, 'Norwegian');
INSERT INTO TNHT_MULT(LITE_PK, LANG_PK, MULT_DESC)
VALUES('B6639B3D66344245B55AB851E947CCE0', 3082, 'Noruego');
INSERT INTO TNHT_MULT(LITE_PK, LANG_PK, MULT_DESC)
VALUES('B6639B3D66344245B55AB851E947CCE0', 2070, 'Norueguês');
INSERT INTO TNHT_MULT(LITE_PK, LANG_PK, MULT_DESC)
VALUES('B6639B3D66344245B55AB851E947CCE0', 1036, 'Norvégien');
INSERT INTO TNHT_MULT(LITE_PK, LANG_PK, MULT_DESC)
VALUES('B6639B3D66344245B55AB851E947CCE0', 1049, 'Норвежский');
INSERT INTO TNHT_LICL(LICL_PK, LITE_PK, LICL_PRIM, ISO_639Y1, ISO_639Y2)
VALUES(20, 'B6639B3D66344245B55AB851E947CCE0', '1', 'NB', 'NOB');
INSERT INTO TNHT_LITE(LITE_PK) VALUES('389CF86745928042BF84D34867B5B770');
INSERT INTO TNHT_MULT(LITE_PK, LANG_PK, MULT_DESC)
VALUES('389CF86745928042BF84D34867B5B770', 1033, 'Norwegian, Bokmål (Norway)');
INSERT INTO TNHT_MULT(LITE_PK, LANG_PK, MULT_DESC)
VALUES('389CF86745928042BF84D34867B5B770', 3082, 'Noruego, Bokmål (Norway)');
INSERT INTO TNHT_MULT(LITE_PK, LANG_PK, MULT_DESC)
VALUES('389CF86745928042BF84D34867B5B770', 2070, 'Norueguês, Bokmål (Norway)');
INSERT INTO TNHT_MULT(LITE_PK, LANG_PK, MULT_DESC)
VALUES('389CF86745928042BF84D34867B5B770', 1036, 'Norvégien, Bokmål (Norway)');
INSERT INTO TNHT_MULT(LITE_PK, LANG_PK, MULT_DESC)
VALUES('389CF86745928042BF84D34867B5B770', 1049, 'Норвежский (Норвегия)');
INSERT INTO TNHT_LICL(LICL_PK, LITE_PK, LICL_PRIM, ISO_639Y1, ISO_639Y2)
VALUES(1044, '389CF86745928042BF84D34867B5B770', '0', 'NB', 'NOB');
INSERT INTO TNHT_LITE(LITE_PK) VALUES('235B2C37703FC04381A9AC8AEF519C64');
INSERT INTO TNHT_MULT(LITE_PK, LANG_PK, MULT_DESC)
VALUES('235B2C37703FC04381A9AC8AEF519C64', 1033, 'Norwegian, Nynorsk (Norway)');
INSERT INTO TNHT_MULT(LITE_PK, LANG_PK, MULT_DESC)
VALUES('235B2C37703FC04381A9AC8AEF519C64', 3082, 'Noruego, Nynorsk (Norway)');
INSERT INTO TNHT_MULT(LITE_PK, LANG_PK, MULT_DESC)
VALUES('235B2C37703FC04381A9AC8AEF519C64', 2070, 'Norueguês, Nynorsk (Norway)');
INSERT INTO TNHT_MULT(LITE_PK, LANG_PK, MULT_DESC)
VALUES('235B2C37703FC04381A9AC8AEF519C64', 1036, 'Norvégien, Nynorsk (Norway)');
INSERT INTO TNHT_MULT(LITE_PK, LANG_PK, MULT_DESC)
VALUES('235B2C37703FC04381A9AC8AEF519C64', 1049, 'Норвежский, Нюнорск (Норвегия)');
INSERT INTO TNHT_LICL(LICL_PK, LITE_PK, LICL_PRIM, ISO_639Y1, ISO_639Y2)
VALUES(2068, '235B2C37703FC04381A9AC8AEF519C64', '0', 'NN', 'NNO');
INSERT INTO TNHT_LITE(LITE_PK) VALUES('808A2798BA0DE5449CFEB863038580B5');
INSERT INTO TNHT_MULT(LITE_PK, LANG_PK, MULT_DESC)
VALUES('808A2798BA0DE5449CFEB863038580B5', 1033, 'Norwegian (Nynorsk)');
INSERT INTO TNHT_MULT(LITE_PK, LANG_PK, MULT_DESC)
VALUES('808A2798BA0DE5449CFEB863038580B5', 3082, 'Noruego (Nynorsk)');
INSERT INTO TNHT_MULT(LITE_PK, LANG_PK, MULT_DESC)
VALUES('808A2798BA0DE5449CFEB863038580B5', 2070, 'Norueguês (Nynorsk)');
INSERT INTO TNHT_MULT(LITE_PK, LANG_PK, MULT_DESC)
VALUES('808A2798BA0DE5449CFEB863038580B5', 1036, 'Norvégien (Nynorsk)');
INSERT INTO TNHT_MULT(LITE_PK, LANG_PK, MULT_DESC)
VALUES('808A2798BA0DE5449CFEB863038580B5', 1049, 'Норвежский (Нюнорск)');
INSERT INTO TNHT_LICL(LICL_PK, LITE_PK, LICL_PRIM, ISO_639Y1, ISO_639Y2)
VALUES(30740, '808A2798BA0DE5449CFEB863038580B5', '0', 'NN', 'NNO');
INSERT INTO TNHT_LITE(LITE_PK) VALUES('2E4F519E6BA7C74A957ECF81C9728EA0');
INSERT INTO TNHT_MULT(LITE_PK, LANG_PK, MULT_DESC)
VALUES('2E4F519E6BA7C74A957ECF81C9728EA0', 1033, 'Norwegian (Bokmål)');
INSERT INTO TNHT_MULT(LITE_PK, LANG_PK, MULT_DESC)
VALUES('2E4F519E6BA7C74A957ECF81C9728EA0', 3082, 'Noruego (Bokmål)');
INSERT INTO TNHT_MULT(LITE_PK, LANG_PK, MULT_DESC)
VALUES('2E4F519E6BA7C74A957ECF81C9728EA0', 2070, 'Norueguês (Bokmål)');
INSERT INTO TNHT_MULT(LITE_PK, LANG_PK, MULT_DESC)
VALUES('2E4F519E6BA7C74A957ECF81C9728EA0', 1036, 'Norvégien (Bokmål)');
INSERT INTO TNHT_MULT(LITE_PK, LANG_PK, MULT_DESC)
VALUES('2E4F519E6BA7C74A957ECF81C9728EA0', 1049, 'Норвежский (Букмол)');
INSERT INTO TNHT_LICL(LICL_PK, LITE_PK, LICL_PRIM, ISO_639Y1, ISO_639Y2)
VALUES(31764, '2E4F519E6BA7C74A957ECF81C9728EA0', '0', 'NB', 'NOB');
INSERT INTO TNHT_LITE(LITE_PK) VALUES('3C0DE94F93CF354A8DD2A1864C8DCA10');
INSERT INTO TNHT_MULT(LITE_PK, LANG_PK, MULT_DESC)
VALUES('3C0DE94F93CF354A8DD2A1864C8DCA10', 1033, 'Polish');
INSERT INTO TNHT_MULT(LITE_PK, LANG_PK, MULT_DESC)
VALUES('3C0DE94F93CF354A8DD2A1864C8DCA10', 3082, 'Polaco');
INSERT INTO TNHT_MULT(LITE_PK, LANG_PK, MULT_DESC)
VALUES('3C0DE94F93CF354A8DD2A1864C8DCA10', 2070, 'Polaco');
INSERT INTO TNHT_MULT(LITE_PK, LANG_PK, MULT_DESC)
VALUES('3C0DE94F93CF354A8DD2A1864C8DCA10', 1036, 'Polonais');
INSERT INTO TNHT_MULT(LITE_PK, LANG_PK, MULT_DESC)
VALUES('3C0DE94F93CF354A8DD2A1864C8DCA10', 1049, 'Польский');
INSERT INTO TNHT_LICL(LICL_PK, LITE_PK, LICL_PRIM, ISO_639Y1, ISO_639Y2)
VALUES(21, '3C0DE94F93CF354A8DD2A1864C8DCA10', '1', 'PL', 'POL');
INSERT INTO TNHT_LITE(LITE_PK) VALUES('51D5F840C0BF314B990364E2823DCE7A');
INSERT INTO TNHT_MULT(LITE_PK, LANG_PK, MULT_DESC)
VALUES('51D5F840C0BF314B990364E2823DCE7A', 1033, 'Polish (Poland)');
INSERT INTO TNHT_MULT(LITE_PK, LANG_PK, MULT_DESC)
VALUES('51D5F840C0BF314B990364E2823DCE7A', 3082, 'Polaco (Poland)');
INSERT INTO TNHT_MULT(LITE_PK, LANG_PK, MULT_DESC)
VALUES('51D5F840C0BF314B990364E2823DCE7A', 2070, 'Polaco (Poland)');
INSERT INTO TNHT_MULT(LITE_PK, LANG_PK, MULT_DESC)
VALUES('51D5F840C0BF314B990364E2823DCE7A', 1036, 'Polonais (Poland)');
INSERT INTO TNHT_MULT(LITE_PK, LANG_PK, MULT_DESC)
VALUES('51D5F840C0BF314B990364E2823DCE7A', 1049, 'Польский (Польша)');
INSERT INTO TNHT_LICL(LICL_PK, LITE_PK, LICL_PRIM, ISO_639Y1, ISO_639Y2)
VALUES(1045, '51D5F840C0BF314B990364E2823DCE7A', '0', 'PL', 'POL');
INSERT INTO TNHT_LITE(LITE_PK) VALUES('90F49750C6EFCF4D84D7BDE4A987BDC8');
INSERT INTO TNHT_MULT(LITE_PK, LANG_PK, MULT_DESC)
VALUES('90F49750C6EFCF4D84D7BDE4A987BDC8', 1033, 'Portuguese');
INSERT INTO TNHT_MULT(LITE_PK, LANG_PK, MULT_DESC)
VALUES('90F49750C6EFCF4D84D7BDE4A987BDC8', 3082, 'Portugués');
INSERT INTO TNHT_MULT(LITE_PK, LANG_PK, MULT_DESC)
VALUES('90F49750C6EFCF4D84D7BDE4A987BDC8', 2070, 'Português');
INSERT INTO TNHT_MULT(LITE_PK, LANG_PK, MULT_DESC)
VALUES('90F49750C6EFCF4D84D7BDE4A987BDC8', 1036, 'Portugais');
INSERT INTO TNHT_MULT(LITE_PK, LANG_PK, MULT_DESC)
VALUES('90F49750C6EFCF4D84D7BDE4A987BDC8', 1049, 'Португальский');
INSERT INTO TNHT_LICL(LICL_PK, LITE_PK, LICL_PRIM, ISO_639Y1, ISO_639Y2)
VALUES(22, '90F49750C6EFCF4D84D7BDE4A987BDC8', '1', 'PT', 'POR');
INSERT INTO TNHT_LITE(LITE_PK) VALUES('7432D0C2DE195440B9238159640DB6FD');
INSERT INTO TNHT_MULT(LITE_PK, LANG_PK, MULT_DESC)
VALUES('7432D0C2DE195440B9238159640DB6FD', 1033, 'Portuguese (Brazil)');
INSERT INTO TNHT_MULT(LITE_PK, LANG_PK, MULT_DESC)
VALUES('7432D0C2DE195440B9238159640DB6FD', 3082, 'Portugués (Brazil)');
INSERT INTO TNHT_MULT(LITE_PK, LANG_PK, MULT_DESC)
VALUES('7432D0C2DE195440B9238159640DB6FD', 2070, 'Português (Brazil)');
INSERT INTO TNHT_MULT(LITE_PK, LANG_PK, MULT_DESC)
VALUES('7432D0C2DE195440B9238159640DB6FD', 1036, 'Portugais (Brazil)');
INSERT INTO TNHT_MULT(LITE_PK, LANG_PK, MULT_DESC)
VALUES('7432D0C2DE195440B9238159640DB6FD', 1049, 'Португальский (Бразилия)');
INSERT INTO TNHT_LICL(LICL_PK, LITE_PK, LICL_PRIM, ISO_639Y1, ISO_639Y2)
VALUES(1046, '7432D0C2DE195440B9238159640DB6FD', '0', 'PT', 'POR');
INSERT INTO TNHT_LITE(LITE_PK) VALUES('B95B96CE5A70D54B8A025CB1FE1E0D6F');
INSERT INTO TNHT_MULT(LITE_PK, LANG_PK, MULT_DESC)
VALUES('B95B96CE5A70D54B8A025CB1FE1E0D6F', 1033, 'Portuguese (Portugal)');
INSERT INTO TNHT_MULT(LITE_PK, LANG_PK, MULT_DESC)
VALUES('B95B96CE5A70D54B8A025CB1FE1E0D6F', 3082, 'Portugués (Portugal)');
INSERT INTO TNHT_MULT(LITE_PK, LANG_PK, MULT_DESC)
VALUES('B95B96CE5A70D54B8A025CB1FE1E0D6F', 2070, 'Português (Portugal)');
INSERT INTO TNHT_MULT(LITE_PK, LANG_PK, MULT_DESC)
VALUES('B95B96CE5A70D54B8A025CB1FE1E0D6F', 1036, 'Portugais (Portugal)');
INSERT INTO TNHT_MULT(LITE_PK, LANG_PK, MULT_DESC)
VALUES('B95B96CE5A70D54B8A025CB1FE1E0D6F', 1049, 'Португальский (Португалия)');
INSERT INTO TNHT_LICL(LICL_PK, LITE_PK, LICL_PRIM, ISO_639Y1, ISO_639Y2)
VALUES(2070, 'B95B96CE5A70D54B8A025CB1FE1E0D6F', '0', 'PT', 'POR');
INSERT INTO TNHT_LITE(LITE_PK) VALUES('AE99EFBB9DA6C44DA9526B96F47E3851');
INSERT INTO TNHT_MULT(LITE_PK, LANG_PK, MULT_DESC)
VALUES('AE99EFBB9DA6C44DA9526B96F47E3851', 1033, 'Romansh');
INSERT INTO TNHT_MULT(LITE_PK, LANG_PK, MULT_DESC)
VALUES('AE99EFBB9DA6C44DA9526B96F47E3851', 3082, 'Romaní');
INSERT INTO TNHT_MULT(LITE_PK, LANG_PK, MULT_DESC)
VALUES('AE99EFBB9DA6C44DA9526B96F47E3851', 2070, 'Romêno');
INSERT INTO TNHT_MULT(LITE_PK, LANG_PK, MULT_DESC)
VALUES('AE99EFBB9DA6C44DA9526B96F47E3851', 1036, 'Romanche');
INSERT INTO TNHT_MULT(LITE_PK, LANG_PK, MULT_DESC)
VALUES('AE99EFBB9DA6C44DA9526B96F47E3851', 1049, 'Ретороманский');
INSERT INTO TNHT_LICL(LICL_PK, LITE_PK, LICL_PRIM, ISO_639Y1, ISO_639Y2)
VALUES(23, 'AE99EFBB9DA6C44DA9526B96F47E3851', '1', 'RM', 'ROH');
INSERT INTO TNHT_LITE(LITE_PK) VALUES('AFAE990EA7969747A183A0D65C94AB4B');
INSERT INTO TNHT_MULT(LITE_PK, LANG_PK, MULT_DESC)
VALUES('AFAE990EA7969747A183A0D65C94AB4B', 1033, 'Romansh (Switzerland)');
INSERT INTO TNHT_MULT(LITE_PK, LANG_PK, MULT_DESC)
VALUES('AFAE990EA7969747A183A0D65C94AB4B', 3082, 'Romaní (Switzerland)');
INSERT INTO TNHT_MULT(LITE_PK, LANG_PK, MULT_DESC)
VALUES('AFAE990EA7969747A183A0D65C94AB4B', 2070, 'Romêno (Switzerland)');
INSERT INTO TNHT_MULT(LITE_PK, LANG_PK, MULT_DESC)
VALUES('AFAE990EA7969747A183A0D65C94AB4B', 1036, 'Romanche (Switzerland)');
INSERT INTO TNHT_MULT(LITE_PK, LANG_PK, MULT_DESC)
VALUES('AFAE990EA7969747A183A0D65C94AB4B', 1049, 'Ретеророманский (Швейцария)');
INSERT INTO TNHT_LICL(LICL_PK, LITE_PK, LICL_PRIM, ISO_639Y1, ISO_639Y2)
VALUES(1047, 'AFAE990EA7969747A183A0D65C94AB4B', '0', 'RM', 'ROH');
INSERT INTO TNHT_LITE(LITE_PK) VALUES('B559EF3DB09C6849A789C49AAFE0E5E4');
INSERT INTO TNHT_MULT(LITE_PK, LANG_PK, MULT_DESC)
VALUES('B559EF3DB09C6849A789C49AAFE0E5E4', 1033, 'Romanian');
INSERT INTO TNHT_MULT(LITE_PK, LANG_PK, MULT_DESC)
VALUES('B559EF3DB09C6849A789C49AAFE0E5E4', 3082, 'Rumano');
INSERT INTO TNHT_MULT(LITE_PK, LANG_PK, MULT_DESC)
VALUES('B559EF3DB09C6849A789C49AAFE0E5E4', 2070, 'Romêno');
INSERT INTO TNHT_MULT(LITE_PK, LANG_PK, MULT_DESC)
VALUES('B559EF3DB09C6849A789C49AAFE0E5E4', 1036, 'Roumain');
INSERT INTO TNHT_MULT(LITE_PK, LANG_PK, MULT_DESC)
VALUES('B559EF3DB09C6849A789C49AAFE0E5E4', 1049, 'Румынский');
INSERT INTO TNHT_LICL(LICL_PK, LITE_PK, LICL_PRIM, ISO_639Y1, ISO_639Y2)
VALUES(24, 'B559EF3DB09C6849A789C49AAFE0E5E4', '1', 'RO', 'RON');
INSERT INTO TNHT_LITE(LITE_PK) VALUES('CBEDE6410E5EA343ADF124073D35FF7B');
INSERT INTO TNHT_MULT(LITE_PK, LANG_PK, MULT_DESC)
VALUES('CBEDE6410E5EA343ADF124073D35FF7B', 1033, 'Romanian (Romania)');
INSERT INTO TNHT_MULT(LITE_PK, LANG_PK, MULT_DESC)
VALUES('CBEDE6410E5EA343ADF124073D35FF7B', 3082, 'Rumano (Romania)');
INSERT INTO TNHT_MULT(LITE_PK, LANG_PK, MULT_DESC)
VALUES('CBEDE6410E5EA343ADF124073D35FF7B', 2070, 'Romêno (Romania)');
INSERT INTO TNHT_MULT(LITE_PK, LANG_PK, MULT_DESC)
VALUES('CBEDE6410E5EA343ADF124073D35FF7B', 1036, 'Roumain (Romania)');
INSERT INTO TNHT_MULT(LITE_PK, LANG_PK, MULT_DESC)
VALUES('CBEDE6410E5EA343ADF124073D35FF7B', 1049, 'Румынский (Румыния)');
INSERT INTO TNHT_LICL(LICL_PK, LITE_PK, LICL_PRIM, ISO_639Y1, ISO_639Y2)
VALUES(1048, 'CBEDE6410E5EA343ADF124073D35FF7B', '0', 'RO', 'RON');
INSERT INTO TNHT_LITE(LITE_PK) VALUES('301CBAE510C31D48ACC95C01AABF215F');
INSERT INTO TNHT_MULT(LITE_PK, LANG_PK, MULT_DESC)
VALUES('301CBAE510C31D48ACC95C01AABF215F', 1033, 'Russian');
INSERT INTO TNHT_MULT(LITE_PK, LANG_PK, MULT_DESC)
VALUES('301CBAE510C31D48ACC95C01AABF215F', 3082, 'Ruso');
INSERT INTO TNHT_MULT(LITE_PK, LANG_PK, MULT_DESC)
VALUES('301CBAE510C31D48ACC95C01AABF215F', 2070, 'Russo');
INSERT INTO TNHT_MULT(LITE_PK, LANG_PK, MULT_DESC)
VALUES('301CBAE510C31D48ACC95C01AABF215F', 1036, 'Russe');
INSERT INTO TNHT_MULT(LITE_PK, LANG_PK, MULT_DESC)
VALUES('301CBAE510C31D48ACC95C01AABF215F', 1049, 'Русский');
INSERT INTO TNHT_LICL(LICL_PK, LITE_PK, LICL_PRIM, ISO_639Y1, ISO_639Y2)
VALUES(25, '301CBAE510C31D48ACC95C01AABF215F', '1', 'RU', 'RUS');
INSERT INTO TNHT_LITE(LITE_PK) VALUES('12BD1886DCE29248B75F420A33041502');
INSERT INTO TNHT_MULT(LITE_PK, LANG_PK, MULT_DESC)
VALUES('12BD1886DCE29248B75F420A33041502', 1033, 'Russian (Russia)');
INSERT INTO TNHT_MULT(LITE_PK, LANG_PK, MULT_DESC)
VALUES('12BD1886DCE29248B75F420A33041502', 3082, 'Ruso (Russia)');
INSERT INTO TNHT_MULT(LITE_PK, LANG_PK, MULT_DESC)
VALUES('12BD1886DCE29248B75F420A33041502', 2070, 'Russo (Russia)');
INSERT INTO TNHT_MULT(LITE_PK, LANG_PK, MULT_DESC)
VALUES('12BD1886DCE29248B75F420A33041502', 1036, 'Russe (Russia)');
INSERT INTO TNHT_MULT(LITE_PK, LANG_PK, MULT_DESC)
VALUES('12BD1886DCE29248B75F420A33041502', 1049, 'Русский (Россия)');
INSERT INTO TNHT_LICL(LICL_PK, LITE_PK, LICL_PRIM, ISO_639Y1, ISO_639Y2)
VALUES(1049, '12BD1886DCE29248B75F420A33041502', '0', 'RU', 'RUS');
INSERT INTO TNHT_LITE(LITE_PK) VALUES('6816BD0EF3FA31479C89112D75DB4398');
INSERT INTO TNHT_MULT(LITE_PK, LANG_PK, MULT_DESC)
VALUES('6816BD0EF3FA31479C89112D75DB4398', 1033, 'Croatian');
INSERT INTO TNHT_MULT(LITE_PK, LANG_PK, MULT_DESC)
VALUES('6816BD0EF3FA31479C89112D75DB4398', 3082, 'Croata');
INSERT INTO TNHT_MULT(LITE_PK, LANG_PK, MULT_DESC)
VALUES('6816BD0EF3FA31479C89112D75DB4398', 2070, 'Croata');
INSERT INTO TNHT_MULT(LITE_PK, LANG_PK, MULT_DESC)
VALUES('6816BD0EF3FA31479C89112D75DB4398', 1036, 'Croate');
INSERT INTO TNHT_MULT(LITE_PK, LANG_PK, MULT_DESC)
VALUES('6816BD0EF3FA31479C89112D75DB4398', 1049, 'Хорватский');
INSERT INTO TNHT_LICL(LICL_PK, LITE_PK, LICL_PRIM, ISO_639Y1, ISO_639Y2)
VALUES(26, '6816BD0EF3FA31479C89112D75DB4398', '1', 'HR', 'HRV');
INSERT INTO TNHT_LITE(LITE_PK) VALUES('5D5C9264BCA98640A7F0DFD3522AA3CB');
INSERT INTO TNHT_MULT(LITE_PK, LANG_PK, MULT_DESC)
VALUES('5D5C9264BCA98640A7F0DFD3522AA3CB', 1033, 'Croatian (Croatia)');
INSERT INTO TNHT_MULT(LITE_PK, LANG_PK, MULT_DESC)
VALUES('5D5C9264BCA98640A7F0DFD3522AA3CB', 3082, 'Croata (Croatia)');
INSERT INTO TNHT_MULT(LITE_PK, LANG_PK, MULT_DESC)
VALUES('5D5C9264BCA98640A7F0DFD3522AA3CB', 2070, 'Croata (Croatia)');
INSERT INTO TNHT_MULT(LITE_PK, LANG_PK, MULT_DESC)
VALUES('5D5C9264BCA98640A7F0DFD3522AA3CB', 1036, 'Croate (Croatia)');
INSERT INTO TNHT_MULT(LITE_PK, LANG_PK, MULT_DESC)
VALUES('5D5C9264BCA98640A7F0DFD3522AA3CB', 1049, 'Хорватский (Хорватия)');
INSERT INTO TNHT_LICL(LICL_PK, LITE_PK, LICL_PRIM, ISO_639Y1, ISO_639Y2)
VALUES(1050, '5D5C9264BCA98640A7F0DFD3522AA3CB', '0', 'HR', 'HRV');
INSERT INTO TNHT_LITE(LITE_PK) VALUES('BB6A920883CA394C9D6465F469B27DC2');
INSERT INTO TNHT_MULT(LITE_PK, LANG_PK, MULT_DESC)
VALUES('BB6A920883CA394C9D6465F469B27DC2', 1033, 'Croatian (Latin, Bosnia and Herzegovina)');
INSERT INTO TNHT_MULT(LITE_PK, LANG_PK, MULT_DESC)
VALUES('BB6A920883CA394C9D6465F469B27DC2', 3082, 'Croata (Latin, Bosnia and Herzegovina)');
INSERT INTO TNHT_MULT(LITE_PK, LANG_PK, MULT_DESC)
VALUES('BB6A920883CA394C9D6465F469B27DC2', 2070, 'Croata (Latin, Bosnia and Herzegovina)');
INSERT INTO TNHT_MULT(LITE_PK, LANG_PK, MULT_DESC)
VALUES('BB6A920883CA394C9D6465F469B27DC2', 1036, 'Croate (Latin, Bosnia and Herzegovina)');
INSERT INTO TNHT_MULT(LITE_PK, LANG_PK, MULT_DESC)
VALUES('BB6A920883CA394C9D6465F469B27DC2', 1049, 'Ховатский (Латиница, Босния и Герцеговина)');
INSERT INTO TNHT_LICL(LICL_PK, LITE_PK, LICL_PRIM, ISO_639Y1, ISO_639Y2)
VALUES(4122, 'BB6A920883CA394C9D6465F469B27DC2', '0', 'HR', 'HRB');
INSERT INTO TNHT_LITE(LITE_PK) VALUES('C0252A04785987439AC0192B3F89E379');
INSERT INTO TNHT_MULT(LITE_PK, LANG_PK, MULT_DESC)
VALUES('C0252A04785987439AC0192B3F89E379', 1033, 'Slovak');
INSERT INTO TNHT_MULT(LITE_PK, LANG_PK, MULT_DESC)
VALUES('C0252A04785987439AC0192B3F89E379', 3082, 'Eslovaco');
INSERT INTO TNHT_MULT(LITE_PK, LANG_PK, MULT_DESC)
VALUES('C0252A04785987439AC0192B3F89E379', 2070, 'Eslovaco');
INSERT INTO TNHT_MULT(LITE_PK, LANG_PK, MULT_DESC)
VALUES('C0252A04785987439AC0192B3F89E379', 1036, 'Slovaque');
INSERT INTO TNHT_MULT(LITE_PK, LANG_PK, MULT_DESC)
VALUES('C0252A04785987439AC0192B3F89E379', 1049, 'Словацкий');
INSERT INTO TNHT_LICL(LICL_PK, LITE_PK, LICL_PRIM, ISO_639Y1, ISO_639Y2)
VALUES(27, 'C0252A04785987439AC0192B3F89E379', '1', 'SK', 'SLK');
INSERT INTO TNHT_LITE(LITE_PK) VALUES('22212A643F30A444A7121390DC153145');
INSERT INTO TNHT_MULT(LITE_PK, LANG_PK, MULT_DESC)
VALUES('22212A643F30A444A7121390DC153145', 1033, 'Slovak (Slovakia)');
INSERT INTO TNHT_MULT(LITE_PK, LANG_PK, MULT_DESC)
VALUES('22212A643F30A444A7121390DC153145', 3082, 'Eslovaco (Slovakia)');
INSERT INTO TNHT_MULT(LITE_PK, LANG_PK, MULT_DESC)
VALUES('22212A643F30A444A7121390DC153145', 2070, 'Eslovaco (Slovakia)');
INSERT INTO TNHT_MULT(LITE_PK, LANG_PK, MULT_DESC)
VALUES('22212A643F30A444A7121390DC153145', 1036, 'Slovaque (Slovakia)');
INSERT INTO TNHT_MULT(LITE_PK, LANG_PK, MULT_DESC)
VALUES('22212A643F30A444A7121390DC153145', 1049, 'Словацкий (Словакия)');
INSERT INTO TNHT_LICL(LICL_PK, LITE_PK, LICL_PRIM, ISO_639Y1, ISO_639Y2)
VALUES(1051, '22212A643F30A444A7121390DC153145', '0', 'SK', 'SLK');
INSERT INTO TNHT_LITE(LITE_PK) VALUES('7A83941AD199394A9B42918BA6508451');
INSERT INTO TNHT_MULT(LITE_PK, LANG_PK, MULT_DESC)
VALUES('7A83941AD199394A9B42918BA6508451', 1033, 'Albanian');
INSERT INTO TNHT_MULT(LITE_PK, LANG_PK, MULT_DESC)
VALUES('7A83941AD199394A9B42918BA6508451', 3082, 'Albanés');
INSERT INTO TNHT_MULT(LITE_PK, LANG_PK, MULT_DESC)
VALUES('7A83941AD199394A9B42918BA6508451', 2070, 'Albanês');
INSERT INTO TNHT_MULT(LITE_PK, LANG_PK, MULT_DESC)
VALUES('7A83941AD199394A9B42918BA6508451', 1036, 'Albanais');
INSERT INTO TNHT_MULT(LITE_PK, LANG_PK, MULT_DESC)
VALUES('7A83941AD199394A9B42918BA6508451', 1049, 'Албанский');
INSERT INTO TNHT_LICL(LICL_PK, LITE_PK, LICL_PRIM, ISO_639Y1, ISO_639Y2)
VALUES(28, '7A83941AD199394A9B42918BA6508451', '1', 'SQ', 'SQI');
INSERT INTO TNHT_LITE(LITE_PK) VALUES('429FA8578958904E98C955D19F1C144C');
INSERT INTO TNHT_MULT(LITE_PK, LANG_PK, MULT_DESC)
VALUES('429FA8578958904E98C955D19F1C144C', 1033, 'Albanian (Albania)');
INSERT INTO TNHT_MULT(LITE_PK, LANG_PK, MULT_DESC)
VALUES('429FA8578958904E98C955D19F1C144C', 3082, 'Albanés (Albania)');
INSERT INTO TNHT_MULT(LITE_PK, LANG_PK, MULT_DESC)
VALUES('429FA8578958904E98C955D19F1C144C', 2070, 'Albanês (Albania)');
INSERT INTO TNHT_MULT(LITE_PK, LANG_PK, MULT_DESC)
VALUES('429FA8578958904E98C955D19F1C144C', 1036, 'Albanais (Albania)');
INSERT INTO TNHT_MULT(LITE_PK, LANG_PK, MULT_DESC)
VALUES('429FA8578958904E98C955D19F1C144C', 1049, 'Албанский (Албания)');
INSERT INTO TNHT_LICL(LICL_PK, LITE_PK, LICL_PRIM, ISO_639Y1, ISO_639Y2)
VALUES(1052, '429FA8578958904E98C955D19F1C144C', '0', 'SQ', 'SQI');
INSERT INTO TNHT_LITE(LITE_PK) VALUES('D2D8F74152E13349BC14D5F2B8B171B2');
INSERT INTO TNHT_MULT(LITE_PK, LANG_PK, MULT_DESC)
VALUES('D2D8F74152E13349BC14D5F2B8B171B2', 1033, 'Swedish');
INSERT INTO TNHT_MULT(LITE_PK, LANG_PK, MULT_DESC)
VALUES('D2D8F74152E13349BC14D5F2B8B171B2', 3082, 'Sueco');
INSERT INTO TNHT_MULT(LITE_PK, LANG_PK, MULT_DESC)
VALUES('D2D8F74152E13349BC14D5F2B8B171B2', 2070, 'Sueco');
INSERT INTO TNHT_MULT(LITE_PK, LANG_PK, MULT_DESC)
VALUES('D2D8F74152E13349BC14D5F2B8B171B2', 1036, 'Suédois');
INSERT INTO TNHT_MULT(LITE_PK, LANG_PK, MULT_DESC)
VALUES('D2D8F74152E13349BC14D5F2B8B171B2', 1049, 'Шведский');
INSERT INTO TNHT_LICL(LICL_PK, LITE_PK, LICL_PRIM, ISO_639Y1, ISO_639Y2)
VALUES(29, 'D2D8F74152E13349BC14D5F2B8B171B2', '1', 'SV', 'SWE');
INSERT INTO TNHT_LITE(LITE_PK) VALUES('D01A07027C7AEF46B1B97A5F488537A4');
INSERT INTO TNHT_MULT(LITE_PK, LANG_PK, MULT_DESC)
VALUES('D01A07027C7AEF46B1B97A5F488537A4', 1033, 'Swedish (Sweden)');
INSERT INTO TNHT_MULT(LITE_PK, LANG_PK, MULT_DESC)
VALUES('D01A07027C7AEF46B1B97A5F488537A4', 3082, 'Sueco (Sweden)');
INSERT INTO TNHT_MULT(LITE_PK, LANG_PK, MULT_DESC)
VALUES('D01A07027C7AEF46B1B97A5F488537A4', 2070, 'Sueco (Sweden)');
INSERT INTO TNHT_MULT(LITE_PK, LANG_PK, MULT_DESC)
VALUES('D01A07027C7AEF46B1B97A5F488537A4', 1036, 'Suédois (Sweden)');
INSERT INTO TNHT_MULT(LITE_PK, LANG_PK, MULT_DESC)
VALUES('D01A07027C7AEF46B1B97A5F488537A4', 1049, 'Шведский (Швеция)');
INSERT INTO TNHT_LICL(LICL_PK, LITE_PK, LICL_PRIM, ISO_639Y1, ISO_639Y2)
VALUES(1053, 'D01A07027C7AEF46B1B97A5F488537A4', '0', 'SV', 'SWE');
INSERT INTO TNHT_LITE(LITE_PK) VALUES('1306826AFE61C54897BC5DC1B788138C');
INSERT INTO TNHT_MULT(LITE_PK, LANG_PK, MULT_DESC)
VALUES('1306826AFE61C54897BC5DC1B788138C', 1033, 'Swedish (Finland)');
INSERT INTO TNHT_MULT(LITE_PK, LANG_PK, MULT_DESC)
VALUES('1306826AFE61C54897BC5DC1B788138C', 3082, 'Sueco (Finland)');
INSERT INTO TNHT_MULT(LITE_PK, LANG_PK, MULT_DESC)
VALUES('1306826AFE61C54897BC5DC1B788138C', 2070, 'Sueco (Finland)');
INSERT INTO TNHT_MULT(LITE_PK, LANG_PK, MULT_DESC)
VALUES('1306826AFE61C54897BC5DC1B788138C', 1036, 'Suédois (Finland)');
INSERT INTO TNHT_MULT(LITE_PK, LANG_PK, MULT_DESC)
VALUES('1306826AFE61C54897BC5DC1B788138C', 1049, 'Шведский (Финляндия)');
INSERT INTO TNHT_LICL(LICL_PK, LITE_PK, LICL_PRIM, ISO_639Y1, ISO_639Y2)
VALUES(2077, '1306826AFE61C54897BC5DC1B788138C', '0', 'SV', 'SWE');
INSERT INTO TNHT_LITE(LITE_PK) VALUES('3FA6C2F58E03424FA855540A63511823');
INSERT INTO TNHT_MULT(LITE_PK, LANG_PK, MULT_DESC)
VALUES('3FA6C2F58E03424FA855540A63511823', 1033, 'Thai');
INSERT INTO TNHT_MULT(LITE_PK, LANG_PK, MULT_DESC)
VALUES('3FA6C2F58E03424FA855540A63511823', 3082, 'Tailandés');
INSERT INTO TNHT_MULT(LITE_PK, LANG_PK, MULT_DESC)
VALUES('3FA6C2F58E03424FA855540A63511823', 2070, 'Tailandês');
INSERT INTO TNHT_MULT(LITE_PK, LANG_PK, MULT_DESC)
VALUES('3FA6C2F58E03424FA855540A63511823', 1036, 'Thaï');
INSERT INTO TNHT_MULT(LITE_PK, LANG_PK, MULT_DESC)
VALUES('3FA6C2F58E03424FA855540A63511823', 1049, 'Тайский');
INSERT INTO TNHT_LICL(LICL_PK, LITE_PK, LICL_PRIM, ISO_639Y1, ISO_639Y2)
VALUES(30, '3FA6C2F58E03424FA855540A63511823', '1', 'TH', 'THA');
INSERT INTO TNHT_LITE(LITE_PK) VALUES('223904C7CCAEC84F9AD7C8B75F5847A9');
INSERT INTO TNHT_MULT(LITE_PK, LANG_PK, MULT_DESC)
VALUES('223904C7CCAEC84F9AD7C8B75F5847A9', 1033, 'Thai (Thailand)');
INSERT INTO TNHT_MULT(LITE_PK, LANG_PK, MULT_DESC)
VALUES('223904C7CCAEC84F9AD7C8B75F5847A9', 3082, 'Tailandés (Thailand)');
INSERT INTO TNHT_MULT(LITE_PK, LANG_PK, MULT_DESC)
VALUES('223904C7CCAEC84F9AD7C8B75F5847A9', 2070, 'Tailandês (Thailand)');
INSERT INTO TNHT_MULT(LITE_PK, LANG_PK, MULT_DESC)
VALUES('223904C7CCAEC84F9AD7C8B75F5847A9', 1036, 'Thaï (Thailand)');
INSERT INTO TNHT_MULT(LITE_PK, LANG_PK, MULT_DESC)
VALUES('223904C7CCAEC84F9AD7C8B75F5847A9', 1049, 'Тайский (Тайланд)');
INSERT INTO TNHT_LICL(LICL_PK, LITE_PK, LICL_PRIM, ISO_639Y1, ISO_639Y2)
VALUES(1054, '223904C7CCAEC84F9AD7C8B75F5847A9', '0', 'TH', 'THA');
INSERT INTO TNHT_LITE(LITE_PK) VALUES('EBFD9ABBE4C24540A05199BEF0670639');
INSERT INTO TNHT_MULT(LITE_PK, LANG_PK, MULT_DESC)
VALUES('EBFD9ABBE4C24540A05199BEF0670639', 1033, 'Turkish');
INSERT INTO TNHT_MULT(LITE_PK, LANG_PK, MULT_DESC)
VALUES('EBFD9ABBE4C24540A05199BEF0670639', 3082, 'Turco');
INSERT INTO TNHT_MULT(LITE_PK, LANG_PK, MULT_DESC)
VALUES('EBFD9ABBE4C24540A05199BEF0670639', 2070, 'Turco');
INSERT INTO TNHT_MULT(LITE_PK, LANG_PK, MULT_DESC)
VALUES('EBFD9ABBE4C24540A05199BEF0670639', 1036, 'Turc');
INSERT INTO TNHT_MULT(LITE_PK, LANG_PK, MULT_DESC)
VALUES('EBFD9ABBE4C24540A05199BEF0670639', 1049, 'Турецкий');
INSERT INTO TNHT_LICL(LICL_PK, LITE_PK, LICL_PRIM, ISO_639Y1, ISO_639Y2)
VALUES(31, 'EBFD9ABBE4C24540A05199BEF0670639', '1', 'TR', 'TUR');
INSERT INTO TNHT_LITE(LITE_PK) VALUES('09C5684F17DE65449BD0A444C73A9E97');
INSERT INTO TNHT_MULT(LITE_PK, LANG_PK, MULT_DESC)
VALUES('09C5684F17DE65449BD0A444C73A9E97', 1033, 'Urdu');
INSERT INTO TNHT_MULT(LITE_PK, LANG_PK, MULT_DESC)
VALUES('09C5684F17DE65449BD0A444C73A9E97', 3082, 'Urdu');
INSERT INTO TNHT_MULT(LITE_PK, LANG_PK, MULT_DESC)
VALUES('09C5684F17DE65449BD0A444C73A9E97', 2070, 'Urdu');
INSERT INTO TNHT_MULT(LITE_PK, LANG_PK, MULT_DESC)
VALUES('09C5684F17DE65449BD0A444C73A9E97', 1036, 'Ourdou');
INSERT INTO TNHT_MULT(LITE_PK, LANG_PK, MULT_DESC)
VALUES('09C5684F17DE65449BD0A444C73A9E97', 1049, 'Урду');
INSERT INTO TNHT_LICL(LICL_PK, LITE_PK, LICL_PRIM, ISO_639Y1, ISO_639Y2)
VALUES(32, '09C5684F17DE65449BD0A444C73A9E97', '1', 'UR', 'URD');
INSERT INTO TNHT_LITE(LITE_PK) VALUES('E349CDFD2609894983C2ABFD91F22430');
INSERT INTO TNHT_MULT(LITE_PK, LANG_PK, MULT_DESC)
VALUES('E349CDFD2609894983C2ABFD91F22430', 1033, 'Turkish (Turkey)');
INSERT INTO TNHT_MULT(LITE_PK, LANG_PK, MULT_DESC)
VALUES('E349CDFD2609894983C2ABFD91F22430', 3082, 'Turco (Turkey)');
INSERT INTO TNHT_MULT(LITE_PK, LANG_PK, MULT_DESC)
VALUES('E349CDFD2609894983C2ABFD91F22430', 2070, 'Turco (Turkey)');
INSERT INTO TNHT_MULT(LITE_PK, LANG_PK, MULT_DESC)
VALUES('E349CDFD2609894983C2ABFD91F22430', 1036, 'Turc (Turkey)');
INSERT INTO TNHT_MULT(LITE_PK, LANG_PK, MULT_DESC)
VALUES('E349CDFD2609894983C2ABFD91F22430', 1049, 'Турецкий (Турция)');
INSERT INTO TNHT_LICL(LICL_PK, LITE_PK, LICL_PRIM, ISO_639Y1, ISO_639Y2)
VALUES(1055, 'E349CDFD2609894983C2ABFD91F22430', '0', 'TR', 'TUR');
INSERT INTO TNHT_LITE(LITE_PK) VALUES('E8C19263C6925A4382E9C57D68C54C86');
INSERT INTO TNHT_MULT(LITE_PK, LANG_PK, MULT_DESC)
VALUES('E8C19263C6925A4382E9C57D68C54C86', 1033, 'Urdu (Islamic Republic of Pakistan)');
INSERT INTO TNHT_MULT(LITE_PK, LANG_PK, MULT_DESC)
VALUES('E8C19263C6925A4382E9C57D68C54C86', 3082, 'Urdu (Islamic Republic of Pakistan)');
INSERT INTO TNHT_MULT(LITE_PK, LANG_PK, MULT_DESC)
VALUES('E8C19263C6925A4382E9C57D68C54C86', 2070, 'Urdu (Islamic Republic of Pakistan)');
INSERT INTO TNHT_MULT(LITE_PK, LANG_PK, MULT_DESC)
VALUES('E8C19263C6925A4382E9C57D68C54C86', 1036, 'Ourdou (Islamic Republic of Pakistan)');
INSERT INTO TNHT_MULT(LITE_PK, LANG_PK, MULT_DESC)
VALUES('E8C19263C6925A4382E9C57D68C54C86', 1049, 'Урду (Исламская Республика Пакистан)');
INSERT INTO TNHT_LICL(LICL_PK, LITE_PK, LICL_PRIM, ISO_639Y1, ISO_639Y2)
VALUES(1056, 'E8C19263C6925A4382E9C57D68C54C86', '0', 'UR', 'URD');
INSERT INTO TNHT_LITE(LITE_PK) VALUES('73CBDC96B776A74995A9D121E94B889A');
INSERT INTO TNHT_MULT(LITE_PK, LANG_PK, MULT_DESC)
VALUES('73CBDC96B776A74995A9D121E94B889A', 1033, 'Indonesian (Indonesia)');
INSERT INTO TNHT_MULT(LITE_PK, LANG_PK, MULT_DESC)
VALUES('73CBDC96B776A74995A9D121E94B889A', 3082, 'Indonesio (Indonesia)');
INSERT INTO TNHT_MULT(LITE_PK, LANG_PK, MULT_DESC)
VALUES('73CBDC96B776A74995A9D121E94B889A', 2070, 'Indonésio (Indonesia)');
INSERT INTO TNHT_MULT(LITE_PK, LANG_PK, MULT_DESC)
VALUES('73CBDC96B776A74995A9D121E94B889A', 1036, 'Indonésien (Indonesia)');
INSERT INTO TNHT_MULT(LITE_PK, LANG_PK, MULT_DESC)
VALUES('73CBDC96B776A74995A9D121E94B889A', 1049, 'Индонезийский (Индонезия)');
INSERT INTO TNHT_LICL(LICL_PK, LITE_PK, LICL_PRIM, ISO_639Y1, ISO_639Y2)
VALUES(1057, '73CBDC96B776A74995A9D121E94B889A', '0', 'ID', 'IND');
INSERT INTO TNHT_LITE(LITE_PK) VALUES('24E69272CB7D154DA7DD4536790D9C17');
INSERT INTO TNHT_MULT(LITE_PK, LANG_PK, MULT_DESC)
VALUES('24E69272CB7D154DA7DD4536790D9C17', 1033, 'Indonesian');
INSERT INTO TNHT_MULT(LITE_PK, LANG_PK, MULT_DESC)
VALUES('24E69272CB7D154DA7DD4536790D9C17', 3082, 'Indonesio');
INSERT INTO TNHT_MULT(LITE_PK, LANG_PK, MULT_DESC)
VALUES('24E69272CB7D154DA7DD4536790D9C17', 2070, 'Indonésio');
INSERT INTO TNHT_MULT(LITE_PK, LANG_PK, MULT_DESC)
VALUES('24E69272CB7D154DA7DD4536790D9C17', 1036, 'Indonésien');
INSERT INTO TNHT_MULT(LITE_PK, LANG_PK, MULT_DESC)
VALUES('24E69272CB7D154DA7DD4536790D9C17', 1049, 'Индонезийский');
INSERT INTO TNHT_LICL(LICL_PK, LITE_PK, LICL_PRIM, ISO_639Y1, ISO_639Y2)
VALUES(33, '24E69272CB7D154DA7DD4536790D9C17', '1', 'ID', 'IND');
INSERT INTO TNHT_LITE(LITE_PK) VALUES('F4567E2359928644AECC39677786FE97');
INSERT INTO TNHT_MULT(LITE_PK, LANG_PK, MULT_DESC)
VALUES('F4567E2359928644AECC39677786FE97', 1033, 'Ukrainian');
INSERT INTO TNHT_MULT(LITE_PK, LANG_PK, MULT_DESC)
VALUES('F4567E2359928644AECC39677786FE97', 3082, 'Ucraniano');
INSERT INTO TNHT_MULT(LITE_PK, LANG_PK, MULT_DESC)
VALUES('F4567E2359928644AECC39677786FE97', 2070, 'Ucraniano');
INSERT INTO TNHT_MULT(LITE_PK, LANG_PK, MULT_DESC)
VALUES('F4567E2359928644AECC39677786FE97', 1036, 'Ukrainien');
INSERT INTO TNHT_MULT(LITE_PK, LANG_PK, MULT_DESC)
VALUES('F4567E2359928644AECC39677786FE97', 1049, 'Украинский');
INSERT INTO TNHT_LICL(LICL_PK, LITE_PK, LICL_PRIM, ISO_639Y1, ISO_639Y2)
VALUES(34, 'F4567E2359928644AECC39677786FE97', '1', 'UK', 'UKR');
INSERT INTO TNHT_LITE(LITE_PK) VALUES('602A710B606D404EBA5D6C7FD618D232');
INSERT INTO TNHT_MULT(LITE_PK, LANG_PK, MULT_DESC)
VALUES('602A710B606D404EBA5D6C7FD618D232', 1033, 'Belarusian');
INSERT INTO TNHT_MULT(LITE_PK, LANG_PK, MULT_DESC)
VALUES('602A710B606D404EBA5D6C7FD618D232', 3082, 'Bieloruso');
INSERT INTO TNHT_MULT(LITE_PK, LANG_PK, MULT_DESC)
VALUES('602A710B606D404EBA5D6C7FD618D232', 2070, 'Bielorusso');
INSERT INTO TNHT_MULT(LITE_PK, LANG_PK, MULT_DESC)
VALUES('602A710B606D404EBA5D6C7FD618D232', 1036, 'Biélorusse');
INSERT INTO TNHT_MULT(LITE_PK, LANG_PK, MULT_DESC)
VALUES('602A710B606D404EBA5D6C7FD618D232', 1049, 'Белорусский');
INSERT INTO TNHT_LICL(LICL_PK, LITE_PK, LICL_PRIM, ISO_639Y1, ISO_639Y2)
VALUES(35, '602A710B606D404EBA5D6C7FD618D232', '1', 'BE', 'BEL');
INSERT INTO TNHT_LITE(LITE_PK) VALUES('A2C74BCC64F38C48BC22A3FB935B4ED4');
INSERT INTO TNHT_MULT(LITE_PK, LANG_PK, MULT_DESC)
VALUES('A2C74BCC64F38C48BC22A3FB935B4ED4', 1033, 'Slovenian');
INSERT INTO TNHT_MULT(LITE_PK, LANG_PK, MULT_DESC)
VALUES('A2C74BCC64F38C48BC22A3FB935B4ED4', 3082, 'Esloveno');
INSERT INTO TNHT_MULT(LITE_PK, LANG_PK, MULT_DESC)
VALUES('A2C74BCC64F38C48BC22A3FB935B4ED4', 2070, 'Eslovêno');
INSERT INTO TNHT_MULT(LITE_PK, LANG_PK, MULT_DESC)
VALUES('A2C74BCC64F38C48BC22A3FB935B4ED4', 1036, 'Slovène');
INSERT INTO TNHT_MULT(LITE_PK, LANG_PK, MULT_DESC)
VALUES('A2C74BCC64F38C48BC22A3FB935B4ED4', 1049, 'Словенский');
INSERT INTO TNHT_LICL(LICL_PK, LITE_PK, LICL_PRIM, ISO_639Y1, ISO_639Y2)
VALUES(36, 'A2C74BCC64F38C48BC22A3FB935B4ED4', '1', 'SL', 'SLV');
INSERT INTO TNHT_LITE(LITE_PK) VALUES('1BE4340EE425A84582850F061ECB7DC7');
INSERT INTO TNHT_MULT(LITE_PK, LANG_PK, MULT_DESC)
VALUES('1BE4340EE425A84582850F061ECB7DC7', 1033, 'Estonian');
INSERT INTO TNHT_MULT(LITE_PK, LANG_PK, MULT_DESC)
VALUES('1BE4340EE425A84582850F061ECB7DC7', 3082, 'Estonio');
INSERT INTO TNHT_MULT(LITE_PK, LANG_PK, MULT_DESC)
VALUES('1BE4340EE425A84582850F061ECB7DC7', 2070, 'Estoniano');
INSERT INTO TNHT_MULT(LITE_PK, LANG_PK, MULT_DESC)
VALUES('1BE4340EE425A84582850F061ECB7DC7', 1036, 'Estonien');
INSERT INTO TNHT_MULT(LITE_PK, LANG_PK, MULT_DESC)
VALUES('1BE4340EE425A84582850F061ECB7DC7', 1049, 'Эстонский');
INSERT INTO TNHT_LICL(LICL_PK, LITE_PK, LICL_PRIM, ISO_639Y1, ISO_639Y2)
VALUES(37, '1BE4340EE425A84582850F061ECB7DC7', '1', 'ET', 'EST');
INSERT INTO TNHT_LITE(LITE_PK) VALUES('6E382947A6B4A94B8792662476FB3E39');
INSERT INTO TNHT_MULT(LITE_PK, LANG_PK, MULT_DESC)
VALUES('6E382947A6B4A94B8792662476FB3E39', 1033, 'Latvian');
INSERT INTO TNHT_MULT(LITE_PK, LANG_PK, MULT_DESC)
VALUES('6E382947A6B4A94B8792662476FB3E39', 3082, 'Letón');
INSERT INTO TNHT_MULT(LITE_PK, LANG_PK, MULT_DESC)
VALUES('6E382947A6B4A94B8792662476FB3E39', 2070, 'Letão');
INSERT INTO TNHT_MULT(LITE_PK, LANG_PK, MULT_DESC)
VALUES('6E382947A6B4A94B8792662476FB3E39', 1036, 'Letton');
INSERT INTO TNHT_MULT(LITE_PK, LANG_PK, MULT_DESC)
VALUES('6E382947A6B4A94B8792662476FB3E39', 1049, 'Латвийский');
INSERT INTO TNHT_LICL(LICL_PK, LITE_PK, LICL_PRIM, ISO_639Y1, ISO_639Y2)
VALUES(38, '6E382947A6B4A94B8792662476FB3E39', '1', 'LV', 'LAV');
INSERT INTO TNHT_LITE(LITE_PK) VALUES('99ABD3C03D5DD248BFE5E18D642570DD');
INSERT INTO TNHT_MULT(LITE_PK, LANG_PK, MULT_DESC)
VALUES('99ABD3C03D5DD248BFE5E18D642570DD', 1033, 'Lithuanian');
INSERT INTO TNHT_MULT(LITE_PK, LANG_PK, MULT_DESC)
VALUES('99ABD3C03D5DD248BFE5E18D642570DD', 3082, 'Lituano');
INSERT INTO TNHT_MULT(LITE_PK, LANG_PK, MULT_DESC)
VALUES('99ABD3C03D5DD248BFE5E18D642570DD', 2070, 'Lituano');
INSERT INTO TNHT_MULT(LITE_PK, LANG_PK, MULT_DESC)
VALUES('99ABD3C03D5DD248BFE5E18D642570DD', 1036, 'Lituanien');
INSERT INTO TNHT_MULT(LITE_PK, LANG_PK, MULT_DESC)
VALUES('99ABD3C03D5DD248BFE5E18D642570DD', 1049, 'Литовский');
INSERT INTO TNHT_LICL(LICL_PK, LITE_PK, LICL_PRIM, ISO_639Y1, ISO_639Y2)
VALUES(39, '99ABD3C03D5DD248BFE5E18D642570DD', '1', 'LT', 'LIT');
INSERT INTO TNHT_LITE(LITE_PK) VALUES('F83F552FEAA15740B4FDF9BEF6765CA2');
INSERT INTO TNHT_MULT(LITE_PK, LANG_PK, MULT_DESC)
VALUES('F83F552FEAA15740B4FDF9BEF6765CA2', 1033, 'Tajik');
INSERT INTO TNHT_MULT(LITE_PK, LANG_PK, MULT_DESC)
VALUES('F83F552FEAA15740B4FDF9BEF6765CA2', 3082, 'Tajiko');
INSERT INTO TNHT_MULT(LITE_PK, LANG_PK, MULT_DESC)
VALUES('F83F552FEAA15740B4FDF9BEF6765CA2', 2070, 'Tajiko');
INSERT INTO TNHT_MULT(LITE_PK, LANG_PK, MULT_DESC)
VALUES('F83F552FEAA15740B4FDF9BEF6765CA2', 1036, 'Tadjik');
INSERT INTO TNHT_MULT(LITE_PK, LANG_PK, MULT_DESC)
VALUES('F83F552FEAA15740B4FDF9BEF6765CA2', 1049, 'Таджикский');
INSERT INTO TNHT_LICL(LICL_PK, LITE_PK, LICL_PRIM, ISO_639Y1, ISO_639Y2)
VALUES(40, 'F83F552FEAA15740B4FDF9BEF6765CA2', '1', 'TG', 'TGK');
INSERT INTO TNHT_LITE(LITE_PK) VALUES('B6A93F22CB50124080C6AC645F4A67F9');
INSERT INTO TNHT_MULT(LITE_PK, LANG_PK, MULT_DESC)
VALUES('B6A93F22CB50124080C6AC645F4A67F9', 1033, 'Persian');
INSERT INTO TNHT_MULT(LITE_PK, LANG_PK, MULT_DESC)
VALUES('B6A93F22CB50124080C6AC645F4A67F9', 3082, 'Persa');
INSERT INTO TNHT_MULT(LITE_PK, LANG_PK, MULT_DESC)
VALUES('B6A93F22CB50124080C6AC645F4A67F9', 2070, 'Persa');
INSERT INTO TNHT_MULT(LITE_PK, LANG_PK, MULT_DESC)
VALUES('B6A93F22CB50124080C6AC645F4A67F9', 1036, 'Persan');
INSERT INTO TNHT_MULT(LITE_PK, LANG_PK, MULT_DESC)
VALUES('B6A93F22CB50124080C6AC645F4A67F9', 1049, 'Персидский');
INSERT INTO TNHT_LICL(LICL_PK, LITE_PK, LICL_PRIM, ISO_639Y1, ISO_639Y2)
VALUES(41, 'B6A93F22CB50124080C6AC645F4A67F9', '1', 'FA', 'FAS');
INSERT INTO TNHT_LITE(LITE_PK) VALUES('9D5A2D764B018D42B9786D2EB65B67F8');
INSERT INTO TNHT_MULT(LITE_PK, LANG_PK, MULT_DESC)
VALUES('9D5A2D764B018D42B9786D2EB65B67F8', 1033, 'Vietnamese');
INSERT INTO TNHT_MULT(LITE_PK, LANG_PK, MULT_DESC)
VALUES('9D5A2D764B018D42B9786D2EB65B67F8', 3082, 'Vietnamita');
INSERT INTO TNHT_MULT(LITE_PK, LANG_PK, MULT_DESC)
VALUES('9D5A2D764B018D42B9786D2EB65B67F8', 2070, 'Vietnamita');
INSERT INTO TNHT_MULT(LITE_PK, LANG_PK, MULT_DESC)
VALUES('9D5A2D764B018D42B9786D2EB65B67F8', 1036, 'Vietnamien');
INSERT INTO TNHT_MULT(LITE_PK, LANG_PK, MULT_DESC)
VALUES('9D5A2D764B018D42B9786D2EB65B67F8', 1049, 'Вьетнамский');
INSERT INTO TNHT_LICL(LICL_PK, LITE_PK, LICL_PRIM, ISO_639Y1, ISO_639Y2)
VALUES(42, '9D5A2D764B018D42B9786D2EB65B67F8', '1', 'VI', 'VIE');
INSERT INTO TNHT_LITE(LITE_PK) VALUES('5CF40850BA2C0C4B8EABD537B313C751');
INSERT INTO TNHT_MULT(LITE_PK, LANG_PK, MULT_DESC)
VALUES('5CF40850BA2C0C4B8EABD537B313C751', 1033, 'Armenian');
INSERT INTO TNHT_MULT(LITE_PK, LANG_PK, MULT_DESC)
VALUES('5CF40850BA2C0C4B8EABD537B313C751', 3082, 'Armenio');
INSERT INTO TNHT_MULT(LITE_PK, LANG_PK, MULT_DESC)
VALUES('5CF40850BA2C0C4B8EABD537B313C751', 2070, 'Armênio');
INSERT INTO TNHT_MULT(LITE_PK, LANG_PK, MULT_DESC)
VALUES('5CF40850BA2C0C4B8EABD537B313C751', 1036, 'Arménien');
INSERT INTO TNHT_MULT(LITE_PK, LANG_PK, MULT_DESC)
VALUES('5CF40850BA2C0C4B8EABD537B313C751', 1049, 'Армянский');
INSERT INTO TNHT_LICL(LICL_PK, LITE_PK, LICL_PRIM, ISO_639Y1, ISO_639Y2)
VALUES(43, '5CF40850BA2C0C4B8EABD537B313C751', '1', 'HY', 'HYE');
INSERT INTO TNHT_LITE(LITE_PK) VALUES('F06CF5287FAD2D49B4C2B950C57739B0');
INSERT INTO TNHT_MULT(LITE_PK, LANG_PK, MULT_DESC)
VALUES('F06CF5287FAD2D49B4C2B950C57739B0', 1033, 'Azeri');
INSERT INTO TNHT_MULT(LITE_PK, LANG_PK, MULT_DESC)
VALUES('F06CF5287FAD2D49B4C2B950C57739B0', 3082, 'Azerbayano');
INSERT INTO TNHT_MULT(LITE_PK, LANG_PK, MULT_DESC)
VALUES('F06CF5287FAD2D49B4C2B950C57739B0', 2070, 'Azerbaijani');
INSERT INTO TNHT_MULT(LITE_PK, LANG_PK, MULT_DESC)
VALUES('F06CF5287FAD2D49B4C2B950C57739B0', 1036, 'Azéri');
INSERT INTO TNHT_MULT(LITE_PK, LANG_PK, MULT_DESC)
VALUES('F06CF5287FAD2D49B4C2B950C57739B0', 1049, 'Азербайджанский');
INSERT INTO TNHT_LICL(LICL_PK, LITE_PK, LICL_PRIM, ISO_639Y1, ISO_639Y2)
VALUES(44, 'F06CF5287FAD2D49B4C2B950C57739B0', '1', 'AZ', 'AZE');
INSERT INTO TNHT_LITE(LITE_PK) VALUES('0682142344C8FB41A520932A223BFCC6');
INSERT INTO TNHT_MULT(LITE_PK, LANG_PK, MULT_DESC)
VALUES('0682142344C8FB41A520932A223BFCC6', 1033, 'Ukrainian (Ukraine)');
INSERT INTO TNHT_MULT(LITE_PK, LANG_PK, MULT_DESC)
VALUES('0682142344C8FB41A520932A223BFCC6', 3082, 'Ucraniano (Ukraine)');
INSERT INTO TNHT_MULT(LITE_PK, LANG_PK, MULT_DESC)
VALUES('0682142344C8FB41A520932A223BFCC6', 2070, 'Ucraniano (Ukraine)');
INSERT INTO TNHT_MULT(LITE_PK, LANG_PK, MULT_DESC)
VALUES('0682142344C8FB41A520932A223BFCC6', 1036, 'Ukrainien (Ukraine)');
INSERT INTO TNHT_MULT(LITE_PK, LANG_PK, MULT_DESC)
VALUES('0682142344C8FB41A520932A223BFCC6', 1049, 'Украинский (Украина)');
INSERT INTO TNHT_LICL(LICL_PK, LITE_PK, LICL_PRIM, ISO_639Y1, ISO_639Y2)
VALUES(1058, '0682142344C8FB41A520932A223BFCC6', '0', 'UK', 'UKR');
INSERT INTO TNHT_LITE(LITE_PK) VALUES('5A72DA040483DF4790A1AA07E1BDB381');
INSERT INTO TNHT_MULT(LITE_PK, LANG_PK, MULT_DESC)
VALUES('5A72DA040483DF4790A1AA07E1BDB381', 1033, 'Belarusian (Belarus)');
INSERT INTO TNHT_MULT(LITE_PK, LANG_PK, MULT_DESC)
VALUES('5A72DA040483DF4790A1AA07E1BDB381', 3082, 'Bieloruso (Belarus)');
INSERT INTO TNHT_MULT(LITE_PK, LANG_PK, MULT_DESC)
VALUES('5A72DA040483DF4790A1AA07E1BDB381', 2070, 'Bielorusso (Belarus)');
INSERT INTO TNHT_MULT(LITE_PK, LANG_PK, MULT_DESC)
VALUES('5A72DA040483DF4790A1AA07E1BDB381', 1036, 'Biélorusse (Belarus)');
INSERT INTO TNHT_MULT(LITE_PK, LANG_PK, MULT_DESC)
VALUES('5A72DA040483DF4790A1AA07E1BDB381', 1049, 'Белорусский (Белоруссия)');
INSERT INTO TNHT_LICL(LICL_PK, LITE_PK, LICL_PRIM, ISO_639Y1, ISO_639Y2)
VALUES(1059, '5A72DA040483DF4790A1AA07E1BDB381', '0', 'BE', 'BEL');
INSERT INTO TNHT_LITE(LITE_PK) VALUES('950AC1E1657C074AA14C056501A5D0D4');
INSERT INTO TNHT_MULT(LITE_PK, LANG_PK, MULT_DESC)
VALUES('950AC1E1657C074AA14C056501A5D0D4', 1033, 'Slovenian (Slovenia)');
INSERT INTO TNHT_MULT(LITE_PK, LANG_PK, MULT_DESC)
VALUES('950AC1E1657C074AA14C056501A5D0D4', 3082, 'Esloveno (Slovenia)');
INSERT INTO TNHT_MULT(LITE_PK, LANG_PK, MULT_DESC)
VALUES('950AC1E1657C074AA14C056501A5D0D4', 2070, 'Eslovêno (Slovenia)');
INSERT INTO TNHT_MULT(LITE_PK, LANG_PK, MULT_DESC)
VALUES('950AC1E1657C074AA14C056501A5D0D4', 1036, 'Slovène (Slovenia)');
INSERT INTO TNHT_MULT(LITE_PK, LANG_PK, MULT_DESC)
VALUES('950AC1E1657C074AA14C056501A5D0D4', 1049, 'Словенский (Словения)');
INSERT INTO TNHT_LICL(LICL_PK, LITE_PK, LICL_PRIM, ISO_639Y1, ISO_639Y2)
VALUES(1060, '950AC1E1657C074AA14C056501A5D0D4', '0', 'SL', 'SLV');
INSERT INTO TNHT_LITE(LITE_PK) VALUES('5155C3AB71E78A4DA490850F0DAB4450');
INSERT INTO TNHT_MULT(LITE_PK, LANG_PK, MULT_DESC)
VALUES('5155C3AB71E78A4DA490850F0DAB4450', 1033, 'Estonian (Estonia)');
INSERT INTO TNHT_MULT(LITE_PK, LANG_PK, MULT_DESC)
VALUES('5155C3AB71E78A4DA490850F0DAB4450', 3082, 'Estonio (Estonia)');
INSERT INTO TNHT_MULT(LITE_PK, LANG_PK, MULT_DESC)
VALUES('5155C3AB71E78A4DA490850F0DAB4450', 2070, 'Estoniano (Estonia)');
INSERT INTO TNHT_MULT(LITE_PK, LANG_PK, MULT_DESC)
VALUES('5155C3AB71E78A4DA490850F0DAB4450', 1036, 'Estonien (Estonia)');
INSERT INTO TNHT_MULT(LITE_PK, LANG_PK, MULT_DESC)
VALUES('5155C3AB71E78A4DA490850F0DAB4450', 1049, 'Эстонский (Эстония)');
INSERT INTO TNHT_LICL(LICL_PK, LITE_PK, LICL_PRIM, ISO_639Y1, ISO_639Y2)
VALUES(1061, '5155C3AB71E78A4DA490850F0DAB4450', '0', 'ET', 'EST');
INSERT INTO TNHT_LITE(LITE_PK) VALUES('B43434545134664F9D5D76F92D411387');
INSERT INTO TNHT_MULT(LITE_PK, LANG_PK, MULT_DESC)
VALUES('B43434545134664F9D5D76F92D411387', 1033, 'Latvian (Latvia)');
INSERT INTO TNHT_MULT(LITE_PK, LANG_PK, MULT_DESC)
VALUES('B43434545134664F9D5D76F92D411387', 3082, 'Letón (Latvia)');
INSERT INTO TNHT_MULT(LITE_PK, LANG_PK, MULT_DESC)
VALUES('B43434545134664F9D5D76F92D411387', 2070, 'Letão (Latvia)');
INSERT INTO TNHT_MULT(LITE_PK, LANG_PK, MULT_DESC)
VALUES('B43434545134664F9D5D76F92D411387', 1036, 'Letton (Latvia)');
INSERT INTO TNHT_MULT(LITE_PK, LANG_PK, MULT_DESC)
VALUES('B43434545134664F9D5D76F92D411387', 1049, 'Латвийский (Латвия)');
INSERT INTO TNHT_LICL(LICL_PK, LITE_PK, LICL_PRIM, ISO_639Y1, ISO_639Y2)
VALUES(1062, 'B43434545134664F9D5D76F92D411387', '0', 'LV', 'LAV');
INSERT INTO TNHT_LITE(LITE_PK) VALUES('4597006F9DABC345907D4DBFA8FD0155');
INSERT INTO TNHT_MULT(LITE_PK, LANG_PK, MULT_DESC)
VALUES('4597006F9DABC345907D4DBFA8FD0155', 1033, 'Lithuanian (Lithuania)');
INSERT INTO TNHT_MULT(LITE_PK, LANG_PK, MULT_DESC)
VALUES('4597006F9DABC345907D4DBFA8FD0155', 3082, 'Lituano (Lithuania)');
INSERT INTO TNHT_MULT(LITE_PK, LANG_PK, MULT_DESC)
VALUES('4597006F9DABC345907D4DBFA8FD0155', 2070, 'Lituano (Lithuania)');
INSERT INTO TNHT_MULT(LITE_PK, LANG_PK, MULT_DESC)
VALUES('4597006F9DABC345907D4DBFA8FD0155', 1036, 'Lituanien (Lithuania)');
INSERT INTO TNHT_MULT(LITE_PK, LANG_PK, MULT_DESC)
VALUES('4597006F9DABC345907D4DBFA8FD0155', 1049, 'Литовский (Литва)');
INSERT INTO TNHT_LICL(LICL_PK, LITE_PK, LICL_PRIM, ISO_639Y1, ISO_639Y2)
VALUES(1063, '4597006F9DABC345907D4DBFA8FD0155', '0', 'LT', 'LIT');
INSERT INTO TNHT_LITE(LITE_PK) VALUES('D8DE4B24ACE13E48BFC2B8FC0D5F44C2');
INSERT INTO TNHT_MULT(LITE_PK, LANG_PK, MULT_DESC)
VALUES('D8DE4B24ACE13E48BFC2B8FC0D5F44C2', 1033, 'Tajik (Cyrillic, Tajikistan)');
INSERT INTO TNHT_MULT(LITE_PK, LANG_PK, MULT_DESC)
VALUES('D8DE4B24ACE13E48BFC2B8FC0D5F44C2', 3082, 'Tajiko (Cyrillic, Tajikistan)');
INSERT INTO TNHT_MULT(LITE_PK, LANG_PK, MULT_DESC)
VALUES('D8DE4B24ACE13E48BFC2B8FC0D5F44C2', 2070, 'Tajiko (Cyrillic, Tajikistan)');
INSERT INTO TNHT_MULT(LITE_PK, LANG_PK, MULT_DESC)
VALUES('D8DE4B24ACE13E48BFC2B8FC0D5F44C2', 1036, 'Tadjik (Cyrillic, Tajikistan)');
INSERT INTO TNHT_MULT(LITE_PK, LANG_PK, MULT_DESC)
VALUES('D8DE4B24ACE13E48BFC2B8FC0D5F44C2', 1049, 'Таджикский (Кириллица, Таджикистан)');
INSERT INTO TNHT_LICL(LICL_PK, LITE_PK, LICL_PRIM, ISO_639Y1, ISO_639Y2)
VALUES(1064, 'D8DE4B24ACE13E48BFC2B8FC0D5F44C2', '0', 'TG', 'TGK');
INSERT INTO TNHT_LITE(LITE_PK) VALUES('690DFA3E7B3A324A832F78E32C35DAE4');
INSERT INTO TNHT_MULT(LITE_PK, LANG_PK, MULT_DESC)
VALUES('690DFA3E7B3A324A832F78E32C35DAE4', 1033, 'Persian');
INSERT INTO TNHT_MULT(LITE_PK, LANG_PK, MULT_DESC)
VALUES('690DFA3E7B3A324A832F78E32C35DAE4', 3082, 'Persa');
INSERT INTO TNHT_MULT(LITE_PK, LANG_PK, MULT_DESC)
VALUES('690DFA3E7B3A324A832F78E32C35DAE4', 2070, 'Persa');
INSERT INTO TNHT_MULT(LITE_PK, LANG_PK, MULT_DESC)
VALUES('690DFA3E7B3A324A832F78E32C35DAE4', 1036, 'Persan');
INSERT INTO TNHT_MULT(LITE_PK, LANG_PK, MULT_DESC)
VALUES('690DFA3E7B3A324A832F78E32C35DAE4', 1049, 'Персидский');
INSERT INTO TNHT_LICL(LICL_PK, LITE_PK, LICL_PRIM, ISO_639Y1, ISO_639Y2)
VALUES(1065, '690DFA3E7B3A324A832F78E32C35DAE4', '0', 'FA', 'FAS');
INSERT INTO TNHT_LITE(LITE_PK) VALUES('0D1AF086521A18459F5225F834838211');
INSERT INTO TNHT_MULT(LITE_PK, LANG_PK, MULT_DESC)
VALUES('0D1AF086521A18459F5225F834838211', 1033, 'Vietnamese (Vietnam)');
INSERT INTO TNHT_MULT(LITE_PK, LANG_PK, MULT_DESC)
VALUES('0D1AF086521A18459F5225F834838211', 3082, 'Vietnamita (Vietnam)');
INSERT INTO TNHT_MULT(LITE_PK, LANG_PK, MULT_DESC)
VALUES('0D1AF086521A18459F5225F834838211', 2070, 'Vietnamita (Vietnam)');
INSERT INTO TNHT_MULT(LITE_PK, LANG_PK, MULT_DESC)
VALUES('0D1AF086521A18459F5225F834838211', 1036, 'Vietnamien (Vietnam)');
INSERT INTO TNHT_MULT(LITE_PK, LANG_PK, MULT_DESC)
VALUES('0D1AF086521A18459F5225F834838211', 1049, 'Вьетнамский (Вьетнам)');
INSERT INTO TNHT_LICL(LICL_PK, LITE_PK, LICL_PRIM, ISO_639Y1, ISO_639Y2)
VALUES(1066, '0D1AF086521A18459F5225F834838211', '0', 'VI', 'VIE');
INSERT INTO TNHT_LITE(LITE_PK) VALUES('3BF636D347B64046AE29B698F67FB2D4');
INSERT INTO TNHT_MULT(LITE_PK, LANG_PK, MULT_DESC)
VALUES('3BF636D347B64046AE29B698F67FB2D4', 1033, 'Armenian (Armenia)');
INSERT INTO TNHT_MULT(LITE_PK, LANG_PK, MULT_DESC)
VALUES('3BF636D347B64046AE29B698F67FB2D4', 3082, 'Armenio (Armenia)');
INSERT INTO TNHT_MULT(LITE_PK, LANG_PK, MULT_DESC)
VALUES('3BF636D347B64046AE29B698F67FB2D4', 2070, 'Armênio (Armenia)');
INSERT INTO TNHT_MULT(LITE_PK, LANG_PK, MULT_DESC)
VALUES('3BF636D347B64046AE29B698F67FB2D4', 1036, 'Arménien (Armenia)');
INSERT INTO TNHT_MULT(LITE_PK, LANG_PK, MULT_DESC)
VALUES('3BF636D347B64046AE29B698F67FB2D4', 1049, 'Армянский (Армения)');
INSERT INTO TNHT_LICL(LICL_PK, LITE_PK, LICL_PRIM, ISO_639Y1, ISO_639Y2)
VALUES(1067, '3BF636D347B64046AE29B698F67FB2D4', '0', 'HY', 'HYE');
INSERT INTO TNHT_LITE(LITE_PK) VALUES('F66D2B008403704DA7AAC5E0C1AC11FA');
INSERT INTO TNHT_MULT(LITE_PK, LANG_PK, MULT_DESC)
VALUES('F66D2B008403704DA7AAC5E0C1AC11FA', 1033, 'Azeri (Latin, Azerbaijan)');
INSERT INTO TNHT_MULT(LITE_PK, LANG_PK, MULT_DESC)
VALUES('F66D2B008403704DA7AAC5E0C1AC11FA', 3082, 'Azerbayano (Latin, Azerbaijan)');
INSERT INTO TNHT_MULT(LITE_PK, LANG_PK, MULT_DESC)
VALUES('F66D2B008403704DA7AAC5E0C1AC11FA', 2070, 'Azerbaijani (Latin, Azerbaijan)');
INSERT INTO TNHT_MULT(LITE_PK, LANG_PK, MULT_DESC)
VALUES('F66D2B008403704DA7AAC5E0C1AC11FA', 1036, 'Azéri (Latin, Azerbaijan)');
INSERT INTO TNHT_MULT(LITE_PK, LANG_PK, MULT_DESC)
VALUES('F66D2B008403704DA7AAC5E0C1AC11FA', 1049, 'Азербайджанский (Латинский, Азербайджан)');
INSERT INTO TNHT_LICL(LICL_PK, LITE_PK, LICL_PRIM, ISO_639Y1, ISO_639Y2)
VALUES(1068, 'F66D2B008403704DA7AAC5E0C1AC11FA', '0', 'AZ', 'AZE');
INSERT INTO TNHT_LITE(LITE_PK) VALUES('60D37482414A8443B014F08B30800108');
INSERT INTO TNHT_MULT(LITE_PK, LANG_PK, MULT_DESC)
VALUES('60D37482414A8443B014F08B30800108', 1033, 'Tajik (Cyrillic)');
INSERT INTO TNHT_MULT(LITE_PK, LANG_PK, MULT_DESC)
VALUES('60D37482414A8443B014F08B30800108', 3082, 'Tajiko (Cyrillic)');
INSERT INTO TNHT_MULT(LITE_PK, LANG_PK, MULT_DESC)
VALUES('60D37482414A8443B014F08B30800108', 2070, 'Tajiko (Cyrillic)');
INSERT INTO TNHT_MULT(LITE_PK, LANG_PK, MULT_DESC)
VALUES('60D37482414A8443B014F08B30800108', 1036, 'Tadjik (Cyrillic)');
INSERT INTO TNHT_MULT(LITE_PK, LANG_PK, MULT_DESC)
VALUES('60D37482414A8443B014F08B30800108', 1049, 'Таджикский (Кирилица)');
INSERT INTO TNHT_LICL(LICL_PK, LITE_PK, LICL_PRIM, ISO_639Y1, ISO_639Y2)
VALUES(31784, '60D37482414A8443B014F08B30800108', '0', 'TG', 'TGK');
INSERT INTO TNHT_LITE(LITE_PK) VALUES('390E51247E535D488A5C3C23385FECC0');
INSERT INTO TNHT_MULT(LITE_PK, LANG_PK, MULT_DESC)
VALUES('390E51247E535D488A5C3C23385FECC0', 1033, 'Azeri (Cyrillic, Azerbaijan)');
INSERT INTO TNHT_MULT(LITE_PK, LANG_PK, MULT_DESC)
VALUES('390E51247E535D488A5C3C23385FECC0', 3082, 'Azerbayano (Cyrillic, Azerbaijan)');
INSERT INTO TNHT_MULT(LITE_PK, LANG_PK, MULT_DESC)
VALUES('390E51247E535D488A5C3C23385FECC0', 2070, 'Azerbaijani (Cyrillic, Azerbaijan)');
INSERT INTO TNHT_MULT(LITE_PK, LANG_PK, MULT_DESC)
VALUES('390E51247E535D488A5C3C23385FECC0', 1036, 'Azéri (Cyrillic, Azerbaijan)');
INSERT INTO TNHT_MULT(LITE_PK, LANG_PK, MULT_DESC)
VALUES('390E51247E535D488A5C3C23385FECC0', 1049, 'Азербайджанский (Кирилица, Азербайджан)');
INSERT INTO TNHT_LICL(LICL_PK, LITE_PK, LICL_PRIM, ISO_639Y1, ISO_639Y2)
VALUES(2092, '390E51247E535D488A5C3C23385FECC0', '0', 'AZ', 'AZE');
INSERT INTO TNHT_LITE(LITE_PK) VALUES('9D0857CE79C8A14E9B145945AB117F18');
INSERT INTO TNHT_MULT(LITE_PK, LANG_PK, MULT_DESC)
VALUES('9D0857CE79C8A14E9B145945AB117F18', 1033, 'Azeri (Cyrillic)');
INSERT INTO TNHT_MULT(LITE_PK, LANG_PK, MULT_DESC)
VALUES('9D0857CE79C8A14E9B145945AB117F18', 3082, 'Azerbayano (Cyrillic)');
INSERT INTO TNHT_MULT(LITE_PK, LANG_PK, MULT_DESC)
VALUES('9D0857CE79C8A14E9B145945AB117F18', 2070, 'Azerbaijani (Cyrillic)');
INSERT INTO TNHT_MULT(LITE_PK, LANG_PK, MULT_DESC)
VALUES('9D0857CE79C8A14E9B145945AB117F18', 1036, 'Azéri (Cyrillic)');
INSERT INTO TNHT_MULT(LITE_PK, LANG_PK, MULT_DESC)
VALUES('9D0857CE79C8A14E9B145945AB117F18', 1049, 'Азербайджанский (Кирилица)');
INSERT INTO TNHT_LICL(LICL_PK, LITE_PK, LICL_PRIM, ISO_639Y1, ISO_639Y2)
VALUES(29740, '9D0857CE79C8A14E9B145945AB117F18', '0', 'AZ', 'AZE');
INSERT INTO TNHT_LITE(LITE_PK) VALUES('07F0F6FF45A3B44AAEAC5747494AA747');
INSERT INTO TNHT_MULT(LITE_PK, LANG_PK, MULT_DESC)
VALUES('07F0F6FF45A3B44AAEAC5747494AA747', 1033, 'Azeri (Latin)');
INSERT INTO TNHT_MULT(LITE_PK, LANG_PK, MULT_DESC)
VALUES('07F0F6FF45A3B44AAEAC5747494AA747', 3082, 'Azerbayano (Latin)');
INSERT INTO TNHT_MULT(LITE_PK, LANG_PK, MULT_DESC)
VALUES('07F0F6FF45A3B44AAEAC5747494AA747', 2070, 'Azerbaijani (Latin)');
INSERT INTO TNHT_MULT(LITE_PK, LANG_PK, MULT_DESC)
VALUES('07F0F6FF45A3B44AAEAC5747494AA747', 1036, 'Azéri (Latin)');
INSERT INTO TNHT_MULT(LITE_PK, LANG_PK, MULT_DESC)
VALUES('07F0F6FF45A3B44AAEAC5747494AA747', 1049, 'Азербайджанский (Латиница)');
INSERT INTO TNHT_LICL(LICL_PK, LITE_PK, LICL_PRIM, ISO_639Y1, ISO_639Y2)
VALUES(30764, '07F0F6FF45A3B44AAEAC5747494AA747', '0', 'AZ', 'AZE');
INSERT INTO TNHT_LITE(LITE_PK) VALUES('2553141C3747344797D30B5C88FAB48C');
INSERT INTO TNHT_MULT(LITE_PK, LANG_PK, MULT_DESC)
VALUES('2553141C3747344797D30B5C88FAB48C', 1033, 'Basque');
INSERT INTO TNHT_MULT(LITE_PK, LANG_PK, MULT_DESC)
VALUES('2553141C3747344797D30B5C88FAB48C', 3082, 'Vasco');
INSERT INTO TNHT_MULT(LITE_PK, LANG_PK, MULT_DESC)
VALUES('2553141C3747344797D30B5C88FAB48C', 2070, 'Basco');
INSERT INTO TNHT_MULT(LITE_PK, LANG_PK, MULT_DESC)
VALUES('2553141C3747344797D30B5C88FAB48C', 1036, 'Basque');
INSERT INTO TNHT_MULT(LITE_PK, LANG_PK, MULT_DESC)
VALUES('2553141C3747344797D30B5C88FAB48C', 1049, 'Баскский');
INSERT INTO TNHT_LICL(LICL_PK, LITE_PK, LICL_PRIM, ISO_639Y1, ISO_639Y2)
VALUES(45, '2553141C3747344797D30B5C88FAB48C', '1', 'EU', 'EUS');
INSERT INTO TNHT_LITE(LITE_PK) VALUES('1D6E7E41A92A804484186DA774A980DE');
INSERT INTO TNHT_MULT(LITE_PK, LANG_PK, MULT_DESC)
VALUES('1D6E7E41A92A804484186DA774A980DE', 1033, 'Macedonian');
INSERT INTO TNHT_MULT(LITE_PK, LANG_PK, MULT_DESC)
VALUES('1D6E7E41A92A804484186DA774A980DE', 3082, 'Macedonio');
INSERT INTO TNHT_MULT(LITE_PK, LANG_PK, MULT_DESC)
VALUES('1D6E7E41A92A804484186DA774A980DE', 2070, 'Macedônio');
INSERT INTO TNHT_MULT(LITE_PK, LANG_PK, MULT_DESC)
VALUES('1D6E7E41A92A804484186DA774A980DE', 1036, 'Macédonien');
INSERT INTO TNHT_MULT(LITE_PK, LANG_PK, MULT_DESC)
VALUES('1D6E7E41A92A804484186DA774A980DE', 1049, 'Македонский');
INSERT INTO TNHT_LICL(LICL_PK, LITE_PK, LICL_PRIM, ISO_639Y1, ISO_639Y2)
VALUES(47, '1D6E7E41A92A804484186DA774A980DE', '1', 'MK', 'MKD');
INSERT INTO TNHT_LITE(LITE_PK) VALUES('551EEC64F5E5314EA01C1943B8A14092');
INSERT INTO TNHT_MULT(LITE_PK, LANG_PK, MULT_DESC)
VALUES('551EEC64F5E5314EA01C1943B8A14092', 1033, 'Setswana');
INSERT INTO TNHT_MULT(LITE_PK, LANG_PK, MULT_DESC)
VALUES('551EEC64F5E5314EA01C1943B8A14092', 3082, 'Setchwana');
INSERT INTO TNHT_MULT(LITE_PK, LANG_PK, MULT_DESC)
VALUES('551EEC64F5E5314EA01C1943B8A14092', 2070, 'Setswana');
INSERT INTO TNHT_MULT(LITE_PK, LANG_PK, MULT_DESC)
VALUES('551EEC64F5E5314EA01C1943B8A14092', 1036, 'Setswana');
INSERT INTO TNHT_MULT(LITE_PK, LANG_PK, MULT_DESC)
VALUES('551EEC64F5E5314EA01C1943B8A14092', 1049, 'Сетсвана');
INSERT INTO TNHT_LICL(LICL_PK, LITE_PK, LICL_PRIM, ISO_639Y1, ISO_639Y2)
VALUES(50, '551EEC64F5E5314EA01C1943B8A14092', '1', 'TN', 'TSN');
INSERT INTO TNHT_LITE(LITE_PK) VALUES('7BBEB4B44DF6D74AB4541E37959AB15D');
INSERT INTO TNHT_MULT(LITE_PK, LANG_PK, MULT_DESC)
VALUES('7BBEB4B44DF6D74AB4541E37959AB15D', 1033, 'Xhosa');
INSERT INTO TNHT_MULT(LITE_PK, LANG_PK, MULT_DESC)
VALUES('7BBEB4B44DF6D74AB4541E37959AB15D', 3082, 'Xhosa');
INSERT INTO TNHT_MULT(LITE_PK, LANG_PK, MULT_DESC)
VALUES('7BBEB4B44DF6D74AB4541E37959AB15D', 2070, 'Xosa');
INSERT INTO TNHT_MULT(LITE_PK, LANG_PK, MULT_DESC)
VALUES('7BBEB4B44DF6D74AB4541E37959AB15D', 1036, 'Xhosa');
INSERT INTO TNHT_MULT(LITE_PK, LANG_PK, MULT_DESC)
VALUES('7BBEB4B44DF6D74AB4541E37959AB15D', 1049, 'Коса');
INSERT INTO TNHT_LICL(LICL_PK, LITE_PK, LICL_PRIM, ISO_639Y1, ISO_639Y2)
VALUES(52, '7BBEB4B44DF6D74AB4541E37959AB15D', '1', 'XH', 'XHO');
INSERT INTO TNHT_LITE(LITE_PK) VALUES('2195B881E96A0D478FA99F1A4884CC6B');
INSERT INTO TNHT_MULT(LITE_PK, LANG_PK, MULT_DESC)
VALUES('2195B881E96A0D478FA99F1A4884CC6B', 1033, 'Zulu');
INSERT INTO TNHT_MULT(LITE_PK, LANG_PK, MULT_DESC)
VALUES('2195B881E96A0D478FA99F1A4884CC6B', 3082, 'Zulu');
INSERT INTO TNHT_MULT(LITE_PK, LANG_PK, MULT_DESC)
VALUES('2195B881E96A0D478FA99F1A4884CC6B', 2070, 'Zulu');
INSERT INTO TNHT_MULT(LITE_PK, LANG_PK, MULT_DESC)
VALUES('2195B881E96A0D478FA99F1A4884CC6B', 1036, 'Zoulou');
INSERT INTO TNHT_MULT(LITE_PK, LANG_PK, MULT_DESC)
VALUES('2195B881E96A0D478FA99F1A4884CC6B', 1049, 'Зулу');
INSERT INTO TNHT_LICL(LICL_PK, LITE_PK, LICL_PRIM, ISO_639Y1, ISO_639Y2)
VALUES(53, '2195B881E96A0D478FA99F1A4884CC6B', '1', 'ZU', 'ZUL');
INSERT INTO TNHT_LITE(LITE_PK) VALUES('CF5E342FECC93C40ADC7F7721F4D1279');
INSERT INTO TNHT_MULT(LITE_PK, LANG_PK, MULT_DESC)
VALUES('CF5E342FECC93C40ADC7F7721F4D1279', 1033, 'Afrikaans');
INSERT INTO TNHT_MULT(LITE_PK, LANG_PK, MULT_DESC)
VALUES('CF5E342FECC93C40ADC7F7721F4D1279', 3082, 'Afrikaans');
INSERT INTO TNHT_MULT(LITE_PK, LANG_PK, MULT_DESC)
VALUES('CF5E342FECC93C40ADC7F7721F4D1279', 2070, 'Africanos');
INSERT INTO TNHT_MULT(LITE_PK, LANG_PK, MULT_DESC)
VALUES('CF5E342FECC93C40ADC7F7721F4D1279', 1036, 'Afrikaans');
INSERT INTO TNHT_MULT(LITE_PK, LANG_PK, MULT_DESC)
VALUES('CF5E342FECC93C40ADC7F7721F4D1279', 1049, 'Африкаанс');
INSERT INTO TNHT_LICL(LICL_PK, LITE_PK, LICL_PRIM, ISO_639Y1, ISO_639Y2)
VALUES(54, 'CF5E342FECC93C40ADC7F7721F4D1279', '1', 'AF', 'AFR');
INSERT INTO TNHT_LITE(LITE_PK) VALUES('63D0EFE996414746B590BF9E7B625F9D');
INSERT INTO TNHT_MULT(LITE_PK, LANG_PK, MULT_DESC)
VALUES('63D0EFE996414746B590BF9E7B625F9D', 1033, 'Georgian');
INSERT INTO TNHT_MULT(LITE_PK, LANG_PK, MULT_DESC)
VALUES('63D0EFE996414746B590BF9E7B625F9D', 3082, 'Georgiano');
INSERT INTO TNHT_MULT(LITE_PK, LANG_PK, MULT_DESC)
VALUES('63D0EFE996414746B590BF9E7B625F9D', 2070, 'Georgiano');
INSERT INTO TNHT_MULT(LITE_PK, LANG_PK, MULT_DESC)
VALUES('63D0EFE996414746B590BF9E7B625F9D', 1036, 'Géorgien');
INSERT INTO TNHT_MULT(LITE_PK, LANG_PK, MULT_DESC)
VALUES('63D0EFE996414746B590BF9E7B625F9D', 1049, 'Грузинский');
INSERT INTO TNHT_LICL(LICL_PK, LITE_PK, LICL_PRIM, ISO_639Y1, ISO_639Y2)
VALUES(55, '63D0EFE996414746B590BF9E7B625F9D', '1', 'KA', 'KAT');
INSERT INTO TNHT_LITE(LITE_PK) VALUES('FF7337537A66D44E864589F87F23E6DD');
INSERT INTO TNHT_MULT(LITE_PK, LANG_PK, MULT_DESC)
VALUES('FF7337537A66D44E864589F87F23E6DD', 1033, 'Faroese');
INSERT INTO TNHT_MULT(LITE_PK, LANG_PK, MULT_DESC)
VALUES('FF7337537A66D44E864589F87F23E6DD', 3082, 'Feroés');
INSERT INTO TNHT_MULT(LITE_PK, LANG_PK, MULT_DESC)
VALUES('FF7337537A66D44E864589F87F23E6DD', 2070, 'Faroês');
INSERT INTO TNHT_MULT(LITE_PK, LANG_PK, MULT_DESC)
VALUES('FF7337537A66D44E864589F87F23E6DD', 1036, 'Féroïen');
INSERT INTO TNHT_MULT(LITE_PK, LANG_PK, MULT_DESC)
VALUES('FF7337537A66D44E864589F87F23E6DD', 1049, 'Фарерский');
INSERT INTO TNHT_LICL(LICL_PK, LITE_PK, LICL_PRIM, ISO_639Y1, ISO_639Y2)
VALUES(56, 'FF7337537A66D44E864589F87F23E6DD', '1', 'FO', 'FAO');
INSERT INTO TNHT_LITE(LITE_PK) VALUES('F010972AEEB7A9498B4BC8CA76C297D7');
INSERT INTO TNHT_MULT(LITE_PK, LANG_PK, MULT_DESC)
VALUES('F010972AEEB7A9498B4BC8CA76C297D7', 1033, 'Hindi');
INSERT INTO TNHT_MULT(LITE_PK, LANG_PK, MULT_DESC)
VALUES('F010972AEEB7A9498B4BC8CA76C297D7', 3082, 'Hindi');
INSERT INTO TNHT_MULT(LITE_PK, LANG_PK, MULT_DESC)
VALUES('F010972AEEB7A9498B4BC8CA76C297D7', 2070, 'Hindi');
INSERT INTO TNHT_MULT(LITE_PK, LANG_PK, MULT_DESC)
VALUES('F010972AEEB7A9498B4BC8CA76C297D7', 1036, 'Hindi');
INSERT INTO TNHT_MULT(LITE_PK, LANG_PK, MULT_DESC)
VALUES('F010972AEEB7A9498B4BC8CA76C297D7', 1049, 'Хинди');
INSERT INTO TNHT_LICL(LICL_PK, LITE_PK, LICL_PRIM, ISO_639Y1, ISO_639Y2)
VALUES(57, 'F010972AEEB7A9498B4BC8CA76C297D7', '1', 'HI', 'HIN');
INSERT INTO TNHT_LITE(LITE_PK) VALUES('22A3E9D7EFF3E6448AA52365B0F252DF');
INSERT INTO TNHT_MULT(LITE_PK, LANG_PK, MULT_DESC)
VALUES('22A3E9D7EFF3E6448AA52365B0F252DF', 1033, 'Maltese');
INSERT INTO TNHT_MULT(LITE_PK, LANG_PK, MULT_DESC)
VALUES('22A3E9D7EFF3E6448AA52365B0F252DF', 3082, 'Maltés');
INSERT INTO TNHT_MULT(LITE_PK, LANG_PK, MULT_DESC)
VALUES('22A3E9D7EFF3E6448AA52365B0F252DF', 2070, 'Maltés');
INSERT INTO TNHT_MULT(LITE_PK, LANG_PK, MULT_DESC)
VALUES('22A3E9D7EFF3E6448AA52365B0F252DF', 1036, 'Maltais');
INSERT INTO TNHT_MULT(LITE_PK, LANG_PK, MULT_DESC)
VALUES('22A3E9D7EFF3E6448AA52365B0F252DF', 1049, 'Мальтийский');
INSERT INTO TNHT_LICL(LICL_PK, LITE_PK, LICL_PRIM, ISO_639Y1, ISO_639Y2)
VALUES(58, '22A3E9D7EFF3E6448AA52365B0F252DF', '1', 'MT', 'MLT');
INSERT INTO TNHT_LITE(LITE_PK) VALUES('1C51637037AE614C94415B0A813FB662');
INSERT INTO TNHT_MULT(LITE_PK, LANG_PK, MULT_DESC)
VALUES('1C51637037AE614C94415B0A813FB662', 1033, 'Basque (Basque)');
INSERT INTO TNHT_MULT(LITE_PK, LANG_PK, MULT_DESC)
VALUES('1C51637037AE614C94415B0A813FB662', 3082, 'Vasco (Basque)');
INSERT INTO TNHT_MULT(LITE_PK, LANG_PK, MULT_DESC)
VALUES('1C51637037AE614C94415B0A813FB662', 2070, 'Basco (Basque)');
INSERT INTO TNHT_MULT(LITE_PK, LANG_PK, MULT_DESC)
VALUES('1C51637037AE614C94415B0A813FB662', 1036, 'Basque (Basque)');
INSERT INTO TNHT_MULT(LITE_PK, LANG_PK, MULT_DESC)
VALUES('1C51637037AE614C94415B0A813FB662', 1049, 'Баскский (Басков)');
INSERT INTO TNHT_LICL(LICL_PK, LITE_PK, LICL_PRIM, ISO_639Y1, ISO_639Y2)
VALUES(1069, '1C51637037AE614C94415B0A813FB662', '0', 'EU', 'EUS');
INSERT INTO TNHT_LITE(LITE_PK) VALUES('C53BD7F028D261449E5D055AAE359C3C');
INSERT INTO TNHT_MULT(LITE_PK, LANG_PK, MULT_DESC)
VALUES('C53BD7F028D261449E5D055AAE359C3C', 1033, 'Macedonian (Former Yugoslav Republic of Macedonia)');
INSERT INTO TNHT_MULT(LITE_PK, LANG_PK, MULT_DESC)
VALUES('C53BD7F028D261449E5D055AAE359C3C', 3082, 'Macedonio (Former Yugoslav Republic of Macedonia)');
INSERT INTO TNHT_MULT(LITE_PK, LANG_PK, MULT_DESC)
VALUES('C53BD7F028D261449E5D055AAE359C3C', 2070, 'Macedônio (Former Yugoslav Republic of Macedonia)');
INSERT INTO TNHT_MULT(LITE_PK, LANG_PK, MULT_DESC)
VALUES('C53BD7F028D261449E5D055AAE359C3C', 1036, 'Macédonien (Former Yugoslav Republic of Macedonia)');
INSERT INTO TNHT_MULT(LITE_PK, LANG_PK, MULT_DESC)
VALUES('C53BD7F028D261449E5D055AAE359C3C', 1049, 'Македонский (бывшая Югославская Республика Македония)');
INSERT INTO TNHT_LICL(LICL_PK, LITE_PK, LICL_PRIM, ISO_639Y1, ISO_639Y2)
VALUES(1071, 'C53BD7F028D261449E5D055AAE359C3C', '0', 'MK', 'MKD');
INSERT INTO TNHT_LITE(LITE_PK) VALUES('29C9C90907A06546A09BE21D59B2181F');
INSERT INTO TNHT_MULT(LITE_PK, LANG_PK, MULT_DESC)
VALUES('29C9C90907A06546A09BE21D59B2181F', 1033, 'Setswana (South Africa)');
INSERT INTO TNHT_MULT(LITE_PK, LANG_PK, MULT_DESC)
VALUES('29C9C90907A06546A09BE21D59B2181F', 3082, 'Setchwana (South Africa)');
INSERT INTO TNHT_MULT(LITE_PK, LANG_PK, MULT_DESC)
VALUES('29C9C90907A06546A09BE21D59B2181F', 2070, 'Setswana (South Africa)');
INSERT INTO TNHT_MULT(LITE_PK, LANG_PK, MULT_DESC)
VALUES('29C9C90907A06546A09BE21D59B2181F', 1036, 'Setswana (South Africa)');
INSERT INTO TNHT_MULT(LITE_PK, LANG_PK, MULT_DESC)
VALUES('29C9C90907A06546A09BE21D59B2181F', 1049, 'Сетсвана (Южная Африка)');
INSERT INTO TNHT_LICL(LICL_PK, LITE_PK, LICL_PRIM, ISO_639Y1, ISO_639Y2)
VALUES(1074, '29C9C90907A06546A09BE21D59B2181F', '0', 'TN', 'TSN');
INSERT INTO TNHT_LITE(LITE_PK) VALUES('3413953302AAF94A973D952946D27559');
INSERT INTO TNHT_MULT(LITE_PK, LANG_PK, MULT_DESC)
VALUES('3413953302AAF94A973D952946D27559', 1033, 'Xhosa (South Africa)');
INSERT INTO TNHT_MULT(LITE_PK, LANG_PK, MULT_DESC)
VALUES('3413953302AAF94A973D952946D27559', 3082, 'Xhosa (South Africa)');
INSERT INTO TNHT_MULT(LITE_PK, LANG_PK, MULT_DESC)
VALUES('3413953302AAF94A973D952946D27559', 2070, 'Xosa (South Africa)');
INSERT INTO TNHT_MULT(LITE_PK, LANG_PK, MULT_DESC)
VALUES('3413953302AAF94A973D952946D27559', 1036, 'Xhosa (South Africa)');
INSERT INTO TNHT_MULT(LITE_PK, LANG_PK, MULT_DESC)
VALUES('3413953302AAF94A973D952946D27559', 1049, 'Коса (Южная Африка)');
INSERT INTO TNHT_LICL(LICL_PK, LITE_PK, LICL_PRIM, ISO_639Y1, ISO_639Y2)
VALUES(1076, '3413953302AAF94A973D952946D27559', '0', 'XH', 'XHO');
INSERT INTO TNHT_LITE(LITE_PK) VALUES('EA3BDE79AEEBE44995A3F0821EDDD11C');
INSERT INTO TNHT_MULT(LITE_PK, LANG_PK, MULT_DESC)
VALUES('EA3BDE79AEEBE44995A3F0821EDDD11C', 1033, 'Zulu (South Africa)');
INSERT INTO TNHT_MULT(LITE_PK, LANG_PK, MULT_DESC)
VALUES('EA3BDE79AEEBE44995A3F0821EDDD11C', 3082, 'Zulu (South Africa)');
INSERT INTO TNHT_MULT(LITE_PK, LANG_PK, MULT_DESC)
VALUES('EA3BDE79AEEBE44995A3F0821EDDD11C', 2070, 'Zulu (South Africa)');
INSERT INTO TNHT_MULT(LITE_PK, LANG_PK, MULT_DESC)
VALUES('EA3BDE79AEEBE44995A3F0821EDDD11C', 1036, 'Zoulou (South Africa)');
INSERT INTO TNHT_MULT(LITE_PK, LANG_PK, MULT_DESC)
VALUES('EA3BDE79AEEBE44995A3F0821EDDD11C', 1049, 'Зулу (Южная Африка)');
INSERT INTO TNHT_LICL(LICL_PK, LITE_PK, LICL_PRIM, ISO_639Y1, ISO_639Y2)
VALUES(1077, 'EA3BDE79AEEBE44995A3F0821EDDD11C', '0', 'ZU', 'ZUL');
INSERT INTO TNHT_LITE(LITE_PK) VALUES('DE863325D0E96B43816A5D95DFBC549B');
INSERT INTO TNHT_MULT(LITE_PK, LANG_PK, MULT_DESC)
VALUES('DE863325D0E96B43816A5D95DFBC549B', 1033, 'Afrikaans (South Africa)');
INSERT INTO TNHT_MULT(LITE_PK, LANG_PK, MULT_DESC)
VALUES('DE863325D0E96B43816A5D95DFBC549B', 3082, 'Afrikaans (South Africa)');
INSERT INTO TNHT_MULT(LITE_PK, LANG_PK, MULT_DESC)
VALUES('DE863325D0E96B43816A5D95DFBC549B', 2070, 'Africanos (South Africa)');
INSERT INTO TNHT_MULT(LITE_PK, LANG_PK, MULT_DESC)
VALUES('DE863325D0E96B43816A5D95DFBC549B', 1036, 'Afrikaans (South Africa)');
INSERT INTO TNHT_MULT(LITE_PK, LANG_PK, MULT_DESC)
VALUES('DE863325D0E96B43816A5D95DFBC549B', 1049, 'Африкаанс (Южная Африка)');
INSERT INTO TNHT_LICL(LICL_PK, LITE_PK, LICL_PRIM, ISO_639Y1, ISO_639Y2)
VALUES(1078, 'DE863325D0E96B43816A5D95DFBC549B', '0', 'AF', 'AFR');
INSERT INTO TNHT_LITE(LITE_PK) VALUES('BC36BF294403694E902666C2549EC242');
INSERT INTO TNHT_MULT(LITE_PK, LANG_PK, MULT_DESC)
VALUES('BC36BF294403694E902666C2549EC242', 1033, 'Georgian (Georgia)');
INSERT INTO TNHT_MULT(LITE_PK, LANG_PK, MULT_DESC)
VALUES('BC36BF294403694E902666C2549EC242', 3082, 'Georgiano (Georgia)');
INSERT INTO TNHT_MULT(LITE_PK, LANG_PK, MULT_DESC)
VALUES('BC36BF294403694E902666C2549EC242', 2070, 'Georgiano (Georgia)');
INSERT INTO TNHT_MULT(LITE_PK, LANG_PK, MULT_DESC)
VALUES('BC36BF294403694E902666C2549EC242', 1036, 'Géorgien (Georgia)');
INSERT INTO TNHT_MULT(LITE_PK, LANG_PK, MULT_DESC)
VALUES('BC36BF294403694E902666C2549EC242', 1049, 'Грузинский (Грузия)');
INSERT INTO TNHT_LICL(LICL_PK, LITE_PK, LICL_PRIM, ISO_639Y1, ISO_639Y2)
VALUES(1079, 'BC36BF294403694E902666C2549EC242', '0', 'KA', 'KAT');
INSERT INTO TNHT_LITE(LITE_PK) VALUES('F734A88D63A94B4F95189B076F2B3413');
INSERT INTO TNHT_MULT(LITE_PK, LANG_PK, MULT_DESC)
VALUES('F734A88D63A94B4F95189B076F2B3413', 1033, 'Faroese (Faroe Islands)');
INSERT INTO TNHT_MULT(LITE_PK, LANG_PK, MULT_DESC)
VALUES('F734A88D63A94B4F95189B076F2B3413', 3082, 'Feroés (Faroe Islands)');
INSERT INTO TNHT_MULT(LITE_PK, LANG_PK, MULT_DESC)
VALUES('F734A88D63A94B4F95189B076F2B3413', 2070, 'Faroês (Faroe Islands)');
INSERT INTO TNHT_MULT(LITE_PK, LANG_PK, MULT_DESC)
VALUES('F734A88D63A94B4F95189B076F2B3413', 1036, 'Féroïen (Faroe Islands)');
INSERT INTO TNHT_MULT(LITE_PK, LANG_PK, MULT_DESC)
VALUES('F734A88D63A94B4F95189B076F2B3413', 1049, 'Фарерский (Фарерские острова)');
INSERT INTO TNHT_LICL(LICL_PK, LITE_PK, LICL_PRIM, ISO_639Y1, ISO_639Y2)
VALUES(1080, 'F734A88D63A94B4F95189B076F2B3413', '0', 'FO', 'FAO');
INSERT INTO TNHT_LITE(LITE_PK) VALUES('3BCC4FC1FF5A6D42B906554263E0D88F');
INSERT INTO TNHT_MULT(LITE_PK, LANG_PK, MULT_DESC)
VALUES('3BCC4FC1FF5A6D42B906554263E0D88F', 1033, 'Hindi (India)');
INSERT INTO TNHT_MULT(LITE_PK, LANG_PK, MULT_DESC)
VALUES('3BCC4FC1FF5A6D42B906554263E0D88F', 3082, 'Hindi (India)');
INSERT INTO TNHT_MULT(LITE_PK, LANG_PK, MULT_DESC)
VALUES('3BCC4FC1FF5A6D42B906554263E0D88F', 2070, 'Hindi (India)');
INSERT INTO TNHT_MULT(LITE_PK, LANG_PK, MULT_DESC)
VALUES('3BCC4FC1FF5A6D42B906554263E0D88F', 1036, 'Hindi (India)');
INSERT INTO TNHT_MULT(LITE_PK, LANG_PK, MULT_DESC)
VALUES('3BCC4FC1FF5A6D42B906554263E0D88F', 1049, 'Хинди (Индия)');
INSERT INTO TNHT_LICL(LICL_PK, LITE_PK, LICL_PRIM, ISO_639Y1, ISO_639Y2)
VALUES(1081, '3BCC4FC1FF5A6D42B906554263E0D88F', '0', 'HI', 'HIN');
INSERT INTO TNHT_LITE(LITE_PK) VALUES('8CE12F22D164A14C9A097860CA9D119B');
INSERT INTO TNHT_MULT(LITE_PK, LANG_PK, MULT_DESC)
VALUES('8CE12F22D164A14C9A097860CA9D119B', 1033, 'Maltese (Malta)');
INSERT INTO TNHT_MULT(LITE_PK, LANG_PK, MULT_DESC)
VALUES('8CE12F22D164A14C9A097860CA9D119B', 3082, 'Maltés (Malta)');
INSERT INTO TNHT_MULT(LITE_PK, LANG_PK, MULT_DESC)
VALUES('8CE12F22D164A14C9A097860CA9D119B', 2070, 'Maltés (Malta)');
INSERT INTO TNHT_MULT(LITE_PK, LANG_PK, MULT_DESC)
VALUES('8CE12F22D164A14C9A097860CA9D119B', 1036, 'Maltais (Malta)');
INSERT INTO TNHT_MULT(LITE_PK, LANG_PK, MULT_DESC)
VALUES('8CE12F22D164A14C9A097860CA9D119B', 1049, 'Мальтийский (Мальта)');
INSERT INTO TNHT_LICL(LICL_PK, LITE_PK, LICL_PRIM, ISO_639Y1, ISO_639Y2)
VALUES(1082, '8CE12F22D164A14C9A097860CA9D119B', '0', 'MT', 'MLT');
INSERT INTO TNHT_LITE(LITE_PK) VALUES('81571C1310EAF94183D4A8749FE25493');
INSERT INTO TNHT_MULT(LITE_PK, LANG_PK, MULT_DESC)
VALUES('81571C1310EAF94183D4A8749FE25493', 1033, 'Sami (Northern)');
INSERT INTO TNHT_MULT(LITE_PK, LANG_PK, MULT_DESC)
VALUES('81571C1310EAF94183D4A8749FE25493', 3082, 'Sami (Norte)');
INSERT INTO TNHT_MULT(LITE_PK, LANG_PK, MULT_DESC)
VALUES('81571C1310EAF94183D4A8749FE25493', 2070, 'Sami (Norte)');
INSERT INTO TNHT_MULT(LITE_PK, LANG_PK, MULT_DESC)
VALUES('81571C1310EAF94183D4A8749FE25493', 1036, 'Sami (Nord)');
INSERT INTO TNHT_MULT(LITE_PK, LANG_PK, MULT_DESC)
VALUES('81571C1310EAF94183D4A8749FE25493', 1049, 'Сами (Северный)');
INSERT INTO TNHT_LICL(LICL_PK, LITE_PK, LICL_PRIM, ISO_639Y1, ISO_639Y2)
VALUES(59, '81571C1310EAF94183D4A8749FE25493', '1', 'SE', 'SME');
INSERT INTO TNHT_LITE(LITE_PK) VALUES('9BBC90B4BDDC024F89A41B51F3A1BC84');
INSERT INTO TNHT_MULT(LITE_PK, LANG_PK, MULT_DESC)
VALUES('9BBC90B4BDDC024F89A41B51F3A1BC84', 1033, 'Sami, Northern (Norway)');
INSERT INTO TNHT_MULT(LITE_PK, LANG_PK, MULT_DESC)
VALUES('9BBC90B4BDDC024F89A41B51F3A1BC84', 3082, 'Sami, Norte (Norway)');
INSERT INTO TNHT_MULT(LITE_PK, LANG_PK, MULT_DESC)
VALUES('9BBC90B4BDDC024F89A41B51F3A1BC84', 2070, 'Sami, Norte (Norway)');
INSERT INTO TNHT_MULT(LITE_PK, LANG_PK, MULT_DESC)
VALUES('9BBC90B4BDDC024F89A41B51F3A1BC84', 1036, 'Sami, Nord (Norway)');
INSERT INTO TNHT_MULT(LITE_PK, LANG_PK, MULT_DESC)
VALUES('9BBC90B4BDDC024F89A41B51F3A1BC84', 1049, 'Сами, Северный (Норвегия)');
INSERT INTO TNHT_LICL(LICL_PK, LITE_PK, LICL_PRIM, ISO_639Y1, ISO_639Y2)
VALUES(1083, '9BBC90B4BDDC024F89A41B51F3A1BC84', '0', 'SE', 'SME');
INSERT INTO TNHT_LITE(LITE_PK) VALUES('7B69F0F354C74C47838A8CB782FE8A93');
INSERT INTO TNHT_MULT(LITE_PK, LANG_PK, MULT_DESC)
VALUES('7B69F0F354C74C47838A8CB782FE8A93', 1033, 'Sami, Northern (Sweden)');
INSERT INTO TNHT_MULT(LITE_PK, LANG_PK, MULT_DESC)
VALUES('7B69F0F354C74C47838A8CB782FE8A93', 3082, 'Sami, Norte (Sweden)');
INSERT INTO TNHT_MULT(LITE_PK, LANG_PK, MULT_DESC)
VALUES('7B69F0F354C74C47838A8CB782FE8A93', 2070, 'Sami, Norte (Sweden)');
INSERT INTO TNHT_MULT(LITE_PK, LANG_PK, MULT_DESC)
VALUES('7B69F0F354C74C47838A8CB782FE8A93', 1036, 'Sami, Nord (Sweden)');
INSERT INTO TNHT_MULT(LITE_PK, LANG_PK, MULT_DESC)
VALUES('7B69F0F354C74C47838A8CB782FE8A93', 1049, 'Сами, Северный (Швеция)');
INSERT INTO TNHT_LICL(LICL_PK, LITE_PK, LICL_PRIM, ISO_639Y1, ISO_639Y2)
VALUES(2107, '7B69F0F354C74C47838A8CB782FE8A93', '0', 'SE', 'SMF');
INSERT INTO TNHT_LITE(LITE_PK) VALUES('6FDC7C79311DF7408F083B7D524BBC5D');
INSERT INTO TNHT_MULT(LITE_PK, LANG_PK, MULT_DESC)
VALUES('6FDC7C79311DF7408F083B7D524BBC5D', 1033, 'Sami, Northern (Finland)');
INSERT INTO TNHT_MULT(LITE_PK, LANG_PK, MULT_DESC)
VALUES('6FDC7C79311DF7408F083B7D524BBC5D', 3082, 'Sami, Norte (Finland)');
INSERT INTO TNHT_MULT(LITE_PK, LANG_PK, MULT_DESC)
VALUES('6FDC7C79311DF7408F083B7D524BBC5D', 2070, 'Sami, Norte (Finland)');
INSERT INTO TNHT_MULT(LITE_PK, LANG_PK, MULT_DESC)
VALUES('6FDC7C79311DF7408F083B7D524BBC5D', 1036, 'Sami, Nord (Finland)');
INSERT INTO TNHT_MULT(LITE_PK, LANG_PK, MULT_DESC)
VALUES('6FDC7C79311DF7408F083B7D524BBC5D', 1049, 'Сами, Северный (Финляндия)');
INSERT INTO TNHT_LICL(LICL_PK, LITE_PK, LICL_PRIM, ISO_639Y1, ISO_639Y2)
VALUES(3131, '6FDC7C79311DF7408F083B7D524BBC5D', '0', 'SE', 'SMG');
INSERT INTO TNHT_LITE(LITE_PK) VALUES('586D4A57911ECC4C806357BBD2CEAB09');
INSERT INTO TNHT_MULT(LITE_PK, LANG_PK, MULT_DESC)
VALUES('586D4A57911ECC4C806357BBD2CEAB09', 1033, 'Sami, Lule (Norway)');
INSERT INTO TNHT_MULT(LITE_PK, LANG_PK, MULT_DESC)
VALUES('586D4A57911ECC4C806357BBD2CEAB09', 3082, 'Sami, Lule (Norway)');
INSERT INTO TNHT_MULT(LITE_PK, LANG_PK, MULT_DESC)
VALUES('586D4A57911ECC4C806357BBD2CEAB09', 2070, 'Sami, Lule (Norway)');
INSERT INTO TNHT_MULT(LITE_PK, LANG_PK, MULT_DESC)
VALUES('586D4A57911ECC4C806357BBD2CEAB09', 1036, 'Sami, Lule (Norway)');
INSERT INTO TNHT_MULT(LITE_PK, LANG_PK, MULT_DESC)
VALUES('586D4A57911ECC4C806357BBD2CEAB09', 1049, 'Сами Луле (Норвегия)');
INSERT INTO TNHT_LICL(LICL_PK, LITE_PK, LICL_PRIM, ISO_639Y1, ISO_639Y2)
VALUES(4155, '586D4A57911ECC4C806357BBD2CEAB09', '0', 'SMJ', 'SMJ');
INSERT INTO TNHT_LITE(LITE_PK) VALUES('4529BC67CC13574EAE0CB35D9C9CDB6F');
INSERT INTO TNHT_MULT(LITE_PK, LANG_PK, MULT_DESC)
VALUES('4529BC67CC13574EAE0CB35D9C9CDB6F', 1033, 'Sami, Lule (Sweden)');
INSERT INTO TNHT_MULT(LITE_PK, LANG_PK, MULT_DESC)
VALUES('4529BC67CC13574EAE0CB35D9C9CDB6F', 3082, 'Sami, Lule (Sweden)');
INSERT INTO TNHT_MULT(LITE_PK, LANG_PK, MULT_DESC)
VALUES('4529BC67CC13574EAE0CB35D9C9CDB6F', 2070, 'Sami, Lule (Sweden)');
INSERT INTO TNHT_MULT(LITE_PK, LANG_PK, MULT_DESC)
VALUES('4529BC67CC13574EAE0CB35D9C9CDB6F', 1036, 'Sami, Lule (Sweden)');
INSERT INTO TNHT_MULT(LITE_PK, LANG_PK, MULT_DESC)
VALUES('4529BC67CC13574EAE0CB35D9C9CDB6F', 1049, 'Сами Луле (Швеция)');
INSERT INTO TNHT_LICL(LICL_PK, LITE_PK, LICL_PRIM, ISO_639Y1, ISO_639Y2)
VALUES(5179, '4529BC67CC13574EAE0CB35D9C9CDB6F', '0', 'SMJ', 'SMK');
INSERT INTO TNHT_LITE(LITE_PK) VALUES('08FC84CD27EE5C43BD82D54AC689F20E');
INSERT INTO TNHT_MULT(LITE_PK, LANG_PK, MULT_DESC)
VALUES('08FC84CD27EE5C43BD82D54AC689F20E', 1033, 'Sami, Southern (Norway)');
INSERT INTO TNHT_MULT(LITE_PK, LANG_PK, MULT_DESC)
VALUES('08FC84CD27EE5C43BD82D54AC689F20E', 3082, 'Sami, Sur (Norway)');
INSERT INTO TNHT_MULT(LITE_PK, LANG_PK, MULT_DESC)
VALUES('08FC84CD27EE5C43BD82D54AC689F20E', 2070, 'Sami, Sul (Norway)');
INSERT INTO TNHT_MULT(LITE_PK, LANG_PK, MULT_DESC)
VALUES('08FC84CD27EE5C43BD82D54AC689F20E', 1036, 'Sami, Sud (Norway)');
INSERT INTO TNHT_MULT(LITE_PK, LANG_PK, MULT_DESC)
VALUES('08FC84CD27EE5C43BD82D54AC689F20E', 1049, 'Сами, Южный (Норвегия)');
INSERT INTO TNHT_LICL(LICL_PK, LITE_PK, LICL_PRIM, ISO_639Y1, ISO_639Y2)
VALUES(6203, '08FC84CD27EE5C43BD82D54AC689F20E', '0', 'SMA', 'SMA');
INSERT INTO TNHT_LITE(LITE_PK) VALUES('13F4E9F543F11F42A1BFCA9B1124D135');
INSERT INTO TNHT_MULT(LITE_PK, LANG_PK, MULT_DESC)
VALUES('13F4E9F543F11F42A1BFCA9B1124D135', 1033, 'Sami, Southern (Sweden)');
INSERT INTO TNHT_MULT(LITE_PK, LANG_PK, MULT_DESC)
VALUES('13F4E9F543F11F42A1BFCA9B1124D135', 3082, 'Sami, Sur (Sweden)');
INSERT INTO TNHT_MULT(LITE_PK, LANG_PK, MULT_DESC)
VALUES('13F4E9F543F11F42A1BFCA9B1124D135', 2070, 'Sami, Sul (Sweden)');
INSERT INTO TNHT_MULT(LITE_PK, LANG_PK, MULT_DESC)
VALUES('13F4E9F543F11F42A1BFCA9B1124D135', 1036, 'Sami, Sud (Sweden)');
INSERT INTO TNHT_MULT(LITE_PK, LANG_PK, MULT_DESC)
VALUES('13F4E9F543F11F42A1BFCA9B1124D135', 1049, 'Сами, Южный (Швеция)');
INSERT INTO TNHT_LICL(LICL_PK, LITE_PK, LICL_PRIM, ISO_639Y1, ISO_639Y2)
VALUES(7227, '13F4E9F543F11F42A1BFCA9B1124D135', '0', 'SMA', 'SMB');
INSERT INTO TNHT_LITE(LITE_PK) VALUES('84B7ED87A037F946A6B9311A6E07CB09');
INSERT INTO TNHT_MULT(LITE_PK, LANG_PK, MULT_DESC)
VALUES('84B7ED87A037F946A6B9311A6E07CB09', 1033, 'Sami, Skolt (Finland)');
INSERT INTO TNHT_MULT(LITE_PK, LANG_PK, MULT_DESC)
VALUES('84B7ED87A037F946A6B9311A6E07CB09', 3082, 'Sami, Skolt (Finland)');
INSERT INTO TNHT_MULT(LITE_PK, LANG_PK, MULT_DESC)
VALUES('84B7ED87A037F946A6B9311A6E07CB09', 2070, 'Sami, Skolt (Finland)');
INSERT INTO TNHT_MULT(LITE_PK, LANG_PK, MULT_DESC)
VALUES('84B7ED87A037F946A6B9311A6E07CB09', 1036, 'Sami, Skolt (Finland)');
INSERT INTO TNHT_MULT(LITE_PK, LANG_PK, MULT_DESC)
VALUES('84B7ED87A037F946A6B9311A6E07CB09', 1049, 'Сами, Сколт (Финляндия)');
INSERT INTO TNHT_LICL(LICL_PK, LITE_PK, LICL_PRIM, ISO_639Y1, ISO_639Y2)
VALUES(8251, '84B7ED87A037F946A6B9311A6E07CB09', '0', 'SMS', 'SMS');
INSERT INTO TNHT_LITE(LITE_PK) VALUES('ADDD929C8C13064E80DFCE3172099BC6');
INSERT INTO TNHT_MULT(LITE_PK, LANG_PK, MULT_DESC)
VALUES('ADDD929C8C13064E80DFCE3172099BC6', 1033, 'Sami, Inari (Finland)');
INSERT INTO TNHT_MULT(LITE_PK, LANG_PK, MULT_DESC)
VALUES('ADDD929C8C13064E80DFCE3172099BC6', 3082, 'Sami, Inari (Finland)');
INSERT INTO TNHT_MULT(LITE_PK, LANG_PK, MULT_DESC)
VALUES('ADDD929C8C13064E80DFCE3172099BC6', 2070, 'Sami, Inari (Finland)');
INSERT INTO TNHT_MULT(LITE_PK, LANG_PK, MULT_DESC)
VALUES('ADDD929C8C13064E80DFCE3172099BC6', 1036, 'Sami, Inari (Finland)');
INSERT INTO TNHT_MULT(LITE_PK, LANG_PK, MULT_DESC)
VALUES('ADDD929C8C13064E80DFCE3172099BC6', 1049, 'Сами, Инари (Финляндия)');
INSERT INTO TNHT_LICL(LICL_PK, LITE_PK, LICL_PRIM, ISO_639Y1, ISO_639Y2)
VALUES(9275, 'ADDD929C8C13064E80DFCE3172099BC6', '0', 'SMN', 'SMN');
INSERT INTO TNHT_LITE(LITE_PK) VALUES('14F58A1B8955494984ABC45164113AF4');
INSERT INTO TNHT_MULT(LITE_PK, LANG_PK, MULT_DESC)
VALUES('14F58A1B8955494984ABC45164113AF4', 1033, 'Sami (Inari)');
INSERT INTO TNHT_MULT(LITE_PK, LANG_PK, MULT_DESC)
VALUES('14F58A1B8955494984ABC45164113AF4', 3082, 'Sami (Inari)');
INSERT INTO TNHT_MULT(LITE_PK, LANG_PK, MULT_DESC)
VALUES('14F58A1B8955494984ABC45164113AF4', 2070, 'Sami (Inari)');
INSERT INTO TNHT_MULT(LITE_PK, LANG_PK, MULT_DESC)
VALUES('14F58A1B8955494984ABC45164113AF4', 1036, 'Sami (Inari)');
INSERT INTO TNHT_MULT(LITE_PK, LANG_PK, MULT_DESC)
VALUES('14F58A1B8955494984ABC45164113AF4', 1049, 'Сами (Инари)');
INSERT INTO TNHT_LICL(LICL_PK, LITE_PK, LICL_PRIM, ISO_639Y1, ISO_639Y2)
VALUES(28731, '14F58A1B8955494984ABC45164113AF4', '0', 'SMN', 'SMN');
INSERT INTO TNHT_LITE(LITE_PK) VALUES('92FE540A3E4B024BBE730AD132A87CF8');
INSERT INTO TNHT_MULT(LITE_PK, LANG_PK, MULT_DESC)
VALUES('92FE540A3E4B024BBE730AD132A87CF8', 1033, 'Sami (Skolt)');
INSERT INTO TNHT_MULT(LITE_PK, LANG_PK, MULT_DESC)
VALUES('92FE540A3E4B024BBE730AD132A87CF8', 3082, 'Sami (Skolt)');
INSERT INTO TNHT_MULT(LITE_PK, LANG_PK, MULT_DESC)
VALUES('92FE540A3E4B024BBE730AD132A87CF8', 2070, 'Sami (Skolt)');
INSERT INTO TNHT_MULT(LITE_PK, LANG_PK, MULT_DESC)
VALUES('92FE540A3E4B024BBE730AD132A87CF8', 1036, 'Sami (Skolt)');
INSERT INTO TNHT_MULT(LITE_PK, LANG_PK, MULT_DESC)
VALUES('92FE540A3E4B024BBE730AD132A87CF8', 1049, 'Сами (Сколт)');
INSERT INTO TNHT_LICL(LICL_PK, LITE_PK, LICL_PRIM, ISO_639Y1, ISO_639Y2)
VALUES(29755, '92FE540A3E4B024BBE730AD132A87CF8', '0', 'SMS', 'SMS');
INSERT INTO TNHT_LITE(LITE_PK) VALUES('989A034EAC8EE6478AF31DFF5065918A');
INSERT INTO TNHT_MULT(LITE_PK, LANG_PK, MULT_DESC)
VALUES('989A034EAC8EE6478AF31DFF5065918A', 1033, 'Sami (Southern)');
INSERT INTO TNHT_MULT(LITE_PK, LANG_PK, MULT_DESC)
VALUES('989A034EAC8EE6478AF31DFF5065918A', 3082, 'Sami (Sur)');
INSERT INTO TNHT_MULT(LITE_PK, LANG_PK, MULT_DESC)
VALUES('989A034EAC8EE6478AF31DFF5065918A', 2070, 'Sami (Sul)');
INSERT INTO TNHT_MULT(LITE_PK, LANG_PK, MULT_DESC)
VALUES('989A034EAC8EE6478AF31DFF5065918A', 1036, 'Sami (Sud)');
INSERT INTO TNHT_MULT(LITE_PK, LANG_PK, MULT_DESC)
VALUES('989A034EAC8EE6478AF31DFF5065918A', 1049, 'Сами (Южный)');
INSERT INTO TNHT_LICL(LICL_PK, LITE_PK, LICL_PRIM, ISO_639Y1, ISO_639Y2)
VALUES(30779, '989A034EAC8EE6478AF31DFF5065918A', '0', 'SMA', 'SMB');
INSERT INTO TNHT_LITE(LITE_PK) VALUES('5C2B73198DECE347A8A6F43E93ABC76B');
INSERT INTO TNHT_MULT(LITE_PK, LANG_PK, MULT_DESC)
VALUES('5C2B73198DECE347A8A6F43E93ABC76B', 1033, 'Sami (Lule)');
INSERT INTO TNHT_MULT(LITE_PK, LANG_PK, MULT_DESC)
VALUES('5C2B73198DECE347A8A6F43E93ABC76B', 3082, 'Sami (Lule)');
INSERT INTO TNHT_MULT(LITE_PK, LANG_PK, MULT_DESC)
VALUES('5C2B73198DECE347A8A6F43E93ABC76B', 2070, 'Sami (Lule)');
INSERT INTO TNHT_MULT(LITE_PK, LANG_PK, MULT_DESC)
VALUES('5C2B73198DECE347A8A6F43E93ABC76B', 1036, 'Sami (Lule)');
INSERT INTO TNHT_MULT(LITE_PK, LANG_PK, MULT_DESC)
VALUES('5C2B73198DECE347A8A6F43E93ABC76B', 1049, 'Сами (Луле)');
INSERT INTO TNHT_LICL(LICL_PK, LITE_PK, LICL_PRIM, ISO_639Y1, ISO_639Y2)
VALUES(31803, '5C2B73198DECE347A8A6F43E93ABC76B', '0', 'SMJ', 'SMK');
INSERT INTO TNHT_LITE(LITE_PK) VALUES('348D3C355CD0964CB7F3CEAD764A2CC3');
INSERT INTO TNHT_MULT(LITE_PK, LANG_PK, MULT_DESC)
VALUES('348D3C355CD0964CB7F3CEAD764A2CC3', 1033, 'Irish');
INSERT INTO TNHT_MULT(LITE_PK, LANG_PK, MULT_DESC)
VALUES('348D3C355CD0964CB7F3CEAD764A2CC3', 3082, 'Irlandés');
INSERT INTO TNHT_MULT(LITE_PK, LANG_PK, MULT_DESC)
VALUES('348D3C355CD0964CB7F3CEAD764A2CC3', 2070, 'Irlandês');
INSERT INTO TNHT_MULT(LITE_PK, LANG_PK, MULT_DESC)
VALUES('348D3C355CD0964CB7F3CEAD764A2CC3', 1036, 'Irlandais');
INSERT INTO TNHT_MULT(LITE_PK, LANG_PK, MULT_DESC)
VALUES('348D3C355CD0964CB7F3CEAD764A2CC3', 1049, 'Ирландский');
INSERT INTO TNHT_LICL(LICL_PK, LITE_PK, LICL_PRIM, ISO_639Y1, ISO_639Y2)
VALUES(60, '348D3C355CD0964CB7F3CEAD764A2CC3', '1', 'GA', 'GLE');
INSERT INTO TNHT_LITE(LITE_PK) VALUES('6F34C33D1661774DA12EAFF06CC9B5C9');
INSERT INTO TNHT_MULT(LITE_PK, LANG_PK, MULT_DESC)
VALUES('6F34C33D1661774DA12EAFF06CC9B5C9', 1033, 'Malay');
INSERT INTO TNHT_MULT(LITE_PK, LANG_PK, MULT_DESC)
VALUES('6F34C33D1661774DA12EAFF06CC9B5C9', 3082, 'Malayo');
INSERT INTO TNHT_MULT(LITE_PK, LANG_PK, MULT_DESC)
VALUES('6F34C33D1661774DA12EAFF06CC9B5C9', 2070, 'Malaio');
INSERT INTO TNHT_MULT(LITE_PK, LANG_PK, MULT_DESC)
VALUES('6F34C33D1661774DA12EAFF06CC9B5C9', 1036, 'Malais');
INSERT INTO TNHT_MULT(LITE_PK, LANG_PK, MULT_DESC)
VALUES('6F34C33D1661774DA12EAFF06CC9B5C9', 1049, 'Малайский');
INSERT INTO TNHT_LICL(LICL_PK, LITE_PK, LICL_PRIM, ISO_639Y1, ISO_639Y2)
VALUES(62, '6F34C33D1661774DA12EAFF06CC9B5C9', '1', 'MS', 'MSA');
INSERT INTO TNHT_LITE(LITE_PK) VALUES('4E2C744B9ECB54419CC2B545D085C158');
INSERT INTO TNHT_MULT(LITE_PK, LANG_PK, MULT_DESC)
VALUES('4E2C744B9ECB54419CC2B545D085C158', 1033, 'Kazakh');
INSERT INTO TNHT_MULT(LITE_PK, LANG_PK, MULT_DESC)
VALUES('4E2C744B9ECB54419CC2B545D085C158', 3082, 'Kazako');
INSERT INTO TNHT_MULT(LITE_PK, LANG_PK, MULT_DESC)
VALUES('4E2C744B9ECB54419CC2B545D085C158', 2070, 'Cazaque');
INSERT INTO TNHT_MULT(LITE_PK, LANG_PK, MULT_DESC)
VALUES('4E2C744B9ECB54419CC2B545D085C158', 1036, 'Kazakh');
INSERT INTO TNHT_MULT(LITE_PK, LANG_PK, MULT_DESC)
VALUES('4E2C744B9ECB54419CC2B545D085C158', 1049, 'Казахский');
INSERT INTO TNHT_LICL(LICL_PK, LITE_PK, LICL_PRIM, ISO_639Y1, ISO_639Y2)
VALUES(63, '4E2C744B9ECB54419CC2B545D085C158', '1', 'KK', 'KAZ');
INSERT INTO TNHT_LITE(LITE_PK) VALUES('90C38D06B98B2C46B5C2BD26FA180B3D');
INSERT INTO TNHT_MULT(LITE_PK, LANG_PK, MULT_DESC)
VALUES('90C38D06B98B2C46B5C2BD26FA180B3D', 1033, 'Malay (Malaysia)');
INSERT INTO TNHT_MULT(LITE_PK, LANG_PK, MULT_DESC)
VALUES('90C38D06B98B2C46B5C2BD26FA180B3D', 3082, 'Malayo (Malaysia)');
INSERT INTO TNHT_MULT(LITE_PK, LANG_PK, MULT_DESC)
VALUES('90C38D06B98B2C46B5C2BD26FA180B3D', 2070, 'Malaio (Malaysia)');
INSERT INTO TNHT_MULT(LITE_PK, LANG_PK, MULT_DESC)
VALUES('90C38D06B98B2C46B5C2BD26FA180B3D', 1036, 'Malais (Malaysia)');
INSERT INTO TNHT_MULT(LITE_PK, LANG_PK, MULT_DESC)
VALUES('90C38D06B98B2C46B5C2BD26FA180B3D', 1049, 'Малайский (Малайзия)');
INSERT INTO TNHT_LICL(LICL_PK, LITE_PK, LICL_PRIM, ISO_639Y1, ISO_639Y2)
VALUES(1086, '90C38D06B98B2C46B5C2BD26FA180B3D', '0', 'MS', 'MSA');
INSERT INTO TNHT_LITE(LITE_PK) VALUES('80057C2EAF115B42832325CDF4332368');
INSERT INTO TNHT_MULT(LITE_PK, LANG_PK, MULT_DESC)
VALUES('80057C2EAF115B42832325CDF4332368', 1033, 'Kazakh (Kazakhstan)');
INSERT INTO TNHT_MULT(LITE_PK, LANG_PK, MULT_DESC)
VALUES('80057C2EAF115B42832325CDF4332368', 3082, 'Kazako (Kazakhstan)');
INSERT INTO TNHT_MULT(LITE_PK, LANG_PK, MULT_DESC)
VALUES('80057C2EAF115B42832325CDF4332368', 2070, 'Cazaque (Kazakhstan)');
INSERT INTO TNHT_MULT(LITE_PK, LANG_PK, MULT_DESC)
VALUES('80057C2EAF115B42832325CDF4332368', 1036, 'Kazakh (Kazakhstan)');
INSERT INTO TNHT_MULT(LITE_PK, LANG_PK, MULT_DESC)
VALUES('80057C2EAF115B42832325CDF4332368', 1049, 'Казахский (Казахстан)');
INSERT INTO TNHT_LICL(LICL_PK, LITE_PK, LICL_PRIM, ISO_639Y1, ISO_639Y2)
VALUES(1087, '80057C2EAF115B42832325CDF4332368', '0', 'KK', 'KAZ');
INSERT INTO TNHT_LITE(LITE_PK) VALUES('F535FBF368948048B64B4507D0127396');
INSERT INTO TNHT_MULT(LITE_PK, LANG_PK, MULT_DESC)
VALUES('F535FBF368948048B64B4507D0127396', 1033, 'Irish (Ireland)');
INSERT INTO TNHT_MULT(LITE_PK, LANG_PK, MULT_DESC)
VALUES('F535FBF368948048B64B4507D0127396', 3082, 'Irlandés (Ireland)');
INSERT INTO TNHT_MULT(LITE_PK, LANG_PK, MULT_DESC)
VALUES('F535FBF368948048B64B4507D0127396', 2070, 'Irlandês (Ireland)');
INSERT INTO TNHT_MULT(LITE_PK, LANG_PK, MULT_DESC)
VALUES('F535FBF368948048B64B4507D0127396', 1036, 'Irlandais (Ireland)');
INSERT INTO TNHT_MULT(LITE_PK, LANG_PK, MULT_DESC)
VALUES('F535FBF368948048B64B4507D0127396', 1049, 'Ирландский (Ирландия)');
INSERT INTO TNHT_LICL(LICL_PK, LITE_PK, LICL_PRIM, ISO_639Y1, ISO_639Y2)
VALUES(2108, 'F535FBF368948048B64B4507D0127396', '0', 'GA', 'GLE');
INSERT INTO TNHT_LITE(LITE_PK) VALUES('C501DEFDB4F59C43AE6AF24AD1AF823C');
INSERT INTO TNHT_MULT(LITE_PK, LANG_PK, MULT_DESC)
VALUES('C501DEFDB4F59C43AE6AF24AD1AF823C', 1033, 'Malay (Brunei Darussalam)');
INSERT INTO TNHT_MULT(LITE_PK, LANG_PK, MULT_DESC)
VALUES('C501DEFDB4F59C43AE6AF24AD1AF823C', 3082, 'Malayo (Brunei Darussalam)');
INSERT INTO TNHT_MULT(LITE_PK, LANG_PK, MULT_DESC)
VALUES('C501DEFDB4F59C43AE6AF24AD1AF823C', 2070, 'Malaio (Brunei Darussalam)');
INSERT INTO TNHT_MULT(LITE_PK, LANG_PK, MULT_DESC)
VALUES('C501DEFDB4F59C43AE6AF24AD1AF823C', 1036, 'Malais (Brunei Darussalam)');
INSERT INTO TNHT_MULT(LITE_PK, LANG_PK, MULT_DESC)
VALUES('C501DEFDB4F59C43AE6AF24AD1AF823C', 1049, 'Малайский (султанат Бруней)');
INSERT INTO TNHT_LICL(LICL_PK, LITE_PK, LICL_PRIM, ISO_639Y1, ISO_639Y2)
VALUES(2110, 'C501DEFDB4F59C43AE6AF24AD1AF823C', '0', 'MS', 'MSA');
INSERT INTO TNHT_LITE(LITE_PK) VALUES('863883BF532D12468FC69D33FB4316A5');
INSERT INTO TNHT_MULT(LITE_PK, LANG_PK, MULT_DESC)
VALUES('863883BF532D12468FC69D33FB4316A5', 1033, 'Kyrgyz');
INSERT INTO TNHT_MULT(LITE_PK, LANG_PK, MULT_DESC)
VALUES('863883BF532D12468FC69D33FB4316A5', 3082, 'Kirghizo');
INSERT INTO TNHT_MULT(LITE_PK, LANG_PK, MULT_DESC)
VALUES('863883BF532D12468FC69D33FB4316A5', 2070, 'Quirguiz');
INSERT INTO TNHT_MULT(LITE_PK, LANG_PK, MULT_DESC)
VALUES('863883BF532D12468FC69D33FB4316A5', 1036, 'Kirghiz');
INSERT INTO TNHT_MULT(LITE_PK, LANG_PK, MULT_DESC)
VALUES('863883BF532D12468FC69D33FB4316A5', 1049, 'Киргизский');
INSERT INTO TNHT_LICL(LICL_PK, LITE_PK, LICL_PRIM, ISO_639Y1, ISO_639Y2)
VALUES(64, '863883BF532D12468FC69D33FB4316A5', '1', 'KY', 'KIR');
INSERT INTO TNHT_LITE(LITE_PK) VALUES('0E42E1D5BC899C499900F3C592C94BD4');
INSERT INTO TNHT_MULT(LITE_PK, LANG_PK, MULT_DESC)
VALUES('0E42E1D5BC899C499900F3C592C94BD4', 1033, 'Swahili');
INSERT INTO TNHT_MULT(LITE_PK, LANG_PK, MULT_DESC)
VALUES('0E42E1D5BC899C499900F3C592C94BD4', 3082, 'Swahili');
INSERT INTO TNHT_MULT(LITE_PK, LANG_PK, MULT_DESC)
VALUES('0E42E1D5BC899C499900F3C592C94BD4', 2070, 'Suaíli');
INSERT INTO TNHT_MULT(LITE_PK, LANG_PK, MULT_DESC)
VALUES('0E42E1D5BC899C499900F3C592C94BD4', 1036, 'Swahili');
INSERT INTO TNHT_MULT(LITE_PK, LANG_PK, MULT_DESC)
VALUES('0E42E1D5BC899C499900F3C592C94BD4', 1049, 'Суахили');
INSERT INTO TNHT_LICL(LICL_PK, LITE_PK, LICL_PRIM, ISO_639Y1, ISO_639Y2)
VALUES(65, '0E42E1D5BC899C499900F3C592C94BD4', '1', 'SW', 'SWA');
INSERT INTO TNHT_LITE(LITE_PK) VALUES('ED8D3AFDB40B7941A968F476ADEE4B71');
INSERT INTO TNHT_MULT(LITE_PK, LANG_PK, MULT_DESC)
VALUES('ED8D3AFDB40B7941A968F476ADEE4B71', 1033, 'Turkmen');
INSERT INTO TNHT_MULT(LITE_PK, LANG_PK, MULT_DESC)
VALUES('ED8D3AFDB40B7941A968F476ADEE4B71', 3082, 'Turkmeno');
INSERT INTO TNHT_MULT(LITE_PK, LANG_PK, MULT_DESC)
VALUES('ED8D3AFDB40B7941A968F476ADEE4B71', 2070, 'Turcomano');
INSERT INTO TNHT_MULT(LITE_PK, LANG_PK, MULT_DESC)
VALUES('ED8D3AFDB40B7941A968F476ADEE4B71', 1036, 'Turkmène');
INSERT INTO TNHT_MULT(LITE_PK, LANG_PK, MULT_DESC)
VALUES('ED8D3AFDB40B7941A968F476ADEE4B71', 1049, 'Туркменский');
INSERT INTO TNHT_LICL(LICL_PK, LITE_PK, LICL_PRIM, ISO_639Y1, ISO_639Y2)
VALUES(66, 'ED8D3AFDB40B7941A968F476ADEE4B71', '1', 'TK', 'TUK');
INSERT INTO TNHT_LITE(LITE_PK) VALUES('737D93CEBBE9034BBC155BDB7877754F');
INSERT INTO TNHT_MULT(LITE_PK, LANG_PK, MULT_DESC)
VALUES('737D93CEBBE9034BBC155BDB7877754F', 1033, 'Kyrgyz (Kyrgyzstan)');
INSERT INTO TNHT_MULT(LITE_PK, LANG_PK, MULT_DESC)
VALUES('737D93CEBBE9034BBC155BDB7877754F', 3082, 'Kirghizo (Kyrgyzstan)');
INSERT INTO TNHT_MULT(LITE_PK, LANG_PK, MULT_DESC)
VALUES('737D93CEBBE9034BBC155BDB7877754F', 2070, 'Quirguiz (Kyrgyzstan)');
INSERT INTO TNHT_MULT(LITE_PK, LANG_PK, MULT_DESC)
VALUES('737D93CEBBE9034BBC155BDB7877754F', 1036, 'Kirghiz (Kyrgyzstan)');
INSERT INTO TNHT_MULT(LITE_PK, LANG_PK, MULT_DESC)
VALUES('737D93CEBBE9034BBC155BDB7877754F', 1049, 'Киргизский (Киргизия)');
INSERT INTO TNHT_LICL(LICL_PK, LITE_PK, LICL_PRIM, ISO_639Y1, ISO_639Y2)
VALUES(1088, '737D93CEBBE9034BBC155BDB7877754F', '0', 'KY', 'KIR');
INSERT INTO TNHT_LITE(LITE_PK) VALUES('AD3C7879863D7444882D786A065B1CDF');
INSERT INTO TNHT_MULT(LITE_PK, LANG_PK, MULT_DESC)
VALUES('AD3C7879863D7444882D786A065B1CDF', 1033, 'Swahili   (Kenya)');
INSERT INTO TNHT_MULT(LITE_PK, LANG_PK, MULT_DESC)
VALUES('AD3C7879863D7444882D786A065B1CDF', 3082, 'Swahili (Kenya)');
INSERT INTO TNHT_MULT(LITE_PK, LANG_PK, MULT_DESC)
VALUES('AD3C7879863D7444882D786A065B1CDF', 2070, 'Suaíli (Kenya)');
INSERT INTO TNHT_MULT(LITE_PK, LANG_PK, MULT_DESC)
VALUES('AD3C7879863D7444882D786A065B1CDF', 1036, 'Swahili (Kenya)');
INSERT INTO TNHT_MULT(LITE_PK, LANG_PK, MULT_DESC)
VALUES('AD3C7879863D7444882D786A065B1CDF', 1049, 'Суахили (Кения)');
INSERT INTO TNHT_LICL(LICL_PK, LITE_PK, LICL_PRIM, ISO_639Y1, ISO_639Y2)
VALUES(1089, 'AD3C7879863D7444882D786A065B1CDF', '0', 'SW', 'SWA');
INSERT INTO TNHT_LITE(LITE_PK) VALUES('D3BB8AE33A18A8478D74EE4409305B4D');
INSERT INTO TNHT_MULT(LITE_PK, LANG_PK, MULT_DESC)
VALUES('D3BB8AE33A18A8478D74EE4409305B4D', 1033, 'Turkmen (Turkmenistan)');
INSERT INTO TNHT_MULT(LITE_PK, LANG_PK, MULT_DESC)
VALUES('D3BB8AE33A18A8478D74EE4409305B4D', 3082, 'Turkmeno (Turkmenistan)');
INSERT INTO TNHT_MULT(LITE_PK, LANG_PK, MULT_DESC)
VALUES('D3BB8AE33A18A8478D74EE4409305B4D', 2070, 'Turcomano (Turkmenistan)');
INSERT INTO TNHT_MULT(LITE_PK, LANG_PK, MULT_DESC)
VALUES('D3BB8AE33A18A8478D74EE4409305B4D', 1036, 'Turkmène (Turkmenistan)');
INSERT INTO TNHT_MULT(LITE_PK, LANG_PK, MULT_DESC)
VALUES('D3BB8AE33A18A8478D74EE4409305B4D', 1049, 'Туркменский (Туркменистан)');
INSERT INTO TNHT_LICL(LICL_PK, LITE_PK, LICL_PRIM, ISO_639Y1, ISO_639Y2)
VALUES(1090, 'D3BB8AE33A18A8478D74EE4409305B4D', '0', 'TK', 'TUK');
INSERT INTO TNHT_LITE(LITE_PK) VALUES('6B659DC69264514E92E0AAEB931F5401');
INSERT INTO TNHT_MULT(LITE_PK, LANG_PK, MULT_DESC)
VALUES('6B659DC69264514E92E0AAEB931F5401', 1033, 'Uzbek');
INSERT INTO TNHT_MULT(LITE_PK, LANG_PK, MULT_DESC)
VALUES('6B659DC69264514E92E0AAEB931F5401', 3082, 'Uzbeko');
INSERT INTO TNHT_MULT(LITE_PK, LANG_PK, MULT_DESC)
VALUES('6B659DC69264514E92E0AAEB931F5401', 2070, 'Usbeque');
INSERT INTO TNHT_MULT(LITE_PK, LANG_PK, MULT_DESC)
VALUES('6B659DC69264514E92E0AAEB931F5401', 1036, 'Ouszbek');
INSERT INTO TNHT_MULT(LITE_PK, LANG_PK, MULT_DESC)
VALUES('6B659DC69264514E92E0AAEB931F5401', 1049, 'Узбекский');
INSERT INTO TNHT_LICL(LICL_PK, LITE_PK, LICL_PRIM, ISO_639Y1, ISO_639Y2)
VALUES(67, '6B659DC69264514E92E0AAEB931F5401', '1', 'UZ', 'UZB');
INSERT INTO TNHT_LITE(LITE_PK) VALUES('34740B8D7955594E925F2245D24295D9');
INSERT INTO TNHT_MULT(LITE_PK, LANG_PK, MULT_DESC)
VALUES('34740B8D7955594E925F2245D24295D9', 1033, 'Uzbek (Latin, Uzbekistan)');
INSERT INTO TNHT_MULT(LITE_PK, LANG_PK, MULT_DESC)
VALUES('34740B8D7955594E925F2245D24295D9', 3082, 'Uzbeko (Latin, Uzbekistan)');
INSERT INTO TNHT_MULT(LITE_PK, LANG_PK, MULT_DESC)
VALUES('34740B8D7955594E925F2245D24295D9', 2070, 'Usbeque (Latin, Uzbekistan)');
INSERT INTO TNHT_MULT(LITE_PK, LANG_PK, MULT_DESC)
VALUES('34740B8D7955594E925F2245D24295D9', 1036, 'Ouszbek (Latin, Uzbekistan)');
INSERT INTO TNHT_MULT(LITE_PK, LANG_PK, MULT_DESC)
VALUES('34740B8D7955594E925F2245D24295D9', 1049, 'Узбекский (Латиница, Узбекистан)');
INSERT INTO TNHT_LICL(LICL_PK, LITE_PK, LICL_PRIM, ISO_639Y1, ISO_639Y2)
VALUES(1091, '34740B8D7955594E925F2245D24295D9', '0', 'UZ', 'UZB');
INSERT INTO TNHT_LITE(LITE_PK) VALUES('986DCFEA9D95484DB54A6B4D8CEE739A');
INSERT INTO TNHT_MULT(LITE_PK, LANG_PK, MULT_DESC)
VALUES('986DCFEA9D95484DB54A6B4D8CEE739A', 1033, 'Uzbek (Cyrillic, Uzbekistan)');
INSERT INTO TNHT_MULT(LITE_PK, LANG_PK, MULT_DESC)
VALUES('986DCFEA9D95484DB54A6B4D8CEE739A', 3082, 'Uzbeko (Cyrillic, Uzbekistan)');
INSERT INTO TNHT_MULT(LITE_PK, LANG_PK, MULT_DESC)
VALUES('986DCFEA9D95484DB54A6B4D8CEE739A', 2070, 'Usbeque (Cyrillic, Uzbekistan)');
INSERT INTO TNHT_MULT(LITE_PK, LANG_PK, MULT_DESC)
VALUES('986DCFEA9D95484DB54A6B4D8CEE739A', 1036, 'Ouszbek (Cyrillic, Uzbekistan)');
INSERT INTO TNHT_MULT(LITE_PK, LANG_PK, MULT_DESC)
VALUES('986DCFEA9D95484DB54A6B4D8CEE739A', 1049, 'Узбекский (Кирилица, Узбекистан)');
INSERT INTO TNHT_LICL(LICL_PK, LITE_PK, LICL_PRIM, ISO_639Y1, ISO_639Y2)
VALUES(2115, '986DCFEA9D95484DB54A6B4D8CEE739A', '0', 'UZ', 'UZB');
INSERT INTO TNHT_LITE(LITE_PK) VALUES('DC8B448A9D1284438595444EF6FA6085');
INSERT INTO TNHT_MULT(LITE_PK, LANG_PK, MULT_DESC)
VALUES('DC8B448A9D1284438595444EF6FA6085', 1033, 'Uzbek (Cyrillic)');
INSERT INTO TNHT_MULT(LITE_PK, LANG_PK, MULT_DESC)
VALUES('DC8B448A9D1284438595444EF6FA6085', 3082, 'Uzbeko (Cyrillic)');
INSERT INTO TNHT_MULT(LITE_PK, LANG_PK, MULT_DESC)
VALUES('DC8B448A9D1284438595444EF6FA6085', 2070, 'Usbeque (Cyrillic)');
INSERT INTO TNHT_MULT(LITE_PK, LANG_PK, MULT_DESC)
VALUES('DC8B448A9D1284438595444EF6FA6085', 1036, 'Ouszbek (Cyrillic)');
INSERT INTO TNHT_MULT(LITE_PK, LANG_PK, MULT_DESC)
VALUES('DC8B448A9D1284438595444EF6FA6085', 1049, 'Узбекский (Кирилица)');
INSERT INTO TNHT_LICL(LICL_PK, LITE_PK, LICL_PRIM, ISO_639Y1, ISO_639Y2)
VALUES(30787, 'DC8B448A9D1284438595444EF6FA6085', '0', 'UZ', 'UZB');
INSERT INTO TNHT_LITE(LITE_PK) VALUES('3F23A0979A4A764CA37DE22D3220FEEA');
INSERT INTO TNHT_MULT(LITE_PK, LANG_PK, MULT_DESC)
VALUES('3F23A0979A4A764CA37DE22D3220FEEA', 1033, 'Uzbek (Latin)');
INSERT INTO TNHT_MULT(LITE_PK, LANG_PK, MULT_DESC)
VALUES('3F23A0979A4A764CA37DE22D3220FEEA', 3082, 'Uzbeko (Latin)');
INSERT INTO TNHT_MULT(LITE_PK, LANG_PK, MULT_DESC)
VALUES('3F23A0979A4A764CA37DE22D3220FEEA', 2070, 'Usbeque (Latin)');
INSERT INTO TNHT_MULT(LITE_PK, LANG_PK, MULT_DESC)
VALUES('3F23A0979A4A764CA37DE22D3220FEEA', 1036, 'Ouszbek (Latin)');
INSERT INTO TNHT_MULT(LITE_PK, LANG_PK, MULT_DESC)
VALUES('3F23A0979A4A764CA37DE22D3220FEEA', 1049, 'Узбекский (Латиница)');
INSERT INTO TNHT_LICL(LICL_PK, LITE_PK, LICL_PRIM, ISO_639Y1, ISO_639Y2)
VALUES(31811, '3F23A0979A4A764CA37DE22D3220FEEA', '0', 'UZ', 'UZB');
INSERT INTO TNHT_LITE(LITE_PK) VALUES('EA7B92E727C2644F9FDC3BDCDC0ED65E');
INSERT INTO TNHT_MULT(LITE_PK, LANG_PK, MULT_DESC)
VALUES('EA7B92E727C2644F9FDC3BDCDC0ED65E', 1033, 'Tatar');
INSERT INTO TNHT_MULT(LITE_PK, LANG_PK, MULT_DESC)
VALUES('EA7B92E727C2644F9FDC3BDCDC0ED65E', 3082, 'Tataro');
INSERT INTO TNHT_MULT(LITE_PK, LANG_PK, MULT_DESC)
VALUES('EA7B92E727C2644F9FDC3BDCDC0ED65E', 2070, 'Tatar');
INSERT INTO TNHT_MULT(LITE_PK, LANG_PK, MULT_DESC)
VALUES('EA7B92E727C2644F9FDC3BDCDC0ED65E', 1036, 'Tatar');
INSERT INTO TNHT_MULT(LITE_PK, LANG_PK, MULT_DESC)
VALUES('EA7B92E727C2644F9FDC3BDCDC0ED65E', 1049, 'Татарский');
INSERT INTO TNHT_LICL(LICL_PK, LITE_PK, LICL_PRIM, ISO_639Y1, ISO_639Y2)
VALUES(68, 'EA7B92E727C2644F9FDC3BDCDC0ED65E', '1', 'TT', 'TAT');
INSERT INTO TNHT_LITE(LITE_PK) VALUES('545274E3BB9BB247A4D6D0A37B119526');
INSERT INTO TNHT_MULT(LITE_PK, LANG_PK, MULT_DESC)
VALUES('545274E3BB9BB247A4D6D0A37B119526', 1033, 'Tatar (Russia)');
INSERT INTO TNHT_MULT(LITE_PK, LANG_PK, MULT_DESC)
VALUES('545274E3BB9BB247A4D6D0A37B119526', 3082, 'Tataro (Russia)');
INSERT INTO TNHT_MULT(LITE_PK, LANG_PK, MULT_DESC)
VALUES('545274E3BB9BB247A4D6D0A37B119526', 2070, 'Tatar (Russia)');
INSERT INTO TNHT_MULT(LITE_PK, LANG_PK, MULT_DESC)
VALUES('545274E3BB9BB247A4D6D0A37B119526', 1036, 'Tatar (Russia)');
INSERT INTO TNHT_MULT(LITE_PK, LANG_PK, MULT_DESC)
VALUES('545274E3BB9BB247A4D6D0A37B119526', 1049, 'Татарский (Россия)');
INSERT INTO TNHT_LICL(LICL_PK, LITE_PK, LICL_PRIM, ISO_639Y1, ISO_639Y2)
VALUES(1092, '545274E3BB9BB247A4D6D0A37B119526', '0', 'TT', 'TAT');
INSERT INTO TNHT_LITE(LITE_PK) VALUES('81495DDBF70FBA428FB9C42DE3F973E6');
INSERT INTO TNHT_MULT(LITE_PK, LANG_PK, MULT_DESC)
VALUES('81495DDBF70FBA428FB9C42DE3F973E6', 1033, 'Bengali');
INSERT INTO TNHT_MULT(LITE_PK, LANG_PK, MULT_DESC)
VALUES('81495DDBF70FBA428FB9C42DE3F973E6', 3082, 'Bengalí');
INSERT INTO TNHT_MULT(LITE_PK, LANG_PK, MULT_DESC)
VALUES('81495DDBF70FBA428FB9C42DE3F973E6', 2070, 'Báltico');
INSERT INTO TNHT_MULT(LITE_PK, LANG_PK, MULT_DESC)
VALUES('81495DDBF70FBA428FB9C42DE3F973E6', 1036, 'Bengali');
INSERT INTO TNHT_MULT(LITE_PK, LANG_PK, MULT_DESC)
VALUES('81495DDBF70FBA428FB9C42DE3F973E6', 1049, 'Бенгали');
INSERT INTO TNHT_LICL(LICL_PK, LITE_PK, LICL_PRIM, ISO_639Y1, ISO_639Y2)
VALUES(69, '81495DDBF70FBA428FB9C42DE3F973E6', '1', 'BN', 'BEN');
INSERT INTO TNHT_LITE(LITE_PK) VALUES('DAB2A86A60EA754482E32BFBB8012391');
INSERT INTO TNHT_MULT(LITE_PK, LANG_PK, MULT_DESC)
VALUES('DAB2A86A60EA754482E32BFBB8012391', 1033, 'Punjabi');
INSERT INTO TNHT_MULT(LITE_PK, LANG_PK, MULT_DESC)
VALUES('DAB2A86A60EA754482E32BFBB8012391', 3082, 'Penyabí');
INSERT INTO TNHT_MULT(LITE_PK, LANG_PK, MULT_DESC)
VALUES('DAB2A86A60EA754482E32BFBB8012391', 2070, 'Penyabi');
INSERT INTO TNHT_MULT(LITE_PK, LANG_PK, MULT_DESC)
VALUES('DAB2A86A60EA754482E32BFBB8012391', 1036, 'Pendjabi');
INSERT INTO TNHT_MULT(LITE_PK, LANG_PK, MULT_DESC)
VALUES('DAB2A86A60EA754482E32BFBB8012391', 1049, 'Панджаби');
INSERT INTO TNHT_LICL(LICL_PK, LITE_PK, LICL_PRIM, ISO_639Y1, ISO_639Y2)
VALUES(70, 'DAB2A86A60EA754482E32BFBB8012391', '1', 'PA', 'PAN');
INSERT INTO TNHT_LITE(LITE_PK) VALUES('851F41AAB1E30C449E5E2F487B6B9FCA');
INSERT INTO TNHT_MULT(LITE_PK, LANG_PK, MULT_DESC)
VALUES('851F41AAB1E30C449E5E2F487B6B9FCA', 1033, 'Gujarati');
INSERT INTO TNHT_MULT(LITE_PK, LANG_PK, MULT_DESC)
VALUES('851F41AAB1E30C449E5E2F487B6B9FCA', 3082, 'Gujarati');
INSERT INTO TNHT_MULT(LITE_PK, LANG_PK, MULT_DESC)
VALUES('851F41AAB1E30C449E5E2F487B6B9FCA', 2070, 'Guzerate');
INSERT INTO TNHT_MULT(LITE_PK, LANG_PK, MULT_DESC)
VALUES('851F41AAB1E30C449E5E2F487B6B9FCA', 1036, 'Gujarati');
INSERT INTO TNHT_MULT(LITE_PK, LANG_PK, MULT_DESC)
VALUES('851F41AAB1E30C449E5E2F487B6B9FCA', 1049, 'Гуджарати');
INSERT INTO TNHT_LICL(LICL_PK, LITE_PK, LICL_PRIM, ISO_639Y1, ISO_639Y2)
VALUES(71, '851F41AAB1E30C449E5E2F487B6B9FCA', '1', 'GU', 'GUJ');
INSERT INTO TNHT_LITE(LITE_PK) VALUES('D67B706BCBE95C40B78C4FFB47827488');
INSERT INTO TNHT_MULT(LITE_PK, LANG_PK, MULT_DESC)
VALUES('D67B706BCBE95C40B78C4FFB47827488', 1033, 'Oriya');
INSERT INTO TNHT_MULT(LITE_PK, LANG_PK, MULT_DESC)
VALUES('D67B706BCBE95C40B78C4FFB47827488', 3082, 'Oriya');
INSERT INTO TNHT_MULT(LITE_PK, LANG_PK, MULT_DESC)
VALUES('D67B706BCBE95C40B78C4FFB47827488', 2070, 'Oriya');
INSERT INTO TNHT_MULT(LITE_PK, LANG_PK, MULT_DESC)
VALUES('D67B706BCBE95C40B78C4FFB47827488', 1036, 'Oriya');
INSERT INTO TNHT_MULT(LITE_PK, LANG_PK, MULT_DESC)
VALUES('D67B706BCBE95C40B78C4FFB47827488', 1049, 'Ория');
INSERT INTO TNHT_LICL(LICL_PK, LITE_PK, LICL_PRIM, ISO_639Y1, ISO_639Y2)
VALUES(72, 'D67B706BCBE95C40B78C4FFB47827488', '1', 'OR', 'ORI');
INSERT INTO TNHT_LITE(LITE_PK) VALUES('92C21411AD69C5408C2E402F6B01A7C7');
INSERT INTO TNHT_MULT(LITE_PK, LANG_PK, MULT_DESC)
VALUES('92C21411AD69C5408C2E402F6B01A7C7', 1033, 'Tamil');
INSERT INTO TNHT_MULT(LITE_PK, LANG_PK, MULT_DESC)
VALUES('92C21411AD69C5408C2E402F6B01A7C7', 3082, 'Tamil');
INSERT INTO TNHT_MULT(LITE_PK, LANG_PK, MULT_DESC)
VALUES('92C21411AD69C5408C2E402F6B01A7C7', 2070, 'Tamil');
INSERT INTO TNHT_MULT(LITE_PK, LANG_PK, MULT_DESC)
VALUES('92C21411AD69C5408C2E402F6B01A7C7', 1036, 'Tamoul');
INSERT INTO TNHT_MULT(LITE_PK, LANG_PK, MULT_DESC)
VALUES('92C21411AD69C5408C2E402F6B01A7C7', 1049, 'Тамильский');
INSERT INTO TNHT_LICL(LICL_PK, LITE_PK, LICL_PRIM, ISO_639Y1, ISO_639Y2)
VALUES(73, '92C21411AD69C5408C2E402F6B01A7C7', '1', 'TA', 'TAM');
INSERT INTO TNHT_LITE(LITE_PK) VALUES('7ACC3B0B552ED24B8AEF337A65865260');
INSERT INTO TNHT_MULT(LITE_PK, LANG_PK, MULT_DESC)
VALUES('7ACC3B0B552ED24B8AEF337A65865260', 1033, 'Telugu');
INSERT INTO TNHT_MULT(LITE_PK, LANG_PK, MULT_DESC)
VALUES('7ACC3B0B552ED24B8AEF337A65865260', 3082, 'Telougou');
INSERT INTO TNHT_MULT(LITE_PK, LANG_PK, MULT_DESC)
VALUES('7ACC3B0B552ED24B8AEF337A65865260', 2070, 'Telugu');
INSERT INTO TNHT_MULT(LITE_PK, LANG_PK, MULT_DESC)
VALUES('7ACC3B0B552ED24B8AEF337A65865260', 1036, 'Télougou');
INSERT INTO TNHT_MULT(LITE_PK, LANG_PK, MULT_DESC)
VALUES('7ACC3B0B552ED24B8AEF337A65865260', 1049, 'Телугу');
INSERT INTO TNHT_LICL(LICL_PK, LITE_PK, LICL_PRIM, ISO_639Y1, ISO_639Y2)
VALUES(74, '7ACC3B0B552ED24B8AEF337A65865260', '1', 'TE', 'TEL');
INSERT INTO TNHT_LITE(LITE_PK) VALUES('CFE58E95D5C94A429A1F1D8BB0479164');
INSERT INTO TNHT_MULT(LITE_PK, LANG_PK, MULT_DESC)
VALUES('CFE58E95D5C94A429A1F1D8BB0479164', 1033, 'Kannada');
INSERT INTO TNHT_MULT(LITE_PK, LANG_PK, MULT_DESC)
VALUES('CFE58E95D5C94A429A1F1D8BB0479164', 3082, 'Kannada');
INSERT INTO TNHT_MULT(LITE_PK, LANG_PK, MULT_DESC)
VALUES('CFE58E95D5C94A429A1F1D8BB0479164', 2070, 'Canarês');
INSERT INTO TNHT_MULT(LITE_PK, LANG_PK, MULT_DESC)
VALUES('CFE58E95D5C94A429A1F1D8BB0479164', 1036, 'Kannada');
INSERT INTO TNHT_MULT(LITE_PK, LANG_PK, MULT_DESC)
VALUES('CFE58E95D5C94A429A1F1D8BB0479164', 1049, 'Каннада');
INSERT INTO TNHT_LICL(LICL_PK, LITE_PK, LICL_PRIM, ISO_639Y1, ISO_639Y2)
VALUES(75, 'CFE58E95D5C94A429A1F1D8BB0479164', '1', 'KN', 'KAN');
INSERT INTO TNHT_LITE(LITE_PK) VALUES('466E5A5D0DD7C44AA20C8531AD4FD947');
INSERT INTO TNHT_MULT(LITE_PK, LANG_PK, MULT_DESC)
VALUES('466E5A5D0DD7C44AA20C8531AD4FD947', 1033, 'Malayalam');
INSERT INTO TNHT_MULT(LITE_PK, LANG_PK, MULT_DESC)
VALUES('466E5A5D0DD7C44AA20C8531AD4FD947', 3082, 'Malayalamo');
INSERT INTO TNHT_MULT(LITE_PK, LANG_PK, MULT_DESC)
VALUES('466E5A5D0DD7C44AA20C8531AD4FD947', 2070, 'Malaiala');
INSERT INTO TNHT_MULT(LITE_PK, LANG_PK, MULT_DESC)
VALUES('466E5A5D0DD7C44AA20C8531AD4FD947', 1036, 'Malayalam');
INSERT INTO TNHT_MULT(LITE_PK, LANG_PK, MULT_DESC)
VALUES('466E5A5D0DD7C44AA20C8531AD4FD947', 1049, 'Малаялам');
INSERT INTO TNHT_LICL(LICL_PK, LITE_PK, LICL_PRIM, ISO_639Y1, ISO_639Y2)
VALUES(76, '466E5A5D0DD7C44AA20C8531AD4FD947', '1', 'ML', 'MAL');
INSERT INTO TNHT_LITE(LITE_PK) VALUES('E273741AD3A20E4C833508F5E94D4550');
INSERT INTO TNHT_MULT(LITE_PK, LANG_PK, MULT_DESC)
VALUES('E273741AD3A20E4C833508F5E94D4550', 1033, 'Assamese');
INSERT INTO TNHT_MULT(LITE_PK, LANG_PK, MULT_DESC)
VALUES('E273741AD3A20E4C833508F5E94D4550', 3082, 'Assamais');
INSERT INTO TNHT_MULT(LITE_PK, LANG_PK, MULT_DESC)
VALUES('E273741AD3A20E4C833508F5E94D4550', 2070, 'Assamês');
INSERT INTO TNHT_MULT(LITE_PK, LANG_PK, MULT_DESC)
VALUES('E273741AD3A20E4C833508F5E94D4550', 1036, 'Assamais');
INSERT INTO TNHT_MULT(LITE_PK, LANG_PK, MULT_DESC)
VALUES('E273741AD3A20E4C833508F5E94D4550', 1049, 'Ассамский');
INSERT INTO TNHT_LICL(LICL_PK, LITE_PK, LICL_PRIM, ISO_639Y1, ISO_639Y2)
VALUES(77, 'E273741AD3A20E4C833508F5E94D4550', '1', 'AS', 'ASM');
INSERT INTO TNHT_LITE(LITE_PK) VALUES('C9262A4F22746542A9088131C1BEFC82');
INSERT INTO TNHT_MULT(LITE_PK, LANG_PK, MULT_DESC)
VALUES('C9262A4F22746542A9088131C1BEFC82', 1033, 'Marathi');
INSERT INTO TNHT_MULT(LITE_PK, LANG_PK, MULT_DESC)
VALUES('C9262A4F22746542A9088131C1BEFC82', 3082, 'Marath');
INSERT INTO TNHT_MULT(LITE_PK, LANG_PK, MULT_DESC)
VALUES('C9262A4F22746542A9088131C1BEFC82', 2070, 'Marata');
INSERT INTO TNHT_MULT(LITE_PK, LANG_PK, MULT_DESC)
VALUES('C9262A4F22746542A9088131C1BEFC82', 1036, 'Marathe');
INSERT INTO TNHT_MULT(LITE_PK, LANG_PK, MULT_DESC)
VALUES('C9262A4F22746542A9088131C1BEFC82', 1049, 'Маратхи');
INSERT INTO TNHT_LICL(LICL_PK, LITE_PK, LICL_PRIM, ISO_639Y1, ISO_639Y2)
VALUES(78, 'C9262A4F22746542A9088131C1BEFC82', '1', 'MR', 'MAR');
INSERT INTO TNHT_LITE(LITE_PK) VALUES('0BC6BFBA6423E6449CD8B2B78659A978');
INSERT INTO TNHT_MULT(LITE_PK, LANG_PK, MULT_DESC)
VALUES('0BC6BFBA6423E6449CD8B2B78659A978', 1033, 'Sanskrit');
INSERT INTO TNHT_MULT(LITE_PK, LANG_PK, MULT_DESC)
VALUES('0BC6BFBA6423E6449CD8B2B78659A978', 3082, 'Sánscrito');
INSERT INTO TNHT_MULT(LITE_PK, LANG_PK, MULT_DESC)
VALUES('0BC6BFBA6423E6449CD8B2B78659A978', 2070, 'Sanskrit');
INSERT INTO TNHT_MULT(LITE_PK, LANG_PK, MULT_DESC)
VALUES('0BC6BFBA6423E6449CD8B2B78659A978', 1036, 'Sanskrit');
INSERT INTO TNHT_MULT(LITE_PK, LANG_PK, MULT_DESC)
VALUES('0BC6BFBA6423E6449CD8B2B78659A978', 1049, 'Санскрит');
INSERT INTO TNHT_LICL(LICL_PK, LITE_PK, LICL_PRIM, ISO_639Y1, ISO_639Y2)
VALUES(79, '0BC6BFBA6423E6449CD8B2B78659A978', '1', 'SA', 'SAN');
INSERT INTO TNHT_LITE(LITE_PK) VALUES('2E36DCB51C30634D8187279DADF166E8');
INSERT INTO TNHT_MULT(LITE_PK, LANG_PK, MULT_DESC)
VALUES('2E36DCB51C30634D8187279DADF166E8', 1033, 'Konkani');
INSERT INTO TNHT_MULT(LITE_PK, LANG_PK, MULT_DESC)
VALUES('2E36DCB51C30634D8187279DADF166E8', 3082, 'Konkani');
INSERT INTO TNHT_MULT(LITE_PK, LANG_PK, MULT_DESC)
VALUES('2E36DCB51C30634D8187279DADF166E8', 2070, 'Konkani');
INSERT INTO TNHT_MULT(LITE_PK, LANG_PK, MULT_DESC)
VALUES('2E36DCB51C30634D8187279DADF166E8', 1036, 'Konkani');
INSERT INTO TNHT_MULT(LITE_PK, LANG_PK, MULT_DESC)
VALUES('2E36DCB51C30634D8187279DADF166E8', 1049, 'Конкани');
INSERT INTO TNHT_LICL(LICL_PK, LITE_PK, LICL_PRIM, ISO_639Y1, ISO_639Y2)
VALUES(87, '2E36DCB51C30634D8187279DADF166E8', '1', 'KOK', 'KOK');
INSERT INTO TNHT_LITE(LITE_PK) VALUES('5BE4707ABF4F994AA47CCA846E8BC776');
INSERT INTO TNHT_MULT(LITE_PK, LANG_PK, MULT_DESC)
VALUES('5BE4707ABF4F994AA47CCA846E8BC776', 1033, 'Bengali (India)');
INSERT INTO TNHT_MULT(LITE_PK, LANG_PK, MULT_DESC)
VALUES('5BE4707ABF4F994AA47CCA846E8BC776', 3082, 'Bengalí (India)');
INSERT INTO TNHT_MULT(LITE_PK, LANG_PK, MULT_DESC)
VALUES('5BE4707ABF4F994AA47CCA846E8BC776', 2070, 'Báltico (India)');
INSERT INTO TNHT_MULT(LITE_PK, LANG_PK, MULT_DESC)
VALUES('5BE4707ABF4F994AA47CCA846E8BC776', 1036, 'Bengali (India)');
INSERT INTO TNHT_MULT(LITE_PK, LANG_PK, MULT_DESC)
VALUES('5BE4707ABF4F994AA47CCA846E8BC776', 1049, 'Бенгали (Индия)');
INSERT INTO TNHT_LICL(LICL_PK, LITE_PK, LICL_PRIM, ISO_639Y1, ISO_639Y2)
VALUES(1093, '5BE4707ABF4F994AA47CCA846E8BC776', '0', 'BN', 'BEN');
INSERT INTO TNHT_LITE(LITE_PK) VALUES('4138B1C0F65D9342B4C9025EC346FB43');
INSERT INTO TNHT_MULT(LITE_PK, LANG_PK, MULT_DESC)
VALUES('4138B1C0F65D9342B4C9025EC346FB43', 1033, 'Punjabi (India)');
INSERT INTO TNHT_MULT(LITE_PK, LANG_PK, MULT_DESC)
VALUES('4138B1C0F65D9342B4C9025EC346FB43', 3082, 'Penyabí (India)');
INSERT INTO TNHT_MULT(LITE_PK, LANG_PK, MULT_DESC)
VALUES('4138B1C0F65D9342B4C9025EC346FB43', 2070, 'Penyabi (India)');
INSERT INTO TNHT_MULT(LITE_PK, LANG_PK, MULT_DESC)
VALUES('4138B1C0F65D9342B4C9025EC346FB43', 1036, 'Pendjabi (India)');
INSERT INTO TNHT_MULT(LITE_PK, LANG_PK, MULT_DESC)
VALUES('4138B1C0F65D9342B4C9025EC346FB43', 1049, 'Панджаби (Индия)');
INSERT INTO TNHT_LICL(LICL_PK, LITE_PK, LICL_PRIM, ISO_639Y1, ISO_639Y2)
VALUES(1094, '4138B1C0F65D9342B4C9025EC346FB43', '0', 'PA', 'PAN');
INSERT INTO TNHT_LITE(LITE_PK) VALUES('11E5D4E4818D5C4AA72E2C1B2326DEC3');
INSERT INTO TNHT_MULT(LITE_PK, LANG_PK, MULT_DESC)
VALUES('11E5D4E4818D5C4AA72E2C1B2326DEC3', 1033, 'Gujarati (India)');
INSERT INTO TNHT_MULT(LITE_PK, LANG_PK, MULT_DESC)
VALUES('11E5D4E4818D5C4AA72E2C1B2326DEC3', 3082, 'Gujarati (India)');
INSERT INTO TNHT_MULT(LITE_PK, LANG_PK, MULT_DESC)
VALUES('11E5D4E4818D5C4AA72E2C1B2326DEC3', 2070, 'Guzerate (India)');
INSERT INTO TNHT_MULT(LITE_PK, LANG_PK, MULT_DESC)
VALUES('11E5D4E4818D5C4AA72E2C1B2326DEC3', 1036, 'Gujarati (India)');
INSERT INTO TNHT_MULT(LITE_PK, LANG_PK, MULT_DESC)
VALUES('11E5D4E4818D5C4AA72E2C1B2326DEC3', 1049, 'Гуджарати (Индия)');
INSERT INTO TNHT_LICL(LICL_PK, LITE_PK, LICL_PRIM, ISO_639Y1, ISO_639Y2)
VALUES(1095, '11E5D4E4818D5C4AA72E2C1B2326DEC3', '0', 'GU', 'GUJ');
INSERT INTO TNHT_LITE(LITE_PK) VALUES('7191FA8C3DA314449CE263C492A6E5B4');
INSERT INTO TNHT_MULT(LITE_PK, LANG_PK, MULT_DESC)
VALUES('7191FA8C3DA314449CE263C492A6E5B4', 1033, 'Oriya (India)');
INSERT INTO TNHT_MULT(LITE_PK, LANG_PK, MULT_DESC)
VALUES('7191FA8C3DA314449CE263C492A6E5B4', 3082, 'Oriya (India)');
INSERT INTO TNHT_MULT(LITE_PK, LANG_PK, MULT_DESC)
VALUES('7191FA8C3DA314449CE263C492A6E5B4', 2070, 'Oriya (India)');
INSERT INTO TNHT_MULT(LITE_PK, LANG_PK, MULT_DESC)
VALUES('7191FA8C3DA314449CE263C492A6E5B4', 1036, 'Oriya (India)');
INSERT INTO TNHT_MULT(LITE_PK, LANG_PK, MULT_DESC)
VALUES('7191FA8C3DA314449CE263C492A6E5B4', 1049, 'Ория (Индия)');
INSERT INTO TNHT_LICL(LICL_PK, LITE_PK, LICL_PRIM, ISO_639Y1, ISO_639Y2)
VALUES(1096, '7191FA8C3DA314449CE263C492A6E5B4', '0', 'OR', 'ORI');
INSERT INTO TNHT_LITE(LITE_PK) VALUES('A0CF70A0003308468B492FD40B2A38F6');
INSERT INTO TNHT_MULT(LITE_PK, LANG_PK, MULT_DESC)
VALUES('A0CF70A0003308468B492FD40B2A38F6', 1033, 'Tamil (India)');
INSERT INTO TNHT_MULT(LITE_PK, LANG_PK, MULT_DESC)
VALUES('A0CF70A0003308468B492FD40B2A38F6', 3082, 'Tamil (India)');
INSERT INTO TNHT_MULT(LITE_PK, LANG_PK, MULT_DESC)
VALUES('A0CF70A0003308468B492FD40B2A38F6', 2070, 'Tamil (India)');
INSERT INTO TNHT_MULT(LITE_PK, LANG_PK, MULT_DESC)
VALUES('A0CF70A0003308468B492FD40B2A38F6', 1036, 'Tamoul (India)');
INSERT INTO TNHT_MULT(LITE_PK, LANG_PK, MULT_DESC)
VALUES('A0CF70A0003308468B492FD40B2A38F6', 1049, 'Тамильский (Индия)');
INSERT INTO TNHT_LICL(LICL_PK, LITE_PK, LICL_PRIM, ISO_639Y1, ISO_639Y2)
VALUES(1097, 'A0CF70A0003308468B492FD40B2A38F6', '0', 'TA', 'TAM');
INSERT INTO TNHT_LITE(LITE_PK) VALUES('5C431AD2658F0E4A966CA6F9FA1C8657');
INSERT INTO TNHT_MULT(LITE_PK, LANG_PK, MULT_DESC)
VALUES('5C431AD2658F0E4A966CA6F9FA1C8657', 1033, 'Telugu (India)');
INSERT INTO TNHT_MULT(LITE_PK, LANG_PK, MULT_DESC)
VALUES('5C431AD2658F0E4A966CA6F9FA1C8657', 3082, 'Telougou (India)');
INSERT INTO TNHT_MULT(LITE_PK, LANG_PK, MULT_DESC)
VALUES('5C431AD2658F0E4A966CA6F9FA1C8657', 2070, 'Telugu (India)');
INSERT INTO TNHT_MULT(LITE_PK, LANG_PK, MULT_DESC)
VALUES('5C431AD2658F0E4A966CA6F9FA1C8657', 1036, 'Télougou (India)');
INSERT INTO TNHT_MULT(LITE_PK, LANG_PK, MULT_DESC)
VALUES('5C431AD2658F0E4A966CA6F9FA1C8657', 1049, 'Телугу (Индия)');
INSERT INTO TNHT_LICL(LICL_PK, LITE_PK, LICL_PRIM, ISO_639Y1, ISO_639Y2)
VALUES(1098, '5C431AD2658F0E4A966CA6F9FA1C8657', '0', 'TE', 'TEL');
INSERT INTO TNHT_LITE(LITE_PK) VALUES('810DB83E1B449A418F1D5BB088A02A7B');
INSERT INTO TNHT_MULT(LITE_PK, LANG_PK, MULT_DESC)
VALUES('810DB83E1B449A418F1D5BB088A02A7B', 1033, 'Kannada (India)');
INSERT INTO TNHT_MULT(LITE_PK, LANG_PK, MULT_DESC)
VALUES('810DB83E1B449A418F1D5BB088A02A7B', 3082, 'Kannada (India)');
INSERT INTO TNHT_MULT(LITE_PK, LANG_PK, MULT_DESC)
VALUES('810DB83E1B449A418F1D5BB088A02A7B', 2070, 'Canarês (India)');
INSERT INTO TNHT_MULT(LITE_PK, LANG_PK, MULT_DESC)
VALUES('810DB83E1B449A418F1D5BB088A02A7B', 1036, 'Kannada (India)');
INSERT INTO TNHT_MULT(LITE_PK, LANG_PK, MULT_DESC)
VALUES('810DB83E1B449A418F1D5BB088A02A7B', 1049, 'Каннада (Индия)');
INSERT INTO TNHT_LICL(LICL_PK, LITE_PK, LICL_PRIM, ISO_639Y1, ISO_639Y2)
VALUES(1099, '810DB83E1B449A418F1D5BB088A02A7B', '0', 'KN', 'KAN');
INSERT INTO TNHT_LITE(LITE_PK) VALUES('6C0F4B3356DD0C45AE6AB360BD63A214');
INSERT INTO TNHT_MULT(LITE_PK, LANG_PK, MULT_DESC)
VALUES('6C0F4B3356DD0C45AE6AB360BD63A214', 1033, 'Malayalam (India)');
INSERT INTO TNHT_MULT(LITE_PK, LANG_PK, MULT_DESC)
VALUES('6C0F4B3356DD0C45AE6AB360BD63A214', 3082, 'Malayalamo (India)');
INSERT INTO TNHT_MULT(LITE_PK, LANG_PK, MULT_DESC)
VALUES('6C0F4B3356DD0C45AE6AB360BD63A214', 2070, 'Malaiala (India)');
INSERT INTO TNHT_MULT(LITE_PK, LANG_PK, MULT_DESC)
VALUES('6C0F4B3356DD0C45AE6AB360BD63A214', 1036, 'Malayalam (India)');
INSERT INTO TNHT_MULT(LITE_PK, LANG_PK, MULT_DESC)
VALUES('6C0F4B3356DD0C45AE6AB360BD63A214', 1049, 'Малаялам (Индия)');
INSERT INTO TNHT_LICL(LICL_PK, LITE_PK, LICL_PRIM, ISO_639Y1, ISO_639Y2)
VALUES(1100, '6C0F4B3356DD0C45AE6AB360BD63A214', '0', 'ML', 'MAL');
INSERT INTO TNHT_LITE(LITE_PK) VALUES('337361CD45D7A540AD44EC3EFF8915D3');
INSERT INTO TNHT_MULT(LITE_PK, LANG_PK, MULT_DESC)
VALUES('337361CD45D7A540AD44EC3EFF8915D3', 1033, 'Assamese (India)');
INSERT INTO TNHT_MULT(LITE_PK, LANG_PK, MULT_DESC)
VALUES('337361CD45D7A540AD44EC3EFF8915D3', 3082, 'Assamais (India)');
INSERT INTO TNHT_MULT(LITE_PK, LANG_PK, MULT_DESC)
VALUES('337361CD45D7A540AD44EC3EFF8915D3', 2070, 'Assamês (India)');
INSERT INTO TNHT_MULT(LITE_PK, LANG_PK, MULT_DESC)
VALUES('337361CD45D7A540AD44EC3EFF8915D3', 1036, 'Assamais (India)');
INSERT INTO TNHT_MULT(LITE_PK, LANG_PK, MULT_DESC)
VALUES('337361CD45D7A540AD44EC3EFF8915D3', 1049, 'Ассамский (Индия)');
INSERT INTO TNHT_LICL(LICL_PK, LITE_PK, LICL_PRIM, ISO_639Y1, ISO_639Y2)
VALUES(1101, '337361CD45D7A540AD44EC3EFF8915D3', '0', 'AS', 'ASM');
INSERT INTO TNHT_LITE(LITE_PK) VALUES('172389580A0DD44DB4DD15A71A479802');
INSERT INTO TNHT_MULT(LITE_PK, LANG_PK, MULT_DESC)
VALUES('172389580A0DD44DB4DD15A71A479802', 1033, 'Marathi (India)');
INSERT INTO TNHT_MULT(LITE_PK, LANG_PK, MULT_DESC)
VALUES('172389580A0DD44DB4DD15A71A479802', 3082, 'Marath (India)');
INSERT INTO TNHT_MULT(LITE_PK, LANG_PK, MULT_DESC)
VALUES('172389580A0DD44DB4DD15A71A479802', 2070, 'Marata (India)');
INSERT INTO TNHT_MULT(LITE_PK, LANG_PK, MULT_DESC)
VALUES('172389580A0DD44DB4DD15A71A479802', 1036, 'Marathe (India)');
INSERT INTO TNHT_MULT(LITE_PK, LANG_PK, MULT_DESC)
VALUES('172389580A0DD44DB4DD15A71A479802', 1049, 'Маратхи (Индия)');
INSERT INTO TNHT_LICL(LICL_PK, LITE_PK, LICL_PRIM, ISO_639Y1, ISO_639Y2)
VALUES(1102, '172389580A0DD44DB4DD15A71A479802', '0', 'MR', 'MAR');
INSERT INTO TNHT_LITE(LITE_PK) VALUES('9F2E1B0715DF5A478842AE873866D2B8');
INSERT INTO TNHT_MULT(LITE_PK, LANG_PK, MULT_DESC)
VALUES('9F2E1B0715DF5A478842AE873866D2B8', 1033, 'Sanskrit (India)');
INSERT INTO TNHT_MULT(LITE_PK, LANG_PK, MULT_DESC)
VALUES('9F2E1B0715DF5A478842AE873866D2B8', 3082, 'Sánscrito (India)');
INSERT INTO TNHT_MULT(LITE_PK, LANG_PK, MULT_DESC)
VALUES('9F2E1B0715DF5A478842AE873866D2B8', 2070, 'Sanskrit (India)');
INSERT INTO TNHT_MULT(LITE_PK, LANG_PK, MULT_DESC)
VALUES('9F2E1B0715DF5A478842AE873866D2B8', 1036, 'Sanskrit (India)');
INSERT INTO TNHT_MULT(LITE_PK, LANG_PK, MULT_DESC)
VALUES('9F2E1B0715DF5A478842AE873866D2B8', 1049, 'Санскрит (Индия)');
INSERT INTO TNHT_LICL(LICL_PK, LITE_PK, LICL_PRIM, ISO_639Y1, ISO_639Y2)
VALUES(1103, '9F2E1B0715DF5A478842AE873866D2B8', '0', 'SA', 'SAN');
INSERT INTO TNHT_LITE(LITE_PK) VALUES('E11CD739A88EA545A72A5AFCA040CDF7');
INSERT INTO TNHT_MULT(LITE_PK, LANG_PK, MULT_DESC)
VALUES('E11CD739A88EA545A72A5AFCA040CDF7', 1033, 'Konkani (India)');
INSERT INTO TNHT_MULT(LITE_PK, LANG_PK, MULT_DESC)
VALUES('E11CD739A88EA545A72A5AFCA040CDF7', 3082, 'Konkani (India)');
INSERT INTO TNHT_MULT(LITE_PK, LANG_PK, MULT_DESC)
VALUES('E11CD739A88EA545A72A5AFCA040CDF7', 2070, 'Konkani (India)');
INSERT INTO TNHT_MULT(LITE_PK, LANG_PK, MULT_DESC)
VALUES('E11CD739A88EA545A72A5AFCA040CDF7', 1036, 'Konkani (India)');
INSERT INTO TNHT_MULT(LITE_PK, LANG_PK, MULT_DESC)
VALUES('E11CD739A88EA545A72A5AFCA040CDF7', 1049, 'Конкани (Индия)');
INSERT INTO TNHT_LICL(LICL_PK, LITE_PK, LICL_PRIM, ISO_639Y1, ISO_639Y2)
VALUES(1111, 'E11CD739A88EA545A72A5AFCA040CDF7', '0', 'KOK', 'KOK');
INSERT INTO TNHT_LITE(LITE_PK) VALUES('71297501D8A34B42B22DBC87AFAC90A0');
INSERT INTO TNHT_MULT(LITE_PK, LANG_PK, MULT_DESC)
VALUES('71297501D8A34B42B22DBC87AFAC90A0', 1033, 'Bengali (Bangladesh)');
INSERT INTO TNHT_MULT(LITE_PK, LANG_PK, MULT_DESC)
VALUES('71297501D8A34B42B22DBC87AFAC90A0', 3082, 'Bengalí (Bangladesh)');
INSERT INTO TNHT_MULT(LITE_PK, LANG_PK, MULT_DESC)
VALUES('71297501D8A34B42B22DBC87AFAC90A0', 2070, 'Báltico (Bangladesh)');
INSERT INTO TNHT_MULT(LITE_PK, LANG_PK, MULT_DESC)
VALUES('71297501D8A34B42B22DBC87AFAC90A0', 1036, 'Bengali (Bangladesh)');
INSERT INTO TNHT_MULT(LITE_PK, LANG_PK, MULT_DESC)
VALUES('71297501D8A34B42B22DBC87AFAC90A0', 1049, 'Бенгали (Бангладеш)');
INSERT INTO TNHT_LICL(LICL_PK, LITE_PK, LICL_PRIM, ISO_639Y1, ISO_639Y2)
VALUES(2117, '71297501D8A34B42B22DBC87AFAC90A0', '0', 'BN', 'BEN');
INSERT INTO TNHT_LITE(LITE_PK) VALUES('05E6485C37948847A0F16EE5ED95B29F');
INSERT INTO TNHT_MULT(LITE_PK, LANG_PK, MULT_DESC)
VALUES('05E6485C37948847A0F16EE5ED95B29F', 1033, 'Mongolian');
INSERT INTO TNHT_MULT(LITE_PK, LANG_PK, MULT_DESC)
VALUES('05E6485C37948847A0F16EE5ED95B29F', 3082, 'Mongol');
INSERT INTO TNHT_MULT(LITE_PK, LANG_PK, MULT_DESC)
VALUES('05E6485C37948847A0F16EE5ED95B29F', 2070, 'Mongol');
INSERT INTO TNHT_MULT(LITE_PK, LANG_PK, MULT_DESC)
VALUES('05E6485C37948847A0F16EE5ED95B29F', 1036, 'Mongol');
INSERT INTO TNHT_MULT(LITE_PK, LANG_PK, MULT_DESC)
VALUES('05E6485C37948847A0F16EE5ED95B29F', 1049, 'Монгольский');
INSERT INTO TNHT_LICL(LICL_PK, LITE_PK, LICL_PRIM, ISO_639Y1, ISO_639Y2)
VALUES(80, '05E6485C37948847A0F16EE5ED95B29F', '1', 'MN', 'MON');
INSERT INTO TNHT_LITE(LITE_PK) VALUES('EEB07E90AD702440AB40742E755DC458');
INSERT INTO TNHT_MULT(LITE_PK, LANG_PK, MULT_DESC)
VALUES('EEB07E90AD702440AB40742E755DC458', 1033, 'Mongolian (Cyrillic, Mongolia)');
INSERT INTO TNHT_MULT(LITE_PK, LANG_PK, MULT_DESC)
VALUES('EEB07E90AD702440AB40742E755DC458', 3082, 'Mongol (Cyrillic, Mongolia)');
INSERT INTO TNHT_MULT(LITE_PK, LANG_PK, MULT_DESC)
VALUES('EEB07E90AD702440AB40742E755DC458', 2070, 'Mongol (Cyrillic, Mongolia)');
INSERT INTO TNHT_MULT(LITE_PK, LANG_PK, MULT_DESC)
VALUES('EEB07E90AD702440AB40742E755DC458', 1036, 'Mongol (Cyrillic, Mongolia)');
INSERT INTO TNHT_MULT(LITE_PK, LANG_PK, MULT_DESC)
VALUES('EEB07E90AD702440AB40742E755DC458', 1049, 'Монгольский (Кирилица, Монголия)');
INSERT INTO TNHT_LICL(LICL_PK, LITE_PK, LICL_PRIM, ISO_639Y1, ISO_639Y2)
VALUES(1104, 'EEB07E90AD702440AB40742E755DC458', '0', 'MN', 'MON');
INSERT INTO TNHT_LITE(LITE_PK) VALUES('8C2B5095B1A644488DB8FDD58B4B4815');
INSERT INTO TNHT_MULT(LITE_PK, LANG_PK, MULT_DESC)
VALUES('8C2B5095B1A644488DB8FDD58B4B4815', 1033, 'Mongolian (Traditional Mongolian, PRC)');
INSERT INTO TNHT_MULT(LITE_PK, LANG_PK, MULT_DESC)
VALUES('8C2B5095B1A644488DB8FDD58B4B4815', 3082, 'Mongol (Traditional Mongolian, PRC)');
INSERT INTO TNHT_MULT(LITE_PK, LANG_PK, MULT_DESC)
VALUES('8C2B5095B1A644488DB8FDD58B4B4815', 2070, 'Mongol (Traditional Mongolian, PRC)');
INSERT INTO TNHT_MULT(LITE_PK, LANG_PK, MULT_DESC)
VALUES('8C2B5095B1A644488DB8FDD58B4B4815', 1036, 'Mongol (Traditional Mongolian, PRC)');
INSERT INTO TNHT_MULT(LITE_PK, LANG_PK, MULT_DESC)
VALUES('8C2B5095B1A644488DB8FDD58B4B4815', 1049, 'Монгольский (Традиционный Монгольский, Китай)');
INSERT INTO TNHT_LICL(LICL_PK, LITE_PK, LICL_PRIM, ISO_639Y1, ISO_639Y2)
VALUES(2128, '8C2B5095B1A644488DB8FDD58B4B4815', '0', 'MN', 'MON');
INSERT INTO TNHT_LITE(LITE_PK) VALUES('CCB70DAA121F674596CC9E3A4493737B');
INSERT INTO TNHT_MULT(LITE_PK, LANG_PK, MULT_DESC)
VALUES('CCB70DAA121F674596CC9E3A4493737B', 1033, 'Mongolian (Cyrillic)');
INSERT INTO TNHT_MULT(LITE_PK, LANG_PK, MULT_DESC)
VALUES('CCB70DAA121F674596CC9E3A4493737B', 3082, 'Mongol (Cyrillic)');
INSERT INTO TNHT_MULT(LITE_PK, LANG_PK, MULT_DESC)
VALUES('CCB70DAA121F674596CC9E3A4493737B', 2070, 'Mongol (Cyrillic)');
INSERT INTO TNHT_MULT(LITE_PK, LANG_PK, MULT_DESC)
VALUES('CCB70DAA121F674596CC9E3A4493737B', 1036, 'Mongol (Cyrillic)');
INSERT INTO TNHT_MULT(LITE_PK, LANG_PK, MULT_DESC)
VALUES('CCB70DAA121F674596CC9E3A4493737B', 1049, 'Монгольский (Кирилица)');
INSERT INTO TNHT_LICL(LICL_PK, LITE_PK, LICL_PRIM, ISO_639Y1, ISO_639Y2)
VALUES(30800, 'CCB70DAA121F674596CC9E3A4493737B', '0', 'MN', 'MON');
INSERT INTO TNHT_LITE(LITE_PK) VALUES('667C155F1979514EA767B98B7B216712');
INSERT INTO TNHT_MULT(LITE_PK, LANG_PK, MULT_DESC)
VALUES('667C155F1979514EA767B98B7B216712', 1033, 'Mongolian (Traditional Mongolian)');
INSERT INTO TNHT_MULT(LITE_PK, LANG_PK, MULT_DESC)
VALUES('667C155F1979514EA767B98B7B216712', 3082, 'Mongol (Traditional Mongolian)');
INSERT INTO TNHT_MULT(LITE_PK, LANG_PK, MULT_DESC)
VALUES('667C155F1979514EA767B98B7B216712', 2070, 'Mongol (Traditional Mongolian)');
INSERT INTO TNHT_MULT(LITE_PK, LANG_PK, MULT_DESC)
VALUES('667C155F1979514EA767B98B7B216712', 1036, 'Mongol (Traditional Mongolian)');
INSERT INTO TNHT_MULT(LITE_PK, LANG_PK, MULT_DESC)
VALUES('667C155F1979514EA767B98B7B216712', 1049, 'Монгольский (Традиционный Монгольский)');
INSERT INTO TNHT_LICL(LICL_PK, LITE_PK, LICL_PRIM, ISO_639Y1, ISO_639Y2)
VALUES(31824, '667C155F1979514EA767B98B7B216712', '0', 'MN', 'MON');
INSERT INTO TNHT_LITE(LITE_PK) VALUES('96924D75309DF74E92D35551C7C5E13D');
INSERT INTO TNHT_MULT(LITE_PK, LANG_PK, MULT_DESC)
VALUES('96924D75309DF74E92D35551C7C5E13D', 1033, 'Tibetan');
INSERT INTO TNHT_MULT(LITE_PK, LANG_PK, MULT_DESC)
VALUES('96924D75309DF74E92D35551C7C5E13D', 3082, 'Tibetano');
INSERT INTO TNHT_MULT(LITE_PK, LANG_PK, MULT_DESC)
VALUES('96924D75309DF74E92D35551C7C5E13D', 2070, 'Tibetano');
INSERT INTO TNHT_MULT(LITE_PK, LANG_PK, MULT_DESC)
VALUES('96924D75309DF74E92D35551C7C5E13D', 1036, 'Tibétain');
INSERT INTO TNHT_MULT(LITE_PK, LANG_PK, MULT_DESC)
VALUES('96924D75309DF74E92D35551C7C5E13D', 1049, 'Тибетский');
INSERT INTO TNHT_LICL(LICL_PK, LITE_PK, LICL_PRIM, ISO_639Y1, ISO_639Y2)
VALUES(81, '96924D75309DF74E92D35551C7C5E13D', '1', 'BO', 'BOD');
INSERT INTO TNHT_LITE(LITE_PK) VALUES('F1100AE27A9D6F41ACB8FD11C5236E8C');
INSERT INTO TNHT_MULT(LITE_PK, LANG_PK, MULT_DESC)
VALUES('F1100AE27A9D6F41ACB8FD11C5236E8C', 1033, 'Welsh');
INSERT INTO TNHT_MULT(LITE_PK, LANG_PK, MULT_DESC)
VALUES('F1100AE27A9D6F41ACB8FD11C5236E8C', 3082, 'Galés');
INSERT INTO TNHT_MULT(LITE_PK, LANG_PK, MULT_DESC)
VALUES('F1100AE27A9D6F41ACB8FD11C5236E8C', 2070, 'Galês');
INSERT INTO TNHT_MULT(LITE_PK, LANG_PK, MULT_DESC)
VALUES('F1100AE27A9D6F41ACB8FD11C5236E8C', 1036, 'Gallois');
INSERT INTO TNHT_MULT(LITE_PK, LANG_PK, MULT_DESC)
VALUES('F1100AE27A9D6F41ACB8FD11C5236E8C', 1049, 'Валлийский');
INSERT INTO TNHT_LICL(LICL_PK, LITE_PK, LICL_PRIM, ISO_639Y1, ISO_639Y2)
VALUES(82, 'F1100AE27A9D6F41ACB8FD11C5236E8C', '1', 'CY', 'CYM');
INSERT INTO TNHT_LITE(LITE_PK) VALUES('E3F4A43317D9C84A8D1DE77D1A7CDF84');
INSERT INTO TNHT_MULT(LITE_PK, LANG_PK, MULT_DESC)
VALUES('E3F4A43317D9C84A8D1DE77D1A7CDF84', 1033, 'Khmer');
INSERT INTO TNHT_MULT(LITE_PK, LANG_PK, MULT_DESC)
VALUES('E3F4A43317D9C84A8D1DE77D1A7CDF84', 3082, 'Khmer');
INSERT INTO TNHT_MULT(LITE_PK, LANG_PK, MULT_DESC)
VALUES('E3F4A43317D9C84A8D1DE77D1A7CDF84', 2070, 'Khmer');
INSERT INTO TNHT_MULT(LITE_PK, LANG_PK, MULT_DESC)
VALUES('E3F4A43317D9C84A8D1DE77D1A7CDF84', 1036, 'Khmer');
INSERT INTO TNHT_MULT(LITE_PK, LANG_PK, MULT_DESC)
VALUES('E3F4A43317D9C84A8D1DE77D1A7CDF84', 1049, 'Кхмерский');
INSERT INTO TNHT_LICL(LICL_PK, LITE_PK, LICL_PRIM, ISO_639Y1, ISO_639Y2)
VALUES(83, 'E3F4A43317D9C84A8D1DE77D1A7CDF84', '1', 'KM', 'KHM');
INSERT INTO TNHT_LITE(LITE_PK) VALUES('A6CA4689D1DF854BB33345690E7268F4');
INSERT INTO TNHT_MULT(LITE_PK, LANG_PK, MULT_DESC)
VALUES('A6CA4689D1DF854BB33345690E7268F4', 1033, 'Lao');
INSERT INTO TNHT_MULT(LITE_PK, LANG_PK, MULT_DESC)
VALUES('A6CA4689D1DF854BB33345690E7268F4', 3082, 'Laosiano');
INSERT INTO TNHT_MULT(LITE_PK, LANG_PK, MULT_DESC)
VALUES('A6CA4689D1DF854BB33345690E7268F4', 2070, 'Laosiano');
INSERT INTO TNHT_MULT(LITE_PK, LANG_PK, MULT_DESC)
VALUES('A6CA4689D1DF854BB33345690E7268F4', 1036, 'Lao');
INSERT INTO TNHT_MULT(LITE_PK, LANG_PK, MULT_DESC)
VALUES('A6CA4689D1DF854BB33345690E7268F4', 1049, 'Лаосский');
INSERT INTO TNHT_LICL(LICL_PK, LITE_PK, LICL_PRIM, ISO_639Y1, ISO_639Y2)
VALUES(84, 'A6CA4689D1DF854BB33345690E7268F4', '1', 'LO', 'LAO');
INSERT INTO TNHT_LITE(LITE_PK) VALUES('701307527280A04E9D937884DCFAFE86');
INSERT INTO TNHT_MULT(LITE_PK, LANG_PK, MULT_DESC)
VALUES('701307527280A04E9D937884DCFAFE86', 1033, 'Galician');
INSERT INTO TNHT_MULT(LITE_PK, LANG_PK, MULT_DESC)
VALUES('701307527280A04E9D937884DCFAFE86', 3082, 'Gallego');
INSERT INTO TNHT_MULT(LITE_PK, LANG_PK, MULT_DESC)
VALUES('701307527280A04E9D937884DCFAFE86', 2070, 'Galego');
INSERT INTO TNHT_MULT(LITE_PK, LANG_PK, MULT_DESC)
VALUES('701307527280A04E9D937884DCFAFE86', 1036, 'Galicien');
INSERT INTO TNHT_MULT(LITE_PK, LANG_PK, MULT_DESC)
VALUES('701307527280A04E9D937884DCFAFE86', 1049, 'Гальский');
INSERT INTO TNHT_LICL(LICL_PK, LITE_PK, LICL_PRIM, ISO_639Y1, ISO_639Y2)
VALUES(86, '701307527280A04E9D937884DCFAFE86', '1', 'GL', 'GLG');
INSERT INTO TNHT_LITE(LITE_PK) VALUES('B7F7FD15F6964949A4DA19E379300C15');
INSERT INTO TNHT_MULT(LITE_PK, LANG_PK, MULT_DESC)
VALUES('B7F7FD15F6964949A4DA19E379300C15', 1033, 'Syriac');
INSERT INTO TNHT_MULT(LITE_PK, LANG_PK, MULT_DESC)
VALUES('B7F7FD15F6964949A4DA19E379300C15', 3082, 'Syriac');
INSERT INTO TNHT_MULT(LITE_PK, LANG_PK, MULT_DESC)
VALUES('B7F7FD15F6964949A4DA19E379300C15', 2070, 'Sérvio');
INSERT INTO TNHT_MULT(LITE_PK, LANG_PK, MULT_DESC)
VALUES('B7F7FD15F6964949A4DA19E379300C15', 1036, 'Syriaque');
INSERT INTO TNHT_MULT(LITE_PK, LANG_PK, MULT_DESC)
VALUES('B7F7FD15F6964949A4DA19E379300C15', 1049, 'Сирийский');
INSERT INTO TNHT_LICL(LICL_PK, LITE_PK, LICL_PRIM, ISO_639Y1, ISO_639Y2)
VALUES(90, 'B7F7FD15F6964949A4DA19E379300C15', '1', 'SYR', 'SYR');
INSERT INTO TNHT_LITE(LITE_PK) VALUES('A1721695BFD0794B82BBF24033AE28E5');
INSERT INTO TNHT_MULT(LITE_PK, LANG_PK, MULT_DESC)
VALUES('A1721695BFD0794B82BBF24033AE28E5', 1033, 'Sinhala');
INSERT INTO TNHT_MULT(LITE_PK, LANG_PK, MULT_DESC)
VALUES('A1721695BFD0794B82BBF24033AE28E5', 3082, 'Singala');
INSERT INTO TNHT_MULT(LITE_PK, LANG_PK, MULT_DESC)
VALUES('A1721695BFD0794B82BBF24033AE28E5', 2070, 'Singala');
INSERT INTO TNHT_MULT(LITE_PK, LANG_PK, MULT_DESC)
VALUES('A1721695BFD0794B82BBF24033AE28E5', 1036, 'Singhalais');
INSERT INTO TNHT_MULT(LITE_PK, LANG_PK, MULT_DESC)
VALUES('A1721695BFD0794B82BBF24033AE28E5', 1049, 'Сингальский');
INSERT INTO TNHT_LICL(LICL_PK, LITE_PK, LICL_PRIM, ISO_639Y1, ISO_639Y2)
VALUES(91, 'A1721695BFD0794B82BBF24033AE28E5', '1', 'SI', 'SIN');
INSERT INTO TNHT_LITE(LITE_PK) VALUES('31E4B5A845956F49983AC1516A4F536E');
INSERT INTO TNHT_MULT(LITE_PK, LANG_PK, MULT_DESC)
VALUES('31E4B5A845956F49983AC1516A4F536E', 1033, 'Tibetan (PRC)');
INSERT INTO TNHT_MULT(LITE_PK, LANG_PK, MULT_DESC)
VALUES('31E4B5A845956F49983AC1516A4F536E', 3082, 'Tibetano (PRC)');
INSERT INTO TNHT_MULT(LITE_PK, LANG_PK, MULT_DESC)
VALUES('31E4B5A845956F49983AC1516A4F536E', 2070, 'Tibetano (PRC)');
INSERT INTO TNHT_MULT(LITE_PK, LANG_PK, MULT_DESC)
VALUES('31E4B5A845956F49983AC1516A4F536E', 1036, 'Tibétain (PRC)');
INSERT INTO TNHT_MULT(LITE_PK, LANG_PK, MULT_DESC)
VALUES('31E4B5A845956F49983AC1516A4F536E', 1049, 'Тибетский (Китай)');
INSERT INTO TNHT_LICL(LICL_PK, LITE_PK, LICL_PRIM, ISO_639Y1, ISO_639Y2)
VALUES(1105, '31E4B5A845956F49983AC1516A4F536E', '0', 'BO', 'BOD');
INSERT INTO TNHT_LITE(LITE_PK) VALUES('9D4C0B1F92580B418A9F42A3F4885D3C');
INSERT INTO TNHT_MULT(LITE_PK, LANG_PK, MULT_DESC)
VALUES('9D4C0B1F92580B418A9F42A3F4885D3C', 1033, 'Welsh (United Kingdom)');
INSERT INTO TNHT_MULT(LITE_PK, LANG_PK, MULT_DESC)
VALUES('9D4C0B1F92580B418A9F42A3F4885D3C', 3082, 'Galés (United Kingdom)');
INSERT INTO TNHT_MULT(LITE_PK, LANG_PK, MULT_DESC)
VALUES('9D4C0B1F92580B418A9F42A3F4885D3C', 2070, 'Galês (United Kingdom)');
INSERT INTO TNHT_MULT(LITE_PK, LANG_PK, MULT_DESC)
VALUES('9D4C0B1F92580B418A9F42A3F4885D3C', 1036, 'Gallois (United Kingdom)');
INSERT INTO TNHT_MULT(LITE_PK, LANG_PK, MULT_DESC)
VALUES('9D4C0B1F92580B418A9F42A3F4885D3C', 1049, 'Валлийский (Великобритания)');
INSERT INTO TNHT_LICL(LICL_PK, LITE_PK, LICL_PRIM, ISO_639Y1, ISO_639Y2)
VALUES(1106, '9D4C0B1F92580B418A9F42A3F4885D3C', '0', 'CY', 'CYM');
INSERT INTO TNHT_LITE(LITE_PK) VALUES('2FEEA60771B021448F1807824129AA70');
INSERT INTO TNHT_MULT(LITE_PK, LANG_PK, MULT_DESC)
VALUES('2FEEA60771B021448F1807824129AA70', 1033, 'Khmer (Cambodia)');
INSERT INTO TNHT_MULT(LITE_PK, LANG_PK, MULT_DESC)
VALUES('2FEEA60771B021448F1807824129AA70', 3082, 'Khmer (Cambodia)');
INSERT INTO TNHT_MULT(LITE_PK, LANG_PK, MULT_DESC)
VALUES('2FEEA60771B021448F1807824129AA70', 2070, 'Khmer (Cambodia)');
INSERT INTO TNHT_MULT(LITE_PK, LANG_PK, MULT_DESC)
VALUES('2FEEA60771B021448F1807824129AA70', 1036, 'Khmer (Cambodia)');
INSERT INTO TNHT_MULT(LITE_PK, LANG_PK, MULT_DESC)
VALUES('2FEEA60771B021448F1807824129AA70', 1049, 'Кхмерский (Камбоджа)');
INSERT INTO TNHT_LICL(LICL_PK, LITE_PK, LICL_PRIM, ISO_639Y1, ISO_639Y2)
VALUES(1107, '2FEEA60771B021448F1807824129AA70', '0', 'KM', 'KHM');
INSERT INTO TNHT_LITE(LITE_PK) VALUES('8487DF1B1212794DBEB72B8E0D1CD588');
INSERT INTO TNHT_MULT(LITE_PK, LANG_PK, MULT_DESC)
VALUES('8487DF1B1212794DBEB72B8E0D1CD588', 1033, 'Lao (Lao P.D.R.)');
INSERT INTO TNHT_MULT(LITE_PK, LANG_PK, MULT_DESC)
VALUES('8487DF1B1212794DBEB72B8E0D1CD588', 3082, 'Laosiano (Lao P.D.R.)');
INSERT INTO TNHT_MULT(LITE_PK, LANG_PK, MULT_DESC)
VALUES('8487DF1B1212794DBEB72B8E0D1CD588', 2070, 'Laosiano (Lao P.D.R.)');
INSERT INTO TNHT_MULT(LITE_PK, LANG_PK, MULT_DESC)
VALUES('8487DF1B1212794DBEB72B8E0D1CD588', 1036, 'Lao (Lao P.D.R.)');
INSERT INTO TNHT_MULT(LITE_PK, LANG_PK, MULT_DESC)
VALUES('8487DF1B1212794DBEB72B8E0D1CD588', 1049, 'Лаосский (Лаосская Н.Д.Р)');
INSERT INTO TNHT_LICL(LICL_PK, LITE_PK, LICL_PRIM, ISO_639Y1, ISO_639Y2)
VALUES(1108, '8487DF1B1212794DBEB72B8E0D1CD588', '0', 'LO', 'LAO');
INSERT INTO TNHT_LITE(LITE_PK) VALUES('E5A76C2D7299A34D96D0F5512BBCF66A');
INSERT INTO TNHT_MULT(LITE_PK, LANG_PK, MULT_DESC)
VALUES('E5A76C2D7299A34D96D0F5512BBCF66A', 1033, 'Galician (Galician)');
INSERT INTO TNHT_MULT(LITE_PK, LANG_PK, MULT_DESC)
VALUES('E5A76C2D7299A34D96D0F5512BBCF66A', 3082, 'Gallego (Galician)');
INSERT INTO TNHT_MULT(LITE_PK, LANG_PK, MULT_DESC)
VALUES('E5A76C2D7299A34D96D0F5512BBCF66A', 2070, 'Galego (Galician)');
INSERT INTO TNHT_MULT(LITE_PK, LANG_PK, MULT_DESC)
VALUES('E5A76C2D7299A34D96D0F5512BBCF66A', 1036, 'Galicien (Galician)');
INSERT INTO TNHT_MULT(LITE_PK, LANG_PK, MULT_DESC)
VALUES('E5A76C2D7299A34D96D0F5512BBCF66A', 1049, 'Гальский (Галиссия, Испания)');
INSERT INTO TNHT_LICL(LICL_PK, LITE_PK, LICL_PRIM, ISO_639Y1, ISO_639Y2)
VALUES(1110, 'E5A76C2D7299A34D96D0F5512BBCF66A', '0', 'GL', 'GLG');
INSERT INTO TNHT_LITE(LITE_PK) VALUES('DD696173C5E7994DA76E21D30FB9DACA');
INSERT INTO TNHT_MULT(LITE_PK, LANG_PK, MULT_DESC)
VALUES('DD696173C5E7994DA76E21D30FB9DACA', 1033, 'Syriac (Syria)');
INSERT INTO TNHT_MULT(LITE_PK, LANG_PK, MULT_DESC)
VALUES('DD696173C5E7994DA76E21D30FB9DACA', 3082, 'Syriac (Syria)');
INSERT INTO TNHT_MULT(LITE_PK, LANG_PK, MULT_DESC)
VALUES('DD696173C5E7994DA76E21D30FB9DACA', 2070, 'Sérvio (Syria)');
INSERT INTO TNHT_MULT(LITE_PK, LANG_PK, MULT_DESC)
VALUES('DD696173C5E7994DA76E21D30FB9DACA', 1036, 'Syriaque (Syria)');
INSERT INTO TNHT_MULT(LITE_PK, LANG_PK, MULT_DESC)
VALUES('DD696173C5E7994DA76E21D30FB9DACA', 1049, 'Сирийский (Сирия)');
INSERT INTO TNHT_LICL(LICL_PK, LITE_PK, LICL_PRIM, ISO_639Y1, ISO_639Y2)
VALUES(1114, 'DD696173C5E7994DA76E21D30FB9DACA', '0', 'SYR', 'SYR');
INSERT INTO TNHT_LITE(LITE_PK) VALUES('1BC124A249C98A46AB7E40B3DEDD0A5A');
INSERT INTO TNHT_MULT(LITE_PK, LANG_PK, MULT_DESC)
VALUES('1BC124A249C98A46AB7E40B3DEDD0A5A', 1033, 'Sinhala (Sri Lanka)');
INSERT INTO TNHT_MULT(LITE_PK, LANG_PK, MULT_DESC)
VALUES('1BC124A249C98A46AB7E40B3DEDD0A5A', 3082, 'Singala (Sri Lanka)');
INSERT INTO TNHT_MULT(LITE_PK, LANG_PK, MULT_DESC)
VALUES('1BC124A249C98A46AB7E40B3DEDD0A5A', 2070, 'Singala (Sri Lanka)');
INSERT INTO TNHT_MULT(LITE_PK, LANG_PK, MULT_DESC)
VALUES('1BC124A249C98A46AB7E40B3DEDD0A5A', 1036, 'Singhalais (Sri Lanka)');
INSERT INTO TNHT_MULT(LITE_PK, LANG_PK, MULT_DESC)
VALUES('1BC124A249C98A46AB7E40B3DEDD0A5A', 1049, 'Сингальский (Шри-Ланка)');
INSERT INTO TNHT_LICL(LICL_PK, LITE_PK, LICL_PRIM, ISO_639Y1, ISO_639Y2)
VALUES(1115, '1BC124A249C98A46AB7E40B3DEDD0A5A', '0', 'SI', 'SIN');
INSERT INTO TNHT_LITE(LITE_PK) VALUES('AB6D164C52ADB746B097D4E07EC8DCB0');
INSERT INTO TNHT_MULT(LITE_PK, LANG_PK, MULT_DESC)
VALUES('AB6D164C52ADB746B097D4E07EC8DCB0', 1033, 'Inuktitut');
INSERT INTO TNHT_MULT(LITE_PK, LANG_PK, MULT_DESC)
VALUES('AB6D164C52ADB746B097D4E07EC8DCB0', 3082, 'Inuktitut');
INSERT INTO TNHT_MULT(LITE_PK, LANG_PK, MULT_DESC)
VALUES('AB6D164C52ADB746B097D4E07EC8DCB0', 2070, 'Inuktitut');
INSERT INTO TNHT_MULT(LITE_PK, LANG_PK, MULT_DESC)
VALUES('AB6D164C52ADB746B097D4E07EC8DCB0', 1036, 'Inuktitut');
INSERT INTO TNHT_MULT(LITE_PK, LANG_PK, MULT_DESC)
VALUES('AB6D164C52ADB746B097D4E07EC8DCB0', 1049, 'Инуктитут');
INSERT INTO TNHT_LICL(LICL_PK, LITE_PK, LICL_PRIM, ISO_639Y1, ISO_639Y2)
VALUES(93, 'AB6D164C52ADB746B097D4E07EC8DCB0', '1', 'IU', 'IKU');
INSERT INTO TNHT_LITE(LITE_PK) VALUES('5D22BCFA74FFF64DA8E2FBCBB0B9F5A7');
INSERT INTO TNHT_MULT(LITE_PK, LANG_PK, MULT_DESC)
VALUES('5D22BCFA74FFF64DA8E2FBCBB0B9F5A7', 1033, 'Inuktitut (Syllabics, Canada)');
INSERT INTO TNHT_MULT(LITE_PK, LANG_PK, MULT_DESC)
VALUES('5D22BCFA74FFF64DA8E2FBCBB0B9F5A7', 3082, 'Inuktitut (Syllabics, Canada)');
INSERT INTO TNHT_MULT(LITE_PK, LANG_PK, MULT_DESC)
VALUES('5D22BCFA74FFF64DA8E2FBCBB0B9F5A7', 2070, 'Inuktitut (Syllabics, Canada)');
INSERT INTO TNHT_MULT(LITE_PK, LANG_PK, MULT_DESC)
VALUES('5D22BCFA74FFF64DA8E2FBCBB0B9F5A7', 1036, 'Inuktitut (Syllabics, Canada)');
INSERT INTO TNHT_MULT(LITE_PK, LANG_PK, MULT_DESC)
VALUES('5D22BCFA74FFF64DA8E2FBCBB0B9F5A7', 1049, 'Инуктитут (Слоговое, Канада)');
INSERT INTO TNHT_LICL(LICL_PK, LITE_PK, LICL_PRIM, ISO_639Y1, ISO_639Y2)
VALUES(1117, '5D22BCFA74FFF64DA8E2FBCBB0B9F5A7', '0', 'IU', 'IKU');
INSERT INTO TNHT_LITE(LITE_PK) VALUES('3E6C3E53E5D2B24780B3544C5FA15B89');
INSERT INTO TNHT_MULT(LITE_PK, LANG_PK, MULT_DESC)
VALUES('3E6C3E53E5D2B24780B3544C5FA15B89', 1033, 'Inuktitut (Latin, Canada)');
INSERT INTO TNHT_MULT(LITE_PK, LANG_PK, MULT_DESC)
VALUES('3E6C3E53E5D2B24780B3544C5FA15B89', 3082, 'Inuktitut (Latin, Canada)');
INSERT INTO TNHT_MULT(LITE_PK, LANG_PK, MULT_DESC)
VALUES('3E6C3E53E5D2B24780B3544C5FA15B89', 2070, 'Inuktitut (Latin, Canada)');
INSERT INTO TNHT_MULT(LITE_PK, LANG_PK, MULT_DESC)
VALUES('3E6C3E53E5D2B24780B3544C5FA15B89', 1036, 'Inuktitut (Latin, Canada)');
INSERT INTO TNHT_MULT(LITE_PK, LANG_PK, MULT_DESC)
VALUES('3E6C3E53E5D2B24780B3544C5FA15B89', 1049, 'Инуктитут (Латиница, Канада)');
INSERT INTO TNHT_LICL(LICL_PK, LITE_PK, LICL_PRIM, ISO_639Y1, ISO_639Y2)
VALUES(2141, '3E6C3E53E5D2B24780B3544C5FA15B89', '0', 'IU', 'IKU');
INSERT INTO TNHT_LITE(LITE_PK) VALUES('FA5D823C7BD3CB468F98499731E066DA');
INSERT INTO TNHT_MULT(LITE_PK, LANG_PK, MULT_DESC)
VALUES('FA5D823C7BD3CB468F98499731E066DA', 1033, 'Inuktitut (Syllabics)');
INSERT INTO TNHT_MULT(LITE_PK, LANG_PK, MULT_DESC)
VALUES('FA5D823C7BD3CB468F98499731E066DA', 3082, 'Inuktitut (Syllabics)');
INSERT INTO TNHT_MULT(LITE_PK, LANG_PK, MULT_DESC)
VALUES('FA5D823C7BD3CB468F98499731E066DA', 2070, 'Inuktitut (Syllabics)');
INSERT INTO TNHT_MULT(LITE_PK, LANG_PK, MULT_DESC)
VALUES('FA5D823C7BD3CB468F98499731E066DA', 1036, 'Inuktitut (Syllabics)');
INSERT INTO TNHT_MULT(LITE_PK, LANG_PK, MULT_DESC)
VALUES('FA5D823C7BD3CB468F98499731E066DA', 1049, 'Инуктитут (Слоговое)');
INSERT INTO TNHT_LICL(LICL_PK, LITE_PK, LICL_PRIM, ISO_639Y1, ISO_639Y2)
VALUES(30813, 'FA5D823C7BD3CB468F98499731E066DA', '0', 'IU', 'IKU');
INSERT INTO TNHT_LITE(LITE_PK) VALUES('50D604B422C06E42A45B0905C3150087');
INSERT INTO TNHT_MULT(LITE_PK, LANG_PK, MULT_DESC)
VALUES('50D604B422C06E42A45B0905C3150087', 1033, 'Inuktitut (Latin)');
INSERT INTO TNHT_MULT(LITE_PK, LANG_PK, MULT_DESC)
VALUES('50D604B422C06E42A45B0905C3150087', 3082, 'Inuktitut (Latin)');
INSERT INTO TNHT_MULT(LITE_PK, LANG_PK, MULT_DESC)
VALUES('50D604B422C06E42A45B0905C3150087', 2070, 'Inuktitut (Latin)');
INSERT INTO TNHT_MULT(LITE_PK, LANG_PK, MULT_DESC)
VALUES('50D604B422C06E42A45B0905C3150087', 1036, 'Inuktitut (Latin)');
INSERT INTO TNHT_MULT(LITE_PK, LANG_PK, MULT_DESC)
VALUES('50D604B422C06E42A45B0905C3150087', 1049, 'Инуктитут (Латиница)');
INSERT INTO TNHT_LICL(LICL_PK, LITE_PK, LICL_PRIM, ISO_639Y1, ISO_639Y2)
VALUES(31837, '50D604B422C06E42A45B0905C3150087', '0', 'IU', 'IKU');
INSERT INTO TNHT_LITE(LITE_PK) VALUES('ADFB31C82B655E4B8BA9ED45F42194AD');
INSERT INTO TNHT_MULT(LITE_PK, LANG_PK, MULT_DESC)
VALUES('ADFB31C82B655E4B8BA9ED45F42194AD', 1033, 'Amharic');
INSERT INTO TNHT_MULT(LITE_PK, LANG_PK, MULT_DESC)
VALUES('ADFB31C82B655E4B8BA9ED45F42194AD', 3082, 'Ámárico');
INSERT INTO TNHT_MULT(LITE_PK, LANG_PK, MULT_DESC)
VALUES('ADFB31C82B655E4B8BA9ED45F42194AD', 2070, 'Arábico');
INSERT INTO TNHT_MULT(LITE_PK, LANG_PK, MULT_DESC)
VALUES('ADFB31C82B655E4B8BA9ED45F42194AD', 1036, 'Amharique');
INSERT INTO TNHT_MULT(LITE_PK, LANG_PK, MULT_DESC)
VALUES('ADFB31C82B655E4B8BA9ED45F42194AD', 1049, 'Амхарский');
INSERT INTO TNHT_LICL(LICL_PK, LITE_PK, LICL_PRIM, ISO_639Y1, ISO_639Y2)
VALUES(94, 'ADFB31C82B655E4B8BA9ED45F42194AD', '1', 'AM', 'AMH');
INSERT INTO TNHT_LITE(LITE_PK) VALUES('1297DC2AD1092A448366609FF0E9E2BE');
INSERT INTO TNHT_MULT(LITE_PK, LANG_PK, MULT_DESC)
VALUES('1297DC2AD1092A448366609FF0E9E2BE', 1033, 'Tamashek');
INSERT INTO TNHT_MULT(LITE_PK, LANG_PK, MULT_DESC)
VALUES('1297DC2AD1092A448366609FF0E9E2BE', 3082, 'Tamashek');
INSERT INTO TNHT_MULT(LITE_PK, LANG_PK, MULT_DESC)
VALUES('1297DC2AD1092A448366609FF0E9E2BE', 2070, 'tamaxeque');
INSERT INTO TNHT_MULT(LITE_PK, LANG_PK, MULT_DESC)
VALUES('1297DC2AD1092A448366609FF0E9E2BE', 1036, 'Tamacheq');
INSERT INTO TNHT_MULT(LITE_PK, LANG_PK, MULT_DESC)
VALUES('1297DC2AD1092A448366609FF0E9E2BE', 1049, 'Тамашек');
INSERT INTO TNHT_LICL(LICL_PK, LITE_PK, LICL_PRIM, ISO_639Y1, ISO_639Y2)
VALUES(95, '1297DC2AD1092A448366609FF0E9E2BE', '1', 'TMH', 'TMH');
INSERT INTO TNHT_LITE(LITE_PK) VALUES('3492575FB71A1140BDE0E38046EC8BD2');
INSERT INTO TNHT_MULT(LITE_PK, LANG_PK, MULT_DESC)
VALUES('3492575FB71A1140BDE0E38046EC8BD2', 1033, 'Amharic (Ethiopia)');
INSERT INTO TNHT_MULT(LITE_PK, LANG_PK, MULT_DESC)
VALUES('3492575FB71A1140BDE0E38046EC8BD2', 3082, 'Ámárico (Ethiopia)');
INSERT INTO TNHT_MULT(LITE_PK, LANG_PK, MULT_DESC)
VALUES('3492575FB71A1140BDE0E38046EC8BD2', 2070, 'Arábico (Ethiopia)');
INSERT INTO TNHT_MULT(LITE_PK, LANG_PK, MULT_DESC)
VALUES('3492575FB71A1140BDE0E38046EC8BD2', 1036, 'Amharique (Ethiopia)');
INSERT INTO TNHT_MULT(LITE_PK, LANG_PK, MULT_DESC)
VALUES('3492575FB71A1140BDE0E38046EC8BD2', 1049, 'Амхарский (Эфиопия)');
INSERT INTO TNHT_LICL(LICL_PK, LITE_PK, LICL_PRIM, ISO_639Y1, ISO_639Y2)
VALUES(1118, '3492575FB71A1140BDE0E38046EC8BD2', '0', 'AM', 'AMH');
INSERT INTO TNHT_LITE(LITE_PK) VALUES('6BCC1C75AA9C074EA1FFDA678F893D25');
INSERT INTO TNHT_MULT(LITE_PK, LANG_PK, MULT_DESC)
VALUES('6BCC1C75AA9C074EA1FFDA678F893D25', 1033, 'Tamashek (Latin, Algeria)');
INSERT INTO TNHT_MULT(LITE_PK, LANG_PK, MULT_DESC)
VALUES('6BCC1C75AA9C074EA1FFDA678F893D25', 3082, 'Tamashek (Latin, Algeria)');
INSERT INTO TNHT_MULT(LITE_PK, LANG_PK, MULT_DESC)
VALUES('6BCC1C75AA9C074EA1FFDA678F893D25', 2070, 'tamaxeque (Latin, Algeria)');
INSERT INTO TNHT_MULT(LITE_PK, LANG_PK, MULT_DESC)
VALUES('6BCC1C75AA9C074EA1FFDA678F893D25', 1036, 'Tamacheq (Latin, Algeria)');
INSERT INTO TNHT_MULT(LITE_PK, LANG_PK, MULT_DESC)
VALUES('6BCC1C75AA9C074EA1FFDA678F893D25', 1049, 'Тамашек (Латиница, Алжир)');
INSERT INTO TNHT_LICL(LICL_PK, LITE_PK, LICL_PRIM, ISO_639Y1, ISO_639Y2)
VALUES(2143, '6BCC1C75AA9C074EA1FFDA678F893D25', '0', 'TMH', 'TMH');
INSERT INTO TNHT_LITE(LITE_PK) VALUES('541D7A5082FD9D4EB887CF50CCDD2787');
INSERT INTO TNHT_MULT(LITE_PK, LANG_PK, MULT_DESC)
VALUES('541D7A5082FD9D4EB887CF50CCDD2787', 1033, 'Tamashek (Latin)');
INSERT INTO TNHT_MULT(LITE_PK, LANG_PK, MULT_DESC)
VALUES('541D7A5082FD9D4EB887CF50CCDD2787', 3082, 'Tamashek (Latin)');
INSERT INTO TNHT_MULT(LITE_PK, LANG_PK, MULT_DESC)
VALUES('541D7A5082FD9D4EB887CF50CCDD2787', 2070, 'tamaxeque (Latin)');
INSERT INTO TNHT_MULT(LITE_PK, LANG_PK, MULT_DESC)
VALUES('541D7A5082FD9D4EB887CF50CCDD2787', 1036, 'Tamacheq (Latin)');
INSERT INTO TNHT_MULT(LITE_PK, LANG_PK, MULT_DESC)
VALUES('541D7A5082FD9D4EB887CF50CCDD2787', 1049, 'Тамашек (Латиница)');
INSERT INTO TNHT_LICL(LICL_PK, LITE_PK, LICL_PRIM, ISO_639Y1, ISO_639Y2)
VALUES(31839, '541D7A5082FD9D4EB887CF50CCDD2787', '0', 'TMH', 'TMH');
INSERT INTO TNHT_LITE(LITE_PK) VALUES('C31F1BF293FBD44EB5A06F314E1A8ED8');
INSERT INTO TNHT_MULT(LITE_PK, LANG_PK, MULT_DESC)
VALUES('C31F1BF293FBD44EB5A06F314E1A8ED8', 1033, 'Nepali');
INSERT INTO TNHT_MULT(LITE_PK, LANG_PK, MULT_DESC)
VALUES('C31F1BF293FBD44EB5A06F314E1A8ED8', 3082, 'Nepalés');
INSERT INTO TNHT_MULT(LITE_PK, LANG_PK, MULT_DESC)
VALUES('C31F1BF293FBD44EB5A06F314E1A8ED8', 2070, 'Nepalés');
INSERT INTO TNHT_MULT(LITE_PK, LANG_PK, MULT_DESC)
VALUES('C31F1BF293FBD44EB5A06F314E1A8ED8', 1036, 'Népalais');
INSERT INTO TNHT_MULT(LITE_PK, LANG_PK, MULT_DESC)
VALUES('C31F1BF293FBD44EB5A06F314E1A8ED8', 1049, 'Непальский');
INSERT INTO TNHT_LICL(LICL_PK, LITE_PK, LICL_PRIM, ISO_639Y1, ISO_639Y2)
VALUES(97, 'C31F1BF293FBD44EB5A06F314E1A8ED8', '1', 'NE', 'NEP');
INSERT INTO TNHT_LITE(LITE_PK) VALUES('CF4CC1A2C4C3A143B26565EA35841ECF');
INSERT INTO TNHT_MULT(LITE_PK, LANG_PK, MULT_DESC)
VALUES('CF4CC1A2C4C3A143B26565EA35841ECF', 1033, 'Frisian');
INSERT INTO TNHT_MULT(LITE_PK, LANG_PK, MULT_DESC)
VALUES('CF4CC1A2C4C3A143B26565EA35841ECF', 3082, 'Frisón');
INSERT INTO TNHT_MULT(LITE_PK, LANG_PK, MULT_DESC)
VALUES('CF4CC1A2C4C3A143B26565EA35841ECF', 2070, 'Frisão');
INSERT INTO TNHT_MULT(LITE_PK, LANG_PK, MULT_DESC)
VALUES('CF4CC1A2C4C3A143B26565EA35841ECF', 1036, 'Frison');
INSERT INTO TNHT_MULT(LITE_PK, LANG_PK, MULT_DESC)
VALUES('CF4CC1A2C4C3A143B26565EA35841ECF', 1049, 'Фризский');
INSERT INTO TNHT_LICL(LICL_PK, LITE_PK, LICL_PRIM, ISO_639Y1, ISO_639Y2)
VALUES(98, 'CF4CC1A2C4C3A143B26565EA35841ECF', '1', 'FY', 'FRY');
INSERT INTO TNHT_LITE(LITE_PK) VALUES('42E19895E4FF4B4CB6F21D1EE39DE2E6');
INSERT INTO TNHT_MULT(LITE_PK, LANG_PK, MULT_DESC)
VALUES('42E19895E4FF4B4CB6F21D1EE39DE2E6', 1033, 'Pashto');
INSERT INTO TNHT_MULT(LITE_PK, LANG_PK, MULT_DESC)
VALUES('42E19895E4FF4B4CB6F21D1EE39DE2E6', 3082, 'Pashtún');
INSERT INTO TNHT_MULT(LITE_PK, LANG_PK, MULT_DESC)
VALUES('42E19895E4FF4B4CB6F21D1EE39DE2E6', 2070, 'Pashtún');
INSERT INTO TNHT_MULT(LITE_PK, LANG_PK, MULT_DESC)
VALUES('42E19895E4FF4B4CB6F21D1EE39DE2E6', 1036, 'Pachto');
INSERT INTO TNHT_MULT(LITE_PK, LANG_PK, MULT_DESC)
VALUES('42E19895E4FF4B4CB6F21D1EE39DE2E6', 1049, 'Пушту');
INSERT INTO TNHT_LICL(LICL_PK, LITE_PK, LICL_PRIM, ISO_639Y1, ISO_639Y2)
VALUES(99, '42E19895E4FF4B4CB6F21D1EE39DE2E6', '1', 'PS', 'PUS');
INSERT INTO TNHT_LITE(LITE_PK) VALUES('9824AFF93BCFAD408CF5EABFB47544B4');
INSERT INTO TNHT_MULT(LITE_PK, LANG_PK, MULT_DESC)
VALUES('9824AFF93BCFAD408CF5EABFB47544B4', 1033, 'Filipino');
INSERT INTO TNHT_MULT(LITE_PK, LANG_PK, MULT_DESC)
VALUES('9824AFF93BCFAD408CF5EABFB47544B4', 3082, 'Filipino');
INSERT INTO TNHT_MULT(LITE_PK, LANG_PK, MULT_DESC)
VALUES('9824AFF93BCFAD408CF5EABFB47544B4', 2070, 'Filipino');
INSERT INTO TNHT_MULT(LITE_PK, LANG_PK, MULT_DESC)
VALUES('9824AFF93BCFAD408CF5EABFB47544B4', 1036, 'Filipino');
INSERT INTO TNHT_MULT(LITE_PK, LANG_PK, MULT_DESC)
VALUES('9824AFF93BCFAD408CF5EABFB47544B4', 1049, 'Филиппинский');
INSERT INTO TNHT_LICL(LICL_PK, LITE_PK, LICL_PRIM, ISO_639Y1, ISO_639Y2)
VALUES(100, '9824AFF93BCFAD408CF5EABFB47544B4', '1', 'FIL', 'FIL');
INSERT INTO TNHT_LITE(LITE_PK) VALUES('923DC0B897E4F1429FC82FBAB176FBDC');
INSERT INTO TNHT_MULT(LITE_PK, LANG_PK, MULT_DESC)
VALUES('923DC0B897E4F1429FC82FBAB176FBDC', 1033, 'Divehi');
INSERT INTO TNHT_MULT(LITE_PK, LANG_PK, MULT_DESC)
VALUES('923DC0B897E4F1429FC82FBAB176FBDC', 3082, 'Divehi');
INSERT INTO TNHT_MULT(LITE_PK, LANG_PK, MULT_DESC)
VALUES('923DC0B897E4F1429FC82FBAB176FBDC', 2070, 'Divehi');
INSERT INTO TNHT_MULT(LITE_PK, LANG_PK, MULT_DESC)
VALUES('923DC0B897E4F1429FC82FBAB176FBDC', 1036, 'Maldivien');
INSERT INTO TNHT_MULT(LITE_PK, LANG_PK, MULT_DESC)
VALUES('923DC0B897E4F1429FC82FBAB176FBDC', 1049, 'Мальдивский');
INSERT INTO TNHT_LICL(LICL_PK, LITE_PK, LICL_PRIM, ISO_639Y1, ISO_639Y2)
VALUES(101, '923DC0B897E4F1429FC82FBAB176FBDC', '1', 'DV', 'DIV');
INSERT INTO TNHT_LITE(LITE_PK) VALUES('A58E186E9CA75447AF5B4CFE891DE18F');
INSERT INTO TNHT_MULT(LITE_PK, LANG_PK, MULT_DESC)
VALUES('A58E186E9CA75447AF5B4CFE891DE18F', 1033, 'Hausa');
INSERT INTO TNHT_MULT(LITE_PK, LANG_PK, MULT_DESC)
VALUES('A58E186E9CA75447AF5B4CFE891DE18F', 3082, 'Haussa');
INSERT INTO TNHT_MULT(LITE_PK, LANG_PK, MULT_DESC)
VALUES('A58E186E9CA75447AF5B4CFE891DE18F', 2070, 'Haussa');
INSERT INTO TNHT_MULT(LITE_PK, LANG_PK, MULT_DESC)
VALUES('A58E186E9CA75447AF5B4CFE891DE18F', 1036, 'Haoussa');
INSERT INTO TNHT_MULT(LITE_PK, LANG_PK, MULT_DESC)
VALUES('A58E186E9CA75447AF5B4CFE891DE18F', 1049, 'Хауса');
INSERT INTO TNHT_LICL(LICL_PK, LITE_PK, LICL_PRIM, ISO_639Y1, ISO_639Y2)
VALUES(104, 'A58E186E9CA75447AF5B4CFE891DE18F', '1', 'HA', 'HAU');
INSERT INTO TNHT_LITE(LITE_PK) VALUES('5E422EA16153D14799FB9D696BBEAC59');
INSERT INTO TNHT_MULT(LITE_PK, LANG_PK, MULT_DESC)
VALUES('5E422EA16153D14799FB9D696BBEAC59', 1033, 'Nepali (Nepal)');
INSERT INTO TNHT_MULT(LITE_PK, LANG_PK, MULT_DESC)
VALUES('5E422EA16153D14799FB9D696BBEAC59', 3082, 'Nepalés (Nepal)');
INSERT INTO TNHT_MULT(LITE_PK, LANG_PK, MULT_DESC)
VALUES('5E422EA16153D14799FB9D696BBEAC59', 2070, 'Nepalés (Nepal)');
INSERT INTO TNHT_MULT(LITE_PK, LANG_PK, MULT_DESC)
VALUES('5E422EA16153D14799FB9D696BBEAC59', 1036, 'Népalais (Nepal)');
INSERT INTO TNHT_MULT(LITE_PK, LANG_PK, MULT_DESC)
VALUES('5E422EA16153D14799FB9D696BBEAC59', 1049, 'Непальский (Непал)');
INSERT INTO TNHT_LICL(LICL_PK, LITE_PK, LICL_PRIM, ISO_639Y1, ISO_639Y2)
VALUES(1121, '5E422EA16153D14799FB9D696BBEAC59', '0', 'NE', 'NEP');
INSERT INTO TNHT_LITE(LITE_PK) VALUES('B8EC06A87C4E4840BEB4476D8528758F');
INSERT INTO TNHT_MULT(LITE_PK, LANG_PK, MULT_DESC)
VALUES('B8EC06A87C4E4840BEB4476D8528758F', 1033, 'Frisian (Netherlands)');
INSERT INTO TNHT_MULT(LITE_PK, LANG_PK, MULT_DESC)
VALUES('B8EC06A87C4E4840BEB4476D8528758F', 3082, 'Frisón (Netherlands)');
INSERT INTO TNHT_MULT(LITE_PK, LANG_PK, MULT_DESC)
VALUES('B8EC06A87C4E4840BEB4476D8528758F', 2070, 'Frisão (Netherlands)');
INSERT INTO TNHT_MULT(LITE_PK, LANG_PK, MULT_DESC)
VALUES('B8EC06A87C4E4840BEB4476D8528758F', 1036, 'Frison (Netherlands)');
INSERT INTO TNHT_MULT(LITE_PK, LANG_PK, MULT_DESC)
VALUES('B8EC06A87C4E4840BEB4476D8528758F', 1049, 'Фризский (Нидерланды)');
INSERT INTO TNHT_LICL(LICL_PK, LITE_PK, LICL_PRIM, ISO_639Y1, ISO_639Y2)
VALUES(1122, 'B8EC06A87C4E4840BEB4476D8528758F', '0', 'FY', 'FRY');
INSERT INTO TNHT_LITE(LITE_PK) VALUES('A5837B89D4DE9743BDB2FBCB70779003');
INSERT INTO TNHT_MULT(LITE_PK, LANG_PK, MULT_DESC)
VALUES('A5837B89D4DE9743BDB2FBCB70779003', 1033, 'Pashto (Afghanistan)');
INSERT INTO TNHT_MULT(LITE_PK, LANG_PK, MULT_DESC)
VALUES('A5837B89D4DE9743BDB2FBCB70779003', 3082, 'Pashtún (Afghanistan)');
INSERT INTO TNHT_MULT(LITE_PK, LANG_PK, MULT_DESC)
VALUES('A5837B89D4DE9743BDB2FBCB70779003', 2070, 'Pashtún (Afghanistan)');
INSERT INTO TNHT_MULT(LITE_PK, LANG_PK, MULT_DESC)
VALUES('A5837B89D4DE9743BDB2FBCB70779003', 1036, 'Pachto (Afghanistan)');
INSERT INTO TNHT_MULT(LITE_PK, LANG_PK, MULT_DESC)
VALUES('A5837B89D4DE9743BDB2FBCB70779003', 1049, 'Пушту (Афганистан)');
INSERT INTO TNHT_LICL(LICL_PK, LITE_PK, LICL_PRIM, ISO_639Y1, ISO_639Y2)
VALUES(1123, 'A5837B89D4DE9743BDB2FBCB70779003', '0', 'PS', 'PUS');
INSERT INTO TNHT_LITE(LITE_PK) VALUES('223470F7A1054443BCD35B47A107E6AE');
INSERT INTO TNHT_MULT(LITE_PK, LANG_PK, MULT_DESC)
VALUES('223470F7A1054443BCD35B47A107E6AE', 1033, 'Filipino (Philippines)');
INSERT INTO TNHT_MULT(LITE_PK, LANG_PK, MULT_DESC)
VALUES('223470F7A1054443BCD35B47A107E6AE', 3082, 'Filipino (Philippines)');
INSERT INTO TNHT_MULT(LITE_PK, LANG_PK, MULT_DESC)
VALUES('223470F7A1054443BCD35B47A107E6AE', 2070, 'Filipino (Philippines)');
INSERT INTO TNHT_MULT(LITE_PK, LANG_PK, MULT_DESC)
VALUES('223470F7A1054443BCD35B47A107E6AE', 1036, 'Filipino (Philippines)');
INSERT INTO TNHT_MULT(LITE_PK, LANG_PK, MULT_DESC)
VALUES('223470F7A1054443BCD35B47A107E6AE', 1049, 'Филиппинский (Филиппины)');
INSERT INTO TNHT_LICL(LICL_PK, LITE_PK, LICL_PRIM, ISO_639Y1, ISO_639Y2)
VALUES(1124, '223470F7A1054443BCD35B47A107E6AE', '0', 'FIL', 'FIL');
INSERT INTO TNHT_LITE(LITE_PK) VALUES('69326E156F5C454E93EC033268DB6882');
INSERT INTO TNHT_MULT(LITE_PK, LANG_PK, MULT_DESC)
VALUES('69326E156F5C454E93EC033268DB6882', 1033, 'Divehi (Maldives)');
INSERT INTO TNHT_MULT(LITE_PK, LANG_PK, MULT_DESC)
VALUES('69326E156F5C454E93EC033268DB6882', 3082, 'Divehi (Maldives)');
INSERT INTO TNHT_MULT(LITE_PK, LANG_PK, MULT_DESC)
VALUES('69326E156F5C454E93EC033268DB6882', 2070, 'Divehi (Maldives)');
INSERT INTO TNHT_MULT(LITE_PK, LANG_PK, MULT_DESC)
VALUES('69326E156F5C454E93EC033268DB6882', 1036, 'Maldivien (Maldives)');
INSERT INTO TNHT_MULT(LITE_PK, LANG_PK, MULT_DESC)
VALUES('69326E156F5C454E93EC033268DB6882', 1049, 'Мальдивский (Мальдивы)');
INSERT INTO TNHT_LICL(LICL_PK, LITE_PK, LICL_PRIM, ISO_639Y1, ISO_639Y2)
VALUES(1125, '69326E156F5C454E93EC033268DB6882', '0', 'DV', 'DIV');
INSERT INTO TNHT_LITE(LITE_PK) VALUES('D404BB507C426C45A8BB6A87CE50E462');
INSERT INTO TNHT_MULT(LITE_PK, LANG_PK, MULT_DESC)
VALUES('D404BB507C426C45A8BB6A87CE50E462', 1033, 'Hausa (Latin, Nigeria)');
INSERT INTO TNHT_MULT(LITE_PK, LANG_PK, MULT_DESC)
VALUES('D404BB507C426C45A8BB6A87CE50E462', 3082, 'Haussa (Latin, Nigeria)');
INSERT INTO TNHT_MULT(LITE_PK, LANG_PK, MULT_DESC)
VALUES('D404BB507C426C45A8BB6A87CE50E462', 2070, 'Haussa (Latin, Nigeria)');
INSERT INTO TNHT_MULT(LITE_PK, LANG_PK, MULT_DESC)
VALUES('D404BB507C426C45A8BB6A87CE50E462', 1036, 'Haoussa (Latin, Nigeria)');
INSERT INTO TNHT_MULT(LITE_PK, LANG_PK, MULT_DESC)
VALUES('D404BB507C426C45A8BB6A87CE50E462', 1049, 'Хауса (Латиница, Нигерия)');
INSERT INTO TNHT_LICL(LICL_PK, LITE_PK, LICL_PRIM, ISO_639Y1, ISO_639Y2)
VALUES(1128, 'D404BB507C426C45A8BB6A87CE50E462', '0', 'HA', 'HAU');
INSERT INTO TNHT_LITE(LITE_PK) VALUES('70C718179782574B84F95272DB557C07');
INSERT INTO TNHT_MULT(LITE_PK, LANG_PK, MULT_DESC)
VALUES('70C718179782574B84F95272DB557C07', 1033, 'Hausa (Latin)');
INSERT INTO TNHT_MULT(LITE_PK, LANG_PK, MULT_DESC)
VALUES('70C718179782574B84F95272DB557C07', 3082, 'Haussa (Latin)');
INSERT INTO TNHT_MULT(LITE_PK, LANG_PK, MULT_DESC)
VALUES('70C718179782574B84F95272DB557C07', 2070, 'Haussa (Latin)');
INSERT INTO TNHT_MULT(LITE_PK, LANG_PK, MULT_DESC)
VALUES('70C718179782574B84F95272DB557C07', 1036, 'Haoussa (Latin)');
INSERT INTO TNHT_MULT(LITE_PK, LANG_PK, MULT_DESC)
VALUES('70C718179782574B84F95272DB557C07', 1049, 'Хауса (Латиница)');
INSERT INTO TNHT_LICL(LICL_PK, LITE_PK, LICL_PRIM, ISO_639Y1, ISO_639Y2)
VALUES(31848, '70C718179782574B84F95272DB557C07', '0', 'HA', 'HAU');
INSERT INTO TNHT_LITE(LITE_PK) VALUES('4B3D8BC73F2C644A8AAEE0F8442248E6');
INSERT INTO TNHT_MULT(LITE_PK, LANG_PK, MULT_DESC)
VALUES('4B3D8BC73F2C644A8AAEE0F8442248E6', 1033, 'Yoruba');
INSERT INTO TNHT_MULT(LITE_PK, LANG_PK, MULT_DESC)
VALUES('4B3D8BC73F2C644A8AAEE0F8442248E6', 3082, 'Yoruba');
INSERT INTO TNHT_MULT(LITE_PK, LANG_PK, MULT_DESC)
VALUES('4B3D8BC73F2C644A8AAEE0F8442248E6', 2070, 'Yoruba');
INSERT INTO TNHT_MULT(LITE_PK, LANG_PK, MULT_DESC)
VALUES('4B3D8BC73F2C644A8AAEE0F8442248E6', 1036, 'Yoruba');
INSERT INTO TNHT_MULT(LITE_PK, LANG_PK, MULT_DESC)
VALUES('4B3D8BC73F2C644A8AAEE0F8442248E6', 1049, 'Йоруба');
INSERT INTO TNHT_LICL(LICL_PK, LITE_PK, LICL_PRIM, ISO_639Y1, ISO_639Y2)
VALUES(106, '4B3D8BC73F2C644A8AAEE0F8442248E6', '1', 'YO', 'YOR');
INSERT INTO TNHT_LITE(LITE_PK) VALUES('6DE4E12E6722B7469B84A6D896D2BBF6');
INSERT INTO TNHT_MULT(LITE_PK, LANG_PK, MULT_DESC)
VALUES('6DE4E12E6722B7469B84A6D896D2BBF6', 1033, 'Quechua');
INSERT INTO TNHT_MULT(LITE_PK, LANG_PK, MULT_DESC)
VALUES('6DE4E12E6722B7469B84A6D896D2BBF6', 3082, 'Quechua');
INSERT INTO TNHT_MULT(LITE_PK, LANG_PK, MULT_DESC)
VALUES('6DE4E12E6722B7469B84A6D896D2BBF6', 2070, 'Quechua');
INSERT INTO TNHT_MULT(LITE_PK, LANG_PK, MULT_DESC)
VALUES('6DE4E12E6722B7469B84A6D896D2BBF6', 1036, 'Quechua');
INSERT INTO TNHT_MULT(LITE_PK, LANG_PK, MULT_DESC)
VALUES('6DE4E12E6722B7469B84A6D896D2BBF6', 1049, 'Кечуа');
INSERT INTO TNHT_LICL(LICL_PK, LITE_PK, LICL_PRIM, ISO_639Y1, ISO_639Y2)
VALUES(107, '6DE4E12E6722B7469B84A6D896D2BBF6', '1', 'QUE', 'QUE');
INSERT INTO TNHT_LITE(LITE_PK) VALUES('71D274AC4BE4C74B8E510F6508F52960');
INSERT INTO TNHT_MULT(LITE_PK, LANG_PK, MULT_DESC)
VALUES('71D274AC4BE4C74B8E510F6508F52960', 1033, 'Bashkir');
INSERT INTO TNHT_MULT(LITE_PK, LANG_PK, MULT_DESC)
VALUES('71D274AC4BE4C74B8E510F6508F52960', 3082, 'Bashkir');
INSERT INTO TNHT_MULT(LITE_PK, LANG_PK, MULT_DESC)
VALUES('71D274AC4BE4C74B8E510F6508F52960', 2070, 'Bashkir');
INSERT INTO TNHT_MULT(LITE_PK, LANG_PK, MULT_DESC)
VALUES('71D274AC4BE4C74B8E510F6508F52960', 1036, 'Bachkir');
INSERT INTO TNHT_MULT(LITE_PK, LANG_PK, MULT_DESC)
VALUES('71D274AC4BE4C74B8E510F6508F52960', 1049, 'Башкирский');
INSERT INTO TNHT_LICL(LICL_PK, LITE_PK, LICL_PRIM, ISO_639Y1, ISO_639Y2)
VALUES(109, '71D274AC4BE4C74B8E510F6508F52960', '1', 'BA', 'BAK');
INSERT INTO TNHT_LITE(LITE_PK) VALUES('84491234769D97468BE8B4D4D890BE0D');
INSERT INTO TNHT_MULT(LITE_PK, LANG_PK, MULT_DESC)
VALUES('84491234769D97468BE8B4D4D890BE0D', 1033, 'Yoruba (Nigeria)');
INSERT INTO TNHT_MULT(LITE_PK, LANG_PK, MULT_DESC)
VALUES('84491234769D97468BE8B4D4D890BE0D', 3082, 'Yoruba (Nigeria)');
INSERT INTO TNHT_MULT(LITE_PK, LANG_PK, MULT_DESC)
VALUES('84491234769D97468BE8B4D4D890BE0D', 2070, 'Yoruba (Nigeria)');
INSERT INTO TNHT_MULT(LITE_PK, LANG_PK, MULT_DESC)
VALUES('84491234769D97468BE8B4D4D890BE0D', 1036, 'Yoruba (Nigeria)');
INSERT INTO TNHT_MULT(LITE_PK, LANG_PK, MULT_DESC)
VALUES('84491234769D97468BE8B4D4D890BE0D', 1049, 'Йоруба (Нигерия)');
INSERT INTO TNHT_LICL(LICL_PK, LITE_PK, LICL_PRIM, ISO_639Y1, ISO_639Y2)
VALUES(1130, '84491234769D97468BE8B4D4D890BE0D', '0', 'YO', 'YOR');
INSERT INTO TNHT_LITE(LITE_PK) VALUES('DEF81FF8F736DF45A7E3BEC697882E6E');
INSERT INTO TNHT_MULT(LITE_PK, LANG_PK, MULT_DESC)
VALUES('DEF81FF8F736DF45A7E3BEC697882E6E', 1033, 'Quechua (Bolivia)');
INSERT INTO TNHT_MULT(LITE_PK, LANG_PK, MULT_DESC)
VALUES('DEF81FF8F736DF45A7E3BEC697882E6E', 3082, 'Quechua (Bolivia)');
INSERT INTO TNHT_MULT(LITE_PK, LANG_PK, MULT_DESC)
VALUES('DEF81FF8F736DF45A7E3BEC697882E6E', 2070, 'Quechua (Bolivia)');
INSERT INTO TNHT_MULT(LITE_PK, LANG_PK, MULT_DESC)
VALUES('DEF81FF8F736DF45A7E3BEC697882E6E', 1036, 'Quechua (Bolivia)');
INSERT INTO TNHT_MULT(LITE_PK, LANG_PK, MULT_DESC)
VALUES('DEF81FF8F736DF45A7E3BEC697882E6E', 1049, 'Кечуа (Боливия)');
INSERT INTO TNHT_LICL(LICL_PK, LITE_PK, LICL_PRIM, ISO_639Y1, ISO_639Y2)
VALUES(1131, 'DEF81FF8F736DF45A7E3BEC697882E6E', '0', 'QUE', 'QUE');
INSERT INTO TNHT_LITE(LITE_PK) VALUES('51F3F8729BB8EE41BB25B1606034028D');
INSERT INTO TNHT_MULT(LITE_PK, LANG_PK, MULT_DESC)
VALUES('51F3F8729BB8EE41BB25B1606034028D', 1033, 'Quechua (Ecuador)');
INSERT INTO TNHT_MULT(LITE_PK, LANG_PK, MULT_DESC)
VALUES('51F3F8729BB8EE41BB25B1606034028D', 3082, 'Quechua (Ecuador)');
INSERT INTO TNHT_MULT(LITE_PK, LANG_PK, MULT_DESC)
VALUES('51F3F8729BB8EE41BB25B1606034028D', 2070, 'Quechua (Ecuador)');
INSERT INTO TNHT_MULT(LITE_PK, LANG_PK, MULT_DESC)
VALUES('51F3F8729BB8EE41BB25B1606034028D', 1036, 'Quechua (Ecuador)');
INSERT INTO TNHT_MULT(LITE_PK, LANG_PK, MULT_DESC)
VALUES('51F3F8729BB8EE41BB25B1606034028D', 1049, 'Кечуа (Эквадор)');
INSERT INTO TNHT_LICL(LICL_PK, LITE_PK, LICL_PRIM, ISO_639Y1, ISO_639Y2)
VALUES(2155, '51F3F8729BB8EE41BB25B1606034028D', '0', 'QUE', 'QUE');
INSERT INTO TNHT_LITE(LITE_PK) VALUES('14C2CF3BF3B2824FB88690F6B29471AF');
INSERT INTO TNHT_MULT(LITE_PK, LANG_PK, MULT_DESC)
VALUES('14C2CF3BF3B2824FB88690F6B29471AF', 1033, 'Quechua (Peru)');
INSERT INTO TNHT_MULT(LITE_PK, LANG_PK, MULT_DESC)
VALUES('14C2CF3BF3B2824FB88690F6B29471AF', 3082, 'Quechua (Peru)');
INSERT INTO TNHT_MULT(LITE_PK, LANG_PK, MULT_DESC)
VALUES('14C2CF3BF3B2824FB88690F6B29471AF', 2070, 'Quechua (Peru)');
INSERT INTO TNHT_MULT(LITE_PK, LANG_PK, MULT_DESC)
VALUES('14C2CF3BF3B2824FB88690F6B29471AF', 1036, 'Quechua (Peru)');
INSERT INTO TNHT_MULT(LITE_PK, LANG_PK, MULT_DESC)
VALUES('14C2CF3BF3B2824FB88690F6B29471AF', 1049, 'Кечуа (Перу)');
INSERT INTO TNHT_LICL(LICL_PK, LITE_PK, LICL_PRIM, ISO_639Y1, ISO_639Y2)
VALUES(3179, '14C2CF3BF3B2824FB88690F6B29471AF', '0', 'QUE', 'QUE');
INSERT INTO TNHT_LITE(LITE_PK) VALUES('AF684C9FB8B4D14980ABF330E3ADCE8D');
INSERT INTO TNHT_MULT(LITE_PK, LANG_PK, MULT_DESC)
VALUES('AF684C9FB8B4D14980ABF330E3ADCE8D', 1033, 'Luxembourgish');
INSERT INTO TNHT_MULT(LITE_PK, LANG_PK, MULT_DESC)
VALUES('AF684C9FB8B4D14980ABF330E3ADCE8D', 3082, 'Luxemburgués');
INSERT INTO TNHT_MULT(LITE_PK, LANG_PK, MULT_DESC)
VALUES('AF684C9FB8B4D14980ABF330E3ADCE8D', 2070, 'luxemburguês');
INSERT INTO TNHT_MULT(LITE_PK, LANG_PK, MULT_DESC)
VALUES('AF684C9FB8B4D14980ABF330E3ADCE8D', 1036, 'Luxembourgeois');
INSERT INTO TNHT_MULT(LITE_PK, LANG_PK, MULT_DESC)
VALUES('AF684C9FB8B4D14980ABF330E3ADCE8D', 1049, 'Люксембургский');
INSERT INTO TNHT_LICL(LICL_PK, LITE_PK, LICL_PRIM, ISO_639Y1, ISO_639Y2)
VALUES(110, 'AF684C9FB8B4D14980ABF330E3ADCE8D', '1', 'LB', 'LTZ');
INSERT INTO TNHT_LITE(LITE_PK) VALUES('EACBFA355237974F95FC65482D12BAB3');
INSERT INTO TNHT_MULT(LITE_PK, LANG_PK, MULT_DESC)
VALUES('EACBFA355237974F95FC65482D12BAB3', 1033, 'Greenlandic');
INSERT INTO TNHT_MULT(LITE_PK, LANG_PK, MULT_DESC)
VALUES('EACBFA355237974F95FC65482D12BAB3', 3082, 'Greenlandic');
INSERT INTO TNHT_MULT(LITE_PK, LANG_PK, MULT_DESC)
VALUES('EACBFA355237974F95FC65482D12BAB3', 2070, 'Greenlandic');
INSERT INTO TNHT_MULT(LITE_PK, LANG_PK, MULT_DESC)
VALUES('EACBFA355237974F95FC65482D12BAB3', 1036, 'Groenlandais');
INSERT INTO TNHT_MULT(LITE_PK, LANG_PK, MULT_DESC)
VALUES('EACBFA355237974F95FC65482D12BAB3', 1049, 'Гренландский');
INSERT INTO TNHT_LICL(LICL_PK, LITE_PK, LICL_PRIM, ISO_639Y1, ISO_639Y2)
VALUES(111, 'EACBFA355237974F95FC65482D12BAB3', '1', 'KL', 'KAL');
INSERT INTO TNHT_LITE(LITE_PK) VALUES('B9545BD34D2BE34091AB6E03D2863131');
INSERT INTO TNHT_MULT(LITE_PK, LANG_PK, MULT_DESC)
VALUES('B9545BD34D2BE34091AB6E03D2863131', 1033, 'Igbo');
INSERT INTO TNHT_MULT(LITE_PK, LANG_PK, MULT_DESC)
VALUES('B9545BD34D2BE34091AB6E03D2863131', 3082, 'Igbo');
INSERT INTO TNHT_MULT(LITE_PK, LANG_PK, MULT_DESC)
VALUES('B9545BD34D2BE34091AB6E03D2863131', 2070, 'Igbo');
INSERT INTO TNHT_MULT(LITE_PK, LANG_PK, MULT_DESC)
VALUES('B9545BD34D2BE34091AB6E03D2863131', 1036, 'Igbo');
INSERT INTO TNHT_MULT(LITE_PK, LANG_PK, MULT_DESC)
VALUES('B9545BD34D2BE34091AB6E03D2863131', 1049, 'Игбо');
INSERT INTO TNHT_LICL(LICL_PK, LITE_PK, LICL_PRIM, ISO_639Y1, ISO_639Y2)
VALUES(112, 'B9545BD34D2BE34091AB6E03D2863131', '1', 'IG', 'IBO');
INSERT INTO TNHT_LITE(LITE_PK) VALUES('266B4712FD21754CB93D7C92526FBBD0');
INSERT INTO TNHT_MULT(LITE_PK, LANG_PK, MULT_DESC)
VALUES('266B4712FD21754CB93D7C92526FBBD0', 1033, 'Bashkir (Russia)');
INSERT INTO TNHT_MULT(LITE_PK, LANG_PK, MULT_DESC)
VALUES('266B4712FD21754CB93D7C92526FBBD0', 3082, 'Bashkir (Russia)');
INSERT INTO TNHT_MULT(LITE_PK, LANG_PK, MULT_DESC)
VALUES('266B4712FD21754CB93D7C92526FBBD0', 2070, 'Bashkir (Russia)');
INSERT INTO TNHT_MULT(LITE_PK, LANG_PK, MULT_DESC)
VALUES('266B4712FD21754CB93D7C92526FBBD0', 1036, 'Bachkir (Russia)');
INSERT INTO TNHT_MULT(LITE_PK, LANG_PK, MULT_DESC)
VALUES('266B4712FD21754CB93D7C92526FBBD0', 1049, 'Башкирский (Россия)');
INSERT INTO TNHT_LICL(LICL_PK, LITE_PK, LICL_PRIM, ISO_639Y1, ISO_639Y2)
VALUES(1133, '266B4712FD21754CB93D7C92526FBBD0', '0', 'BA', 'BAK');
INSERT INTO TNHT_LITE(LITE_PK) VALUES('AB2E54889DAE354B9FCEEA727AA58655');
INSERT INTO TNHT_MULT(LITE_PK, LANG_PK, MULT_DESC)
VALUES('AB2E54889DAE354B9FCEEA727AA58655', 1033, 'Luxembourgish (Luxembourg)');
INSERT INTO TNHT_MULT(LITE_PK, LANG_PK, MULT_DESC)
VALUES('AB2E54889DAE354B9FCEEA727AA58655', 3082, 'Luxemburgués (Luxembourg)');
INSERT INTO TNHT_MULT(LITE_PK, LANG_PK, MULT_DESC)
VALUES('AB2E54889DAE354B9FCEEA727AA58655', 2070, 'luxemburguês (Luxembourg)');
INSERT INTO TNHT_MULT(LITE_PK, LANG_PK, MULT_DESC)
VALUES('AB2E54889DAE354B9FCEEA727AA58655', 1036, 'Luxembourgeois (Luxembourg)');
INSERT INTO TNHT_MULT(LITE_PK, LANG_PK, MULT_DESC)
VALUES('AB2E54889DAE354B9FCEEA727AA58655', 1049, 'Люксембургский (Люксембург)');
INSERT INTO TNHT_LICL(LICL_PK, LITE_PK, LICL_PRIM, ISO_639Y1, ISO_639Y2)
VALUES(1134, 'AB2E54889DAE354B9FCEEA727AA58655', '0', 'LB', 'LTZ');
INSERT INTO TNHT_LITE(LITE_PK) VALUES('40579B40FCECD649AA39687152DCEF1C');
INSERT INTO TNHT_MULT(LITE_PK, LANG_PK, MULT_DESC)
VALUES('40579B40FCECD649AA39687152DCEF1C', 1033, 'Greenlandic (Greenland)');
INSERT INTO TNHT_MULT(LITE_PK, LANG_PK, MULT_DESC)
VALUES('40579B40FCECD649AA39687152DCEF1C', 3082, 'Greenlandic (Greenland)');
INSERT INTO TNHT_MULT(LITE_PK, LANG_PK, MULT_DESC)
VALUES('40579B40FCECD649AA39687152DCEF1C', 2070, 'Greenlandic (Greenland)');
INSERT INTO TNHT_MULT(LITE_PK, LANG_PK, MULT_DESC)
VALUES('40579B40FCECD649AA39687152DCEF1C', 1036, 'Groenlandais (Greenland)');
INSERT INTO TNHT_MULT(LITE_PK, LANG_PK, MULT_DESC)
VALUES('40579B40FCECD649AA39687152DCEF1C', 1049, 'Гренландский (Гренландия)');
INSERT INTO TNHT_LICL(LICL_PK, LITE_PK, LICL_PRIM, ISO_639Y1, ISO_639Y2)
VALUES(1135, '40579B40FCECD649AA39687152DCEF1C', '0', 'KL', 'KAL');
INSERT INTO TNHT_LITE(LITE_PK) VALUES('E99560FA4A32504383A9961A70CA283E');
INSERT INTO TNHT_MULT(LITE_PK, LANG_PK, MULT_DESC)
VALUES('E99560FA4A32504383A9961A70CA283E', 1033, 'Igbo (Nigeria)');
INSERT INTO TNHT_MULT(LITE_PK, LANG_PK, MULT_DESC)
VALUES('E99560FA4A32504383A9961A70CA283E', 3082, 'Igbo (Nigeria)');
INSERT INTO TNHT_MULT(LITE_PK, LANG_PK, MULT_DESC)
VALUES('E99560FA4A32504383A9961A70CA283E', 2070, 'Igbo (Nigeria)');
INSERT INTO TNHT_MULT(LITE_PK, LANG_PK, MULT_DESC)
VALUES('E99560FA4A32504383A9961A70CA283E', 1036, 'Igbo (Nigeria)');
INSERT INTO TNHT_MULT(LITE_PK, LANG_PK, MULT_DESC)
VALUES('E99560FA4A32504383A9961A70CA283E', 1049, 'Игбо (Нигерия)');
INSERT INTO TNHT_LICL(LICL_PK, LITE_PK, LICL_PRIM, ISO_639Y1, ISO_639Y2)
VALUES(1136, 'E99560FA4A32504383A9961A70CA283E', '0', 'IG', 'IBO');
INSERT INTO TNHT_LITE(LITE_PK) VALUES('1AF3BE7EF4B6544F9C422A7057F5DB6C');
INSERT INTO TNHT_MULT(LITE_PK, LANG_PK, MULT_DESC)
VALUES('1AF3BE7EF4B6544F9C422A7057F5DB6C', 1033, 'Yi');
INSERT INTO TNHT_MULT(LITE_PK, LANG_PK, MULT_DESC)
VALUES('1AF3BE7EF4B6544F9C422A7057F5DB6C', 3082, 'Yi');
INSERT INTO TNHT_MULT(LITE_PK, LANG_PK, MULT_DESC)
VALUES('1AF3BE7EF4B6544F9C422A7057F5DB6C', 2070, 'Yi');
INSERT INTO TNHT_MULT(LITE_PK, LANG_PK, MULT_DESC)
VALUES('1AF3BE7EF4B6544F9C422A7057F5DB6C', 1036, 'Yi');
INSERT INTO TNHT_MULT(LITE_PK, LANG_PK, MULT_DESC)
VALUES('1AF3BE7EF4B6544F9C422A7057F5DB6C', 1049, 'Сычуаньский И');
INSERT INTO TNHT_LICL(LICL_PK, LITE_PK, LICL_PRIM, ISO_639Y1, ISO_639Y2)
VALUES(120, '1AF3BE7EF4B6544F9C422A7057F5DB6C', '1', 'II', 'III');
INSERT INTO TNHT_LITE(LITE_PK) VALUES('BEDE29D239019A488CD5316BA3F27BE6');
INSERT INTO TNHT_MULT(LITE_PK, LANG_PK, MULT_DESC)
VALUES('BEDE29D239019A488CD5316BA3F27BE6', 1033, 'Yi (PRC)');
INSERT INTO TNHT_MULT(LITE_PK, LANG_PK, MULT_DESC)
VALUES('BEDE29D239019A488CD5316BA3F27BE6', 3082, 'Yi (PRC)');
INSERT INTO TNHT_MULT(LITE_PK, LANG_PK, MULT_DESC)
VALUES('BEDE29D239019A488CD5316BA3F27BE6', 2070, 'Yi (PRC)');
INSERT INTO TNHT_MULT(LITE_PK, LANG_PK, MULT_DESC)
VALUES('BEDE29D239019A488CD5316BA3F27BE6', 1036, 'Yi (PRC)');
INSERT INTO TNHT_MULT(LITE_PK, LANG_PK, MULT_DESC)
VALUES('BEDE29D239019A488CD5316BA3F27BE6', 1049, 'Сычуаньский И (Китай)');
INSERT INTO TNHT_LICL(LICL_PK, LITE_PK, LICL_PRIM, ISO_639Y1, ISO_639Y2)
VALUES(1144, 'BEDE29D239019A488CD5316BA3F27BE6', '0', 'II', 'III');
INSERT INTO TNHT_LITE(LITE_PK) VALUES('A9BAC36102C8764AAFCF3DF0417D576B');
INSERT INTO TNHT_MULT(LITE_PK, LANG_PK, MULT_DESC)
VALUES('A9BAC36102C8764AAFCF3DF0417D576B', 1033, 'Mapuche');
INSERT INTO TNHT_MULT(LITE_PK, LANG_PK, MULT_DESC)
VALUES('A9BAC36102C8764AAFCF3DF0417D576B', 3082, 'Mapuche');
INSERT INTO TNHT_MULT(LITE_PK, LANG_PK, MULT_DESC)
VALUES('A9BAC36102C8764AAFCF3DF0417D576B', 2070, 'Mapuche');
INSERT INTO TNHT_MULT(LITE_PK, LANG_PK, MULT_DESC)
VALUES('A9BAC36102C8764AAFCF3DF0417D576B', 1036, 'Mapuche');
INSERT INTO TNHT_MULT(LITE_PK, LANG_PK, MULT_DESC)
VALUES('A9BAC36102C8764AAFCF3DF0417D576B', 1049, 'Мапуче');
INSERT INTO TNHT_LICL(LICL_PK, LITE_PK, LICL_PRIM, ISO_639Y1, ISO_639Y2)
VALUES(122, 'A9BAC36102C8764AAFCF3DF0417D576B', '1', 'ARN', 'ARN');
INSERT INTO TNHT_LITE(LITE_PK) VALUES('477618AC2EA9F5469F4E486941E34CA9');
INSERT INTO TNHT_MULT(LITE_PK, LANG_PK, MULT_DESC)
VALUES('477618AC2EA9F5469F4E486941E34CA9', 1033, 'Mohawk');
INSERT INTO TNHT_MULT(LITE_PK, LANG_PK, MULT_DESC)
VALUES('477618AC2EA9F5469F4E486941E34CA9', 3082, 'Mohawk');
INSERT INTO TNHT_MULT(LITE_PK, LANG_PK, MULT_DESC)
VALUES('477618AC2EA9F5469F4E486941E34CA9', 2070, 'Mohawk');
INSERT INTO TNHT_MULT(LITE_PK, LANG_PK, MULT_DESC)
VALUES('477618AC2EA9F5469F4E486941E34CA9', 1036, 'Mohawk');
INSERT INTO TNHT_MULT(LITE_PK, LANG_PK, MULT_DESC)
VALUES('477618AC2EA9F5469F4E486941E34CA9', 1049, 'Мохаук');
INSERT INTO TNHT_LICL(LICL_PK, LITE_PK, LICL_PRIM, ISO_639Y1, ISO_639Y2)
VALUES(124, '477618AC2EA9F5469F4E486941E34CA9', '1', 'MOH', 'MOH');
INSERT INTO TNHT_LITE(LITE_PK) VALUES('B3268DBD7EE5BC4EA571F945F7B4CD21');
INSERT INTO TNHT_MULT(LITE_PK, LANG_PK, MULT_DESC)
VALUES('B3268DBD7EE5BC4EA571F945F7B4CD21', 1033, 'Breton');
INSERT INTO TNHT_MULT(LITE_PK, LANG_PK, MULT_DESC)
VALUES('B3268DBD7EE5BC4EA571F945F7B4CD21', 3082, 'Bretón');
INSERT INTO TNHT_MULT(LITE_PK, LANG_PK, MULT_DESC)
VALUES('B3268DBD7EE5BC4EA571F945F7B4CD21', 2070, 'Bretão');
INSERT INTO TNHT_MULT(LITE_PK, LANG_PK, MULT_DESC)
VALUES('B3268DBD7EE5BC4EA571F945F7B4CD21', 1036, 'Breton');
INSERT INTO TNHT_MULT(LITE_PK, LANG_PK, MULT_DESC)
VALUES('B3268DBD7EE5BC4EA571F945F7B4CD21', 1049, 'Бретонский');
INSERT INTO TNHT_LICL(LICL_PK, LITE_PK, LICL_PRIM, ISO_639Y1, ISO_639Y2)
VALUES(126, 'B3268DBD7EE5BC4EA571F945F7B4CD21', '1', 'BR', 'BRE');
INSERT INTO TNHT_LITE(LITE_PK) VALUES('8647481DDAB36C49AE71FF1F9C9A6620');
INSERT INTO TNHT_MULT(LITE_PK, LANG_PK, MULT_DESC)
VALUES('8647481DDAB36C49AE71FF1F9C9A6620', 1033, 'Uyghur');
INSERT INTO TNHT_MULT(LITE_PK, LANG_PK, MULT_DESC)
VALUES('8647481DDAB36C49AE71FF1F9C9A6620', 3082, 'Uiguro');
INSERT INTO TNHT_MULT(LITE_PK, LANG_PK, MULT_DESC)
VALUES('8647481DDAB36C49AE71FF1F9C9A6620', 2070, 'Uyghur');
INSERT INTO TNHT_MULT(LITE_PK, LANG_PK, MULT_DESC)
VALUES('8647481DDAB36C49AE71FF1F9C9A6620', 1036, 'Ouïgour');
INSERT INTO TNHT_MULT(LITE_PK, LANG_PK, MULT_DESC)
VALUES('8647481DDAB36C49AE71FF1F9C9A6620', 1049, 'Уйгурский');
INSERT INTO TNHT_LICL(LICL_PK, LITE_PK, LICL_PRIM, ISO_639Y1, ISO_639Y2)
VALUES(128, '8647481DDAB36C49AE71FF1F9C9A6620', '1', 'UG', 'UIG');
INSERT INTO TNHT_LITE(LITE_PK) VALUES('4BDB7623A1838E4785DE5FDE9365848F');
INSERT INTO TNHT_MULT(LITE_PK, LANG_PK, MULT_DESC)
VALUES('4BDB7623A1838E4785DE5FDE9365848F', 1033, 'Maori');
INSERT INTO TNHT_MULT(LITE_PK, LANG_PK, MULT_DESC)
VALUES('4BDB7623A1838E4785DE5FDE9365848F', 3082, 'Maori');
INSERT INTO TNHT_MULT(LITE_PK, LANG_PK, MULT_DESC)
VALUES('4BDB7623A1838E4785DE5FDE9365848F', 2070, 'Maori');
INSERT INTO TNHT_MULT(LITE_PK, LANG_PK, MULT_DESC)
VALUES('4BDB7623A1838E4785DE5FDE9365848F', 1036, 'Maori');
INSERT INTO TNHT_MULT(LITE_PK, LANG_PK, MULT_DESC)
VALUES('4BDB7623A1838E4785DE5FDE9365848F', 1049, 'Маори');
INSERT INTO TNHT_LICL(LICL_PK, LITE_PK, LICL_PRIM, ISO_639Y1, ISO_639Y2)
VALUES(129, '4BDB7623A1838E4785DE5FDE9365848F', '1', 'MI', 'MRI');
INSERT INTO TNHT_LITE(LITE_PK) VALUES('2C2F901B7B40264BBF840B6F5D396731');
INSERT INTO TNHT_MULT(LITE_PK, LANG_PK, MULT_DESC)
VALUES('2C2F901B7B40264BBF840B6F5D396731', 1033, 'Yakut');
INSERT INTO TNHT_MULT(LITE_PK, LANG_PK, MULT_DESC)
VALUES('2C2F901B7B40264BBF840B6F5D396731', 3082, 'Yakut');
INSERT INTO TNHT_MULT(LITE_PK, LANG_PK, MULT_DESC)
VALUES('2C2F901B7B40264BBF840B6F5D396731', 2070, 'Iacuto');
INSERT INTO TNHT_MULT(LITE_PK, LANG_PK, MULT_DESC)
VALUES('2C2F901B7B40264BBF840B6F5D396731', 1036, 'Iakoute');
INSERT INTO TNHT_MULT(LITE_PK, LANG_PK, MULT_DESC)
VALUES('2C2F901B7B40264BBF840B6F5D396731', 1049, 'Якутский');
INSERT INTO TNHT_LICL(LICL_PK, LITE_PK, LICL_PRIM, ISO_639Y1, ISO_639Y2)
VALUES(133, '2C2F901B7B40264BBF840B6F5D396731', '1', 'SAH', 'SAH');
INSERT INTO TNHT_LITE(LITE_PK) VALUES('142C8249645A7641AE6D61A916085DB5');
INSERT INTO TNHT_MULT(LITE_PK, LANG_PK, MULT_DESC)
VALUES('142C8249645A7641AE6D61A916085DB5', 1033, 'Kinyarwanda');
INSERT INTO TNHT_MULT(LITE_PK, LANG_PK, MULT_DESC)
VALUES('142C8249645A7641AE6D61A916085DB5', 3082, 'Kinyarwanda');
INSERT INTO TNHT_MULT(LITE_PK, LANG_PK, MULT_DESC)
VALUES('142C8249645A7641AE6D61A916085DB5', 2070, 'Kinyarwanda');
INSERT INTO TNHT_MULT(LITE_PK, LANG_PK, MULT_DESC)
VALUES('142C8249645A7641AE6D61A916085DB5', 1036, 'Kinyarwanda');
INSERT INTO TNHT_MULT(LITE_PK, LANG_PK, MULT_DESC)
VALUES('142C8249645A7641AE6D61A916085DB5', 1049, 'Киньяруанда');
INSERT INTO TNHT_LICL(LICL_PK, LITE_PK, LICL_PRIM, ISO_639Y1, ISO_639Y2)
VALUES(135, '142C8249645A7641AE6D61A916085DB5', '1', 'RW', 'KIN');
INSERT INTO TNHT_LITE(LITE_PK) VALUES('A233A0135C135F428CB82E5D03F5D1D6');
INSERT INTO TNHT_MULT(LITE_PK, LANG_PK, MULT_DESC)
VALUES('A233A0135C135F428CB82E5D03F5D1D6', 1033, 'Wolof');
INSERT INTO TNHT_MULT(LITE_PK, LANG_PK, MULT_DESC)
VALUES('A233A0135C135F428CB82E5D03F5D1D6', 3082, 'Wolof');
INSERT INTO TNHT_MULT(LITE_PK, LANG_PK, MULT_DESC)
VALUES('A233A0135C135F428CB82E5D03F5D1D6', 2070, 'Uolofe');
INSERT INTO TNHT_MULT(LITE_PK, LANG_PK, MULT_DESC)
VALUES('A233A0135C135F428CB82E5D03F5D1D6', 1036, 'Wolof');
INSERT INTO TNHT_MULT(LITE_PK, LANG_PK, MULT_DESC)
VALUES('A233A0135C135F428CB82E5D03F5D1D6', 1049, 'Волоф');
INSERT INTO TNHT_LICL(LICL_PK, LITE_PK, LICL_PRIM, ISO_639Y1, ISO_639Y2)
VALUES(136, 'A233A0135C135F428CB82E5D03F5D1D6', '1', 'WO', 'WOL');
INSERT INTO TNHT_LITE(LITE_PK) VALUES('7BD0908A91B3F342B1C4AA97F9DD23C9');
INSERT INTO TNHT_MULT(LITE_PK, LANG_PK, MULT_DESC)
VALUES('7BD0908A91B3F342B1C4AA97F9DD23C9', 1033, 'Dari');
INSERT INTO TNHT_MULT(LITE_PK, LANG_PK, MULT_DESC)
VALUES('7BD0908A91B3F342B1C4AA97F9DD23C9', 3082, 'Dari');
INSERT INTO TNHT_MULT(LITE_PK, LANG_PK, MULT_DESC)
VALUES('7BD0908A91B3F342B1C4AA97F9DD23C9', 2070, 'Dari');
INSERT INTO TNHT_MULT(LITE_PK, LANG_PK, MULT_DESC)
VALUES('7BD0908A91B3F342B1C4AA97F9DD23C9', 1036, 'Dari');
INSERT INTO TNHT_MULT(LITE_PK, LANG_PK, MULT_DESC)
VALUES('7BD0908A91B3F342B1C4AA97F9DD23C9', 1049, 'Дари');
INSERT INTO TNHT_LICL(LICL_PK, LITE_PK, LICL_PRIM, ISO_639Y1, ISO_639Y2)
VALUES(140, '7BD0908A91B3F342B1C4AA97F9DD23C9', '1', 'PRS', 'PRS');
INSERT INTO TNHT_LITE(LITE_PK) VALUES('10B3D260843B3F47ACC98CF1385FEFFE');
INSERT INTO TNHT_MULT(LITE_PK, LANG_PK, MULT_DESC)
VALUES('10B3D260843B3F47ACC98CF1385FEFFE', 1033, 'Scottish Gaelic');
INSERT INTO TNHT_MULT(LITE_PK, LANG_PK, MULT_DESC)
VALUES('10B3D260843B3F47ACC98CF1385FEFFE', 3082, 'Gaélico Escocés');
INSERT INTO TNHT_MULT(LITE_PK, LANG_PK, MULT_DESC)
VALUES('10B3D260843B3F47ACC98CF1385FEFFE', 2070, 'Gaélico Escocês');
INSERT INTO TNHT_MULT(LITE_PK, LANG_PK, MULT_DESC)
VALUES('10B3D260843B3F47ACC98CF1385FEFFE', 1036, 'Gaélique écossais');
INSERT INTO TNHT_MULT(LITE_PK, LANG_PK, MULT_DESC)
VALUES('10B3D260843B3F47ACC98CF1385FEFFE', 1049, 'Шотландский Кельтский');
INSERT INTO TNHT_LICL(LICL_PK, LITE_PK, LICL_PRIM, ISO_639Y1, ISO_639Y2)
VALUES(145, '10B3D260843B3F47ACC98CF1385FEFFE', '1', 'GD', 'GLA');
INSERT INTO TNHT_LITE(LITE_PK) VALUES('DFF4B472CF41B4478641DB2CDB3008D3');
INSERT INTO TNHT_MULT(LITE_PK, LANG_PK, MULT_DESC)
VALUES('DFF4B472CF41B4478641DB2CDB3008D3', 1033, 'Mapuche (Chile)');
INSERT INTO TNHT_MULT(LITE_PK, LANG_PK, MULT_DESC)
VALUES('DFF4B472CF41B4478641DB2CDB3008D3', 3082, 'Mapuche (Chile)');
INSERT INTO TNHT_MULT(LITE_PK, LANG_PK, MULT_DESC)
VALUES('DFF4B472CF41B4478641DB2CDB3008D3', 2070, 'Mapuche (Chile)');
INSERT INTO TNHT_MULT(LITE_PK, LANG_PK, MULT_DESC)
VALUES('DFF4B472CF41B4478641DB2CDB3008D3', 1036, 'Mapuche (Chile)');
INSERT INTO TNHT_MULT(LITE_PK, LANG_PK, MULT_DESC)
VALUES('DFF4B472CF41B4478641DB2CDB3008D3', 1049, 'Мапуче (Чили)');
INSERT INTO TNHT_LICL(LICL_PK, LITE_PK, LICL_PRIM, ISO_639Y1, ISO_639Y2)
VALUES(1146, 'DFF4B472CF41B4478641DB2CDB3008D3', '0', 'ARN', 'ARN');
INSERT INTO TNHT_LITE(LITE_PK) VALUES('D899511827B8E94F91DC96D3AD64CEBB');
INSERT INTO TNHT_MULT(LITE_PK, LANG_PK, MULT_DESC)
VALUES('D899511827B8E94F91DC96D3AD64CEBB', 1033, 'Mohawk (Mohawk)');
INSERT INTO TNHT_MULT(LITE_PK, LANG_PK, MULT_DESC)
VALUES('D899511827B8E94F91DC96D3AD64CEBB', 3082, 'Mohawk (Mohawk)');
INSERT INTO TNHT_MULT(LITE_PK, LANG_PK, MULT_DESC)
VALUES('D899511827B8E94F91DC96D3AD64CEBB', 2070, 'Mohawk (Mohawk)');
INSERT INTO TNHT_MULT(LITE_PK, LANG_PK, MULT_DESC)
VALUES('D899511827B8E94F91DC96D3AD64CEBB', 1036, 'Mohawk (Mohawk)');
INSERT INTO TNHT_MULT(LITE_PK, LANG_PK, MULT_DESC)
VALUES('D899511827B8E94F91DC96D3AD64CEBB', 1049, 'Мохаук (Мохаук)');
INSERT INTO TNHT_LICL(LICL_PK, LITE_PK, LICL_PRIM, ISO_639Y1, ISO_639Y2)
VALUES(1148, 'D899511827B8E94F91DC96D3AD64CEBB', '0', 'MOH', 'MOH');
INSERT INTO TNHT_LITE(LITE_PK) VALUES('93CA6D222F35374A861D2A0927D44D20');
INSERT INTO TNHT_MULT(LITE_PK, LANG_PK, MULT_DESC)
VALUES('93CA6D222F35374A861D2A0927D44D20', 1033, 'Breton (France)');
INSERT INTO TNHT_MULT(LITE_PK, LANG_PK, MULT_DESC)
VALUES('93CA6D222F35374A861D2A0927D44D20', 3082, 'Bretón (France)');
INSERT INTO TNHT_MULT(LITE_PK, LANG_PK, MULT_DESC)
VALUES('93CA6D222F35374A861D2A0927D44D20', 2070, 'Bretão (France)');
INSERT INTO TNHT_MULT(LITE_PK, LANG_PK, MULT_DESC)
VALUES('93CA6D222F35374A861D2A0927D44D20', 1036, 'Breton (France)');
INSERT INTO TNHT_MULT(LITE_PK, LANG_PK, MULT_DESC)
VALUES('93CA6D222F35374A861D2A0927D44D20', 1049, 'Бретонский (Франция)');
INSERT INTO TNHT_LICL(LICL_PK, LITE_PK, LICL_PRIM, ISO_639Y1, ISO_639Y2)
VALUES(1150, '93CA6D222F35374A861D2A0927D44D20', '0', 'BR', 'BRE');
INSERT INTO TNHT_LITE(LITE_PK) VALUES('0A8D5ACDCA3C7D4A8EBF63A8B0AEA2F2');
INSERT INTO TNHT_MULT(LITE_PK, LANG_PK, MULT_DESC)
VALUES('0A8D5ACDCA3C7D4A8EBF63A8B0AEA2F2', 1033, 'Uyghur (PRC)');
INSERT INTO TNHT_MULT(LITE_PK, LANG_PK, MULT_DESC)
VALUES('0A8D5ACDCA3C7D4A8EBF63A8B0AEA2F2', 3082, 'Uiguro (PRC)');
INSERT INTO TNHT_MULT(LITE_PK, LANG_PK, MULT_DESC)
VALUES('0A8D5ACDCA3C7D4A8EBF63A8B0AEA2F2', 2070, 'Uyghur (PRC)');
INSERT INTO TNHT_MULT(LITE_PK, LANG_PK, MULT_DESC)
VALUES('0A8D5ACDCA3C7D4A8EBF63A8B0AEA2F2', 1036, 'Ouïgour (PRC)');
INSERT INTO TNHT_MULT(LITE_PK, LANG_PK, MULT_DESC)
VALUES('0A8D5ACDCA3C7D4A8EBF63A8B0AEA2F2', 1049, 'Уйгурский (Китай)');
INSERT INTO TNHT_LICL(LICL_PK, LITE_PK, LICL_PRIM, ISO_639Y1, ISO_639Y2)
VALUES(1152, '0A8D5ACDCA3C7D4A8EBF63A8B0AEA2F2', '0', 'UG', 'UIG');
INSERT INTO TNHT_LITE(LITE_PK) VALUES('F7C94A0B22658B4F9C915EAAD85B0692');
INSERT INTO TNHT_MULT(LITE_PK, LANG_PK, MULT_DESC)
VALUES('F7C94A0B22658B4F9C915EAAD85B0692', 1033, 'Maori (New Zealand)');
INSERT INTO TNHT_MULT(LITE_PK, LANG_PK, MULT_DESC)
VALUES('F7C94A0B22658B4F9C915EAAD85B0692', 3082, 'Maori (New Zealand)');
INSERT INTO TNHT_MULT(LITE_PK, LANG_PK, MULT_DESC)
VALUES('F7C94A0B22658B4F9C915EAAD85B0692', 2070, 'Maori (New Zealand)');
INSERT INTO TNHT_MULT(LITE_PK, LANG_PK, MULT_DESC)
VALUES('F7C94A0B22658B4F9C915EAAD85B0692', 1036, 'Maori (New Zealand)');
INSERT INTO TNHT_MULT(LITE_PK, LANG_PK, MULT_DESC)
VALUES('F7C94A0B22658B4F9C915EAAD85B0692', 1049, 'Маори (Новая Зеландия)');
INSERT INTO TNHT_LICL(LICL_PK, LITE_PK, LICL_PRIM, ISO_639Y1, ISO_639Y2)
VALUES(1153, 'F7C94A0B22658B4F9C915EAAD85B0692', '0', 'MI', 'MRI');
INSERT INTO TNHT_LITE(LITE_PK) VALUES('F1A6A5C8B51C7043B097B35193EDC200');
INSERT INTO TNHT_MULT(LITE_PK, LANG_PK, MULT_DESC)
VALUES('F1A6A5C8B51C7043B097B35193EDC200', 1033, 'Yakut (Russia)');
INSERT INTO TNHT_MULT(LITE_PK, LANG_PK, MULT_DESC)
VALUES('F1A6A5C8B51C7043B097B35193EDC200', 3082, 'Yakut (Russia)');
INSERT INTO TNHT_MULT(LITE_PK, LANG_PK, MULT_DESC)
VALUES('F1A6A5C8B51C7043B097B35193EDC200', 2070, 'Iacuto (Russia)');
INSERT INTO TNHT_MULT(LITE_PK, LANG_PK, MULT_DESC)
VALUES('F1A6A5C8B51C7043B097B35193EDC200', 1036, 'Iakoute (Russia)');
INSERT INTO TNHT_MULT(LITE_PK, LANG_PK, MULT_DESC)
VALUES('F1A6A5C8B51C7043B097B35193EDC200', 1049, 'Якутский (Россия)');
INSERT INTO TNHT_LICL(LICL_PK, LITE_PK, LICL_PRIM, ISO_639Y1, ISO_639Y2)
VALUES(1157, 'F1A6A5C8B51C7043B097B35193EDC200', '0', 'SAH', 'SAH');
INSERT INTO TNHT_LITE(LITE_PK) VALUES('E14F0990670E5C4185111DDC46407A8F');
INSERT INTO TNHT_MULT(LITE_PK, LANG_PK, MULT_DESC)
VALUES('E14F0990670E5C4185111DDC46407A8F', 1033, 'Kinyarwanda (Rwanda)');
INSERT INTO TNHT_MULT(LITE_PK, LANG_PK, MULT_DESC)
VALUES('E14F0990670E5C4185111DDC46407A8F', 3082, 'Kinyarwanda (Rwanda)');
INSERT INTO TNHT_MULT(LITE_PK, LANG_PK, MULT_DESC)
VALUES('E14F0990670E5C4185111DDC46407A8F', 2070, 'Kinyarwanda (Rwanda)');
INSERT INTO TNHT_MULT(LITE_PK, LANG_PK, MULT_DESC)
VALUES('E14F0990670E5C4185111DDC46407A8F', 1036, 'Kinyarwanda (Rwanda)');
INSERT INTO TNHT_MULT(LITE_PK, LANG_PK, MULT_DESC)
VALUES('E14F0990670E5C4185111DDC46407A8F', 1049, 'Киньяруанда (Руанда)');
INSERT INTO TNHT_LICL(LICL_PK, LITE_PK, LICL_PRIM, ISO_639Y1, ISO_639Y2)
VALUES(1159, 'E14F0990670E5C4185111DDC46407A8F', '0', 'RW', 'KIN');
INSERT INTO TNHT_LITE(LITE_PK) VALUES('DE8E3C725B37554FAE018B589EA8326A');
INSERT INTO TNHT_MULT(LITE_PK, LANG_PK, MULT_DESC)
VALUES('DE8E3C725B37554FAE018B589EA8326A', 1033, 'Wolof (Senegal)');
INSERT INTO TNHT_MULT(LITE_PK, LANG_PK, MULT_DESC)
VALUES('DE8E3C725B37554FAE018B589EA8326A', 3082, 'Wolof (Senegal)');
INSERT INTO TNHT_MULT(LITE_PK, LANG_PK, MULT_DESC)
VALUES('DE8E3C725B37554FAE018B589EA8326A', 2070, 'Uolofe (Senegal)');
INSERT INTO TNHT_MULT(LITE_PK, LANG_PK, MULT_DESC)
VALUES('DE8E3C725B37554FAE018B589EA8326A', 1036, 'Wolof (Senegal)');
INSERT INTO TNHT_MULT(LITE_PK, LANG_PK, MULT_DESC)
VALUES('DE8E3C725B37554FAE018B589EA8326A', 1049, 'Волоф (Сенегал)');
INSERT INTO TNHT_LICL(LICL_PK, LITE_PK, LICL_PRIM, ISO_639Y1, ISO_639Y2)
VALUES(1160, 'DE8E3C725B37554FAE018B589EA8326A', '0', 'WO', 'WOL');
INSERT INTO TNHT_LITE(LITE_PK) VALUES('F2A6D3238AB7294589973ED08A7FA2E6');
INSERT INTO TNHT_MULT(LITE_PK, LANG_PK, MULT_DESC)
VALUES('F2A6D3238AB7294589973ED08A7FA2E6', 1033, 'Dari (Afghanistan)');
INSERT INTO TNHT_MULT(LITE_PK, LANG_PK, MULT_DESC)
VALUES('F2A6D3238AB7294589973ED08A7FA2E6', 3082, 'Dari (Afghanistan)');
INSERT INTO TNHT_MULT(LITE_PK, LANG_PK, MULT_DESC)
VALUES('F2A6D3238AB7294589973ED08A7FA2E6', 2070, 'Dari (Afghanistan)');
INSERT INTO TNHT_MULT(LITE_PK, LANG_PK, MULT_DESC)
VALUES('F2A6D3238AB7294589973ED08A7FA2E6', 1036, 'Dari (Afghanistan)');
INSERT INTO TNHT_MULT(LITE_PK, LANG_PK, MULT_DESC)
VALUES('F2A6D3238AB7294589973ED08A7FA2E6', 1049, 'Дари (Афганистан)');
INSERT INTO TNHT_LICL(LICL_PK, LITE_PK, LICL_PRIM, ISO_639Y1, ISO_639Y2)
VALUES(1164, 'F2A6D3238AB7294589973ED08A7FA2E6', '0', 'PRS', 'PRS');
INSERT INTO TNHT_LITE(LITE_PK) VALUES('6D7158D96BB87247BFD2B8993C2AAF57');
INSERT INTO TNHT_MULT(LITE_PK, LANG_PK, MULT_DESC)
VALUES('6D7158D96BB87247BFD2B8993C2AAF57', 1033, 'Scottish Gaelic (United Kingdom)');
INSERT INTO TNHT_MULT(LITE_PK, LANG_PK, MULT_DESC)
VALUES('6D7158D96BB87247BFD2B8993C2AAF57', 3082, 'Gaélico Escocés (United Kingdom)');
INSERT INTO TNHT_MULT(LITE_PK, LANG_PK, MULT_DESC)
VALUES('6D7158D96BB87247BFD2B8993C2AAF57', 2070, 'Gaélico Escocês (United Kingdom)');
INSERT INTO TNHT_MULT(LITE_PK, LANG_PK, MULT_DESC)
VALUES('6D7158D96BB87247BFD2B8993C2AAF57', 1036, 'Gaélique écossais (United Kingdom)');
INSERT INTO TNHT_MULT(LITE_PK, LANG_PK, MULT_DESC)
VALUES('6D7158D96BB87247BFD2B8993C2AAF57', 1049, 'Шотландский Кельтский (Великобритания)');
INSERT INTO TNHT_LICL(LICL_PK, LITE_PK, LICL_PRIM, ISO_639Y1, ISO_639Y2)
VALUES(1169, '6D7158D96BB87247BFD2B8993C2AAF57', '0', 'GD', 'GLA');
INSERT INTO TNHT_LITE(LITE_PK) VALUES('ED0E83943399EC4BA7124888BE1DEADD');
INSERT INTO TNHT_MULT(LITE_PK, LANG_PK, MULT_DESC)
VALUES('ED0E83943399EC4BA7124888BE1DEADD', 1033, 'Serbian');
INSERT INTO TNHT_MULT(LITE_PK, LANG_PK, MULT_DESC)
VALUES('ED0E83943399EC4BA7124888BE1DEADD', 3082, 'Serbio');
INSERT INTO TNHT_MULT(LITE_PK, LANG_PK, MULT_DESC)
VALUES('ED0E83943399EC4BA7124888BE1DEADD', 2070, 'Sérvio');
INSERT INTO TNHT_MULT(LITE_PK, LANG_PK, MULT_DESC)
VALUES('ED0E83943399EC4BA7124888BE1DEADD', 1036, 'Serbe');
INSERT INTO TNHT_MULT(LITE_PK, LANG_PK, MULT_DESC)
VALUES('ED0E83943399EC4BA7124888BE1DEADD', 1049, 'Сербский');
INSERT INTO TNHT_LICL(LICL_PK, LITE_PK, LICL_PRIM, ISO_639Y1, ISO_639Y2)
VALUES(31770, 'ED0E83943399EC4BA7124888BE1DEADD', '1', 'SR', 'SRP');
INSERT INTO TNHT_LITE(LITE_PK) VALUES('FF7D946CCF454947A6991B988B94B0C2');
INSERT INTO TNHT_MULT(LITE_PK, LANG_PK, MULT_DESC)
VALUES('FF7D946CCF454947A6991B988B94B0C2', 1033, 'Serbian (Cyrillic)');
INSERT INTO TNHT_MULT(LITE_PK, LANG_PK, MULT_DESC)
VALUES('FF7D946CCF454947A6991B988B94B0C2', 3082, 'Serbio (Cyrillic)');
INSERT INTO TNHT_MULT(LITE_PK, LANG_PK, MULT_DESC)
VALUES('FF7D946CCF454947A6991B988B94B0C2', 2070, 'Sérvio (Cyrillic)');
INSERT INTO TNHT_MULT(LITE_PK, LANG_PK, MULT_DESC)
VALUES('FF7D946CCF454947A6991B988B94B0C2', 1036, 'Serbe (Cyrillic)');
INSERT INTO TNHT_MULT(LITE_PK, LANG_PK, MULT_DESC)
VALUES('FF7D946CCF454947A6991B988B94B0C2', 1049, 'Сербский (Кирилица)');
INSERT INTO TNHT_LICL(LICL_PK, LITE_PK, LICL_PRIM, ISO_639Y1, ISO_639Y2)
VALUES(27674, 'FF7D946CCF454947A6991B988B94B0C2', '0', 'SR', 'SRP');
INSERT INTO TNHT_LITE(LITE_PK) VALUES('F70267783A9E9B4AAAEE5860636A5DEA');
INSERT INTO TNHT_MULT(LITE_PK, LANG_PK, MULT_DESC)
VALUES('F70267783A9E9B4AAAEE5860636A5DEA', 1033, 'Serbian (Latin)');
INSERT INTO TNHT_MULT(LITE_PK, LANG_PK, MULT_DESC)
VALUES('F70267783A9E9B4AAAEE5860636A5DEA', 3082, 'Serbio (Latin)');
INSERT INTO TNHT_MULT(LITE_PK, LANG_PK, MULT_DESC)
VALUES('F70267783A9E9B4AAAEE5860636A5DEA', 2070, 'Sérvio (Latin)');
INSERT INTO TNHT_MULT(LITE_PK, LANG_PK, MULT_DESC)
VALUES('F70267783A9E9B4AAAEE5860636A5DEA', 1036, 'Serbe (Latin)');
INSERT INTO TNHT_MULT(LITE_PK, LANG_PK, MULT_DESC)
VALUES('F70267783A9E9B4AAAEE5860636A5DEA', 1049, 'Сербский (Латиница)');
INSERT INTO TNHT_LICL(LICL_PK, LITE_PK, LICL_PRIM, ISO_639Y1, ISO_639Y2)
VALUES(28698, 'F70267783A9E9B4AAAEE5860636A5DEA', '0', 'SR', 'SRP');
INSERT INTO TNHT_LITE(LITE_PK) VALUES('595BAB0AD4668247B34CD904F4432115');
INSERT INTO TNHT_MULT(LITE_PK, LANG_PK, MULT_DESC)
VALUES('595BAB0AD4668247B34CD904F4432115', 1033, 'Serbian (Latin, Serbia and Montenegro)');
INSERT INTO TNHT_MULT(LITE_PK, LANG_PK, MULT_DESC)
VALUES('595BAB0AD4668247B34CD904F4432115', 3082, 'Serbio (Latin, Serbia and Montenegro)');
INSERT INTO TNHT_MULT(LITE_PK, LANG_PK, MULT_DESC)
VALUES('595BAB0AD4668247B34CD904F4432115', 2070, 'Sérvio (Latin, Serbia and Montenegro)');
INSERT INTO TNHT_MULT(LITE_PK, LANG_PK, MULT_DESC)
VALUES('595BAB0AD4668247B34CD904F4432115', 1036, 'Serbe (Latin, Serbia and Montenegro)');
INSERT INTO TNHT_MULT(LITE_PK, LANG_PK, MULT_DESC)
VALUES('595BAB0AD4668247B34CD904F4432115', 1049, 'Сербский (Латиница, Сербия и Черногория)');
INSERT INTO TNHT_LICL(LICL_PK, LITE_PK, LICL_PRIM, ISO_639Y1, ISO_639Y2)
VALUES(2074, '595BAB0AD4668247B34CD904F4432115', '0', 'SR', 'SRP');
INSERT INTO TNHT_LITE(LITE_PK) VALUES('B1113B8D93683B40A24ED729A72578DB');
INSERT INTO TNHT_MULT(LITE_PK, LANG_PK, MULT_DESC)
VALUES('B1113B8D93683B40A24ED729A72578DB', 1033, 'Serbian (Cyrillic, Serbia and Montenegro)');
INSERT INTO TNHT_MULT(LITE_PK, LANG_PK, MULT_DESC)
VALUES('B1113B8D93683B40A24ED729A72578DB', 3082, 'Serbio (Cyrillic, Serbia and Montenegro)');
INSERT INTO TNHT_MULT(LITE_PK, LANG_PK, MULT_DESC)
VALUES('B1113B8D93683B40A24ED729A72578DB', 2070, 'Sérvio (Cyrillic, Serbia and Montenegro)');
INSERT INTO TNHT_MULT(LITE_PK, LANG_PK, MULT_DESC)
VALUES('B1113B8D93683B40A24ED729A72578DB', 1036, 'Serbe (Cyrillic, Serbia and Montenegro)');
INSERT INTO TNHT_MULT(LITE_PK, LANG_PK, MULT_DESC)
VALUES('B1113B8D93683B40A24ED729A72578DB', 1049, 'Сербский (Кирилица, Сербия и Черногория)');
INSERT INTO TNHT_LICL(LICL_PK, LITE_PK, LICL_PRIM, ISO_639Y1, ISO_639Y2)
VALUES(3098, 'B1113B8D93683B40A24ED729A72578DB', '0', 'SR', 'SRP');
INSERT INTO TNHT_LITE(LITE_PK) VALUES('D0B4B8C73D071948BF04B8BE75B299AD');
INSERT INTO TNHT_MULT(LITE_PK, LANG_PK, MULT_DESC)
VALUES('D0B4B8C73D071948BF04B8BE75B299AD', 1033, 'Serbian (Latin, Bosnia and Herzegovina)');
INSERT INTO TNHT_MULT(LITE_PK, LANG_PK, MULT_DESC)
VALUES('D0B4B8C73D071948BF04B8BE75B299AD', 3082, 'Serbio (Latin, Bosnia and Herzegovina)');
INSERT INTO TNHT_MULT(LITE_PK, LANG_PK, MULT_DESC)
VALUES('D0B4B8C73D071948BF04B8BE75B299AD', 2070, 'Sérvio (Latin, Bosnia and Herzegovina)');
INSERT INTO TNHT_MULT(LITE_PK, LANG_PK, MULT_DESC)
VALUES('D0B4B8C73D071948BF04B8BE75B299AD', 1036, 'Serbe (Latin, Bosnia and Herzegovina)');
INSERT INTO TNHT_MULT(LITE_PK, LANG_PK, MULT_DESC)
VALUES('D0B4B8C73D071948BF04B8BE75B299AD', 1049, 'Сербский (Латиница, Босния и Герцеговина)');
INSERT INTO TNHT_LICL(LICL_PK, LITE_PK, LICL_PRIM, ISO_639Y1, ISO_639Y2)
VALUES(6170, 'D0B4B8C73D071948BF04B8BE75B299AD', '0', 'SR', 'SRS');
INSERT INTO TNHT_LITE(LITE_PK) VALUES('E0CFF13F76113F408446D4B775949D13');
INSERT INTO TNHT_MULT(LITE_PK, LANG_PK, MULT_DESC)
VALUES('E0CFF13F76113F408446D4B775949D13', 1033, 'Serbian (Cyrillic, Bosnia and Herzegovina)');
INSERT INTO TNHT_MULT(LITE_PK, LANG_PK, MULT_DESC)
VALUES('E0CFF13F76113F408446D4B775949D13', 3082, 'Serbio (Cyrillic, Bosnia and Herzegovina)');
INSERT INTO TNHT_MULT(LITE_PK, LANG_PK, MULT_DESC)
VALUES('E0CFF13F76113F408446D4B775949D13', 2070, 'Sérvio (Cyrillic, Bosnia and Herzegovina)');
INSERT INTO TNHT_MULT(LITE_PK, LANG_PK, MULT_DESC)
VALUES('E0CFF13F76113F408446D4B775949D13', 1036, 'Serbe (Cyrillic, Bosnia and Herzegovina)');
INSERT INTO TNHT_MULT(LITE_PK, LANG_PK, MULT_DESC)
VALUES('E0CFF13F76113F408446D4B775949D13', 1049, 'Сербский (Кирилица, Босния и Герцеговина)');
INSERT INTO TNHT_LICL(LICL_PK, LITE_PK, LICL_PRIM, ISO_639Y1, ISO_639Y2)
VALUES(7194, 'E0CFF13F76113F408446D4B775949D13', '0', 'SR', 'SRN');
INSERT INTO TNHT_LITE(LITE_PK) VALUES('59B4D187CE61BE40B08CCC39386C8F05');
INSERT INTO TNHT_MULT(LITE_PK, LANG_PK, MULT_DESC)
VALUES('59B4D187CE61BE40B08CCC39386C8F05', 1033, 'Serbian (Latin, Serbia)');
INSERT INTO TNHT_MULT(LITE_PK, LANG_PK, MULT_DESC)
VALUES('59B4D187CE61BE40B08CCC39386C8F05', 3082, 'Serbio (Latin, Serbia)');
INSERT INTO TNHT_MULT(LITE_PK, LANG_PK, MULT_DESC)
VALUES('59B4D187CE61BE40B08CCC39386C8F05', 2070, 'Sérvio (Latin, Serbia)');
INSERT INTO TNHT_MULT(LITE_PK, LANG_PK, MULT_DESC)
VALUES('59B4D187CE61BE40B08CCC39386C8F05', 1036, 'Serbe (Latin, Serbia)');
INSERT INTO TNHT_MULT(LITE_PK, LANG_PK, MULT_DESC)
VALUES('59B4D187CE61BE40B08CCC39386C8F05', 1049, 'Сербский (Латиница, Сербия)');
INSERT INTO TNHT_LICL(LICL_PK, LITE_PK, LICL_PRIM, ISO_639Y1, ISO_639Y2)
VALUES(9242, '59B4D187CE61BE40B08CCC39386C8F05', '0', 'SR', 'SRP');
INSERT INTO TNHT_LITE(LITE_PK) VALUES('C5D051CBEC9F82479B533E1BD98FCF70');
INSERT INTO TNHT_MULT(LITE_PK, LANG_PK, MULT_DESC)
VALUES('C5D051CBEC9F82479B533E1BD98FCF70', 1033, 'Serbian (Cyrillic, Serbia)');
INSERT INTO TNHT_MULT(LITE_PK, LANG_PK, MULT_DESC)
VALUES('C5D051CBEC9F82479B533E1BD98FCF70', 3082, 'Serbio (Cyrillic, Serbia)');
INSERT INTO TNHT_MULT(LITE_PK, LANG_PK, MULT_DESC)
VALUES('C5D051CBEC9F82479B533E1BD98FCF70', 2070, 'Sérvio (Cyrillic, Serbia)');
INSERT INTO TNHT_MULT(LITE_PK, LANG_PK, MULT_DESC)
VALUES('C5D051CBEC9F82479B533E1BD98FCF70', 1036, 'Serbe (Cyrillic, Serbia)');
INSERT INTO TNHT_MULT(LITE_PK, LANG_PK, MULT_DESC)
VALUES('C5D051CBEC9F82479B533E1BD98FCF70', 1049, 'Сербский (Кирилица, Сербия)');
INSERT INTO TNHT_LICL(LICL_PK, LITE_PK, LICL_PRIM, ISO_639Y1, ISO_639Y2)
VALUES(10266, 'C5D051CBEC9F82479B533E1BD98FCF70', '0', 'SR', 'SRP');
INSERT INTO TNHT_LITE(LITE_PK) VALUES('0A71BB90436E0E4AB317292FF7A0E68B');
INSERT INTO TNHT_MULT(LITE_PK, LANG_PK, MULT_DESC)
VALUES('0A71BB90436E0E4AB317292FF7A0E68B', 1033, 'Serbian (Latin, Montenegro)');
INSERT INTO TNHT_MULT(LITE_PK, LANG_PK, MULT_DESC)
VALUES('0A71BB90436E0E4AB317292FF7A0E68B', 3082, 'Serbio (Latin, Montenegro)');
INSERT INTO TNHT_MULT(LITE_PK, LANG_PK, MULT_DESC)
VALUES('0A71BB90436E0E4AB317292FF7A0E68B', 2070, 'Sérvio (Latin, Montenegro)');
INSERT INTO TNHT_MULT(LITE_PK, LANG_PK, MULT_DESC)
VALUES('0A71BB90436E0E4AB317292FF7A0E68B', 1036, 'Serbe (Latin, Montenegro)');
INSERT INTO TNHT_MULT(LITE_PK, LANG_PK, MULT_DESC)
VALUES('0A71BB90436E0E4AB317292FF7A0E68B', 1049, 'Сербский (Латиница, Черногория)');
INSERT INTO TNHT_LICL(LICL_PK, LITE_PK, LICL_PRIM, ISO_639Y1, ISO_639Y2)
VALUES(11290, '0A71BB90436E0E4AB317292FF7A0E68B', '0', 'SR', 'SRP');
INSERT INTO TNHT_LITE(LITE_PK) VALUES('2BA2D366F2223144A045E16383A368D1');
INSERT INTO TNHT_MULT(LITE_PK, LANG_PK, MULT_DESC)
VALUES('2BA2D366F2223144A045E16383A368D1', 1033, 'Serbian (Cyrillic, Montenegro)');
INSERT INTO TNHT_MULT(LITE_PK, LANG_PK, MULT_DESC)
VALUES('2BA2D366F2223144A045E16383A368D1', 3082, 'Serbio (Cyrillic, Montenegro)');
INSERT INTO TNHT_MULT(LITE_PK, LANG_PK, MULT_DESC)
VALUES('2BA2D366F2223144A045E16383A368D1', 2070, 'Sérvio (Cyrillic, Montenegro)');
INSERT INTO TNHT_MULT(LITE_PK, LANG_PK, MULT_DESC)
VALUES('2BA2D366F2223144A045E16383A368D1', 1036, 'Serbe (Cyrillic, Montenegro)');
INSERT INTO TNHT_MULT(LITE_PK, LANG_PK, MULT_DESC)
VALUES('2BA2D366F2223144A045E16383A368D1', 1049, 'Сербский (Кирилица, Черногория)');
INSERT INTO TNHT_LICL(LICL_PK, LITE_PK, LICL_PRIM, ISO_639Y1, ISO_639Y2)
VALUES(12314, '2BA2D366F2223144A045E16383A368D1', '0', 'SR', 'SRP');
INSERT INTO TNHT_LITE(LITE_PK) VALUES('DBBAE662CAAE714FB6F5156EB7F6DBBB');
INSERT INTO TNHT_MULT(LITE_PK, LANG_PK, MULT_DESC)
VALUES('DBBAE662CAAE714FB6F5156EB7F6DBBB', 1033, 'Bosnian');
INSERT INTO TNHT_MULT(LITE_PK, LANG_PK, MULT_DESC)
VALUES('DBBAE662CAAE714FB6F5156EB7F6DBBB', 3082, 'Bosnio');
INSERT INTO TNHT_MULT(LITE_PK, LANG_PK, MULT_DESC)
VALUES('DBBAE662CAAE714FB6F5156EB7F6DBBB', 2070, 'Bosnio');
INSERT INTO TNHT_MULT(LITE_PK, LANG_PK, MULT_DESC)
VALUES('DBBAE662CAAE714FB6F5156EB7F6DBBB', 1036, 'Bosniaque');
INSERT INTO TNHT_MULT(LITE_PK, LANG_PK, MULT_DESC)
VALUES('DBBAE662CAAE714FB6F5156EB7F6DBBB', 1049, 'Боснийский');
INSERT INTO TNHT_LICL(LICL_PK, LITE_PK, LICL_PRIM, ISO_639Y1, ISO_639Y2)
VALUES(30746, 'DBBAE662CAAE714FB6F5156EB7F6DBBB', '1', 'BS', 'BOS');
INSERT INTO TNHT_LITE(LITE_PK) VALUES('98F73FEC84ED624DB0162A5EA97A2935');
INSERT INTO TNHT_MULT(LITE_PK, LANG_PK, MULT_DESC)
VALUES('98F73FEC84ED624DB0162A5EA97A2935', 1033, 'Bosnian (Cyrillic)');
INSERT INTO TNHT_MULT(LITE_PK, LANG_PK, MULT_DESC)
VALUES('98F73FEC84ED624DB0162A5EA97A2935', 3082, 'Bosnio (Cyrillic)');
INSERT INTO TNHT_MULT(LITE_PK, LANG_PK, MULT_DESC)
VALUES('98F73FEC84ED624DB0162A5EA97A2935', 2070, 'Bosnio (Cyrillic)');
INSERT INTO TNHT_MULT(LITE_PK, LANG_PK, MULT_DESC)
VALUES('98F73FEC84ED624DB0162A5EA97A2935', 1036, 'Bosniaque (Cyrillic)');
INSERT INTO TNHT_MULT(LITE_PK, LANG_PK, MULT_DESC)
VALUES('98F73FEC84ED624DB0162A5EA97A2935', 1049, 'Боснийский (Кирилица)');
INSERT INTO TNHT_LICL(LICL_PK, LITE_PK, LICL_PRIM, ISO_639Y1, ISO_639Y2)
VALUES(25626, '98F73FEC84ED624DB0162A5EA97A2935', '0', 'BS', 'BOS');
INSERT INTO TNHT_LITE(LITE_PK) VALUES('98F557B274BC7A41B1B063A21127E654');
INSERT INTO TNHT_MULT(LITE_PK, LANG_PK, MULT_DESC)
VALUES('98F557B274BC7A41B1B063A21127E654', 1033, 'Bosnian (Latin)');
INSERT INTO TNHT_MULT(LITE_PK, LANG_PK, MULT_DESC)
VALUES('98F557B274BC7A41B1B063A21127E654', 3082, 'Bosnio (Latin)');
INSERT INTO TNHT_MULT(LITE_PK, LANG_PK, MULT_DESC)
VALUES('98F557B274BC7A41B1B063A21127E654', 2070, 'Bosnio (Latin)');
INSERT INTO TNHT_MULT(LITE_PK, LANG_PK, MULT_DESC)
VALUES('98F557B274BC7A41B1B063A21127E654', 1036, 'Bosniaque (Latin)');
INSERT INTO TNHT_MULT(LITE_PK, LANG_PK, MULT_DESC)
VALUES('98F557B274BC7A41B1B063A21127E654', 1049, 'Боснийский (Латиница)');
INSERT INTO TNHT_LICL(LICL_PK, LITE_PK, LICL_PRIM, ISO_639Y1, ISO_639Y2)
VALUES(26650, '98F557B274BC7A41B1B063A21127E654', '0', 'BS', 'BOS');
INSERT INTO TNHT_LITE(LITE_PK) VALUES('C3BDE70FD6751E43AFCF0D91C7AD6C14');
INSERT INTO TNHT_MULT(LITE_PK, LANG_PK, MULT_DESC)
VALUES('C3BDE70FD6751E43AFCF0D91C7AD6C14', 1033, 'Bosnian (Latin, Bosnia and Herzegovina)');
INSERT INTO TNHT_MULT(LITE_PK, LANG_PK, MULT_DESC)
VALUES('C3BDE70FD6751E43AFCF0D91C7AD6C14', 3082, 'Bosnio (Latin, Bosnia and Herzegovina)');
INSERT INTO TNHT_MULT(LITE_PK, LANG_PK, MULT_DESC)
VALUES('C3BDE70FD6751E43AFCF0D91C7AD6C14', 2070, 'Bosnio (Latin, Bosnia and Herzegovina)');
INSERT INTO TNHT_MULT(LITE_PK, LANG_PK, MULT_DESC)
VALUES('C3BDE70FD6751E43AFCF0D91C7AD6C14', 1036, 'Bosniaque (Latin, Bosnia and Herzegovina)');
INSERT INTO TNHT_MULT(LITE_PK, LANG_PK, MULT_DESC)
VALUES('C3BDE70FD6751E43AFCF0D91C7AD6C14', 1049, 'Боснийский (Латиница, Босния и Герцеговина)');
INSERT INTO TNHT_LICL(LICL_PK, LITE_PK, LICL_PRIM, ISO_639Y1, ISO_639Y2)
VALUES(5146, 'C3BDE70FD6751E43AFCF0D91C7AD6C14', '0', 'BS', 'BOS');
INSERT INTO TNHT_LITE(LITE_PK) VALUES('571C2B0FCCD99B4A8F8C9F83D5D105D6');
INSERT INTO TNHT_MULT(LITE_PK, LANG_PK, MULT_DESC)
VALUES('571C2B0FCCD99B4A8F8C9F83D5D105D6', 1033, 'Bosnian (Cyrillic, Bosnia and Herzegovina)');
INSERT INTO TNHT_MULT(LITE_PK, LANG_PK, MULT_DESC)
VALUES('571C2B0FCCD99B4A8F8C9F83D5D105D6', 3082, 'Bosnio (Cyrillic, Bosnia and Herzegovina)');
INSERT INTO TNHT_MULT(LITE_PK, LANG_PK, MULT_DESC)
VALUES('571C2B0FCCD99B4A8F8C9F83D5D105D6', 2070, 'Bosnio (Cyrillic, Bosnia and Herzegovina)');
INSERT INTO TNHT_MULT(LITE_PK, LANG_PK, MULT_DESC)
VALUES('571C2B0FCCD99B4A8F8C9F83D5D105D6', 1036, 'Bosniaque (Cyrillic, Bosnia and Herzegovina)');
INSERT INTO TNHT_MULT(LITE_PK, LANG_PK, MULT_DESC)
VALUES('571C2B0FCCD99B4A8F8C9F83D5D105D6', 1049, 'Боснийский (Кирилица, Босния и Герцеговина)');
INSERT INTO TNHT_LICL(LICL_PK, LITE_PK, LICL_PRIM, ISO_639Y1, ISO_639Y2)
VALUES(8218, '571C2B0FCCD99B4A8F8C9F83D5D105D6', '0', 'BS', 'BOS');
INSERT INTO TNHT_LITE(LITE_PK) VALUES ('A3CD5B2F3AC347728F4CAC2742E678F0');
INSERT INTO TNHT_MULT(LITE_PK, LANG_PK, MULT_DESC) 
VALUES ('A3CD5B2F3AC347728F4CAC2742E678F0', 1033, 'Burmese');
INSERT INTO TNHT_MULT(LITE_PK, LANG_PK, MULT_DESC) 
VALUES ('A3CD5B2F3AC347728F4CAC2742E678F0', 3082, 'Birmano');
INSERT INTO TNHT_MULT(LITE_PK, LANG_PK, MULT_DESC) 
VALUES ('A3CD5B2F3AC347728F4CAC2742E678F0', 2070, 'Birmanês');
INSERT INTO TNHT_MULT(LITE_PK, LANG_PK, MULT_DESC) 
VALUES ('A3CD5B2F3AC347728F4CAC2742E678F0', 1036, 'Birman');
INSERT INTO TNHT_LICL(LICL_PK, LITE_PK, LICL_PRIM, ISO_639Y1, ISO_639Y2)
VALUES (1109, 'A3CD5B2F3AC347728F4CAC2742E678F0', '1', 'MY', 'MYA');

INSERT INTO TNHT_LITE(LITE_PK) VALUES('3323EE9633B9264C89AD0827EF557A70');
INSERT INTO TNHT_MULT(LITE_PK, LANG_PK, MULT_DESC)
VALUES('3323EE9633B9264C89AD0827EF557A70', 1033, 'North America');
INSERT INTO TNHT_MULT(LITE_PK, LANG_PK, MULT_DESC)
VALUES('3323EE9633B9264C89AD0827EF557A70', 3082, 'América del Norte');
INSERT INTO TNHT_MULT(LITE_PK, LANG_PK, MULT_DESC)
VALUES('3323EE9633B9264C89AD0827EF557A70', 2070, 'América do Norte');
INSERT INTO TNHT_MULT(LITE_PK, LANG_PK, MULT_DESC)
VALUES('3323EE9633B9264C89AD0827EF557A70', 1036, 'Amérique du Nord');
INSERT INTO TNHT_MULT(LITE_PK, LANG_PK, MULT_DESC)
VALUES('3323EE9633B9264C89AD0827EF557A70', 1049, 'Северная Америка');
INSERT INTO TNHT_REMU(REMU_PK, LITE_PK)
VALUES(1, '3323EE9633B9264C89AD0827EF557A70');
INSERT INTO TNHT_LITE(LITE_PK) VALUES('BADF97ED61127546B1EE1B3D00B3B056');
INSERT INTO TNHT_MULT(LITE_PK, LANG_PK, MULT_DESC)
VALUES('BADF97ED61127546B1EE1B3D00B3B056', 1033, 'Central America');
INSERT INTO TNHT_MULT(LITE_PK, LANG_PK, MULT_DESC)
VALUES('BADF97ED61127546B1EE1B3D00B3B056', 3082, 'América Central');
INSERT INTO TNHT_MULT(LITE_PK, LANG_PK, MULT_DESC)
VALUES('BADF97ED61127546B1EE1B3D00B3B056', 2070, 'América Central');
INSERT INTO TNHT_MULT(LITE_PK, LANG_PK, MULT_DESC)
VALUES('BADF97ED61127546B1EE1B3D00B3B056', 1036, 'Amérique centrale');
INSERT INTO TNHT_MULT(LITE_PK, LANG_PK, MULT_DESC)
VALUES('BADF97ED61127546B1EE1B3D00B3B056', 1049, 'Центральная Америка');
INSERT INTO TNHT_REMU(REMU_PK, LITE_PK)
VALUES(2, 'BADF97ED61127546B1EE1B3D00B3B056');
INSERT INTO TNHT_LITE(LITE_PK) VALUES('F26FBBFD54D5AB4590D9987B9533AEDB');
INSERT INTO TNHT_MULT(LITE_PK, LANG_PK, MULT_DESC)
VALUES('F26FBBFD54D5AB4590D9987B9533AEDB', 1033, 'South America');
INSERT INTO TNHT_MULT(LITE_PK, LANG_PK, MULT_DESC)
VALUES('F26FBBFD54D5AB4590D9987B9533AEDB', 3082, 'América del Sur');
INSERT INTO TNHT_MULT(LITE_PK, LANG_PK, MULT_DESC)
VALUES('F26FBBFD54D5AB4590D9987B9533AEDB', 2070, 'América do Sul');
INSERT INTO TNHT_MULT(LITE_PK, LANG_PK, MULT_DESC)
VALUES('F26FBBFD54D5AB4590D9987B9533AEDB', 1036, 'Amérique du Sud');
INSERT INTO TNHT_MULT(LITE_PK, LANG_PK, MULT_DESC)
VALUES('F26FBBFD54D5AB4590D9987B9533AEDB', 1049, 'Южная Америка');
INSERT INTO TNHT_REMU(REMU_PK, LITE_PK)
VALUES(3, 'F26FBBFD54D5AB4590D9987B9533AEDB');
INSERT INTO TNHT_LITE(LITE_PK) VALUES('7952D31CEF94144D806D507C0E864CE6');
INSERT INTO TNHT_MULT(LITE_PK, LANG_PK, MULT_DESC)
VALUES('7952D31CEF94144D806D507C0E864CE6', 1033, 'Europe');
INSERT INTO TNHT_MULT(LITE_PK, LANG_PK, MULT_DESC)
VALUES('7952D31CEF94144D806D507C0E864CE6', 3082, 'Europa');
INSERT INTO TNHT_MULT(LITE_PK, LANG_PK, MULT_DESC)
VALUES('7952D31CEF94144D806D507C0E864CE6', 2070, 'Europa');
INSERT INTO TNHT_MULT(LITE_PK, LANG_PK, MULT_DESC)
VALUES('7952D31CEF94144D806D507C0E864CE6', 1036, 'L´Europe');
INSERT INTO TNHT_MULT(LITE_PK, LANG_PK, MULT_DESC)
VALUES('7952D31CEF94144D806D507C0E864CE6', 1049, 'Европа');
INSERT INTO TNHT_REMU(REMU_PK, LITE_PK)
VALUES(4, '7952D31CEF94144D806D507C0E864CE6');
INSERT INTO TNHT_LITE(LITE_PK) VALUES('15709B0C661E12418532D7C276D1CCF8');
INSERT INTO TNHT_MULT(LITE_PK, LANG_PK, MULT_DESC)
VALUES('15709B0C661E12418532D7C276D1CCF8', 1033, 'Middle East');
INSERT INTO TNHT_MULT(LITE_PK, LANG_PK, MULT_DESC)
VALUES('15709B0C661E12418532D7C276D1CCF8', 3082, 'Médio Oriente');
INSERT INTO TNHT_MULT(LITE_PK, LANG_PK, MULT_DESC)
VALUES('15709B0C661E12418532D7C276D1CCF8', 2070, 'Médio Oriente');
INSERT INTO TNHT_MULT(LITE_PK, LANG_PK, MULT_DESC)
VALUES('15709B0C661E12418532D7C276D1CCF8', 1036, 'Moyen-Orient');
INSERT INTO TNHT_MULT(LITE_PK, LANG_PK, MULT_DESC)
VALUES('15709B0C661E12418532D7C276D1CCF8', 1049, 'Средний Восток');
INSERT INTO TNHT_REMU(REMU_PK, LITE_PK)
VALUES(5, '15709B0C661E12418532D7C276D1CCF8');
INSERT INTO TNHT_LITE(LITE_PK) VALUES('AE6F2995C764D642AF16DCB9869F283E');
INSERT INTO TNHT_MULT(LITE_PK, LANG_PK, MULT_DESC)
VALUES('AE6F2995C764D642AF16DCB9869F283E', 1033, 'Africa');
INSERT INTO TNHT_MULT(LITE_PK, LANG_PK, MULT_DESC)
VALUES('AE6F2995C764D642AF16DCB9869F283E', 3082, 'Africa');
INSERT INTO TNHT_MULT(LITE_PK, LANG_PK, MULT_DESC)
VALUES('AE6F2995C764D642AF16DCB9869F283E', 2070, 'Africa');
INSERT INTO TNHT_MULT(LITE_PK, LANG_PK, MULT_DESC)
VALUES('AE6F2995C764D642AF16DCB9869F283E', 1036, 'Afrique');
INSERT INTO TNHT_MULT(LITE_PK, LANG_PK, MULT_DESC)
VALUES('AE6F2995C764D642AF16DCB9869F283E', 1049, 'Африка');
INSERT INTO TNHT_REMU(REMU_PK, LITE_PK)
VALUES(6, 'AE6F2995C764D642AF16DCB9869F283E');
INSERT INTO TNHT_LITE(LITE_PK) VALUES('78782AC84AEDB24C80525EA88B587B38');
INSERT INTO TNHT_MULT(LITE_PK, LANG_PK, MULT_DESC)
VALUES('78782AC84AEDB24C80525EA88B587B38', 1033, 'Asia');
INSERT INTO TNHT_MULT(LITE_PK, LANG_PK, MULT_DESC)
VALUES('78782AC84AEDB24C80525EA88B587B38', 3082, 'Asia');
INSERT INTO TNHT_MULT(LITE_PK, LANG_PK, MULT_DESC)
VALUES('78782AC84AEDB24C80525EA88B587B38', 2070, 'Asia');
INSERT INTO TNHT_MULT(LITE_PK, LANG_PK, MULT_DESC)
VALUES('78782AC84AEDB24C80525EA88B587B38', 1036, 'Asie');
INSERT INTO TNHT_MULT(LITE_PK, LANG_PK, MULT_DESC)
VALUES('78782AC84AEDB24C80525EA88B587B38', 1049, 'Азия');
INSERT INTO TNHT_REMU(REMU_PK, LITE_PK)
VALUES(7, '78782AC84AEDB24C80525EA88B587B38');
INSERT INTO TNHT_LITE(LITE_PK) VALUES('6D130B5893774A479C0BC79981398028');
INSERT INTO TNHT_MULT(LITE_PK, LANG_PK, MULT_DESC)
VALUES('6D130B5893774A479C0BC79981398028', 1033, 'South East Asia');
INSERT INTO TNHT_MULT(LITE_PK, LANG_PK, MULT_DESC)
VALUES('6D130B5893774A479C0BC79981398028', 3082, 'Sudeste Asiático');
INSERT INTO TNHT_MULT(LITE_PK, LANG_PK, MULT_DESC)
VALUES('6D130B5893774A479C0BC79981398028', 2070, 'Sudeste Asiático');
INSERT INTO TNHT_MULT(LITE_PK, LANG_PK, MULT_DESC)
VALUES('6D130B5893774A479C0BC79981398028', 1036, 'Asie du Sud-Est');
INSERT INTO TNHT_MULT(LITE_PK, LANG_PK, MULT_DESC)
VALUES('6D130B5893774A479C0BC79981398028', 1049, 'Юго-Восточная Азия');
INSERT INTO TNHT_REMU(REMU_PK, LITE_PK)
VALUES(8, '6D130B5893774A479C0BC79981398028');
INSERT INTO TNHT_LITE(LITE_PK) VALUES('DE44C06D022A4E44B6A7849E23A285F1');
INSERT INTO TNHT_MULT(LITE_PK, LANG_PK, MULT_DESC)
VALUES('DE44C06D022A4E44B6A7849E23A285F1', 1033, 'Oceania');
INSERT INTO TNHT_MULT(LITE_PK, LANG_PK, MULT_DESC)
VALUES('DE44C06D022A4E44B6A7849E23A285F1', 3082, 'Oceania');
INSERT INTO TNHT_MULT(LITE_PK, LANG_PK, MULT_DESC)
VALUES('DE44C06D022A4E44B6A7849E23A285F1', 2070, 'Oceania');
INSERT INTO TNHT_MULT(LITE_PK, LANG_PK, MULT_DESC)
VALUES('DE44C06D022A4E44B6A7849E23A285F1', 1036, 'Océanie');
INSERT INTO TNHT_MULT(LITE_PK, LANG_PK, MULT_DESC)
VALUES('DE44C06D022A4E44B6A7849E23A285F1', 1049, 'Океания');
INSERT INTO TNHT_REMU(REMU_PK, LITE_PK)
VALUES(9, 'DE44C06D022A4E44B6A7849E23A285F1');

INSERT INTO TNHT_LITE(LITE_PK) VALUES('28FE2CE553901F4FBDBBD9DD950EE7AB');
INSERT INTO TNHT_MULT(LITE_PK, LANG_PK, MULT_DESC)
VALUES('28FE2CE553901F4FBDBBD9DD950EE7AB', 1033, 'United Arab Emirates');
INSERT INTO TNHT_MULT(LITE_PK, LANG_PK, MULT_DESC)
VALUES('28FE2CE553901F4FBDBBD9DD950EE7AB', 3082, 'Emiratos Árabes Unidos');
INSERT INTO TNHT_MULT(LITE_PK, LANG_PK, MULT_DESC)
VALUES('28FE2CE553901F4FBDBBD9DD950EE7AB', 2070, 'Emirados Árabes Unidos');
INSERT INTO TNHT_MULT(LITE_PK, LANG_PK, MULT_DESC)
VALUES('28FE2CE553901F4FBDBBD9DD950EE7AB', 1036, 'Émirats arabes unis');
INSERT INTO TNHT_MULT(LITE_PK, LANG_PK, MULT_DESC)
VALUES('28FE2CE553901F4FBDBBD9DD950EE7AB', 1049, 'Объединенные Арабские Эмираты');
INSERT INTO TNHT_NACI(NACI_PK, LITE_DESC, REMU_PK, LICL_PK, NACI_CACO, ISO_3166, PT_SEF)
VALUES('AE', '28FE2CE553901F4FBDBBD9DD950EE7AB', 5, 1, '+971', 'ARE', 'ARE');
INSERT INTO TNHT_LITE(LITE_PK) VALUES('79963D9F03772E47B796054BCD992832');
INSERT INTO TNHT_MULT(LITE_PK, LANG_PK, MULT_DESC)
VALUES('79963D9F03772E47B796054BCD992832', 1033, 'Afghanistan');
INSERT INTO TNHT_MULT(LITE_PK, LANG_PK, MULT_DESC)
VALUES('79963D9F03772E47B796054BCD992832', 3082, 'Afghanistán');
INSERT INTO TNHT_MULT(LITE_PK, LANG_PK, MULT_DESC)
VALUES('79963D9F03772E47B796054BCD992832', 2070, 'Afeganistão');
INSERT INTO TNHT_MULT(LITE_PK, LANG_PK, MULT_DESC)
VALUES('79963D9F03772E47B796054BCD992832', 1036, 'Afghanistan');
INSERT INTO TNHT_MULT(LITE_PK, LANG_PK, MULT_DESC)
VALUES('79963D9F03772E47B796054BCD992832', 1049, 'Афганистан');
INSERT INTO TNHT_NACI(NACI_PK, LITE_DESC, REMU_PK, LICL_PK, NACI_CACO, ISO_3166, PT_SEF)
VALUES('AF', '79963D9F03772E47B796054BCD992832', 7, 99, '+93', 'AFG', 'AFG');
INSERT INTO TNHT_LITE(LITE_PK) VALUES('DB7F3CBEF8B430438EEDF634E9AA44E9');
INSERT INTO TNHT_MULT(LITE_PK, LANG_PK, MULT_DESC)
VALUES('DB7F3CBEF8B430438EEDF634E9AA44E9', 1033, 'Albania');
INSERT INTO TNHT_MULT(LITE_PK, LANG_PK, MULT_DESC)
VALUES('DB7F3CBEF8B430438EEDF634E9AA44E9', 3082, 'Albania');
INSERT INTO TNHT_MULT(LITE_PK, LANG_PK, MULT_DESC)
VALUES('DB7F3CBEF8B430438EEDF634E9AA44E9', 2070, 'Albânia');
INSERT INTO TNHT_MULT(LITE_PK, LANG_PK, MULT_DESC)
VALUES('DB7F3CBEF8B430438EEDF634E9AA44E9', 1036, 'Albanie');
INSERT INTO TNHT_MULT(LITE_PK, LANG_PK, MULT_DESC)
VALUES('DB7F3CBEF8B430438EEDF634E9AA44E9', 1049, 'Албания');
INSERT INTO TNHT_NACI(NACI_PK, LITE_DESC, REMU_PK, LICL_PK, NACI_CACO, ISO_3166, PT_SEF)
VALUES('AL', 'DB7F3CBEF8B430438EEDF634E9AA44E9', 4, 28, '+355', 'ALB', 'ALB');
INSERT INTO TNHT_LITE(LITE_PK) VALUES('D8B4A2DD65DF104D95EB11D76760CF28');
INSERT INTO TNHT_MULT(LITE_PK, LANG_PK, MULT_DESC)
VALUES('D8B4A2DD65DF104D95EB11D76760CF28', 1033, 'Andorra');
INSERT INTO TNHT_MULT(LITE_PK, LANG_PK, MULT_DESC)
VALUES('D8B4A2DD65DF104D95EB11D76760CF28', 3082, 'Andorra');
INSERT INTO TNHT_MULT(LITE_PK, LANG_PK, MULT_DESC)
VALUES('D8B4A2DD65DF104D95EB11D76760CF28', 2070, 'Andorra');
INSERT INTO TNHT_MULT(LITE_PK, LANG_PK, MULT_DESC)
VALUES('D8B4A2DD65DF104D95EB11D76760CF28', 1036, 'Andorre');
INSERT INTO TNHT_MULT(LITE_PK, LANG_PK, MULT_DESC)
VALUES('D8B4A2DD65DF104D95EB11D76760CF28', 1049, 'Андорра');
INSERT INTO TNHT_NACI(NACI_PK, LITE_DESC, REMU_PK, LICL_PK, NACI_CACO, ISO_3166, PT_SEF)
VALUES('AD', 'D8B4A2DD65DF104D95EB11D76760CF28', 4, 3, '+376', 'AND', 'AND');
INSERT INTO TNHT_LITE(LITE_PK) VALUES('5ABEBFD39616734BB07CBD530F73C49E');
INSERT INTO TNHT_MULT(LITE_PK, LANG_PK, MULT_DESC)
VALUES('5ABEBFD39616734BB07CBD530F73C49E', 1033, 'Angola');
INSERT INTO TNHT_MULT(LITE_PK, LANG_PK, MULT_DESC)
VALUES('5ABEBFD39616734BB07CBD530F73C49E', 3082, 'Angola');
INSERT INTO TNHT_MULT(LITE_PK, LANG_PK, MULT_DESC)
VALUES('5ABEBFD39616734BB07CBD530F73C49E', 2070, 'Angola');
INSERT INTO TNHT_MULT(LITE_PK, LANG_PK, MULT_DESC)
VALUES('5ABEBFD39616734BB07CBD530F73C49E', 1036, 'Angola');
INSERT INTO TNHT_MULT(LITE_PK, LANG_PK, MULT_DESC)
VALUES('5ABEBFD39616734BB07CBD530F73C49E', 1049, 'Ангола');
INSERT INTO TNHT_NACI(NACI_PK, LITE_DESC, REMU_PK, LICL_PK, NACI_CACO, ISO_3166, PT_SEF)
VALUES('AO', '5ABEBFD39616734BB07CBD530F73C49E', 6, 22, '+244', 'AGO', 'AGO');
INSERT INTO TNHT_LITE(LITE_PK) VALUES('D2347A227594BC428DCEC4D3A8874077');
INSERT INTO TNHT_MULT(LITE_PK, LANG_PK, MULT_DESC)
VALUES('D2347A227594BC428DCEC4D3A8874077', 1033, 'Antigua and Barbuda');
INSERT INTO TNHT_MULT(LITE_PK, LANG_PK, MULT_DESC)
VALUES('D2347A227594BC428DCEC4D3A8874077', 3082, 'Antigua y Barbuda');
INSERT INTO TNHT_MULT(LITE_PK, LANG_PK, MULT_DESC)
VALUES('D2347A227594BC428DCEC4D3A8874077', 2070, 'Antígua e Barbuda');
INSERT INTO TNHT_MULT(LITE_PK, LANG_PK, MULT_DESC)
VALUES('D2347A227594BC428DCEC4D3A8874077', 1036, 'Antigua-et-Barbuda');
INSERT INTO TNHT_MULT(LITE_PK, LANG_PK, MULT_DESC)
VALUES('D2347A227594BC428DCEC4D3A8874077', 1049, 'Антигуа и Барбуда');
INSERT INTO TNHT_NACI(NACI_PK, LITE_DESC, REMU_PK, LICL_PK, NACI_CACO, ISO_3166, PT_SEF)
VALUES('AG', 'D2347A227594BC428DCEC4D3A8874077', 2, 9, '+1-268', 'ATG', 'ATG');
INSERT INTO TNHT_LITE(LITE_PK) VALUES('4672AF345DF384439356C6EEC211D3DA');
INSERT INTO TNHT_MULT(LITE_PK, LANG_PK, MULT_DESC)
VALUES('4672AF345DF384439356C6EEC211D3DA', 1033, 'Argentina');
INSERT INTO TNHT_MULT(LITE_PK, LANG_PK, MULT_DESC)
VALUES('4672AF345DF384439356C6EEC211D3DA', 3082, 'Argentina');
INSERT INTO TNHT_MULT(LITE_PK, LANG_PK, MULT_DESC)
VALUES('4672AF345DF384439356C6EEC211D3DA', 2070, 'Argentina');
INSERT INTO TNHT_MULT(LITE_PK, LANG_PK, MULT_DESC)
VALUES('4672AF345DF384439356C6EEC211D3DA', 1036, 'Argentine');
INSERT INTO TNHT_MULT(LITE_PK, LANG_PK, MULT_DESC)
VALUES('4672AF345DF384439356C6EEC211D3DA', 1049, 'Аргентина');
INSERT INTO TNHT_NACI(NACI_PK, LITE_DESC, REMU_PK, LICL_PK, NACI_CACO, ISO_3166, PT_SEF)
VALUES('AR', '4672AF345DF384439356C6EEC211D3DA', 3, 10, '+54', 'ARG', 'ARG');
INSERT INTO TNHT_LITE(LITE_PK) VALUES('1E92CA2FC768264D817CBD34EECD0C6A');
INSERT INTO TNHT_MULT(LITE_PK, LANG_PK, MULT_DESC)
VALUES('1E92CA2FC768264D817CBD34EECD0C6A', 1033, 'Australia');
INSERT INTO TNHT_MULT(LITE_PK, LANG_PK, MULT_DESC)
VALUES('1E92CA2FC768264D817CBD34EECD0C6A', 3082, 'Australia');
INSERT INTO TNHT_MULT(LITE_PK, LANG_PK, MULT_DESC)
VALUES('1E92CA2FC768264D817CBD34EECD0C6A', 2070, 'Austrália');
INSERT INTO TNHT_MULT(LITE_PK, LANG_PK, MULT_DESC)
VALUES('1E92CA2FC768264D817CBD34EECD0C6A', 1036, 'Australie');
INSERT INTO TNHT_MULT(LITE_PK, LANG_PK, MULT_DESC)
VALUES('1E92CA2FC768264D817CBD34EECD0C6A', 1049, 'Австралия');
INSERT INTO TNHT_NACI(NACI_PK, LITE_DESC, REMU_PK, LICL_PK, NACI_CACO, ISO_3166, PT_SEF)
VALUES('AU', '1E92CA2FC768264D817CBD34EECD0C6A', 9, 9, '+61', 'AUS', 'AUS');
INSERT INTO TNHT_LITE(LITE_PK) VALUES('EFBEAD771C20634A8F3C8EB039F93B56');
INSERT INTO TNHT_MULT(LITE_PK, LANG_PK, MULT_DESC)
VALUES('EFBEAD771C20634A8F3C8EB039F93B56', 1033, 'Austria');
INSERT INTO TNHT_MULT(LITE_PK, LANG_PK, MULT_DESC)
VALUES('EFBEAD771C20634A8F3C8EB039F93B56', 3082, 'Austria');
INSERT INTO TNHT_MULT(LITE_PK, LANG_PK, MULT_DESC)
VALUES('EFBEAD771C20634A8F3C8EB039F93B56', 2070, 'Áustria');
INSERT INTO TNHT_MULT(LITE_PK, LANG_PK, MULT_DESC)
VALUES('EFBEAD771C20634A8F3C8EB039F93B56', 1036, 'Autriche');
INSERT INTO TNHT_MULT(LITE_PK, LANG_PK, MULT_DESC)
VALUES('EFBEAD771C20634A8F3C8EB039F93B56', 1049, 'Австрия');
INSERT INTO TNHT_NACI(NACI_PK, LITE_DESC, REMU_PK, LICL_PK, NACI_CACO, ISO_3166, PT_SEF)
VALUES('AT', 'EFBEAD771C20634A8F3C8EB039F93B56', 4, 7, '+43', 'AUT', 'AUT');
INSERT INTO TNHT_LITE(LITE_PK) VALUES('90146E6D8937C0408C491193A62AF2D5');
INSERT INTO TNHT_MULT(LITE_PK, LANG_PK, MULT_DESC)
VALUES('90146E6D8937C0408C491193A62AF2D5', 1033, 'Anguilla');
INSERT INTO TNHT_MULT(LITE_PK, LANG_PK, MULT_DESC)
VALUES('90146E6D8937C0408C491193A62AF2D5', 3082, 'Anguila');
INSERT INTO TNHT_MULT(LITE_PK, LANG_PK, MULT_DESC)
VALUES('90146E6D8937C0408C491193A62AF2D5', 2070, 'Anguilla');
INSERT INTO TNHT_MULT(LITE_PK, LANG_PK, MULT_DESC)
VALUES('90146E6D8937C0408C491193A62AF2D5', 1036, 'Anguilla');
INSERT INTO TNHT_MULT(LITE_PK, LANG_PK, MULT_DESC)
VALUES('90146E6D8937C0408C491193A62AF2D5', 1049, 'Ангилья');
INSERT INTO TNHT_NACI(NACI_PK, LITE_DESC, REMU_PK, LICL_PK, NACI_CACO, ISO_3166, PT_SEF)
VALUES('AI', '90146E6D8937C0408C491193A62AF2D5', 2, 9, '+1-264', 'AIA', 'AIA');
INSERT INTO TNHT_LITE(LITE_PK) VALUES('9A21226090F47C45AC22C3AE8A9F3448');
INSERT INTO TNHT_MULT(LITE_PK, LANG_PK, MULT_DESC)
VALUES('9A21226090F47C45AC22C3AE8A9F3448', 1033, 'Armenia');
INSERT INTO TNHT_MULT(LITE_PK, LANG_PK, MULT_DESC)
VALUES('9A21226090F47C45AC22C3AE8A9F3448', 3082, 'Armenia');
INSERT INTO TNHT_MULT(LITE_PK, LANG_PK, MULT_DESC)
VALUES('9A21226090F47C45AC22C3AE8A9F3448', 2070, 'Arménia');
INSERT INTO TNHT_MULT(LITE_PK, LANG_PK, MULT_DESC)
VALUES('9A21226090F47C45AC22C3AE8A9F3448', 1036, 'Arménie');
INSERT INTO TNHT_MULT(LITE_PK, LANG_PK, MULT_DESC)
VALUES('9A21226090F47C45AC22C3AE8A9F3448', 1049, 'Армения');
INSERT INTO TNHT_NACI(NACI_PK, LITE_DESC, REMU_PK, LICL_PK, NACI_CACO, ISO_3166, PT_SEF)
VALUES('AM', '9A21226090F47C45AC22C3AE8A9F3448', 7, 43, '+374', 'ARM', 'ARM');
INSERT INTO TNHT_LITE(LITE_PK) VALUES('EEDDE874A90BFD4CB578960051ABF1D9');
INSERT INTO TNHT_MULT(LITE_PK, LANG_PK, MULT_DESC)
VALUES('EEDDE874A90BFD4CB578960051ABF1D9', 1033, 'Aruba');
INSERT INTO TNHT_MULT(LITE_PK, LANG_PK, MULT_DESC)
VALUES('EEDDE874A90BFD4CB578960051ABF1D9', 3082, 'Aruba');
INSERT INTO TNHT_MULT(LITE_PK, LANG_PK, MULT_DESC)
VALUES('EEDDE874A90BFD4CB578960051ABF1D9', 2070, 'Aruba');
INSERT INTO TNHT_MULT(LITE_PK, LANG_PK, MULT_DESC)
VALUES('EEDDE874A90BFD4CB578960051ABF1D9', 1036, 'Aruba');
INSERT INTO TNHT_MULT(LITE_PK, LANG_PK, MULT_DESC)
VALUES('EEDDE874A90BFD4CB578960051ABF1D9', 1049, 'Аруба');
INSERT INTO TNHT_NACI(NACI_PK, LITE_DESC, REMU_PK, LICL_PK, NACI_CACO, ISO_3166, PT_SEF)
VALUES('AW', 'EEDDE874A90BFD4CB578960051ABF1D9', 2, 19, '+297', 'ABW', 'ABW');
INSERT INTO TNHT_LITE(LITE_PK) VALUES('19722B94E3ADA9408B0297499633FEFF');
INSERT INTO TNHT_MULT(LITE_PK, LANG_PK, MULT_DESC)
VALUES('19722B94E3ADA9408B0297499633FEFF', 1033, 'Azerbaijan');
INSERT INTO TNHT_MULT(LITE_PK, LANG_PK, MULT_DESC)
VALUES('19722B94E3ADA9408B0297499633FEFF', 3082, 'Azerbayán');
INSERT INTO TNHT_MULT(LITE_PK, LANG_PK, MULT_DESC)
VALUES('19722B94E3ADA9408B0297499633FEFF', 2070, 'Azerbaijão');
INSERT INTO TNHT_MULT(LITE_PK, LANG_PK, MULT_DESC)
VALUES('19722B94E3ADA9408B0297499633FEFF', 1036, 'Azerbaïdjan');
INSERT INTO TNHT_MULT(LITE_PK, LANG_PK, MULT_DESC)
VALUES('19722B94E3ADA9408B0297499633FEFF', 1049, 'Азербайджан');
INSERT INTO TNHT_NACI(NACI_PK, LITE_DESC, REMU_PK, LICL_PK, NACI_CACO, ISO_3166, PT_SEF)
VALUES('AZ', '19722B94E3ADA9408B0297499633FEFF', 7, 44, '+994', 'AZE', 'AZE');
INSERT INTO TNHT_LITE(LITE_PK) VALUES('C95ECCCA64606E42A53FD451C1395795');
INSERT INTO TNHT_MULT(LITE_PK, LANG_PK, MULT_DESC)
VALUES('C95ECCCA64606E42A53FD451C1395795', 1033, 'Bahamas');
INSERT INTO TNHT_MULT(LITE_PK, LANG_PK, MULT_DESC)
VALUES('C95ECCCA64606E42A53FD451C1395795', 3082, 'Bahamas');
INSERT INTO TNHT_MULT(LITE_PK, LANG_PK, MULT_DESC)
VALUES('C95ECCCA64606E42A53FD451C1395795', 2070, 'Bahamas');
INSERT INTO TNHT_MULT(LITE_PK, LANG_PK, MULT_DESC)
VALUES('C95ECCCA64606E42A53FD451C1395795', 1036, 'Bahamas');
INSERT INTO TNHT_MULT(LITE_PK, LANG_PK, MULT_DESC)
VALUES('C95ECCCA64606E42A53FD451C1395795', 1049, 'Багамские острова');
INSERT INTO TNHT_NACI(NACI_PK, LITE_DESC, REMU_PK, LICL_PK, NACI_CACO, ISO_3166, PT_SEF)
VALUES('BS', 'C95ECCCA64606E42A53FD451C1395795', 2, 9, '+1-242', 'BHS', 'BHS');
INSERT INTO TNHT_LITE(LITE_PK) VALUES('F576E980D4BAFF41BEB69B2838A31BE3');
INSERT INTO TNHT_MULT(LITE_PK, LANG_PK, MULT_DESC)
VALUES('F576E980D4BAFF41BEB69B2838A31BE3', 1033, 'Barbados');
INSERT INTO TNHT_MULT(LITE_PK, LANG_PK, MULT_DESC)
VALUES('F576E980D4BAFF41BEB69B2838A31BE3', 3082, 'Barbados');
INSERT INTO TNHT_MULT(LITE_PK, LANG_PK, MULT_DESC)
VALUES('F576E980D4BAFF41BEB69B2838A31BE3', 2070, 'Barbados');
INSERT INTO TNHT_MULT(LITE_PK, LANG_PK, MULT_DESC)
VALUES('F576E980D4BAFF41BEB69B2838A31BE3', 1036, 'Barbade');
INSERT INTO TNHT_MULT(LITE_PK, LANG_PK, MULT_DESC)
VALUES('F576E980D4BAFF41BEB69B2838A31BE3', 1049, 'Барбадос');
INSERT INTO TNHT_NACI(NACI_PK, LITE_DESC, REMU_PK, LICL_PK, NACI_CACO, ISO_3166, PT_SEF)
VALUES('BB', 'F576E980D4BAFF41BEB69B2838A31BE3', 2, 9, '+1-246', 'BRB', 'BRB');
INSERT INTO TNHT_LITE(LITE_PK) VALUES('DAA0B974CC840540AB82D52A3ADF3EF1');
INSERT INTO TNHT_MULT(LITE_PK, LANG_PK, MULT_DESC)
VALUES('DAA0B974CC840540AB82D52A3ADF3EF1', 1033, 'Belgium');
INSERT INTO TNHT_MULT(LITE_PK, LANG_PK, MULT_DESC)
VALUES('DAA0B974CC840540AB82D52A3ADF3EF1', 3082, 'Bélgica');
INSERT INTO TNHT_MULT(LITE_PK, LANG_PK, MULT_DESC)
VALUES('DAA0B974CC840540AB82D52A3ADF3EF1', 2070, 'Bélgica');
INSERT INTO TNHT_MULT(LITE_PK, LANG_PK, MULT_DESC)
VALUES('DAA0B974CC840540AB82D52A3ADF3EF1', 1036, 'Belgique');
INSERT INTO TNHT_MULT(LITE_PK, LANG_PK, MULT_DESC)
VALUES('DAA0B974CC840540AB82D52A3ADF3EF1', 1049, 'Бельгия');
INSERT INTO TNHT_NACI(NACI_PK, LITE_DESC, REMU_PK, LICL_PK, NACI_CACO, ISO_3166, PT_SEF)
VALUES('BE', 'DAA0B974CC840540AB82D52A3ADF3EF1', 4, 19, '+32', 'BEL', 'BEL');
INSERT INTO TNHT_LITE(LITE_PK) VALUES('C8AAC49B73F5274E96A5EF669E3DE868');
INSERT INTO TNHT_MULT(LITE_PK, LANG_PK, MULT_DESC)
VALUES('C8AAC49B73F5274E96A5EF669E3DE868', 1033, 'Belize');
INSERT INTO TNHT_MULT(LITE_PK, LANG_PK, MULT_DESC)
VALUES('C8AAC49B73F5274E96A5EF669E3DE868', 3082, 'Belice');
INSERT INTO TNHT_MULT(LITE_PK, LANG_PK, MULT_DESC)
VALUES('C8AAC49B73F5274E96A5EF669E3DE868', 2070, 'Belize');
INSERT INTO TNHT_MULT(LITE_PK, LANG_PK, MULT_DESC)
VALUES('C8AAC49B73F5274E96A5EF669E3DE868', 1036, 'Belize');
INSERT INTO TNHT_MULT(LITE_PK, LANG_PK, MULT_DESC)
VALUES('C8AAC49B73F5274E96A5EF669E3DE868', 1049, 'Белиз');
INSERT INTO TNHT_NACI(NACI_PK, LITE_DESC, REMU_PK, LICL_PK, NACI_CACO, ISO_3166, PT_SEF)
VALUES('BZ', 'C8AAC49B73F5274E96A5EF669E3DE868', 2, 9, '+501', 'BLZ', 'BLZ');
INSERT INTO TNHT_LITE(LITE_PK) VALUES('A20F228B41E04748BEBF19329DCD3F12');
INSERT INTO TNHT_MULT(LITE_PK, LANG_PK, MULT_DESC)
VALUES('A20F228B41E04748BEBF19329DCD3F12', 1033, 'Bahrain');
INSERT INTO TNHT_MULT(LITE_PK, LANG_PK, MULT_DESC)
VALUES('A20F228B41E04748BEBF19329DCD3F12', 3082, 'Bahrein');
INSERT INTO TNHT_MULT(LITE_PK, LANG_PK, MULT_DESC)
VALUES('A20F228B41E04748BEBF19329DCD3F12', 2070, 'Barein');
INSERT INTO TNHT_MULT(LITE_PK, LANG_PK, MULT_DESC)
VALUES('A20F228B41E04748BEBF19329DCD3F12', 1036, 'Bahreïn');
INSERT INTO TNHT_MULT(LITE_PK, LANG_PK, MULT_DESC)
VALUES('A20F228B41E04748BEBF19329DCD3F12', 1049, 'Бахрейн');
INSERT INTO TNHT_NACI(NACI_PK, LITE_DESC, REMU_PK, LICL_PK, NACI_CACO, ISO_3166, PT_SEF)
VALUES('BH', 'A20F228B41E04748BEBF19329DCD3F12', 5, 1, '+973', 'BHS', 'BHR');
INSERT INTO TNHT_LITE(LITE_PK) VALUES('853C9589AC018E4BA2F05A22D6AB21FE');
INSERT INTO TNHT_MULT(LITE_PK, LANG_PK, MULT_DESC)
VALUES('853C9589AC018E4BA2F05A22D6AB21FE', 1033, 'Bangladesh');
INSERT INTO TNHT_MULT(LITE_PK, LANG_PK, MULT_DESC)
VALUES('853C9589AC018E4BA2F05A22D6AB21FE', 3082, 'Bangladesh');
INSERT INTO TNHT_MULT(LITE_PK, LANG_PK, MULT_DESC)
VALUES('853C9589AC018E4BA2F05A22D6AB21FE', 2070, 'Bangladesh');
INSERT INTO TNHT_MULT(LITE_PK, LANG_PK, MULT_DESC)
VALUES('853C9589AC018E4BA2F05A22D6AB21FE', 1036, 'Bangladesh');
INSERT INTO TNHT_MULT(LITE_PK, LANG_PK, MULT_DESC)
VALUES('853C9589AC018E4BA2F05A22D6AB21FE', 1049, 'Бангладеш');
INSERT INTO TNHT_NACI(NACI_PK, LITE_DESC, REMU_PK, LICL_PK, NACI_CACO, ISO_3166, PT_SEF)
VALUES('BD', '853C9589AC018E4BA2F05A22D6AB21FE', 7, 69, '+880', 'BGD', 'BGD');
INSERT INTO TNHT_LITE(LITE_PK) VALUES('F09F04628F5FE8478AAFBA4CF8AB5811');
INSERT INTO TNHT_MULT(LITE_PK, LANG_PK, MULT_DESC)
VALUES('F09F04628F5FE8478AAFBA4CF8AB5811', 1033, 'Belarus');
INSERT INTO TNHT_MULT(LITE_PK, LANG_PK, MULT_DESC)
VALUES('F09F04628F5FE8478AAFBA4CF8AB5811', 3082, 'Bielorrusia');
INSERT INTO TNHT_MULT(LITE_PK, LANG_PK, MULT_DESC)
VALUES('F09F04628F5FE8478AAFBA4CF8AB5811', 2070, 'Bielorússia');
INSERT INTO TNHT_MULT(LITE_PK, LANG_PK, MULT_DESC)
VALUES('F09F04628F5FE8478AAFBA4CF8AB5811', 1036, 'Bélarus');
INSERT INTO TNHT_MULT(LITE_PK, LANG_PK, MULT_DESC)
VALUES('F09F04628F5FE8478AAFBA4CF8AB5811', 1049, 'Белоруссия');
INSERT INTO TNHT_NACI(NACI_PK, LITE_DESC, REMU_PK, LICL_PK, NACI_CACO, ISO_3166, PT_SEF)
VALUES('BY', 'F09F04628F5FE8478AAFBA4CF8AB5811', 7, 35, '+375', 'BLR', 'BLR');
INSERT INTO TNHT_LITE(LITE_PK) VALUES('47A20C201A65924D8B0E6769BEA2AB9E');
INSERT INTO TNHT_MULT(LITE_PK, LANG_PK, MULT_DESC)
VALUES('47A20C201A65924D8B0E6769BEA2AB9E', 1033, 'Benin');
INSERT INTO TNHT_MULT(LITE_PK, LANG_PK, MULT_DESC)
VALUES('47A20C201A65924D8B0E6769BEA2AB9E', 3082, 'Benin');
INSERT INTO TNHT_MULT(LITE_PK, LANG_PK, MULT_DESC)
VALUES('47A20C201A65924D8B0E6769BEA2AB9E', 2070, 'Benim');
INSERT INTO TNHT_MULT(LITE_PK, LANG_PK, MULT_DESC)
VALUES('47A20C201A65924D8B0E6769BEA2AB9E', 1036, 'Bénin');
INSERT INTO TNHT_MULT(LITE_PK, LANG_PK, MULT_DESC)
VALUES('47A20C201A65924D8B0E6769BEA2AB9E', 1049, 'Бенин');
INSERT INTO TNHT_NACI(NACI_PK, LITE_DESC, REMU_PK, LICL_PK, NACI_CACO, ISO_3166, PT_SEF)
VALUES('BJ', '47A20C201A65924D8B0E6769BEA2AB9E', 6, 12, '+229', 'BEN', 'BEN');
INSERT INTO TNHT_LITE(LITE_PK) VALUES('83A0DF149524B64A999FC0A3CAFFB34F');
INSERT INTO TNHT_MULT(LITE_PK, LANG_PK, MULT_DESC)
VALUES('83A0DF149524B64A999FC0A3CAFFB34F', 1033, 'Bolivia');
INSERT INTO TNHT_MULT(LITE_PK, LANG_PK, MULT_DESC)
VALUES('83A0DF149524B64A999FC0A3CAFFB34F', 3082, 'Bolivia');
INSERT INTO TNHT_MULT(LITE_PK, LANG_PK, MULT_DESC)
VALUES('83A0DF149524B64A999FC0A3CAFFB34F', 2070, 'Bolívia');
INSERT INTO TNHT_MULT(LITE_PK, LANG_PK, MULT_DESC)
VALUES('83A0DF149524B64A999FC0A3CAFFB34F', 1036, 'Bolivie');
INSERT INTO TNHT_MULT(LITE_PK, LANG_PK, MULT_DESC)
VALUES('83A0DF149524B64A999FC0A3CAFFB34F', 1049, 'Боливия');
INSERT INTO TNHT_NACI(NACI_PK, LITE_DESC, REMU_PK, LICL_PK, NACI_CACO, ISO_3166, PT_SEF)
VALUES('BO', '83A0DF149524B64A999FC0A3CAFFB34F', 3, 10, '+591', 'BOL', 'BOL');
INSERT INTO TNHT_LITE(LITE_PK) VALUES('7296E49EBDFEA6438A4BC1ADB324F762');
INSERT INTO TNHT_MULT(LITE_PK, LANG_PK, MULT_DESC)
VALUES('7296E49EBDFEA6438A4BC1ADB324F762', 1033, 'Bosnia and Herzegovina');
INSERT INTO TNHT_MULT(LITE_PK, LANG_PK, MULT_DESC)
VALUES('7296E49EBDFEA6438A4BC1ADB324F762', 3082, 'Bosnia-Herzegovina');
INSERT INTO TNHT_MULT(LITE_PK, LANG_PK, MULT_DESC)
VALUES('7296E49EBDFEA6438A4BC1ADB324F762', 2070, 'Bósnia-Herzegóvina');
INSERT INTO TNHT_MULT(LITE_PK, LANG_PK, MULT_DESC)
VALUES('7296E49EBDFEA6438A4BC1ADB324F762', 1036, 'Bosnie-Herzégovine');
INSERT INTO TNHT_MULT(LITE_PK, LANG_PK, MULT_DESC)
VALUES('7296E49EBDFEA6438A4BC1ADB324F762', 1049, 'Босния и Герцеговина');
INSERT INTO TNHT_NACI(NACI_PK, LITE_DESC, REMU_PK, LICL_PK, NACI_CACO, ISO_3166, PT_SEF)
VALUES('BA', '7296E49EBDFEA6438A4BC1ADB324F762', 4, 30746, '+387', 'BIH', 'BIH');
INSERT INTO TNHT_LITE(LITE_PK) VALUES('FBB0C7B4C9C13E489B7269D2F4187E67');
INSERT INTO TNHT_MULT(LITE_PK, LANG_PK, MULT_DESC)
VALUES('FBB0C7B4C9C13E489B7269D2F4187E67', 1033, 'Botswana');
INSERT INTO TNHT_MULT(LITE_PK, LANG_PK, MULT_DESC)
VALUES('FBB0C7B4C9C13E489B7269D2F4187E67', 3082, 'Botsuana');
INSERT INTO TNHT_MULT(LITE_PK, LANG_PK, MULT_DESC)
VALUES('FBB0C7B4C9C13E489B7269D2F4187E67', 2070, 'Botsuana');
INSERT INTO TNHT_MULT(LITE_PK, LANG_PK, MULT_DESC)
VALUES('FBB0C7B4C9C13E489B7269D2F4187E67', 1036, 'Botswana');
INSERT INTO TNHT_MULT(LITE_PK, LANG_PK, MULT_DESC)
VALUES('FBB0C7B4C9C13E489B7269D2F4187E67', 1049, 'Ботсвана');
INSERT INTO TNHT_NACI(NACI_PK, LITE_DESC, REMU_PK, LICL_PK, NACI_CACO, ISO_3166, PT_SEF)
VALUES('BW', 'FBB0C7B4C9C13E489B7269D2F4187E67', 6, 9, '+267', 'BWA', 'BWA');
INSERT INTO TNHT_LITE(LITE_PK) VALUES('CB61B1404834594D849D390F44DCD064');
INSERT INTO TNHT_MULT(LITE_PK, LANG_PK, MULT_DESC)
VALUES('CB61B1404834594D849D390F44DCD064', 1033, 'Brazil');
INSERT INTO TNHT_MULT(LITE_PK, LANG_PK, MULT_DESC)
VALUES('CB61B1404834594D849D390F44DCD064', 3082, 'Brasil');
INSERT INTO TNHT_MULT(LITE_PK, LANG_PK, MULT_DESC)
VALUES('CB61B1404834594D849D390F44DCD064', 2070, 'Brasil');
INSERT INTO TNHT_MULT(LITE_PK, LANG_PK, MULT_DESC)
VALUES('CB61B1404834594D849D390F44DCD064', 1036, 'Brésil');
INSERT INTO TNHT_MULT(LITE_PK, LANG_PK, MULT_DESC)
VALUES('CB61B1404834594D849D390F44DCD064', 1049, 'Бразилия');
INSERT INTO TNHT_NACI(NACI_PK, LITE_DESC, REMU_PK, LICL_PK, NACI_CACO, ISO_3166, PT_SEF)
VALUES('BR', 'CB61B1404834594D849D390F44DCD064', 3, 22, '+55', 'BRA', 'BRA');
INSERT INTO TNHT_LITE(LITE_PK) VALUES('AEA2BBAF27950845AF7A9150EF29B52A');
INSERT INTO TNHT_MULT(LITE_PK, LANG_PK, MULT_DESC)
VALUES('AEA2BBAF27950845AF7A9150EF29B52A', 1033, 'Brunei');
INSERT INTO TNHT_MULT(LITE_PK, LANG_PK, MULT_DESC)
VALUES('AEA2BBAF27950845AF7A9150EF29B52A', 3082, 'Brunei');
INSERT INTO TNHT_MULT(LITE_PK, LANG_PK, MULT_DESC)
VALUES('AEA2BBAF27950845AF7A9150EF29B52A', 2070, 'Brunei');
INSERT INTO TNHT_MULT(LITE_PK, LANG_PK, MULT_DESC)
VALUES('AEA2BBAF27950845AF7A9150EF29B52A', 1036, 'Brunéi');
INSERT INTO TNHT_MULT(LITE_PK, LANG_PK, MULT_DESC)
VALUES('AEA2BBAF27950845AF7A9150EF29B52A', 1049, 'Бруней');
INSERT INTO TNHT_NACI(NACI_PK, LITE_DESC, REMU_PK, LICL_PK, NACI_CACO, ISO_3166, PT_SEF)
VALUES('BN', 'AEA2BBAF27950845AF7A9150EF29B52A', 8, 62, '+673', 'BRN', 'BRN');
INSERT INTO TNHT_LITE(LITE_PK) VALUES('85D2D8652FECC445A76E36D9C93E3CA6');
INSERT INTO TNHT_MULT(LITE_PK, LANG_PK, MULT_DESC)
VALUES('85D2D8652FECC445A76E36D9C93E3CA6', 1033, 'Bulgaria');
INSERT INTO TNHT_MULT(LITE_PK, LANG_PK, MULT_DESC)
VALUES('85D2D8652FECC445A76E36D9C93E3CA6', 3082, 'Bulgaria');
INSERT INTO TNHT_MULT(LITE_PK, LANG_PK, MULT_DESC)
VALUES('85D2D8652FECC445A76E36D9C93E3CA6', 2070, 'Bulgária');
INSERT INTO TNHT_MULT(LITE_PK, LANG_PK, MULT_DESC)
VALUES('85D2D8652FECC445A76E36D9C93E3CA6', 1036, 'Bulgarie');
INSERT INTO TNHT_MULT(LITE_PK, LANG_PK, MULT_DESC)
VALUES('85D2D8652FECC445A76E36D9C93E3CA6', 1049, 'Болгария');
INSERT INTO TNHT_NACI(NACI_PK, LITE_DESC, REMU_PK, LICL_PK, NACI_CACO, ISO_3166, PT_SEF)
VALUES('BG', '85D2D8652FECC445A76E36D9C93E3CA6', 4, 2, '+359', 'BGR', 'BGR');
INSERT INTO TNHT_LITE(LITE_PK) VALUES('5EC42562FC9CE34DB20ADBB5363CEC9B');
INSERT INTO TNHT_MULT(LITE_PK, LANG_PK, MULT_DESC)
VALUES('5EC42562FC9CE34DB20ADBB5363CEC9B', 1033, 'Burkina Faso');
INSERT INTO TNHT_MULT(LITE_PK, LANG_PK, MULT_DESC)
VALUES('5EC42562FC9CE34DB20ADBB5363CEC9B', 3082, 'Burquina Faso');
INSERT INTO TNHT_MULT(LITE_PK, LANG_PK, MULT_DESC)
VALUES('5EC42562FC9CE34DB20ADBB5363CEC9B', 2070, 'Burkina Faso');
INSERT INTO TNHT_MULT(LITE_PK, LANG_PK, MULT_DESC)
VALUES('5EC42562FC9CE34DB20ADBB5363CEC9B', 1036, 'Burkina Faso');
INSERT INTO TNHT_MULT(LITE_PK, LANG_PK, MULT_DESC)
VALUES('5EC42562FC9CE34DB20ADBB5363CEC9B', 1049, 'Буркина-Фасо');
INSERT INTO TNHT_NACI(NACI_PK, LITE_DESC, REMU_PK, LICL_PK, NACI_CACO, ISO_3166, PT_SEF)
VALUES('BF', '5EC42562FC9CE34DB20ADBB5363CEC9B', 6, 12, '+226', 'BFA', 'BFA');
INSERT INTO TNHT_LITE(LITE_PK) VALUES('9A61C9EB596BA04BBE0BF6F50CEB0281');
INSERT INTO TNHT_MULT(LITE_PK, LANG_PK, MULT_DESC)
VALUES('9A61C9EB596BA04BBE0BF6F50CEB0281', 1033, 'Burundi');
INSERT INTO TNHT_MULT(LITE_PK, LANG_PK, MULT_DESC)
VALUES('9A61C9EB596BA04BBE0BF6F50CEB0281', 3082, 'Burundi');
INSERT INTO TNHT_MULT(LITE_PK, LANG_PK, MULT_DESC)
VALUES('9A61C9EB596BA04BBE0BF6F50CEB0281', 2070, 'Burundi');
INSERT INTO TNHT_MULT(LITE_PK, LANG_PK, MULT_DESC)
VALUES('9A61C9EB596BA04BBE0BF6F50CEB0281', 1036, 'Burundi');
INSERT INTO TNHT_MULT(LITE_PK, LANG_PK, MULT_DESC)
VALUES('9A61C9EB596BA04BBE0BF6F50CEB0281', 1049, 'Бурунди');
INSERT INTO TNHT_NACI(NACI_PK, LITE_DESC, REMU_PK, LICL_PK, NACI_CACO, ISO_3166, PT_SEF)
VALUES('BI', '9A61C9EB596BA04BBE0BF6F50CEB0281', 6, 12, '+257', 'BDI', 'BDI');
INSERT INTO TNHT_LITE(LITE_PK) VALUES('42D5A72EAF3D2947ABAA0CDF467A289B');
INSERT INTO TNHT_MULT(LITE_PK, LANG_PK, MULT_DESC)
VALUES('42D5A72EAF3D2947ABAA0CDF467A289B', 1033, 'Bhutan');
INSERT INTO TNHT_MULT(LITE_PK, LANG_PK, MULT_DESC)
VALUES('42D5A72EAF3D2947ABAA0CDF467A289B', 3082, 'Bhután');
INSERT INTO TNHT_MULT(LITE_PK, LANG_PK, MULT_DESC)
VALUES('42D5A72EAF3D2947ABAA0CDF467A289B', 2070, 'Butão');
INSERT INTO TNHT_MULT(LITE_PK, LANG_PK, MULT_DESC)
VALUES('42D5A72EAF3D2947ABAA0CDF467A289B', 1036, 'Bhoutan');
INSERT INTO TNHT_MULT(LITE_PK, LANG_PK, MULT_DESC)
VALUES('42D5A72EAF3D2947ABAA0CDF467A289B', 1049, 'Бутан');
INSERT INTO TNHT_NACI(NACI_PK, LITE_DESC, REMU_PK, LICL_PK, NACI_CACO, ISO_3166, PT_SEF)
VALUES('BT', '42D5A72EAF3D2947ABAA0CDF467A289B', 7, 9, '+975', 'BTN', 'BTN');
INSERT INTO TNHT_LITE(LITE_PK) VALUES('247A06628C85AB4B8C014B0BBCF3E152');
INSERT INTO TNHT_MULT(LITE_PK, LANG_PK, MULT_DESC)
VALUES('247A06628C85AB4B8C014B0BBCF3E152', 1033, 'Cape Verde');
INSERT INTO TNHT_MULT(LITE_PK, LANG_PK, MULT_DESC)
VALUES('247A06628C85AB4B8C014B0BBCF3E152', 3082, 'Cabo Verde');
INSERT INTO TNHT_MULT(LITE_PK, LANG_PK, MULT_DESC)
VALUES('247A06628C85AB4B8C014B0BBCF3E152', 2070, 'Cabo Verde');
INSERT INTO TNHT_MULT(LITE_PK, LANG_PK, MULT_DESC)
VALUES('247A06628C85AB4B8C014B0BBCF3E152', 1036, 'Cap-Vert');
INSERT INTO TNHT_MULT(LITE_PK, LANG_PK, MULT_DESC)
VALUES('247A06628C85AB4B8C014B0BBCF3E152', 1049, 'Кабо-Верде');
INSERT INTO TNHT_NACI(NACI_PK, LITE_DESC, REMU_PK, LICL_PK, NACI_CACO, ISO_3166, PT_SEF)
VALUES('CV', '247A06628C85AB4B8C014B0BBCF3E152', 6, 22, '+238', 'CPV', 'CPV');
INSERT INTO TNHT_LITE(LITE_PK) VALUES('452B1509ABDF9F428A30B87492442E66');
INSERT INTO TNHT_MULT(LITE_PK, LANG_PK, MULT_DESC)
VALUES('452B1509ABDF9F428A30B87492442E66', 1033, 'Cameroon');
INSERT INTO TNHT_MULT(LITE_PK, LANG_PK, MULT_DESC)
VALUES('452B1509ABDF9F428A30B87492442E66', 3082, 'Camerún');
INSERT INTO TNHT_MULT(LITE_PK, LANG_PK, MULT_DESC)
VALUES('452B1509ABDF9F428A30B87492442E66', 2070, 'Camarões');
INSERT INTO TNHT_MULT(LITE_PK, LANG_PK, MULT_DESC)
VALUES('452B1509ABDF9F428A30B87492442E66', 1036, 'Cameroun');
INSERT INTO TNHT_MULT(LITE_PK, LANG_PK, MULT_DESC)
VALUES('452B1509ABDF9F428A30B87492442E66', 1049, 'Камерун');
INSERT INTO TNHT_NACI(NACI_PK, LITE_DESC, REMU_PK, LICL_PK, NACI_CACO, ISO_3166, PT_SEF)
VALUES('CM', '452B1509ABDF9F428A30B87492442E66', 6, 12, '+237', 'CMR', 'CMR');
INSERT INTO TNHT_LITE(LITE_PK) VALUES('F8BB716E412985418A05427F6DDEC414');
INSERT INTO TNHT_MULT(LITE_PK, LANG_PK, MULT_DESC)
VALUES('F8BB716E412985418A05427F6DDEC414', 1033, 'Cuba');
INSERT INTO TNHT_MULT(LITE_PK, LANG_PK, MULT_DESC)
VALUES('F8BB716E412985418A05427F6DDEC414', 3082, 'Cuba');
INSERT INTO TNHT_MULT(LITE_PK, LANG_PK, MULT_DESC)
VALUES('F8BB716E412985418A05427F6DDEC414', 2070, 'Cuba');
INSERT INTO TNHT_MULT(LITE_PK, LANG_PK, MULT_DESC)
VALUES('F8BB716E412985418A05427F6DDEC414', 1036, 'Cuba');
INSERT INTO TNHT_MULT(LITE_PK, LANG_PK, MULT_DESC)
VALUES('F8BB716E412985418A05427F6DDEC414', 1049, 'Куба');
INSERT INTO TNHT_NACI(NACI_PK, LITE_DESC, REMU_PK, LICL_PK, NACI_CACO, ISO_3166, PT_SEF)
VALUES('CU', 'F8BB716E412985418A05427F6DDEC414', 2, 10, '+537', 'CUB', 'CUB');
INSERT INTO TNHT_LITE(LITE_PK) VALUES('4528A8869278DC43B48A755EC9002EBF');
INSERT INTO TNHT_MULT(LITE_PK, LANG_PK, MULT_DESC)
VALUES('4528A8869278DC43B48A755EC9002EBF', 1033, 'Canada');
INSERT INTO TNHT_MULT(LITE_PK, LANG_PK, MULT_DESC)
VALUES('4528A8869278DC43B48A755EC9002EBF', 3082, 'Canadá');
INSERT INTO TNHT_MULT(LITE_PK, LANG_PK, MULT_DESC)
VALUES('4528A8869278DC43B48A755EC9002EBF', 2070, 'Canadá');
INSERT INTO TNHT_MULT(LITE_PK, LANG_PK, MULT_DESC)
VALUES('4528A8869278DC43B48A755EC9002EBF', 1036, 'Canada');
INSERT INTO TNHT_MULT(LITE_PK, LANG_PK, MULT_DESC)
VALUES('4528A8869278DC43B48A755EC9002EBF', 1049, 'Канада');
INSERT INTO TNHT_NACI(NACI_PK, LITE_DESC, REMU_PK, LICL_PK, NACI_CACO, ISO_3166, PT_SEF)
VALUES('CA', '4528A8869278DC43B48A755EC9002EBF', 1, 9, '+1', 'CAN', 'CAN');
INSERT INTO TNHT_LITE(LITE_PK) VALUES('13D6B25F0B30324B9AC8B3660E649924');
INSERT INTO TNHT_MULT(LITE_PK, LANG_PK, MULT_DESC)
VALUES('13D6B25F0B30324B9AC8B3660E649924', 1033, 'Chile');
INSERT INTO TNHT_MULT(LITE_PK, LANG_PK, MULT_DESC)
VALUES('13D6B25F0B30324B9AC8B3660E649924', 3082, 'Chile');
INSERT INTO TNHT_MULT(LITE_PK, LANG_PK, MULT_DESC)
VALUES('13D6B25F0B30324B9AC8B3660E649924', 2070, 'Chile');
INSERT INTO TNHT_MULT(LITE_PK, LANG_PK, MULT_DESC)
VALUES('13D6B25F0B30324B9AC8B3660E649924', 1036, 'Chili');
INSERT INTO TNHT_MULT(LITE_PK, LANG_PK, MULT_DESC)
VALUES('13D6B25F0B30324B9AC8B3660E649924', 1049, 'Чили');
INSERT INTO TNHT_NACI(NACI_PK, LITE_DESC, REMU_PK, LICL_PK, NACI_CACO, ISO_3166, PT_SEF)
VALUES('CL', '13D6B25F0B30324B9AC8B3660E649924', 3, 10, '+56', 'CHL', 'CHL');
INSERT INTO TNHT_LITE(LITE_PK) VALUES('3F95D0AEC41A1546AA23266B08E90AD3');
INSERT INTO TNHT_MULT(LITE_PK, LANG_PK, MULT_DESC)
VALUES('3F95D0AEC41A1546AA23266B08E90AD3', 1033, 'China');
INSERT INTO TNHT_MULT(LITE_PK, LANG_PK, MULT_DESC)
VALUES('3F95D0AEC41A1546AA23266B08E90AD3', 3082, 'China');
INSERT INTO TNHT_MULT(LITE_PK, LANG_PK, MULT_DESC)
VALUES('3F95D0AEC41A1546AA23266B08E90AD3', 2070, 'China');
INSERT INTO TNHT_MULT(LITE_PK, LANG_PK, MULT_DESC)
VALUES('3F95D0AEC41A1546AA23266B08E90AD3', 1036, 'Chine');
INSERT INTO TNHT_MULT(LITE_PK, LANG_PK, MULT_DESC)
VALUES('3F95D0AEC41A1546AA23266B08E90AD3', 1049, 'Китай');
INSERT INTO TNHT_NACI(NACI_PK, LITE_DESC, REMU_PK, LICL_PK, NACI_CACO, ISO_3166, PT_SEF)
VALUES('CN', '3F95D0AEC41A1546AA23266B08E90AD3', 7, 4, '+86', 'CHN', 'CHN');
INSERT INTO TNHT_LITE(LITE_PK) VALUES('E7643DC8B2082043BB4D2BDD6EE2D685');
INSERT INTO TNHT_MULT(LITE_PK, LANG_PK, MULT_DESC)
VALUES('E7643DC8B2082043BB4D2BDD6EE2D685', 1033, 'Cyprus');
INSERT INTO TNHT_MULT(LITE_PK, LANG_PK, MULT_DESC)
VALUES('E7643DC8B2082043BB4D2BDD6EE2D685', 3082, 'Chipre');
INSERT INTO TNHT_MULT(LITE_PK, LANG_PK, MULT_DESC)
VALUES('E7643DC8B2082043BB4D2BDD6EE2D685', 2070, 'Chipre');
INSERT INTO TNHT_MULT(LITE_PK, LANG_PK, MULT_DESC)
VALUES('E7643DC8B2082043BB4D2BDD6EE2D685', 1036, 'Chypre');
INSERT INTO TNHT_MULT(LITE_PK, LANG_PK, MULT_DESC)
VALUES('E7643DC8B2082043BB4D2BDD6EE2D685', 1049, 'Кипр');
INSERT INTO TNHT_NACI(NACI_PK, LITE_DESC, REMU_PK, LICL_PK, NACI_CACO, ISO_3166, PT_SEF)
VALUES('CY', 'E7643DC8B2082043BB4D2BDD6EE2D685', 4, 8, '+357', 'CYP', 'CYP');
INSERT INTO TNHT_LITE(LITE_PK) VALUES('5C2B0A3D09D04F42B1E629195FFF7E9D');
INSERT INTO TNHT_MULT(LITE_PK, LANG_PK, MULT_DESC)
VALUES('5C2B0A3D09D04F42B1E629195FFF7E9D', 1033, 'Colombia');
INSERT INTO TNHT_MULT(LITE_PK, LANG_PK, MULT_DESC)
VALUES('5C2B0A3D09D04F42B1E629195FFF7E9D', 3082, 'Colombia');
INSERT INTO TNHT_MULT(LITE_PK, LANG_PK, MULT_DESC)
VALUES('5C2B0A3D09D04F42B1E629195FFF7E9D', 2070, 'Colômbia');
INSERT INTO TNHT_MULT(LITE_PK, LANG_PK, MULT_DESC)
VALUES('5C2B0A3D09D04F42B1E629195FFF7E9D', 1036, 'Colombie');
INSERT INTO TNHT_MULT(LITE_PK, LANG_PK, MULT_DESC)
VALUES('5C2B0A3D09D04F42B1E629195FFF7E9D', 1049, 'Колумбия');
INSERT INTO TNHT_NACI(NACI_PK, LITE_DESC, REMU_PK, LICL_PK, NACI_CACO, ISO_3166, PT_SEF)
VALUES('CO', '5C2B0A3D09D04F42B1E629195FFF7E9D', 3, 10, '+57', 'COL', 'COL');
INSERT INTO TNHT_LITE(LITE_PK) VALUES('1C9ED25449B1104CA87C7D0F1A33E8B2');
INSERT INTO TNHT_MULT(LITE_PK, LANG_PK, MULT_DESC)
VALUES('1C9ED25449B1104CA87C7D0F1A33E8B2', 1033, 'Côte d´Ivoire');
INSERT INTO TNHT_MULT(LITE_PK, LANG_PK, MULT_DESC)
VALUES('1C9ED25449B1104CA87C7D0F1A33E8B2', 3082, 'Costa de Marfíl');
INSERT INTO TNHT_MULT(LITE_PK, LANG_PK, MULT_DESC)
VALUES('1C9ED25449B1104CA87C7D0F1A33E8B2', 2070, 'Costa do Marfim');
INSERT INTO TNHT_MULT(LITE_PK, LANG_PK, MULT_DESC)
VALUES('1C9ED25449B1104CA87C7D0F1A33E8B2', 1036, 'Côte d´Ivoire');
INSERT INTO TNHT_MULT(LITE_PK, LANG_PK, MULT_DESC)
VALUES('1C9ED25449B1104CA87C7D0F1A33E8B2', 1049, 'Кот-де-Ивуар');
INSERT INTO TNHT_NACI(NACI_PK, LITE_DESC, REMU_PK, LICL_PK, NACI_CACO, ISO_3166, PT_SEF)
VALUES('CI', '1C9ED25449B1104CA87C7D0F1A33E8B2', 6, 12, '+225', 'CIV', 'CIV');
INSERT INTO TNHT_LITE(LITE_PK) VALUES('ED80B555605E8C4B92089DDA941E961A');
INSERT INTO TNHT_MULT(LITE_PK, LANG_PK, MULT_DESC)
VALUES('ED80B555605E8C4B92089DDA941E961A', 1033, 'Costa Rica');
INSERT INTO TNHT_MULT(LITE_PK, LANG_PK, MULT_DESC)
VALUES('ED80B555605E8C4B92089DDA941E961A', 3082, 'Costa Rica');
INSERT INTO TNHT_MULT(LITE_PK, LANG_PK, MULT_DESC)
VALUES('ED80B555605E8C4B92089DDA941E961A', 2070, 'Costa Rica');
INSERT INTO TNHT_MULT(LITE_PK, LANG_PK, MULT_DESC)
VALUES('ED80B555605E8C4B92089DDA941E961A', 1036, 'Costa Rica');
INSERT INTO TNHT_MULT(LITE_PK, LANG_PK, MULT_DESC)
VALUES('ED80B555605E8C4B92089DDA941E961A', 1049, 'Коста Рика');
INSERT INTO TNHT_NACI(NACI_PK, LITE_DESC, REMU_PK, LICL_PK, NACI_CACO, ISO_3166, PT_SEF)
VALUES('CR', 'ED80B555605E8C4B92089DDA941E961A', 2, 9, '+506', 'CRI', 'CRI');
INSERT INTO TNHT_LITE(LITE_PK) VALUES('276439D72686CA4DBF2E08C8D2CD48A4');
INSERT INTO TNHT_MULT(LITE_PK, LANG_PK, MULT_DESC)
VALUES('276439D72686CA4DBF2E08C8D2CD48A4', 1033, 'Congo');
INSERT INTO TNHT_MULT(LITE_PK, LANG_PK, MULT_DESC)
VALUES('276439D72686CA4DBF2E08C8D2CD48A4', 3082, 'Congo');
INSERT INTO TNHT_MULT(LITE_PK, LANG_PK, MULT_DESC)
VALUES('276439D72686CA4DBF2E08C8D2CD48A4', 2070, 'Congo');
INSERT INTO TNHT_MULT(LITE_PK, LANG_PK, MULT_DESC)
VALUES('276439D72686CA4DBF2E08C8D2CD48A4', 1036, 'Congo');
INSERT INTO TNHT_MULT(LITE_PK, LANG_PK, MULT_DESC)
VALUES('276439D72686CA4DBF2E08C8D2CD48A4', 1049, 'Конго');
INSERT INTO TNHT_NACI(NACI_PK, LITE_DESC, REMU_PK, LICL_PK, NACI_CACO, ISO_3166, PT_SEF)
VALUES('CG', '276439D72686CA4DBF2E08C8D2CD48A4', 6, 12, '+242', 'COG', 'COG');
INSERT INTO TNHT_LITE(LITE_PK) VALUES('3B61BEFBDFDB864DA64246041CD1F4CE');
INSERT INTO TNHT_MULT(LITE_PK, LANG_PK, MULT_DESC)
VALUES('3B61BEFBDFDB864DA64246041CD1F4CE', 1033, 'Central African Republic');
INSERT INTO TNHT_MULT(LITE_PK, LANG_PK, MULT_DESC)
VALUES('3B61BEFBDFDB864DA64246041CD1F4CE', 3082, 'Centro-africana, República');
INSERT INTO TNHT_MULT(LITE_PK, LANG_PK, MULT_DESC)
VALUES('3B61BEFBDFDB864DA64246041CD1F4CE', 2070, 'República Centro-Africana');
INSERT INTO TNHT_MULT(LITE_PK, LANG_PK, MULT_DESC)
VALUES('3B61BEFBDFDB864DA64246041CD1F4CE', 1036, 'Centrafricaine, République');
INSERT INTO TNHT_MULT(LITE_PK, LANG_PK, MULT_DESC)
VALUES('3B61BEFBDFDB864DA64246041CD1F4CE', 1049, 'Центральноафриканская Республика');
INSERT INTO TNHT_NACI(NACI_PK, LITE_DESC, REMU_PK, LICL_PK, NACI_CACO, ISO_3166, PT_SEF)
VALUES('CF', '3B61BEFBDFDB864DA64246041CD1F4CE', 6, 12, '+236', 'CAF', 'CAF');
INSERT INTO TNHT_LITE(LITE_PK) VALUES('7ECADC48D6E01743AFC36881D2B8EB39');
INSERT INTO TNHT_MULT(LITE_PK, LANG_PK, MULT_DESC)
VALUES('7ECADC48D6E01743AFC36881D2B8EB39', 1033, 'Czech Republic');
INSERT INTO TNHT_MULT(LITE_PK, LANG_PK, MULT_DESC)
VALUES('7ECADC48D6E01743AFC36881D2B8EB39', 3082, 'República Checa');
INSERT INTO TNHT_MULT(LITE_PK, LANG_PK, MULT_DESC)
VALUES('7ECADC48D6E01743AFC36881D2B8EB39', 2070, 'República Checa');
INSERT INTO TNHT_MULT(LITE_PK, LANG_PK, MULT_DESC)
VALUES('7ECADC48D6E01743AFC36881D2B8EB39', 1036, 'Tchèque, République');
INSERT INTO TNHT_MULT(LITE_PK, LANG_PK, MULT_DESC)
VALUES('7ECADC48D6E01743AFC36881D2B8EB39', 1049, 'Чешская Республика');
INSERT INTO TNHT_NACI(NACI_PK, LITE_DESC, REMU_PK, LICL_PK, NACI_CACO, ISO_3166, PT_SEF)
VALUES('CZ', '7ECADC48D6E01743AFC36881D2B8EB39', 4, 5, '+420', 'CZE', 'CZE');
INSERT INTO TNHT_LITE(LITE_PK) VALUES('9384A2355A94DE4C872EAAADDB0F4605');
INSERT INTO TNHT_MULT(LITE_PK, LANG_PK, MULT_DESC)
VALUES('9384A2355A94DE4C872EAAADDB0F4605', 1033, 'Switzerland');
INSERT INTO TNHT_MULT(LITE_PK, LANG_PK, MULT_DESC)
VALUES('9384A2355A94DE4C872EAAADDB0F4605', 3082, 'Suiza');
INSERT INTO TNHT_MULT(LITE_PK, LANG_PK, MULT_DESC)
VALUES('9384A2355A94DE4C872EAAADDB0F4605', 2070, 'Suíça');
INSERT INTO TNHT_MULT(LITE_PK, LANG_PK, MULT_DESC)
VALUES('9384A2355A94DE4C872EAAADDB0F4605', 1036, 'Suisse');
INSERT INTO TNHT_MULT(LITE_PK, LANG_PK, MULT_DESC)
VALUES('9384A2355A94DE4C872EAAADDB0F4605', 1049, 'Швейцария');
INSERT INTO TNHT_NACI(NACI_PK, LITE_DESC, REMU_PK, LICL_PK, NACI_CACO, ISO_3166, PT_SEF)
VALUES('CH', '9384A2355A94DE4C872EAAADDB0F4605', 4, 7, '+41', 'CHE', 'CHE');
INSERT INTO TNHT_LITE(LITE_PK) VALUES('BB531164380ECD4786988C8CEF61AC1C');
INSERT INTO TNHT_MULT(LITE_PK, LANG_PK, MULT_DESC)
VALUES('BB531164380ECD4786988C8CEF61AC1C', 1033, 'Germany');
INSERT INTO TNHT_MULT(LITE_PK, LANG_PK, MULT_DESC)
VALUES('BB531164380ECD4786988C8CEF61AC1C', 3082, 'Alemania');
INSERT INTO TNHT_MULT(LITE_PK, LANG_PK, MULT_DESC)
VALUES('BB531164380ECD4786988C8CEF61AC1C', 2070, 'Alemanha');
INSERT INTO TNHT_MULT(LITE_PK, LANG_PK, MULT_DESC)
VALUES('BB531164380ECD4786988C8CEF61AC1C', 1036, 'Allemagne');
INSERT INTO TNHT_MULT(LITE_PK, LANG_PK, MULT_DESC)
VALUES('BB531164380ECD4786988C8CEF61AC1C', 1049, 'Германия');
INSERT INTO TNHT_NACI(NACI_PK, LITE_DESC, REMU_PK, LICL_PK, NACI_CACO, ISO_3166, PT_SEF)
VALUES('DE', 'BB531164380ECD4786988C8CEF61AC1C', 4, 7, '+49', 'DEU', 'D');
INSERT INTO TNHT_LITE(LITE_PK) VALUES('FCB981BBDD1BE84991AC31443B40EED4');
INSERT INTO TNHT_MULT(LITE_PK, LANG_PK, MULT_DESC)
VALUES('FCB981BBDD1BE84991AC31443B40EED4', 1033, 'Dominican Republic');
INSERT INTO TNHT_MULT(LITE_PK, LANG_PK, MULT_DESC)
VALUES('FCB981BBDD1BE84991AC31443B40EED4', 3082, 'República Dominicana');
INSERT INTO TNHT_MULT(LITE_PK, LANG_PK, MULT_DESC)
VALUES('FCB981BBDD1BE84991AC31443B40EED4', 2070, 'República Dominicana');
INSERT INTO TNHT_MULT(LITE_PK, LANG_PK, MULT_DESC)
VALUES('FCB981BBDD1BE84991AC31443B40EED4', 1036, 'Dominicaine, République');
INSERT INTO TNHT_MULT(LITE_PK, LANG_PK, MULT_DESC)
VALUES('FCB981BBDD1BE84991AC31443B40EED4', 1049, 'Доминиканская Республика');
INSERT INTO TNHT_NACI(NACI_PK, LITE_DESC, REMU_PK, LICL_PK, NACI_CACO, ISO_3166, PT_SEF)
VALUES('DO', 'FCB981BBDD1BE84991AC31443B40EED4', 2, 10, '+1-809', 'DOM', 'DOM');
INSERT INTO TNHT_LITE(LITE_PK) VALUES('80973750C5697C42B115FB2F30AC6BF0');
INSERT INTO TNHT_MULT(LITE_PK, LANG_PK, MULT_DESC)
VALUES('80973750C5697C42B115FB2F30AC6BF0', 1033, 'Algeria');
INSERT INTO TNHT_MULT(LITE_PK, LANG_PK, MULT_DESC)
VALUES('80973750C5697C42B115FB2F30AC6BF0', 3082, 'Argelia');
INSERT INTO TNHT_MULT(LITE_PK, LANG_PK, MULT_DESC)
VALUES('80973750C5697C42B115FB2F30AC6BF0', 2070, 'Argélia');
INSERT INTO TNHT_MULT(LITE_PK, LANG_PK, MULT_DESC)
VALUES('80973750C5697C42B115FB2F30AC6BF0', 1036, 'Algérie');
INSERT INTO TNHT_MULT(LITE_PK, LANG_PK, MULT_DESC)
VALUES('80973750C5697C42B115FB2F30AC6BF0', 1049, 'Алжир');
INSERT INTO TNHT_NACI(NACI_PK, LITE_DESC, REMU_PK, LICL_PK, NACI_CACO, ISO_3166, PT_SEF)
VALUES('DZ', '80973750C5697C42B115FB2F30AC6BF0', 6, 1, '+213', 'DZA', 'DZA');
INSERT INTO TNHT_LITE(LITE_PK) VALUES('A4C4EC1FAADAE847B7162E72C24E7A67');
INSERT INTO TNHT_MULT(LITE_PK, LANG_PK, MULT_DESC)
VALUES('A4C4EC1FAADAE847B7162E72C24E7A67', 1033, 'Denmark');
INSERT INTO TNHT_MULT(LITE_PK, LANG_PK, MULT_DESC)
VALUES('A4C4EC1FAADAE847B7162E72C24E7A67', 3082, 'Dinamarca');
INSERT INTO TNHT_MULT(LITE_PK, LANG_PK, MULT_DESC)
VALUES('A4C4EC1FAADAE847B7162E72C24E7A67', 2070, 'Dinamarca');
INSERT INTO TNHT_MULT(LITE_PK, LANG_PK, MULT_DESC)
VALUES('A4C4EC1FAADAE847B7162E72C24E7A67', 1036, 'Danemark');
INSERT INTO TNHT_MULT(LITE_PK, LANG_PK, MULT_DESC)
VALUES('A4C4EC1FAADAE847B7162E72C24E7A67', 1049, 'Дания');
INSERT INTO TNHT_NACI(NACI_PK, LITE_DESC, REMU_PK, LICL_PK, NACI_CACO, ISO_3166, PT_SEF)
VALUES('DK', 'A4C4EC1FAADAE847B7162E72C24E7A67', 4, 6, '+45', 'DNK', 'DNK');
INSERT INTO TNHT_LITE(LITE_PK) VALUES('D5160D5C1951CA4A8B0DB82BEE935700');
INSERT INTO TNHT_MULT(LITE_PK, LANG_PK, MULT_DESC)
VALUES('D5160D5C1951CA4A8B0DB82BEE935700', 1033, 'Djibouti');
INSERT INTO TNHT_MULT(LITE_PK, LANG_PK, MULT_DESC)
VALUES('D5160D5C1951CA4A8B0DB82BEE935700', 3082, 'Yibuti');
INSERT INTO TNHT_MULT(LITE_PK, LANG_PK, MULT_DESC)
VALUES('D5160D5C1951CA4A8B0DB82BEE935700', 2070, 'Djibouti');
INSERT INTO TNHT_MULT(LITE_PK, LANG_PK, MULT_DESC)
VALUES('D5160D5C1951CA4A8B0DB82BEE935700', 1036, 'Djibouti');
INSERT INTO TNHT_MULT(LITE_PK, LANG_PK, MULT_DESC)
VALUES('D5160D5C1951CA4A8B0DB82BEE935700', 1049, 'Джибути');
INSERT INTO TNHT_NACI(NACI_PK, LITE_DESC, REMU_PK, LICL_PK, NACI_CACO, ISO_3166, PT_SEF)
VALUES('DJ', 'D5160D5C1951CA4A8B0DB82BEE935700', 6, 1, '+253', 'DJI', 'DJI');
INSERT INTO TNHT_LITE(LITE_PK) VALUES('CE8967B37AFC1443ADF10818B145718A');
INSERT INTO TNHT_MULT(LITE_PK, LANG_PK, MULT_DESC)
VALUES('CE8967B37AFC1443ADF10818B145718A', 1033, 'Ecuador');
INSERT INTO TNHT_MULT(LITE_PK, LANG_PK, MULT_DESC)
VALUES('CE8967B37AFC1443ADF10818B145718A', 3082, 'Ecuador');
INSERT INTO TNHT_MULT(LITE_PK, LANG_PK, MULT_DESC)
VALUES('CE8967B37AFC1443ADF10818B145718A', 2070, 'Equador');
INSERT INTO TNHT_MULT(LITE_PK, LANG_PK, MULT_DESC)
VALUES('CE8967B37AFC1443ADF10818B145718A', 1036, 'Équateur');
INSERT INTO TNHT_MULT(LITE_PK, LANG_PK, MULT_DESC)
VALUES('CE8967B37AFC1443ADF10818B145718A', 1049, 'Эквадор');
INSERT INTO TNHT_NACI(NACI_PK, LITE_DESC, REMU_PK, LICL_PK, NACI_CACO, ISO_3166, PT_SEF)
VALUES('EC', 'CE8967B37AFC1443ADF10818B145718A', 3, 9, '+593', 'ECU', 'ECU');
INSERT INTO TNHT_LITE(LITE_PK) VALUES('79582FF2F5BC8A4E97C48D8D42212102');
INSERT INTO TNHT_MULT(LITE_PK, LANG_PK, MULT_DESC)
VALUES('79582FF2F5BC8A4E97C48D8D42212102', 1033, 'Egypt');
INSERT INTO TNHT_MULT(LITE_PK, LANG_PK, MULT_DESC)
VALUES('79582FF2F5BC8A4E97C48D8D42212102', 3082, 'Egipto');
INSERT INTO TNHT_MULT(LITE_PK, LANG_PK, MULT_DESC)
VALUES('79582FF2F5BC8A4E97C48D8D42212102', 2070, 'Egipto');
INSERT INTO TNHT_MULT(LITE_PK, LANG_PK, MULT_DESC)
VALUES('79582FF2F5BC8A4E97C48D8D42212102', 1036, 'Égypte');
INSERT INTO TNHT_MULT(LITE_PK, LANG_PK, MULT_DESC)
VALUES('79582FF2F5BC8A4E97C48D8D42212102', 1049, 'Египет');
INSERT INTO TNHT_NACI(NACI_PK, LITE_DESC, REMU_PK, LICL_PK, NACI_CACO, ISO_3166, PT_SEF)
VALUES('EG', '79582FF2F5BC8A4E97C48D8D42212102', 6, 1, '+20', 'EGY', 'EGY');
INSERT INTO TNHT_LITE(LITE_PK) VALUES('21A8ABF24A62D24FB10C1EC3380ACE95');
INSERT INTO TNHT_MULT(LITE_PK, LANG_PK, MULT_DESC)
VALUES('21A8ABF24A62D24FB10C1EC3380ACE95', 1033, 'Eritrea');
INSERT INTO TNHT_MULT(LITE_PK, LANG_PK, MULT_DESC)
VALUES('21A8ABF24A62D24FB10C1EC3380ACE95', 3082, 'Eritrea');
INSERT INTO TNHT_MULT(LITE_PK, LANG_PK, MULT_DESC)
VALUES('21A8ABF24A62D24FB10C1EC3380ACE95', 2070, 'Eritreia');
INSERT INTO TNHT_MULT(LITE_PK, LANG_PK, MULT_DESC)
VALUES('21A8ABF24A62D24FB10C1EC3380ACE95', 1036, 'Érythrée');
INSERT INTO TNHT_MULT(LITE_PK, LANG_PK, MULT_DESC)
VALUES('21A8ABF24A62D24FB10C1EC3380ACE95', 1049, 'Эритрея');
INSERT INTO TNHT_NACI(NACI_PK, LITE_DESC, REMU_PK, LICL_PK, NACI_CACO, ISO_3166, PT_SEF)
VALUES('ER', '21A8ABF24A62D24FB10C1EC3380ACE95', 6, 1, '+291', 'ERI', 'ERI');
INSERT INTO TNHT_LITE(LITE_PK) VALUES('FFBE155CC7D8CE45B9874CEFAC0C008A');
INSERT INTO TNHT_MULT(LITE_PK, LANG_PK, MULT_DESC)
VALUES('FFBE155CC7D8CE45B9874CEFAC0C008A', 1033, 'Spain');
INSERT INTO TNHT_MULT(LITE_PK, LANG_PK, MULT_DESC)
VALUES('FFBE155CC7D8CE45B9874CEFAC0C008A', 3082, 'España');
INSERT INTO TNHT_MULT(LITE_PK, LANG_PK, MULT_DESC)
VALUES('FFBE155CC7D8CE45B9874CEFAC0C008A', 2070, 'Espanha');
INSERT INTO TNHT_MULT(LITE_PK, LANG_PK, MULT_DESC)
VALUES('FFBE155CC7D8CE45B9874CEFAC0C008A', 1036, 'Espagne');
INSERT INTO TNHT_MULT(LITE_PK, LANG_PK, MULT_DESC)
VALUES('FFBE155CC7D8CE45B9874CEFAC0C008A', 1049, 'Испания');
INSERT INTO TNHT_NACI(NACI_PK, LITE_DESC, REMU_PK, LICL_PK, NACI_CACO, ISO_3166, PT_SEF)
VALUES('ES', 'FFBE155CC7D8CE45B9874CEFAC0C008A', 4, 9, '+34', 'ESP', 'ESP');
INSERT INTO TNHT_LITE(LITE_PK) VALUES('6A971F9B6BAC8A48AC9B4992917C02AC');
INSERT INTO TNHT_MULT(LITE_PK, LANG_PK, MULT_DESC)
VALUES('6A971F9B6BAC8A48AC9B4992917C02AC', 1033, 'Estonia');
INSERT INTO TNHT_MULT(LITE_PK, LANG_PK, MULT_DESC)
VALUES('6A971F9B6BAC8A48AC9B4992917C02AC', 3082, 'Estonia');
INSERT INTO TNHT_MULT(LITE_PK, LANG_PK, MULT_DESC)
VALUES('6A971F9B6BAC8A48AC9B4992917C02AC', 2070, 'Estónia');
INSERT INTO TNHT_MULT(LITE_PK, LANG_PK, MULT_DESC)
VALUES('6A971F9B6BAC8A48AC9B4992917C02AC', 1036, 'Estonie');
INSERT INTO TNHT_MULT(LITE_PK, LANG_PK, MULT_DESC)
VALUES('6A971F9B6BAC8A48AC9B4992917C02AC', 1049, 'Эстония');
INSERT INTO TNHT_NACI(NACI_PK, LITE_DESC, REMU_PK, LICL_PK, NACI_CACO, ISO_3166, PT_SEF)
VALUES('EE', '6A971F9B6BAC8A48AC9B4992917C02AC', 4, 37, '+372', 'EST', 'EST');
INSERT INTO TNHT_LITE(LITE_PK) VALUES('CC629C719816434DA046F6BFBE53EBA5');
INSERT INTO TNHT_MULT(LITE_PK, LANG_PK, MULT_DESC)
VALUES('CC629C719816434DA046F6BFBE53EBA5', 1033, 'Ethiopia');
INSERT INTO TNHT_MULT(LITE_PK, LANG_PK, MULT_DESC)
VALUES('CC629C719816434DA046F6BFBE53EBA5', 3082, 'Etiopía');
INSERT INTO TNHT_MULT(LITE_PK, LANG_PK, MULT_DESC)
VALUES('CC629C719816434DA046F6BFBE53EBA5', 2070, 'Etiópia');
INSERT INTO TNHT_MULT(LITE_PK, LANG_PK, MULT_DESC)
VALUES('CC629C719816434DA046F6BFBE53EBA5', 1036, 'Éthiopie');
INSERT INTO TNHT_MULT(LITE_PK, LANG_PK, MULT_DESC)
VALUES('CC629C719816434DA046F6BFBE53EBA5', 1049, 'Эфиопия');
INSERT INTO TNHT_NACI(NACI_PK, LITE_DESC, REMU_PK, LICL_PK, NACI_CACO, ISO_3166, PT_SEF)
VALUES('ET', 'CC629C719816434DA046F6BFBE53EBA5', 6, 94, '+251', 'ETH', 'ETH');
INSERT INTO TNHT_LITE(LITE_PK) VALUES('1D40B9F8DC58E0488B932820B1BB8A84');
INSERT INTO TNHT_MULT(LITE_PK, LANG_PK, MULT_DESC)
VALUES('1D40B9F8DC58E0488B932820B1BB8A84', 1033, 'Fiji');
INSERT INTO TNHT_MULT(LITE_PK, LANG_PK, MULT_DESC)
VALUES('1D40B9F8DC58E0488B932820B1BB8A84', 3082, 'Fiyi');
INSERT INTO TNHT_MULT(LITE_PK, LANG_PK, MULT_DESC)
VALUES('1D40B9F8DC58E0488B932820B1BB8A84', 2070, 'Fiji');
INSERT INTO TNHT_MULT(LITE_PK, LANG_PK, MULT_DESC)
VALUES('1D40B9F8DC58E0488B932820B1BB8A84', 1036, 'Fidji');
INSERT INTO TNHT_MULT(LITE_PK, LANG_PK, MULT_DESC)
VALUES('1D40B9F8DC58E0488B932820B1BB8A84', 1049, 'Фиджи');
INSERT INTO TNHT_NACI(NACI_PK, LITE_DESC, REMU_PK, LICL_PK, NACI_CACO, ISO_3166, PT_SEF)
VALUES('FJ', '1D40B9F8DC58E0488B932820B1BB8A84', 9, 9, '+679', 'FJI', 'FJI');
INSERT INTO TNHT_LITE(LITE_PK) VALUES('1242B426CC67F145B8D0E981A2A86021');
INSERT INTO TNHT_MULT(LITE_PK, LANG_PK, MULT_DESC)
VALUES('1242B426CC67F145B8D0E981A2A86021', 1033, 'Finland');
INSERT INTO TNHT_MULT(LITE_PK, LANG_PK, MULT_DESC)
VALUES('1242B426CC67F145B8D0E981A2A86021', 3082, 'Finlandia');
INSERT INTO TNHT_MULT(LITE_PK, LANG_PK, MULT_DESC)
VALUES('1242B426CC67F145B8D0E981A2A86021', 2070, 'Finlândia');
INSERT INTO TNHT_MULT(LITE_PK, LANG_PK, MULT_DESC)
VALUES('1242B426CC67F145B8D0E981A2A86021', 1036, 'Finlande');
INSERT INTO TNHT_MULT(LITE_PK, LANG_PK, MULT_DESC)
VALUES('1242B426CC67F145B8D0E981A2A86021', 1049, 'Финляндия');
INSERT INTO TNHT_NACI(NACI_PK, LITE_DESC, REMU_PK, LICL_PK, NACI_CACO, ISO_3166, PT_SEF)
VALUES('FI', '1242B426CC67F145B8D0E981A2A86021', 4, 11, '+358', 'FIN', 'FIN');
INSERT INTO TNHT_LITE(LITE_PK) VALUES('845237C1FDF86B44938599DC5C8A4573');
INSERT INTO TNHT_MULT(LITE_PK, LANG_PK, MULT_DESC)
VALUES('845237C1FDF86B44938599DC5C8A4573', 1033, 'France');
INSERT INTO TNHT_MULT(LITE_PK, LANG_PK, MULT_DESC)
VALUES('845237C1FDF86B44938599DC5C8A4573', 3082, 'Francia');
INSERT INTO TNHT_MULT(LITE_PK, LANG_PK, MULT_DESC)
VALUES('845237C1FDF86B44938599DC5C8A4573', 2070, 'França');
INSERT INTO TNHT_MULT(LITE_PK, LANG_PK, MULT_DESC)
VALUES('845237C1FDF86B44938599DC5C8A4573', 1036, 'France');
INSERT INTO TNHT_MULT(LITE_PK, LANG_PK, MULT_DESC)
VALUES('845237C1FDF86B44938599DC5C8A4573', 1049, 'Франция');
INSERT INTO TNHT_NACI(NACI_PK, LITE_DESC, REMU_PK, LICL_PK, NACI_CACO, ISO_3166, PT_SEF)
VALUES('FR', '845237C1FDF86B44938599DC5C8A4573', 4, 12, '+33', 'FRA', 'FRA');
INSERT INTO TNHT_LITE(LITE_PK) VALUES('87469C6628CD2C408F06D14C60643C11');
INSERT INTO TNHT_MULT(LITE_PK, LANG_PK, MULT_DESC)
VALUES('87469C6628CD2C408F06D14C60643C11', 1033, 'Micronesia');
INSERT INTO TNHT_MULT(LITE_PK, LANG_PK, MULT_DESC)
VALUES('87469C6628CD2C408F06D14C60643C11', 3082, 'Micronesia');
INSERT INTO TNHT_MULT(LITE_PK, LANG_PK, MULT_DESC)
VALUES('87469C6628CD2C408F06D14C60643C11', 2070, 'Micronesia');
INSERT INTO TNHT_MULT(LITE_PK, LANG_PK, MULT_DESC)
VALUES('87469C6628CD2C408F06D14C60643C11', 1036, 'Micronésie');
INSERT INTO TNHT_MULT(LITE_PK, LANG_PK, MULT_DESC)
VALUES('87469C6628CD2C408F06D14C60643C11', 1049, 'Микронезия');
INSERT INTO TNHT_NACI(NACI_PK, LITE_DESC, REMU_PK, LICL_PK, NACI_CACO, ISO_3166, PT_SEF)
VALUES('FM', '87469C6628CD2C408F06D14C60643C11', 9, 9, '+691', 'FSM', 'FSM');
INSERT INTO TNHT_LITE(LITE_PK) VALUES('3E510F733502A94B96460A7C171B4D0E');
INSERT INTO TNHT_MULT(LITE_PK, LANG_PK, MULT_DESC)
VALUES('3E510F733502A94B96460A7C171B4D0E', 1033, 'Gabon');
INSERT INTO TNHT_MULT(LITE_PK, LANG_PK, MULT_DESC)
VALUES('3E510F733502A94B96460A7C171B4D0E', 3082, 'Gabón');
INSERT INTO TNHT_MULT(LITE_PK, LANG_PK, MULT_DESC)
VALUES('3E510F733502A94B96460A7C171B4D0E', 2070, 'Gabão');
INSERT INTO TNHT_MULT(LITE_PK, LANG_PK, MULT_DESC)
VALUES('3E510F733502A94B96460A7C171B4D0E', 1036, 'Gabon');
INSERT INTO TNHT_MULT(LITE_PK, LANG_PK, MULT_DESC)
VALUES('3E510F733502A94B96460A7C171B4D0E', 1049, 'Габон');
INSERT INTO TNHT_NACI(NACI_PK, LITE_DESC, REMU_PK, LICL_PK, NACI_CACO, ISO_3166, PT_SEF)
VALUES('GA', '3E510F733502A94B96460A7C171B4D0E', 6, 12, '+241', 'GAB', 'GAB');
INSERT INTO TNHT_LITE(LITE_PK) VALUES('2AFB58A3F817BE40A1AABB5D4F4A5E40');
INSERT INTO TNHT_MULT(LITE_PK, LANG_PK, MULT_DESC)
VALUES('2AFB58A3F817BE40A1AABB5D4F4A5E40', 1033, 'United Kingdom');
INSERT INTO TNHT_MULT(LITE_PK, LANG_PK, MULT_DESC)
VALUES('2AFB58A3F817BE40A1AABB5D4F4A5E40', 3082, 'Reino Unido');
INSERT INTO TNHT_MULT(LITE_PK, LANG_PK, MULT_DESC)
VALUES('2AFB58A3F817BE40A1AABB5D4F4A5E40', 2070, 'Reino Unido');
INSERT INTO TNHT_MULT(LITE_PK, LANG_PK, MULT_DESC)
VALUES('2AFB58A3F817BE40A1AABB5D4F4A5E40', 1036, 'Royaume-Uni');
INSERT INTO TNHT_MULT(LITE_PK, LANG_PK, MULT_DESC)
VALUES('2AFB58A3F817BE40A1AABB5D4F4A5E40', 1049, 'Великобритания');
INSERT INTO TNHT_NACI(NACI_PK, LITE_DESC, REMU_PK, LICL_PK, NACI_CACO, ISO_3166, PT_SEF)
VALUES('GB', '2AFB58A3F817BE40A1AABB5D4F4A5E40', 4, 9, '+44', 'GBR', 'GBR');
INSERT INTO TNHT_LITE(LITE_PK) VALUES('8F4290B388DDBA4CA1493DC2AE4E98F7');
INSERT INTO TNHT_MULT(LITE_PK, LANG_PK, MULT_DESC)
VALUES('8F4290B388DDBA4CA1493DC2AE4E98F7', 1033, 'Gambia');
INSERT INTO TNHT_MULT(LITE_PK, LANG_PK, MULT_DESC)
VALUES('8F4290B388DDBA4CA1493DC2AE4E98F7', 3082, 'Gambia');
INSERT INTO TNHT_MULT(LITE_PK, LANG_PK, MULT_DESC)
VALUES('8F4290B388DDBA4CA1493DC2AE4E98F7', 2070, 'Gâmbia');
INSERT INTO TNHT_MULT(LITE_PK, LANG_PK, MULT_DESC)
VALUES('8F4290B388DDBA4CA1493DC2AE4E98F7', 1036, 'Gambie');
INSERT INTO TNHT_MULT(LITE_PK, LANG_PK, MULT_DESC)
VALUES('8F4290B388DDBA4CA1493DC2AE4E98F7', 1049, 'Гамбия');
INSERT INTO TNHT_NACI(NACI_PK, LITE_DESC, REMU_PK, LICL_PK, NACI_CACO, ISO_3166, PT_SEF)
VALUES('GM', '8F4290B388DDBA4CA1493DC2AE4E98F7', 6, 9, '+220', 'GMB', 'GMB');
INSERT INTO TNHT_LITE(LITE_PK) VALUES('1AB72BD24D7A72439147BDB6E8C06169');
INSERT INTO TNHT_MULT(LITE_PK, LANG_PK, MULT_DESC)
VALUES('1AB72BD24D7A72439147BDB6E8C06169', 1033, 'Georgia');
INSERT INTO TNHT_MULT(LITE_PK, LANG_PK, MULT_DESC)
VALUES('1AB72BD24D7A72439147BDB6E8C06169', 3082, 'Georgia');
INSERT INTO TNHT_MULT(LITE_PK, LANG_PK, MULT_DESC)
VALUES('1AB72BD24D7A72439147BDB6E8C06169', 2070, 'Geórgia');
INSERT INTO TNHT_MULT(LITE_PK, LANG_PK, MULT_DESC)
VALUES('1AB72BD24D7A72439147BDB6E8C06169', 1036, 'Géorgie');
INSERT INTO TNHT_MULT(LITE_PK, LANG_PK, MULT_DESC)
VALUES('1AB72BD24D7A72439147BDB6E8C06169', 1049, 'Грузия');
INSERT INTO TNHT_NACI(NACI_PK, LITE_DESC, REMU_PK, LICL_PK, NACI_CACO, ISO_3166, PT_SEF)
VALUES('GE', '1AB72BD24D7A72439147BDB6E8C06169', 4, 55, '+995', 'GEO', 'GEO');
INSERT INTO TNHT_LITE(LITE_PK) VALUES('FF25E09359C1EA4ABCBA3FCB8C28E8AD');
INSERT INTO TNHT_MULT(LITE_PK, LANG_PK, MULT_DESC)
VALUES('FF25E09359C1EA4ABCBA3FCB8C28E8AD', 1033, 'Ghana');
INSERT INTO TNHT_MULT(LITE_PK, LANG_PK, MULT_DESC)
VALUES('FF25E09359C1EA4ABCBA3FCB8C28E8AD', 3082, 'Ghana');
INSERT INTO TNHT_MULT(LITE_PK, LANG_PK, MULT_DESC)
VALUES('FF25E09359C1EA4ABCBA3FCB8C28E8AD', 2070, 'Ghana');
INSERT INTO TNHT_MULT(LITE_PK, LANG_PK, MULT_DESC)
VALUES('FF25E09359C1EA4ABCBA3FCB8C28E8AD', 1036, 'Ghana');
INSERT INTO TNHT_MULT(LITE_PK, LANG_PK, MULT_DESC)
VALUES('FF25E09359C1EA4ABCBA3FCB8C28E8AD', 1049, 'Гана');
INSERT INTO TNHT_NACI(NACI_PK, LITE_DESC, REMU_PK, LICL_PK, NACI_CACO, ISO_3166, PT_SEF)
VALUES('GH', 'FF25E09359C1EA4ABCBA3FCB8C28E8AD', 6, 9, '+233', 'GHA', 'GHA');
INSERT INTO TNHT_LITE(LITE_PK) VALUES('B85790175B884046A5DDC8E2570ADC67');
INSERT INTO TNHT_MULT(LITE_PK, LANG_PK, MULT_DESC)
VALUES('B85790175B884046A5DDC8E2570ADC67', 1033, 'Greece');
INSERT INTO TNHT_MULT(LITE_PK, LANG_PK, MULT_DESC)
VALUES('B85790175B884046A5DDC8E2570ADC67', 3082, 'Grecia');
INSERT INTO TNHT_MULT(LITE_PK, LANG_PK, MULT_DESC)
VALUES('B85790175B884046A5DDC8E2570ADC67', 2070, 'Grécia');
INSERT INTO TNHT_MULT(LITE_PK, LANG_PK, MULT_DESC)
VALUES('B85790175B884046A5DDC8E2570ADC67', 1036, 'Grèce');
INSERT INTO TNHT_MULT(LITE_PK, LANG_PK, MULT_DESC)
VALUES('B85790175B884046A5DDC8E2570ADC67', 1049, 'Греция');
INSERT INTO TNHT_NACI(NACI_PK, LITE_DESC, REMU_PK, LICL_PK, NACI_CACO, ISO_3166, PT_SEF)
VALUES('GR', 'B85790175B884046A5DDC8E2570ADC67', 4, 8, '+30', 'GRC', 'GRC');
INSERT INTO TNHT_LITE(LITE_PK) VALUES('2E0C285A79B9F947A27B283389ECFEB3');
INSERT INTO TNHT_MULT(LITE_PK, LANG_PK, MULT_DESC)
VALUES('2E0C285A79B9F947A27B283389ECFEB3', 1033, 'Grenada');
INSERT INTO TNHT_MULT(LITE_PK, LANG_PK, MULT_DESC)
VALUES('2E0C285A79B9F947A27B283389ECFEB3', 3082, 'Granada');
INSERT INTO TNHT_MULT(LITE_PK, LANG_PK, MULT_DESC)
VALUES('2E0C285A79B9F947A27B283389ECFEB3', 2070, 'Granada');
INSERT INTO TNHT_MULT(LITE_PK, LANG_PK, MULT_DESC)
VALUES('2E0C285A79B9F947A27B283389ECFEB3', 1036, 'Grenade');
INSERT INTO TNHT_MULT(LITE_PK, LANG_PK, MULT_DESC)
VALUES('2E0C285A79B9F947A27B283389ECFEB3', 1049, 'Гренада');
INSERT INTO TNHT_NACI(NACI_PK, LITE_DESC, REMU_PK, LICL_PK, NACI_CACO, ISO_3166, PT_SEF)
VALUES('GD', '2E0C285A79B9F947A27B283389ECFEB3', 2, 9, '+1-473', 'GRD', 'GRD');
INSERT INTO TNHT_LITE(LITE_PK) VALUES('38A8ACB306D13F488D53127103E8CBEB');
INSERT INTO TNHT_MULT(LITE_PK, LANG_PK, MULT_DESC)
VALUES('38A8ACB306D13F488D53127103E8CBEB', 1033, 'Guatemala');
INSERT INTO TNHT_MULT(LITE_PK, LANG_PK, MULT_DESC)
VALUES('38A8ACB306D13F488D53127103E8CBEB', 3082, 'Guatemala');
INSERT INTO TNHT_MULT(LITE_PK, LANG_PK, MULT_DESC)
VALUES('38A8ACB306D13F488D53127103E8CBEB', 2070, 'Guatemala');
INSERT INTO TNHT_MULT(LITE_PK, LANG_PK, MULT_DESC)
VALUES('38A8ACB306D13F488D53127103E8CBEB', 1036, 'Guatemala');
INSERT INTO TNHT_MULT(LITE_PK, LANG_PK, MULT_DESC)
VALUES('38A8ACB306D13F488D53127103E8CBEB', 1049, 'Гватемала');
INSERT INTO TNHT_NACI(NACI_PK, LITE_DESC, REMU_PK, LICL_PK, NACI_CACO, ISO_3166, PT_SEF)
VALUES('GT', '38A8ACB306D13F488D53127103E8CBEB', 2, 9, '+502', 'GTM', 'GTM');
INSERT INTO TNHT_LITE(LITE_PK) VALUES('1A5AC5E8D0FB4846AF9CDA402B578AAB');
INSERT INTO TNHT_MULT(LITE_PK, LANG_PK, MULT_DESC)
VALUES('1A5AC5E8D0FB4846AF9CDA402B578AAB', 1033, 'Guinea');
INSERT INTO TNHT_MULT(LITE_PK, LANG_PK, MULT_DESC)
VALUES('1A5AC5E8D0FB4846AF9CDA402B578AAB', 3082, 'Guinea');
INSERT INTO TNHT_MULT(LITE_PK, LANG_PK, MULT_DESC)
VALUES('1A5AC5E8D0FB4846AF9CDA402B578AAB', 2070, 'Guiné');
INSERT INTO TNHT_MULT(LITE_PK, LANG_PK, MULT_DESC)
VALUES('1A5AC5E8D0FB4846AF9CDA402B578AAB', 1036, 'Guinée');
INSERT INTO TNHT_MULT(LITE_PK, LANG_PK, MULT_DESC)
VALUES('1A5AC5E8D0FB4846AF9CDA402B578AAB', 1049, 'Гвинея');
INSERT INTO TNHT_NACI(NACI_PK, LITE_DESC, REMU_PK, LICL_PK, NACI_CACO, ISO_3166, PT_SEF)
VALUES('GN', '1A5AC5E8D0FB4846AF9CDA402B578AAB', 6, 12, '+224', 'GIN', 'GIN');
INSERT INTO TNHT_LITE(LITE_PK) VALUES('577BB7FD1A496645B317AAEDA4AFE863');
INSERT INTO TNHT_MULT(LITE_PK, LANG_PK, MULT_DESC)
VALUES('577BB7FD1A496645B317AAEDA4AFE863', 1033, 'Guinea-Bissau');
INSERT INTO TNHT_MULT(LITE_PK, LANG_PK, MULT_DESC)
VALUES('577BB7FD1A496645B317AAEDA4AFE863', 3082, 'Guinea-Bissau');
INSERT INTO TNHT_MULT(LITE_PK, LANG_PK, MULT_DESC)
VALUES('577BB7FD1A496645B317AAEDA4AFE863', 2070, 'Guiné-Bissáu');
INSERT INTO TNHT_MULT(LITE_PK, LANG_PK, MULT_DESC)
VALUES('577BB7FD1A496645B317AAEDA4AFE863', 1036, 'Guinée-Bissau');
INSERT INTO TNHT_MULT(LITE_PK, LANG_PK, MULT_DESC)
VALUES('577BB7FD1A496645B317AAEDA4AFE863', 1049, 'Гвинея-Бисау');
INSERT INTO TNHT_NACI(NACI_PK, LITE_DESC, REMU_PK, LICL_PK, NACI_CACO, ISO_3166, PT_SEF)
VALUES('GW', '577BB7FD1A496645B317AAEDA4AFE863', 6, 22, '+245', 'GNB', 'GNB');
INSERT INTO TNHT_LITE(LITE_PK) VALUES('1D45B223C498894AA5362956CEAD595F');
INSERT INTO TNHT_MULT(LITE_PK, LANG_PK, MULT_DESC)
VALUES('1D45B223C498894AA5362956CEAD595F', 1033, 'Equatorial Guinea');
INSERT INTO TNHT_MULT(LITE_PK, LANG_PK, MULT_DESC)
VALUES('1D45B223C498894AA5362956CEAD595F', 3082, 'Guinea Ecuatorial');
INSERT INTO TNHT_MULT(LITE_PK, LANG_PK, MULT_DESC)
VALUES('1D45B223C498894AA5362956CEAD595F', 2070, 'Guiné Equatorial');
INSERT INTO TNHT_MULT(LITE_PK, LANG_PK, MULT_DESC)
VALUES('1D45B223C498894AA5362956CEAD595F', 1036, 'Guinée Équatoriale');
INSERT INTO TNHT_MULT(LITE_PK, LANG_PK, MULT_DESC)
VALUES('1D45B223C498894AA5362956CEAD595F', 1049, 'Экваториальная Гвинея');
INSERT INTO TNHT_NACI(NACI_PK, LITE_DESC, REMU_PK, LICL_PK, NACI_CACO, ISO_3166, PT_SEF)
VALUES('GQ', '1D45B223C498894AA5362956CEAD595F', 6, 10, '+240', 'GNQ', 'GNQ');
INSERT INTO TNHT_LITE(LITE_PK) VALUES('65E5D28B848C794A81F8C726BF0E409C');
INSERT INTO TNHT_MULT(LITE_PK, LANG_PK, MULT_DESC)
VALUES('65E5D28B848C794A81F8C726BF0E409C', 1033, 'Guyana');
INSERT INTO TNHT_MULT(LITE_PK, LANG_PK, MULT_DESC)
VALUES('65E5D28B848C794A81F8C726BF0E409C', 3082, 'Guyana');
INSERT INTO TNHT_MULT(LITE_PK, LANG_PK, MULT_DESC)
VALUES('65E5D28B848C794A81F8C726BF0E409C', 2070, 'Guiana');
INSERT INTO TNHT_MULT(LITE_PK, LANG_PK, MULT_DESC)
VALUES('65E5D28B848C794A81F8C726BF0E409C', 1036, 'Guyane');
INSERT INTO TNHT_MULT(LITE_PK, LANG_PK, MULT_DESC)
VALUES('65E5D28B848C794A81F8C726BF0E409C', 1049, 'Гайана');
INSERT INTO TNHT_NACI(NACI_PK, LITE_DESC, REMU_PK, LICL_PK, NACI_CACO, ISO_3166, PT_SEF)
VALUES('GY', '65E5D28B848C794A81F8C726BF0E409C', 3, 9, '+592', 'GUY', 'GUY');
INSERT INTO TNHT_LITE(LITE_PK) VALUES('33E911A9F590C24DA8729E42DB8F404D');
INSERT INTO TNHT_MULT(LITE_PK, LANG_PK, MULT_DESC)
VALUES('33E911A9F590C24DA8729E42DB8F404D', 1033, 'Croatia');
INSERT INTO TNHT_MULT(LITE_PK, LANG_PK, MULT_DESC)
VALUES('33E911A9F590C24DA8729E42DB8F404D', 3082, 'Croacia');
INSERT INTO TNHT_MULT(LITE_PK, LANG_PK, MULT_DESC)
VALUES('33E911A9F590C24DA8729E42DB8F404D', 2070, 'Croácia');
INSERT INTO TNHT_MULT(LITE_PK, LANG_PK, MULT_DESC)
VALUES('33E911A9F590C24DA8729E42DB8F404D', 1036, 'Croatie');
INSERT INTO TNHT_MULT(LITE_PK, LANG_PK, MULT_DESC)
VALUES('33E911A9F590C24DA8729E42DB8F404D', 1049, 'Хорватия');
INSERT INTO TNHT_NACI(NACI_PK, LITE_DESC, REMU_PK, LICL_PK, NACI_CACO, ISO_3166, PT_SEF)
VALUES('HR', '33E911A9F590C24DA8729E42DB8F404D', 4, 26, '+385', 'HRV', 'HRV');
INSERT INTO TNHT_LITE(LITE_PK) VALUES('5B9562BED005B44391B818B77352677F');
INSERT INTO TNHT_MULT(LITE_PK, LANG_PK, MULT_DESC)
VALUES('5B9562BED005B44391B818B77352677F', 1033, 'Haiti');
INSERT INTO TNHT_MULT(LITE_PK, LANG_PK, MULT_DESC)
VALUES('5B9562BED005B44391B818B77352677F', 3082, 'Haití');
INSERT INTO TNHT_MULT(LITE_PK, LANG_PK, MULT_DESC)
VALUES('5B9562BED005B44391B818B77352677F', 2070, 'Haiti');
INSERT INTO TNHT_MULT(LITE_PK, LANG_PK, MULT_DESC)
VALUES('5B9562BED005B44391B818B77352677F', 1036, 'Haiti');
INSERT INTO TNHT_MULT(LITE_PK, LANG_PK, MULT_DESC)
VALUES('5B9562BED005B44391B818B77352677F', 1049, 'Гаити');
INSERT INTO TNHT_NACI(NACI_PK, LITE_DESC, REMU_PK, LICL_PK, NACI_CACO, ISO_3166, PT_SEF)
VALUES('HT', '5B9562BED005B44391B818B77352677F', 2, 12, '+509', 'HTI', 'HTI');
INSERT INTO TNHT_LITE(LITE_PK) VALUES('6623C81690A43A4F9B269A53978259C2');
INSERT INTO TNHT_MULT(LITE_PK, LANG_PK, MULT_DESC)
VALUES('6623C81690A43A4F9B269A53978259C2', 1033, 'Honduras');
INSERT INTO TNHT_MULT(LITE_PK, LANG_PK, MULT_DESC)
VALUES('6623C81690A43A4F9B269A53978259C2', 3082, 'Honduras');
INSERT INTO TNHT_MULT(LITE_PK, LANG_PK, MULT_DESC)
VALUES('6623C81690A43A4F9B269A53978259C2', 2070, 'Honduras');
INSERT INTO TNHT_MULT(LITE_PK, LANG_PK, MULT_DESC)
VALUES('6623C81690A43A4F9B269A53978259C2', 1036, 'Honduras');
INSERT INTO TNHT_MULT(LITE_PK, LANG_PK, MULT_DESC)
VALUES('6623C81690A43A4F9B269A53978259C2', 1049, 'Гондурас');
INSERT INTO TNHT_NACI(NACI_PK, LITE_DESC, REMU_PK, LICL_PK, NACI_CACO, ISO_3166, PT_SEF)
VALUES('HN', '6623C81690A43A4F9B269A53978259C2', 2, 9, '+504', 'HND', 'HND');
INSERT INTO TNHT_LITE(LITE_PK) VALUES('F769E07F78625144A9078E0EFFB20460');
INSERT INTO TNHT_MULT(LITE_PK, LANG_PK, MULT_DESC)
VALUES('F769E07F78625144A9078E0EFFB20460', 1033, 'Hungary');
INSERT INTO TNHT_MULT(LITE_PK, LANG_PK, MULT_DESC)
VALUES('F769E07F78625144A9078E0EFFB20460', 3082, 'Hungría');
INSERT INTO TNHT_MULT(LITE_PK, LANG_PK, MULT_DESC)
VALUES('F769E07F78625144A9078E0EFFB20460', 2070, 'Hungria');
INSERT INTO TNHT_MULT(LITE_PK, LANG_PK, MULT_DESC)
VALUES('F769E07F78625144A9078E0EFFB20460', 1036, 'Hongrie');
INSERT INTO TNHT_MULT(LITE_PK, LANG_PK, MULT_DESC)
VALUES('F769E07F78625144A9078E0EFFB20460', 1049, 'Венгрия');
INSERT INTO TNHT_NACI(NACI_PK, LITE_DESC, REMU_PK, LICL_PK, NACI_CACO, ISO_3166, PT_SEF)
VALUES('HU', 'F769E07F78625144A9078E0EFFB20460', 4, 14, '+36', 'HUN', 'HUN');
INSERT INTO TNHT_LITE(LITE_PK) VALUES('F2B0BCD621070A43AE8537946219FB52');
INSERT INTO TNHT_MULT(LITE_PK, LANG_PK, MULT_DESC)
VALUES('F2B0BCD621070A43AE8537946219FB52', 1033, 'Iceland');
INSERT INTO TNHT_MULT(LITE_PK, LANG_PK, MULT_DESC)
VALUES('F2B0BCD621070A43AE8537946219FB52', 3082, 'Islandia');
INSERT INTO TNHT_MULT(LITE_PK, LANG_PK, MULT_DESC)
VALUES('F2B0BCD621070A43AE8537946219FB52', 2070, 'Islândia');
INSERT INTO TNHT_MULT(LITE_PK, LANG_PK, MULT_DESC)
VALUES('F2B0BCD621070A43AE8537946219FB52', 1036, 'Islande');
INSERT INTO TNHT_MULT(LITE_PK, LANG_PK, MULT_DESC)
VALUES('F2B0BCD621070A43AE8537946219FB52', 1049, 'Исландия');
INSERT INTO TNHT_NACI(NACI_PK, LITE_DESC, REMU_PK, LICL_PK, NACI_CACO, ISO_3166, PT_SEF)
VALUES('IS', 'F2B0BCD621070A43AE8537946219FB52', 4, 15, '+354', 'ISL', 'ISL');
INSERT INTO TNHT_LITE(LITE_PK) VALUES('4AF14C4055029C4A87CE521257CD729A');
INSERT INTO TNHT_MULT(LITE_PK, LANG_PK, MULT_DESC)
VALUES('4AF14C4055029C4A87CE521257CD729A', 1033, 'India');
INSERT INTO TNHT_MULT(LITE_PK, LANG_PK, MULT_DESC)
VALUES('4AF14C4055029C4A87CE521257CD729A', 3082, 'India');
INSERT INTO TNHT_MULT(LITE_PK, LANG_PK, MULT_DESC)
VALUES('4AF14C4055029C4A87CE521257CD729A', 2070, 'Índia');
INSERT INTO TNHT_MULT(LITE_PK, LANG_PK, MULT_DESC)
VALUES('4AF14C4055029C4A87CE521257CD729A', 1036, 'Inde');
INSERT INTO TNHT_MULT(LITE_PK, LANG_PK, MULT_DESC)
VALUES('4AF14C4055029C4A87CE521257CD729A', 1049, 'Индия');
INSERT INTO TNHT_NACI(NACI_PK, LITE_DESC, REMU_PK, LICL_PK, NACI_CACO, ISO_3166, PT_SEF)
VALUES('IN', '4AF14C4055029C4A87CE521257CD729A', 7, 69, '+91', 'IND', 'IND');
INSERT INTO TNHT_LITE(LITE_PK) VALUES('F5DEF4A452C5BA4C9840AA178780820E');
INSERT INTO TNHT_MULT(LITE_PK, LANG_PK, MULT_DESC)
VALUES('F5DEF4A452C5BA4C9840AA178780820E', 1033, 'Indonesia');
INSERT INTO TNHT_MULT(LITE_PK, LANG_PK, MULT_DESC)
VALUES('F5DEF4A452C5BA4C9840AA178780820E', 3082, 'Indonesia');
INSERT INTO TNHT_MULT(LITE_PK, LANG_PK, MULT_DESC)
VALUES('F5DEF4A452C5BA4C9840AA178780820E', 2070, 'Indonésia');
INSERT INTO TNHT_MULT(LITE_PK, LANG_PK, MULT_DESC)
VALUES('F5DEF4A452C5BA4C9840AA178780820E', 1036, 'Indonésie');
INSERT INTO TNHT_MULT(LITE_PK, LANG_PK, MULT_DESC)
VALUES('F5DEF4A452C5BA4C9840AA178780820E', 1049, 'Индонезия');
INSERT INTO TNHT_NACI(NACI_PK, LITE_DESC, REMU_PK, LICL_PK, NACI_CACO, ISO_3166, PT_SEF)
VALUES('ID', 'F5DEF4A452C5BA4C9840AA178780820E', 8, 33, '+62', 'IDN', 'IDN');
INSERT INTO TNHT_LITE(LITE_PK) VALUES('013EB134DBD02443A6CC2E3FCB74EA35');
INSERT INTO TNHT_MULT(LITE_PK, LANG_PK, MULT_DESC)
VALUES('013EB134DBD02443A6CC2E3FCB74EA35', 1033, 'Iran');
INSERT INTO TNHT_MULT(LITE_PK, LANG_PK, MULT_DESC)
VALUES('013EB134DBD02443A6CC2E3FCB74EA35', 3082, 'Irán');
INSERT INTO TNHT_MULT(LITE_PK, LANG_PK, MULT_DESC)
VALUES('013EB134DBD02443A6CC2E3FCB74EA35', 2070, 'Irão');
INSERT INTO TNHT_MULT(LITE_PK, LANG_PK, MULT_DESC)
VALUES('013EB134DBD02443A6CC2E3FCB74EA35', 1036, 'Iran');
INSERT INTO TNHT_MULT(LITE_PK, LANG_PK, MULT_DESC)
VALUES('013EB134DBD02443A6CC2E3FCB74EA35', 1049, 'Иран');
INSERT INTO TNHT_NACI(NACI_PK, LITE_DESC, REMU_PK, LICL_PK, NACI_CACO, ISO_3166, PT_SEF)
VALUES('IR', '013EB134DBD02443A6CC2E3FCB74EA35', 5, 41, '+98', 'IRN', 'IRN');
INSERT INTO TNHT_LITE(LITE_PK) VALUES('2CEFA2684C36C24BA51A61D0A92DE07E');
INSERT INTO TNHT_MULT(LITE_PK, LANG_PK, MULT_DESC)
VALUES('2CEFA2684C36C24BA51A61D0A92DE07E', 1033, 'Iraq');
INSERT INTO TNHT_MULT(LITE_PK, LANG_PK, MULT_DESC)
VALUES('2CEFA2684C36C24BA51A61D0A92DE07E', 3082, 'Irak');
INSERT INTO TNHT_MULT(LITE_PK, LANG_PK, MULT_DESC)
VALUES('2CEFA2684C36C24BA51A61D0A92DE07E', 2070, 'Iraque');
INSERT INTO TNHT_MULT(LITE_PK, LANG_PK, MULT_DESC)
VALUES('2CEFA2684C36C24BA51A61D0A92DE07E', 1036, 'Irak');
INSERT INTO TNHT_MULT(LITE_PK, LANG_PK, MULT_DESC)
VALUES('2CEFA2684C36C24BA51A61D0A92DE07E', 1049, 'Ирак');
INSERT INTO TNHT_NACI(NACI_PK, LITE_DESC, REMU_PK, LICL_PK, NACI_CACO, ISO_3166, PT_SEF)
VALUES('IQ', '2CEFA2684C36C24BA51A61D0A92DE07E', 5, 1, '+964', 'IRQ', 'IRQ');
INSERT INTO TNHT_LITE(LITE_PK) VALUES('514D4499B784BA4AAB81787F6B89860F');
INSERT INTO TNHT_MULT(LITE_PK, LANG_PK, MULT_DESC)
VALUES('514D4499B784BA4AAB81787F6B89860F', 1033, 'Ireland');
INSERT INTO TNHT_MULT(LITE_PK, LANG_PK, MULT_DESC)
VALUES('514D4499B784BA4AAB81787F6B89860F', 3082, 'Irlanda');
INSERT INTO TNHT_MULT(LITE_PK, LANG_PK, MULT_DESC)
VALUES('514D4499B784BA4AAB81787F6B89860F', 2070, 'Irlanda');
INSERT INTO TNHT_MULT(LITE_PK, LANG_PK, MULT_DESC)
VALUES('514D4499B784BA4AAB81787F6B89860F', 1036, 'Irlande');
INSERT INTO TNHT_MULT(LITE_PK, LANG_PK, MULT_DESC)
VALUES('514D4499B784BA4AAB81787F6B89860F', 1049, 'Ирландия');
INSERT INTO TNHT_NACI(NACI_PK, LITE_DESC, REMU_PK, LICL_PK, NACI_CACO, ISO_3166, PT_SEF)
VALUES('IE', '514D4499B784BA4AAB81787F6B89860F', 4, 60, '+353', 'IRL', 'IRL');
INSERT INTO TNHT_LITE(LITE_PK) VALUES('9D2DEB3E560DBF40AB90143D750EDEF9');
INSERT INTO TNHT_MULT(LITE_PK, LANG_PK, MULT_DESC)
VALUES('9D2DEB3E560DBF40AB90143D750EDEF9', 1033, 'Israel');
INSERT INTO TNHT_MULT(LITE_PK, LANG_PK, MULT_DESC)
VALUES('9D2DEB3E560DBF40AB90143D750EDEF9', 3082, 'Israel');
INSERT INTO TNHT_MULT(LITE_PK, LANG_PK, MULT_DESC)
VALUES('9D2DEB3E560DBF40AB90143D750EDEF9', 2070, 'Israel');
INSERT INTO TNHT_MULT(LITE_PK, LANG_PK, MULT_DESC)
VALUES('9D2DEB3E560DBF40AB90143D750EDEF9', 1036, 'Israël');
INSERT INTO TNHT_MULT(LITE_PK, LANG_PK, MULT_DESC)
VALUES('9D2DEB3E560DBF40AB90143D750EDEF9', 1049, 'Израиль');
INSERT INTO TNHT_NACI(NACI_PK, LITE_DESC, REMU_PK, LICL_PK, NACI_CACO, ISO_3166, PT_SEF)
VALUES('IL', '9D2DEB3E560DBF40AB90143D750EDEF9', 5, 13, '+972', 'ISR', 'ISR');
INSERT INTO TNHT_LITE(LITE_PK) VALUES('216B7A3D5582BC46B9AF41CF2C833B06');
INSERT INTO TNHT_MULT(LITE_PK, LANG_PK, MULT_DESC)
VALUES('216B7A3D5582BC46B9AF41CF2C833B06', 1033, 'Isle of Man');
INSERT INTO TNHT_MULT(LITE_PK, LANG_PK, MULT_DESC)
VALUES('216B7A3D5582BC46B9AF41CF2C833B06', 3082, 'Isla of Man');
INSERT INTO TNHT_MULT(LITE_PK, LANG_PK, MULT_DESC)
VALUES('216B7A3D5582BC46B9AF41CF2C833B06', 2070, 'Isle of Man');
INSERT INTO TNHT_MULT(LITE_PK, LANG_PK, MULT_DESC)
VALUES('216B7A3D5582BC46B9AF41CF2C833B06', 1036, 'Isle of Man');
INSERT INTO TNHT_NACI(NACI_PK, LITE_DESC, REMU_PK, LICL_PK, NACI_CACO, ISO_3166, PT_SEF)
VALUES ('IM', '216B7A3D5582BC46B9AF41CF2C833B06', 4, 9, '+44', 'IMN', 'IMN');
INSERT INTO TNHT_LITE(LITE_PK) VALUES('3DA77463C21F2140805AD16D2430262D');
INSERT INTO TNHT_MULT(LITE_PK, LANG_PK, MULT_DESC)
VALUES('3DA77463C21F2140805AD16D2430262D', 1033, 'Italy');
INSERT INTO TNHT_MULT(LITE_PK, LANG_PK, MULT_DESC)
VALUES('3DA77463C21F2140805AD16D2430262D', 3082, 'Italia');
INSERT INTO TNHT_MULT(LITE_PK, LANG_PK, MULT_DESC)
VALUES('3DA77463C21F2140805AD16D2430262D', 2070, 'Itália');
INSERT INTO TNHT_MULT(LITE_PK, LANG_PK, MULT_DESC)
VALUES('3DA77463C21F2140805AD16D2430262D', 1036, 'Italie');
INSERT INTO TNHT_MULT(LITE_PK, LANG_PK, MULT_DESC)
VALUES('3DA77463C21F2140805AD16D2430262D', 1049, 'Италия');
INSERT INTO TNHT_NACI(NACI_PK, LITE_DESC, REMU_PK, LICL_PK, NACI_CACO, ISO_3166, PT_SEF)
VALUES('IT', '3DA77463C21F2140805AD16D2430262D', 4, 16, '+39', 'ITA', 'ITA');
INSERT INTO TNHT_LITE(LITE_PK) VALUES('15D1299515B3CA43B8DCBB7E38C98F96');
INSERT INTO TNHT_MULT(LITE_PK, LANG_PK, MULT_DESC)
VALUES('15D1299515B3CA43B8DCBB7E38C98F96', 1033, 'Jamaica');
INSERT INTO TNHT_MULT(LITE_PK, LANG_PK, MULT_DESC)
VALUES('15D1299515B3CA43B8DCBB7E38C98F96', 3082, 'Jamaica');
INSERT INTO TNHT_MULT(LITE_PK, LANG_PK, MULT_DESC)
VALUES('15D1299515B3CA43B8DCBB7E38C98F96', 2070, 'Jamaica');
INSERT INTO TNHT_MULT(LITE_PK, LANG_PK, MULT_DESC)
VALUES('15D1299515B3CA43B8DCBB7E38C98F96', 1036, 'Jamaïque');
INSERT INTO TNHT_MULT(LITE_PK, LANG_PK, MULT_DESC)
VALUES('15D1299515B3CA43B8DCBB7E38C98F96', 1049, 'Ямайка');
INSERT INTO TNHT_NACI(NACI_PK, LITE_DESC, REMU_PK, LICL_PK, NACI_CACO, ISO_3166, PT_SEF)
VALUES('JM', '15D1299515B3CA43B8DCBB7E38C98F96', 2, 9, '+1-876', 'JAM', 'JAM');
INSERT INTO TNHT_LITE(LITE_PK) VALUES('79A0C7FA9629784C98C9D49486CDE3E0');
INSERT INTO TNHT_MULT(LITE_PK, LANG_PK, MULT_DESC)
VALUES('79A0C7FA9629784C98C9D49486CDE3E0', 1033, 'Japan');
INSERT INTO TNHT_MULT(LITE_PK, LANG_PK, MULT_DESC)
VALUES('79A0C7FA9629784C98C9D49486CDE3E0', 3082, 'Japón');
INSERT INTO TNHT_MULT(LITE_PK, LANG_PK, MULT_DESC)
VALUES('79A0C7FA9629784C98C9D49486CDE3E0', 2070, 'Japão');
INSERT INTO TNHT_MULT(LITE_PK, LANG_PK, MULT_DESC)
VALUES('79A0C7FA9629784C98C9D49486CDE3E0', 1036, 'Japon');
INSERT INTO TNHT_MULT(LITE_PK, LANG_PK, MULT_DESC)
VALUES('79A0C7FA9629784C98C9D49486CDE3E0', 1049, 'Япония');
INSERT INTO TNHT_NACI(NACI_PK, LITE_DESC, REMU_PK, LICL_PK, NACI_CACO, ISO_3166, PT_SEF)
VALUES('JP', '79A0C7FA9629784C98C9D49486CDE3E0', 7, 17, '+81', 'JPN', 'JPN');
INSERT INTO TNHT_LITE(LITE_PK) VALUES('8E0ECE420F1C2D40A9686058083517F6');
INSERT INTO TNHT_MULT(LITE_PK, LANG_PK, MULT_DESC)
VALUES('8E0ECE420F1C2D40A9686058083517F6', 1033, 'Jordan');
INSERT INTO TNHT_MULT(LITE_PK, LANG_PK, MULT_DESC)
VALUES('8E0ECE420F1C2D40A9686058083517F6', 3082, 'Jordania');
INSERT INTO TNHT_MULT(LITE_PK, LANG_PK, MULT_DESC)
VALUES('8E0ECE420F1C2D40A9686058083517F6', 2070, 'Jordânia');
INSERT INTO TNHT_MULT(LITE_PK, LANG_PK, MULT_DESC)
VALUES('8E0ECE420F1C2D40A9686058083517F6', 1036, 'Jordanie');
INSERT INTO TNHT_MULT(LITE_PK, LANG_PK, MULT_DESC)
VALUES('8E0ECE420F1C2D40A9686058083517F6', 1049, 'Йордания');
INSERT INTO TNHT_NACI(NACI_PK, LITE_DESC, REMU_PK, LICL_PK, NACI_CACO, ISO_3166, PT_SEF)
VALUES('JO', '8E0ECE420F1C2D40A9686058083517F6', 5, 1, '+962', 'JOR', 'JOR');
INSERT INTO TNHT_LITE(LITE_PK) VALUES('C2C57513B175634D8F54A87B09856C39');
INSERT INTO TNHT_MULT(LITE_PK, LANG_PK, MULT_DESC)
VALUES('C2C57513B175634D8F54A87B09856C39', 1033, 'Cambodia');
INSERT INTO TNHT_MULT(LITE_PK, LANG_PK, MULT_DESC)
VALUES('C2C57513B175634D8F54A87B09856C39', 3082, 'Camboya');
INSERT INTO TNHT_MULT(LITE_PK, LANG_PK, MULT_DESC)
VALUES('C2C57513B175634D8F54A87B09856C39', 2070, 'Cambodja');
INSERT INTO TNHT_MULT(LITE_PK, LANG_PK, MULT_DESC)
VALUES('C2C57513B175634D8F54A87B09856C39', 1036, 'Cambodge');
INSERT INTO TNHT_MULT(LITE_PK, LANG_PK, MULT_DESC)
VALUES('C2C57513B175634D8F54A87B09856C39', 1049, 'Камбоджа');
INSERT INTO TNHT_NACI(NACI_PK, LITE_DESC, REMU_PK, LICL_PK, NACI_CACO, ISO_3166, PT_SEF)
VALUES('KH', 'C2C57513B175634D8F54A87B09856C39', 8, 12, '+855', 'KHM', 'KHM');
INSERT INTO TNHT_LITE(LITE_PK) VALUES('59AA66899D109A4098C1D2336315DAFE');
INSERT INTO TNHT_MULT(LITE_PK, LANG_PK, MULT_DESC)
VALUES('59AA66899D109A4098C1D2336315DAFE', 1033, 'Cayman Islands');
INSERT INTO TNHT_MULT(LITE_PK, LANG_PK, MULT_DESC)
VALUES('59AA66899D109A4098C1D2336315DAFE', 3082, 'Islas Caimán');
INSERT INTO TNHT_MULT(LITE_PK, LANG_PK, MULT_DESC)
VALUES('59AA66899D109A4098C1D2336315DAFE', 2070, 'Ilhas Caimão');
INSERT INTO TNHT_MULT(LITE_PK, LANG_PK, MULT_DESC)
VALUES('59AA66899D109A4098C1D2336315DAFE', 1036, 'Caïman, Îles');
INSERT INTO TNHT_MULT(LITE_PK, LANG_PK, MULT_DESC)
VALUES('59AA66899D109A4098C1D2336315DAFE', 1049, 'Каймановы острова');
INSERT INTO TNHT_NACI(NACI_PK, LITE_DESC, REMU_PK, LICL_PK, NACI_CACO, ISO_3166, PT_SEF)
VALUES('KY', '59AA66899D109A4098C1D2336315DAFE', 2, 9, '+1-345', 'CYM', 'CYM');
INSERT INTO TNHT_LITE(LITE_PK) VALUES('8E43C64B308EDC4AA17D05C9B1F78C28');
INSERT INTO TNHT_MULT(LITE_PK, LANG_PK, MULT_DESC)
VALUES('8E43C64B308EDC4AA17D05C9B1F78C28', 1033, 'Comoros');
INSERT INTO TNHT_MULT(LITE_PK, LANG_PK, MULT_DESC)
VALUES('8E43C64B308EDC4AA17D05C9B1F78C28', 3082, 'Comores, Islas');
INSERT INTO TNHT_MULT(LITE_PK, LANG_PK, MULT_DESC)
VALUES('8E43C64B308EDC4AA17D05C9B1F78C28', 2070, 'Comoros');
INSERT INTO TNHT_MULT(LITE_PK, LANG_PK, MULT_DESC)
VALUES('8E43C64B308EDC4AA17D05C9B1F78C28', 1036, 'Comores');
INSERT INTO TNHT_MULT(LITE_PK, LANG_PK, MULT_DESC)
VALUES('8E43C64B308EDC4AA17D05C9B1F78C28', 1049, 'Коморские острова');
INSERT INTO TNHT_NACI(NACI_PK, LITE_DESC, REMU_PK, LICL_PK, NACI_CACO, ISO_3166, PT_SEF)
VALUES('KM', '8E43C64B308EDC4AA17D05C9B1F78C28', 6, 1, '+269', 'COM', 'COM');
INSERT INTO TNHT_LITE(LITE_PK) VALUES('8E610385451D2648AD0FE63BE5BD75A8');
INSERT INTO TNHT_MULT(LITE_PK, LANG_PK, MULT_DESC)
VALUES('8E610385451D2648AD0FE63BE5BD75A8', 1033, 'Korea, D. P. R.');
INSERT INTO TNHT_MULT(LITE_PK, LANG_PK, MULT_DESC)
VALUES('8E610385451D2648AD0FE63BE5BD75A8', 3082, 'Corea, R. P. D.');
INSERT INTO TNHT_MULT(LITE_PK, LANG_PK, MULT_DESC)
VALUES('8E610385451D2648AD0FE63BE5BD75A8', 2070, 'Coreia, R. P. D.');
INSERT INTO TNHT_MULT(LITE_PK, LANG_PK, MULT_DESC)
VALUES('8E610385451D2648AD0FE63BE5BD75A8', 1036, 'Corée, R.P.D.');
INSERT INTO TNHT_MULT(LITE_PK, LANG_PK, MULT_DESC)
VALUES('8E610385451D2648AD0FE63BE5BD75A8', 1049, 'Корея (КНДР, Северная Корея)');
INSERT INTO TNHT_NACI(NACI_PK, LITE_DESC, REMU_PK, LICL_PK, NACI_CACO, ISO_3166, PT_SEF)
VALUES('KP', '8E610385451D2648AD0FE63BE5BD75A8', 7, 18, '+850', 'PRK', 'PRK');
INSERT INTO TNHT_LITE(LITE_PK) VALUES('67782238E2CD6649855B5EC5D21FC91B');
INSERT INTO TNHT_MULT(LITE_PK, LANG_PK, MULT_DESC)
VALUES('67782238E2CD6649855B5EC5D21FC91B', 1033, 'Korea');
INSERT INTO TNHT_MULT(LITE_PK, LANG_PK, MULT_DESC)
VALUES('67782238E2CD6649855B5EC5D21FC91B', 3082, 'Corea');
INSERT INTO TNHT_MULT(LITE_PK, LANG_PK, MULT_DESC)
VALUES('67782238E2CD6649855B5EC5D21FC91B', 2070, 'Coreia');
INSERT INTO TNHT_MULT(LITE_PK, LANG_PK, MULT_DESC)
VALUES('67782238E2CD6649855B5EC5D21FC91B', 1036, 'Corée');
INSERT INTO TNHT_MULT(LITE_PK, LANG_PK, MULT_DESC)
VALUES('67782238E2CD6649855B5EC5D21FC91B', 1049, 'Корея (Южная Корея)');
INSERT INTO TNHT_NACI(NACI_PK, LITE_DESC, REMU_PK, LICL_PK, NACI_CACO, ISO_3166, PT_SEF)
VALUES('KR', '67782238E2CD6649855B5EC5D21FC91B', 7, 18, '+82', 'KOR', 'KOR');
INSERT INTO TNHT_LITE(LITE_PK) VALUES('CA5651079D63CC4F8AA263A0D2B00D2C');
INSERT INTO TNHT_MULT(LITE_PK, LANG_PK, MULT_DESC)
VALUES('CA5651079D63CC4F8AA263A0D2B00D2C', 1033, 'Kazakhstan');
INSERT INTO TNHT_MULT(LITE_PK, LANG_PK, MULT_DESC)
VALUES('CA5651079D63CC4F8AA263A0D2B00D2C', 3082, 'Kazajistán');
INSERT INTO TNHT_MULT(LITE_PK, LANG_PK, MULT_DESC)
VALUES('CA5651079D63CC4F8AA263A0D2B00D2C', 2070, 'Cazaquistão');
INSERT INTO TNHT_MULT(LITE_PK, LANG_PK, MULT_DESC)
VALUES('CA5651079D63CC4F8AA263A0D2B00D2C', 1036, 'Kazakhstan');
INSERT INTO TNHT_MULT(LITE_PK, LANG_PK, MULT_DESC)
VALUES('CA5651079D63CC4F8AA263A0D2B00D2C', 1049, 'Казахстан');
INSERT INTO TNHT_NACI(NACI_PK, LITE_DESC, REMU_PK, LICL_PK, NACI_CACO, ISO_3166, PT_SEF)
VALUES('KZ', 'CA5651079D63CC4F8AA263A0D2B00D2C', 7, 63, '+7', 'KAZ', 'KAZ');
INSERT INTO TNHT_LITE(LITE_PK) VALUES('08DD79FECE5F684A923000EF2A2669C8');
INSERT INTO TNHT_MULT(LITE_PK, LANG_PK, MULT_DESC)
VALUES('08DD79FECE5F684A923000EF2A2669C8', 1033, 'Kenya');
INSERT INTO TNHT_MULT(LITE_PK, LANG_PK, MULT_DESC)
VALUES('08DD79FECE5F684A923000EF2A2669C8', 3082, 'Kenia');
INSERT INTO TNHT_MULT(LITE_PK, LANG_PK, MULT_DESC)
VALUES('08DD79FECE5F684A923000EF2A2669C8', 2070, 'Quénia');
INSERT INTO TNHT_MULT(LITE_PK, LANG_PK, MULT_DESC)
VALUES('08DD79FECE5F684A923000EF2A2669C8', 1036, 'Kenya');
INSERT INTO TNHT_MULT(LITE_PK, LANG_PK, MULT_DESC)
VALUES('08DD79FECE5F684A923000EF2A2669C8', 1049, 'Кения');
INSERT INTO TNHT_NACI(NACI_PK, LITE_DESC, REMU_PK, LICL_PK, NACI_CACO, ISO_3166, PT_SEF)
VALUES('KE', '08DD79FECE5F684A923000EF2A2669C8', 6, 65, '+254', 'KEN', 'KEN');
INSERT INTO TNHT_LITE(LITE_PK) VALUES('C40CE88DEE816649A1A2EEE812DD2788');
INSERT INTO TNHT_MULT(LITE_PK, LANG_PK, MULT_DESC)
VALUES('C40CE88DEE816649A1A2EEE812DD2788', 1033, 'Kyrgyzstan');
INSERT INTO TNHT_MULT(LITE_PK, LANG_PK, MULT_DESC)
VALUES('C40CE88DEE816649A1A2EEE812DD2788', 3082, 'Kirgizstán');
INSERT INTO TNHT_MULT(LITE_PK, LANG_PK, MULT_DESC)
VALUES('C40CE88DEE816649A1A2EEE812DD2788', 2070, 'Quirgistão');
INSERT INTO TNHT_MULT(LITE_PK, LANG_PK, MULT_DESC)
VALUES('C40CE88DEE816649A1A2EEE812DD2788', 1036, 'Kirghizistan');
INSERT INTO TNHT_MULT(LITE_PK, LANG_PK, MULT_DESC)
VALUES('C40CE88DEE816649A1A2EEE812DD2788', 1049, 'Киргизия');
INSERT INTO TNHT_NACI(NACI_PK, LITE_DESC, REMU_PK, LICL_PK, NACI_CACO, ISO_3166, PT_SEF)
VALUES('KG', 'C40CE88DEE816649A1A2EEE812DD2788', 7, 64, '+996', 'KGZ', 'KGZ');
INSERT INTO TNHT_LITE(LITE_PK) VALUES('FA9E6B1EC08A054D87B48A708E1F7CB9');
INSERT INTO TNHT_MULT(LITE_PK, LANG_PK, MULT_DESC)
VALUES('FA9E6B1EC08A054D87B48A708E1F7CB9', 1033, 'Kiribati');
INSERT INTO TNHT_MULT(LITE_PK, LANG_PK, MULT_DESC)
VALUES('FA9E6B1EC08A054D87B48A708E1F7CB9', 3082, 'Kiribati');
INSERT INTO TNHT_MULT(LITE_PK, LANG_PK, MULT_DESC)
VALUES('FA9E6B1EC08A054D87B48A708E1F7CB9', 2070, 'Kiribati');
INSERT INTO TNHT_MULT(LITE_PK, LANG_PK, MULT_DESC)
VALUES('FA9E6B1EC08A054D87B48A708E1F7CB9', 1036, 'Kiribati');
INSERT INTO TNHT_MULT(LITE_PK, LANG_PK, MULT_DESC)
VALUES('FA9E6B1EC08A054D87B48A708E1F7CB9', 1049, 'Кирибати');
INSERT INTO TNHT_NACI(NACI_PK, LITE_DESC, REMU_PK, LICL_PK, NACI_CACO, ISO_3166, PT_SEF)
VALUES('KI', 'FA9E6B1EC08A054D87B48A708E1F7CB9', 9, 9, '+686', 'KIR', 'KIR');
INSERT INTO TNHT_LITE(LITE_PK) VALUES('803831848E748D45BCA8BD99826F07B8');
INSERT INTO TNHT_MULT(LITE_PK, LANG_PK, MULT_DESC)
VALUES('803831848E748D45BCA8BD99826F07B8', 1033, 'Kosovo');
INSERT INTO TNHT_MULT(LITE_PK, LANG_PK, MULT_DESC)
VALUES('803831848E748D45BCA8BD99826F07B8', 3082, 'Kosovo');
INSERT INTO TNHT_MULT(LITE_PK, LANG_PK, MULT_DESC)
VALUES('803831848E748D45BCA8BD99826F07B8', 2070, 'Kosovo');
INSERT INTO TNHT_MULT(LITE_PK, LANG_PK, MULT_DESC)
VALUES('803831848E748D45BCA8BD99826F07B8', 1036, 'Kosovo');
INSERT INTO TNHT_NACI(NACI_PK, LITE_DESC, REMU_PK, LICL_PK, NACI_CACO, ISO_3166, PT_SEF)
VALUES ('XK', '803831848E748D45BCA8BD99826F07B8', 4, 28, '+383', 'UNK', 'UNK');
INSERT INTO TNHT_LITE(LITE_PK) VALUES('A81FF8722E319C4DA426DB0F1AAF3F1E');
INSERT INTO TNHT_MULT(LITE_PK, LANG_PK, MULT_DESC)
VALUES('A81FF8722E319C4DA426DB0F1AAF3F1E', 1033, 'Kuwait');
INSERT INTO TNHT_MULT(LITE_PK, LANG_PK, MULT_DESC)
VALUES('A81FF8722E319C4DA426DB0F1AAF3F1E', 3082, 'Kuwait');
INSERT INTO TNHT_MULT(LITE_PK, LANG_PK, MULT_DESC)
VALUES('A81FF8722E319C4DA426DB0F1AAF3F1E', 2070, 'Kuwait');
INSERT INTO TNHT_MULT(LITE_PK, LANG_PK, MULT_DESC)
VALUES('A81FF8722E319C4DA426DB0F1AAF3F1E', 1036, 'Kuwait');
INSERT INTO TNHT_MULT(LITE_PK, LANG_PK, MULT_DESC)
VALUES('A81FF8722E319C4DA426DB0F1AAF3F1E', 1049, 'Кувейт');
INSERT INTO TNHT_NACI(NACI_PK, LITE_DESC, REMU_PK, LICL_PK, NACI_CACO, ISO_3166, PT_SEF)
VALUES('KW', 'A81FF8722E319C4DA426DB0F1AAF3F1E', 5, 1, '+965', 'KWT', 'KWT');
INSERT INTO TNHT_LITE(LITE_PK) VALUES('D2BBC3FEA942A5468A4111674859BEE8');
INSERT INTO TNHT_MULT(LITE_PK, LANG_PK, MULT_DESC)
VALUES('D2BBC3FEA942A5468A4111674859BEE8', 1033, 'Saint Kitts and Nevis');
INSERT INTO TNHT_MULT(LITE_PK, LANG_PK, MULT_DESC)
VALUES('D2BBC3FEA942A5468A4111674859BEE8', 3082, 'San Cristobo y Nevis');
INSERT INTO TNHT_MULT(LITE_PK, LANG_PK, MULT_DESC)
VALUES('D2BBC3FEA942A5468A4111674859BEE8', 2070, 'Saint Kitts e Nevis');
INSERT INTO TNHT_MULT(LITE_PK, LANG_PK, MULT_DESC)
VALUES('D2BBC3FEA942A5468A4111674859BEE8', 1036, 'Saint-Kitts-et-Nevis');
INSERT INTO TNHT_MULT(LITE_PK, LANG_PK, MULT_DESC)
VALUES('D2BBC3FEA942A5468A4111674859BEE8', 1049, 'Сент-Китс и Невис');
INSERT INTO TNHT_NACI(NACI_PK, LITE_DESC, REMU_PK, LICL_PK, NACI_CACO, ISO_3166, PT_SEF)
VALUES('KN', 'D2BBC3FEA942A5468A4111674859BEE8', 2, 9, '+1-869', 'KNA', 'KNA');
INSERT INTO TNHT_LITE(LITE_PK) VALUES('054DF027FD9C104D86A0DAB84754246D');
INSERT INTO TNHT_MULT(LITE_PK, LANG_PK, MULT_DESC)
VALUES('054DF027FD9C104D86A0DAB84754246D', 1033, 'Lao');
INSERT INTO TNHT_MULT(LITE_PK, LANG_PK, MULT_DESC)
VALUES('054DF027FD9C104D86A0DAB84754246D', 3082, 'Lao');
INSERT INTO TNHT_MULT(LITE_PK, LANG_PK, MULT_DESC)
VALUES('054DF027FD9C104D86A0DAB84754246D', 2070, 'Laos');
INSERT INTO TNHT_MULT(LITE_PK, LANG_PK, MULT_DESC)
VALUES('054DF027FD9C104D86A0DAB84754246D', 1036, 'Lao');
INSERT INTO TNHT_MULT(LITE_PK, LANG_PK, MULT_DESC)
VALUES('054DF027FD9C104D86A0DAB84754246D', 1049, 'Лаос');
INSERT INTO TNHT_NACI(NACI_PK, LITE_DESC, REMU_PK, LICL_PK, NACI_CACO, ISO_3166, PT_SEF)
VALUES('LA', '054DF027FD9C104D86A0DAB84754246D', 8, 84, '+856', 'LAO', 'LAO');
INSERT INTO TNHT_LITE(LITE_PK) VALUES('28BBCC44108E5F46896DED78790C03FD');
INSERT INTO TNHT_MULT(LITE_PK, LANG_PK, MULT_DESC)
VALUES('28BBCC44108E5F46896DED78790C03FD', 1033, 'Latvia');
INSERT INTO TNHT_MULT(LITE_PK, LANG_PK, MULT_DESC)
VALUES('28BBCC44108E5F46896DED78790C03FD', 3082, 'Letonia');
INSERT INTO TNHT_MULT(LITE_PK, LANG_PK, MULT_DESC)
VALUES('28BBCC44108E5F46896DED78790C03FD', 2070, 'Letónia');
INSERT INTO TNHT_MULT(LITE_PK, LANG_PK, MULT_DESC)
VALUES('28BBCC44108E5F46896DED78790C03FD', 1036, 'Lettonie');
INSERT INTO TNHT_MULT(LITE_PK, LANG_PK, MULT_DESC)
VALUES('28BBCC44108E5F46896DED78790C03FD', 1049, 'Литва');
INSERT INTO TNHT_NACI(NACI_PK, LITE_DESC, REMU_PK, LICL_PK, NACI_CACO, ISO_3166, PT_SEF)
VALUES('LV', '28BBCC44108E5F46896DED78790C03FD', 4, 38, '+371', 'LVA', 'LVA');
INSERT INTO TNHT_LITE(LITE_PK) VALUES('F6B40C4C1E3085499E85FB2F7EBB8FCB');
INSERT INTO TNHT_MULT(LITE_PK, LANG_PK, MULT_DESC)
VALUES('F6B40C4C1E3085499E85FB2F7EBB8FCB', 1033, 'Lebanon');
INSERT INTO TNHT_MULT(LITE_PK, LANG_PK, MULT_DESC)
VALUES('F6B40C4C1E3085499E85FB2F7EBB8FCB', 3082, 'Líbano');
INSERT INTO TNHT_MULT(LITE_PK, LANG_PK, MULT_DESC)
VALUES('F6B40C4C1E3085499E85FB2F7EBB8FCB', 2070, 'Líbano');
INSERT INTO TNHT_MULT(LITE_PK, LANG_PK, MULT_DESC)
VALUES('F6B40C4C1E3085499E85FB2F7EBB8FCB', 1036, 'Liban');
INSERT INTO TNHT_MULT(LITE_PK, LANG_PK, MULT_DESC)
VALUES('F6B40C4C1E3085499E85FB2F7EBB8FCB', 1049, 'Ливан');
INSERT INTO TNHT_NACI(NACI_PK, LITE_DESC, REMU_PK, LICL_PK, NACI_CACO, ISO_3166, PT_SEF)
VALUES('LB', 'F6B40C4C1E3085499E85FB2F7EBB8FCB', 5, 1, '+961', 'LBN', 'LBN');
INSERT INTO TNHT_LITE(LITE_PK) VALUES('8F886D88B5E65147B931F85302CCFFC8');
INSERT INTO TNHT_MULT(LITE_PK, LANG_PK, MULT_DESC)
VALUES('8F886D88B5E65147B931F85302CCFFC8', 1033, 'Lesotho');
INSERT INTO TNHT_MULT(LITE_PK, LANG_PK, MULT_DESC)
VALUES('8F886D88B5E65147B931F85302CCFFC8', 3082, 'Lesoto');
INSERT INTO TNHT_MULT(LITE_PK, LANG_PK, MULT_DESC)
VALUES('8F886D88B5E65147B931F85302CCFFC8', 2070, 'Lesoto');
INSERT INTO TNHT_MULT(LITE_PK, LANG_PK, MULT_DESC)
VALUES('8F886D88B5E65147B931F85302CCFFC8', 1036, 'Lesotho');
INSERT INTO TNHT_MULT(LITE_PK, LANG_PK, MULT_DESC)
VALUES('8F886D88B5E65147B931F85302CCFFC8', 1049, 'Лесото');
INSERT INTO TNHT_NACI(NACI_PK, LITE_DESC, REMU_PK, LICL_PK, NACI_CACO, ISO_3166, PT_SEF)
VALUES('LS', '8F886D88B5E65147B931F85302CCFFC8', 6, 9, '+266', 'LSO', 'LSO');
INSERT INTO TNHT_LITE(LITE_PK) VALUES('F1E41ED266E7634C938D84C3615BEABE');
INSERT INTO TNHT_MULT(LITE_PK, LANG_PK, MULT_DESC)
VALUES('F1E41ED266E7634C938D84C3615BEABE', 1033, 'Liberia');
INSERT INTO TNHT_MULT(LITE_PK, LANG_PK, MULT_DESC)
VALUES('F1E41ED266E7634C938D84C3615BEABE', 3082, 'Liberia');
INSERT INTO TNHT_MULT(LITE_PK, LANG_PK, MULT_DESC)
VALUES('F1E41ED266E7634C938D84C3615BEABE', 2070, 'Libéria');
INSERT INTO TNHT_MULT(LITE_PK, LANG_PK, MULT_DESC)
VALUES('F1E41ED266E7634C938D84C3615BEABE', 1036, 'Libéria');
INSERT INTO TNHT_MULT(LITE_PK, LANG_PK, MULT_DESC)
VALUES('F1E41ED266E7634C938D84C3615BEABE', 1049, 'Либерия');
INSERT INTO TNHT_NACI(NACI_PK, LITE_DESC, REMU_PK, LICL_PK, NACI_CACO, ISO_3166, PT_SEF)
VALUES('LR', 'F1E41ED266E7634C938D84C3615BEABE', 6, 9, '+231', 'LBR', 'LBR');
INSERT INTO TNHT_LITE(LITE_PK) VALUES('C4D4A103D7845942A989F8BF79756BB5');
INSERT INTO TNHT_MULT(LITE_PK, LANG_PK, MULT_DESC)
VALUES('C4D4A103D7845942A989F8BF79756BB5', 1033, 'Libyan');
INSERT INTO TNHT_MULT(LITE_PK, LANG_PK, MULT_DESC)
VALUES('C4D4A103D7845942A989F8BF79756BB5', 3082, 'Libia');
INSERT INTO TNHT_MULT(LITE_PK, LANG_PK, MULT_DESC)
VALUES('C4D4A103D7845942A989F8BF79756BB5', 2070, 'Líbia');
INSERT INTO TNHT_MULT(LITE_PK, LANG_PK, MULT_DESC)
VALUES('C4D4A103D7845942A989F8BF79756BB5', 1036, 'Lybienne');
INSERT INTO TNHT_MULT(LITE_PK, LANG_PK, MULT_DESC)
VALUES('C4D4A103D7845942A989F8BF79756BB5', 1049, 'Ливия');
INSERT INTO TNHT_NACI(NACI_PK, LITE_DESC, REMU_PK, LICL_PK, NACI_CACO, ISO_3166, PT_SEF)
VALUES('LY', 'C4D4A103D7845942A989F8BF79756BB5', 6, 1, '+218', 'LBY', 'LBY');
INSERT INTO TNHT_LITE(LITE_PK) VALUES('9BB6513DC5479A4DBEB8020472FE5360');
INSERT INTO TNHT_MULT(LITE_PK, LANG_PK, MULT_DESC)
VALUES('9BB6513DC5479A4DBEB8020472FE5360', 1033, 'Liechtenstein');
INSERT INTO TNHT_MULT(LITE_PK, LANG_PK, MULT_DESC)
VALUES('9BB6513DC5479A4DBEB8020472FE5360', 3082, 'Liechtenstein');
INSERT INTO TNHT_MULT(LITE_PK, LANG_PK, MULT_DESC)
VALUES('9BB6513DC5479A4DBEB8020472FE5360', 2070, 'Liechtenstein');
INSERT INTO TNHT_MULT(LITE_PK, LANG_PK, MULT_DESC)
VALUES('9BB6513DC5479A4DBEB8020472FE5360', 1036, 'Liechtenstein');
INSERT INTO TNHT_MULT(LITE_PK, LANG_PK, MULT_DESC)
VALUES('9BB6513DC5479A4DBEB8020472FE5360', 1049, 'Лихтенштейн');
INSERT INTO TNHT_NACI(NACI_PK, LITE_DESC, REMU_PK, LICL_PK, NACI_CACO, ISO_3166, PT_SEF)
VALUES('LI', '9BB6513DC5479A4DBEB8020472FE5360', 4, 7, '+423', 'LIE', 'LIE');
INSERT INTO TNHT_LITE(LITE_PK) VALUES('2CE09B9DE601F74991E6DB9C94196DB2');
INSERT INTO TNHT_MULT(LITE_PK, LANG_PK, MULT_DESC)
VALUES('2CE09B9DE601F74991E6DB9C94196DB2', 1033, 'Lithuania');
INSERT INTO TNHT_MULT(LITE_PK, LANG_PK, MULT_DESC)
VALUES('2CE09B9DE601F74991E6DB9C94196DB2', 3082, 'Lituania');
INSERT INTO TNHT_MULT(LITE_PK, LANG_PK, MULT_DESC)
VALUES('2CE09B9DE601F74991E6DB9C94196DB2', 2070, 'Lituânia');
INSERT INTO TNHT_MULT(LITE_PK, LANG_PK, MULT_DESC)
VALUES('2CE09B9DE601F74991E6DB9C94196DB2', 1036, 'Lituanie');
INSERT INTO TNHT_MULT(LITE_PK, LANG_PK, MULT_DESC)
VALUES('2CE09B9DE601F74991E6DB9C94196DB2', 1049, 'Литва');
INSERT INTO TNHT_NACI(NACI_PK, LITE_DESC, REMU_PK, LICL_PK, NACI_CACO, ISO_3166, PT_SEF)
VALUES('LT', '2CE09B9DE601F74991E6DB9C94196DB2', 4, 39, '+370', 'LTU', 'LTU');
INSERT INTO TNHT_LITE(LITE_PK) VALUES('E0919ABF35131242B4322E9977CCA398');
INSERT INTO TNHT_MULT(LITE_PK, LANG_PK, MULT_DESC)
VALUES('E0919ABF35131242B4322E9977CCA398', 1033, 'Luxembourg');
INSERT INTO TNHT_MULT(LITE_PK, LANG_PK, MULT_DESC)
VALUES('E0919ABF35131242B4322E9977CCA398', 3082, 'Luxemburgo');
INSERT INTO TNHT_MULT(LITE_PK, LANG_PK, MULT_DESC)
VALUES('E0919ABF35131242B4322E9977CCA398', 2070, 'Luxemburgo');
INSERT INTO TNHT_MULT(LITE_PK, LANG_PK, MULT_DESC)
VALUES('E0919ABF35131242B4322E9977CCA398', 1036, 'Luxembourg');
INSERT INTO TNHT_MULT(LITE_PK, LANG_PK, MULT_DESC)
VALUES('E0919ABF35131242B4322E9977CCA398', 1049, 'Люксембург');
INSERT INTO TNHT_NACI(NACI_PK, LITE_DESC, REMU_PK, LICL_PK, NACI_CACO, ISO_3166, PT_SEF)
VALUES('LU', 'E0919ABF35131242B4322E9977CCA398', 4, 7, '+352', 'LUX', 'LUX');
INSERT INTO TNHT_LITE(LITE_PK) VALUES('F14F649B3B20DD419E210F203AEC2804');
INSERT INTO TNHT_MULT(LITE_PK, LANG_PK, MULT_DESC)
VALUES('F14F649B3B20DD419E210F203AEC2804', 1033, 'Saint Lucia');
INSERT INTO TNHT_MULT(LITE_PK, LANG_PK, MULT_DESC)
VALUES('F14F649B3B20DD419E210F203AEC2804', 3082, 'Santa Lucía');
INSERT INTO TNHT_MULT(LITE_PK, LANG_PK, MULT_DESC)
VALUES('F14F649B3B20DD419E210F203AEC2804', 2070, 'Santa Lúcia');
INSERT INTO TNHT_MULT(LITE_PK, LANG_PK, MULT_DESC)
VALUES('F14F649B3B20DD419E210F203AEC2804', 1036, 'Sainte-Lucie');
INSERT INTO TNHT_MULT(LITE_PK, LANG_PK, MULT_DESC)
VALUES('F14F649B3B20DD419E210F203AEC2804', 1049, 'Санта Лючия');
INSERT INTO TNHT_NACI(NACI_PK, LITE_DESC, REMU_PK, LICL_PK, NACI_CACO, ISO_3166, PT_SEF)
VALUES('LC', 'F14F649B3B20DD419E210F203AEC2804', 2, 9, '+1-758', 'LCA', 'LCA');
INSERT INTO TNHT_LITE(LITE_PK) VALUES('1FCDF401CD77B546B81EFEB92568B1F4');
INSERT INTO TNHT_MULT(LITE_PK, LANG_PK, MULT_DESC)
VALUES('1FCDF401CD77B546B81EFEB92568B1F4', 1033, 'Sri Lanka');
INSERT INTO TNHT_MULT(LITE_PK, LANG_PK, MULT_DESC)
VALUES('1FCDF401CD77B546B81EFEB92568B1F4', 3082, 'Sri Lanka');
INSERT INTO TNHT_MULT(LITE_PK, LANG_PK, MULT_DESC)
VALUES('1FCDF401CD77B546B81EFEB92568B1F4', 2070, 'Sri Lanka');
INSERT INTO TNHT_MULT(LITE_PK, LANG_PK, MULT_DESC)
VALUES('1FCDF401CD77B546B81EFEB92568B1F4', 1036, 'Sri Lanka');
INSERT INTO TNHT_MULT(LITE_PK, LANG_PK, MULT_DESC)
VALUES('1FCDF401CD77B546B81EFEB92568B1F4', 1049, 'Шри-Ланка');
INSERT INTO TNHT_NACI(NACI_PK, LITE_DESC, REMU_PK, LICL_PK, NACI_CACO, ISO_3166, PT_SEF)
VALUES('LK', '1FCDF401CD77B546B81EFEB92568B1F4', 7, 91, '+94', 'LKA', 'LKA');
INSERT INTO TNHT_LITE(LITE_PK) VALUES('38C204AF9282C7438BD013CDD2C5DF11');
INSERT INTO TNHT_MULT(LITE_PK, LANG_PK, MULT_DESC)
VALUES('38C204AF9282C7438BD013CDD2C5DF11', 1033, 'Macedonia');
INSERT INTO TNHT_MULT(LITE_PK, LANG_PK, MULT_DESC)
VALUES('38C204AF9282C7438BD013CDD2C5DF11', 3082, 'Macedonia');
INSERT INTO TNHT_MULT(LITE_PK, LANG_PK, MULT_DESC)
VALUES('38C204AF9282C7438BD013CDD2C5DF11', 2070, 'Macedónia');
INSERT INTO TNHT_MULT(LITE_PK, LANG_PK, MULT_DESC)
VALUES('38C204AF9282C7438BD013CDD2C5DF11', 1036, 'Macédoine');
INSERT INTO TNHT_MULT(LITE_PK, LANG_PK, MULT_DESC)
VALUES('38C204AF9282C7438BD013CDD2C5DF11', 1049, 'Македония');
INSERT INTO TNHT_NACI(NACI_PK, LITE_DESC, REMU_PK, LICL_PK, NACI_CACO, ISO_3166, PT_SEF)
VALUES('MK', '38C204AF9282C7438BD013CDD2C5DF11', 4, 47, '+389', 'MKD', 'MKD');
INSERT INTO TNHT_LITE(LITE_PK) VALUES('1D6856A623BDBE4BAA6286981F2CC5D8');
INSERT INTO TNHT_MULT(LITE_PK, LANG_PK, MULT_DESC)
VALUES('1D6856A623BDBE4BAA6286981F2CC5D8', 1033, 'Madagascar');
INSERT INTO TNHT_MULT(LITE_PK, LANG_PK, MULT_DESC)
VALUES('1D6856A623BDBE4BAA6286981F2CC5D8', 3082, 'Madagascar');
INSERT INTO TNHT_MULT(LITE_PK, LANG_PK, MULT_DESC)
VALUES('1D6856A623BDBE4BAA6286981F2CC5D8', 2070, 'Madagáscar');
INSERT INTO TNHT_MULT(LITE_PK, LANG_PK, MULT_DESC)
VALUES('1D6856A623BDBE4BAA6286981F2CC5D8', 1036, 'Madagascar');
INSERT INTO TNHT_MULT(LITE_PK, LANG_PK, MULT_DESC)
VALUES('1D6856A623BDBE4BAA6286981F2CC5D8', 1049, 'Мадагаскар');
INSERT INTO TNHT_NACI(NACI_PK, LITE_DESC, REMU_PK, LICL_PK, NACI_CACO, ISO_3166, PT_SEF)
VALUES('MG', '1D6856A623BDBE4BAA6286981F2CC5D8', 6, 12, '+261', 'MDG', 'MDG');
INSERT INTO TNHT_LITE(LITE_PK) VALUES('8898041FA19C044385FA2C5F23A65CBD');
INSERT INTO TNHT_MULT(LITE_PK, LANG_PK, MULT_DESC)
VALUES('8898041FA19C044385FA2C5F23A65CBD', 1033, 'Malawi');
INSERT INTO TNHT_MULT(LITE_PK, LANG_PK, MULT_DESC)
VALUES('8898041FA19C044385FA2C5F23A65CBD', 3082, 'Malawi');
INSERT INTO TNHT_MULT(LITE_PK, LANG_PK, MULT_DESC)
VALUES('8898041FA19C044385FA2C5F23A65CBD', 2070, 'Malawi');
INSERT INTO TNHT_MULT(LITE_PK, LANG_PK, MULT_DESC)
VALUES('8898041FA19C044385FA2C5F23A65CBD', 1036, 'Malawi');
INSERT INTO TNHT_MULT(LITE_PK, LANG_PK, MULT_DESC)
VALUES('8898041FA19C044385FA2C5F23A65CBD', 1049, 'Малави');
INSERT INTO TNHT_NACI(NACI_PK, LITE_DESC, REMU_PK, LICL_PK, NACI_CACO, ISO_3166, PT_SEF)
VALUES('MW', '8898041FA19C044385FA2C5F23A65CBD', 6, 9, '+352', 'MWI', 'MWI');
INSERT INTO TNHT_LITE(LITE_PK) VALUES('81150E62873C9D4CBCA50837E802D849');
INSERT INTO TNHT_MULT(LITE_PK, LANG_PK, MULT_DESC)
VALUES('81150E62873C9D4CBCA50837E802D849', 1033, 'Malaysia');
INSERT INTO TNHT_MULT(LITE_PK, LANG_PK, MULT_DESC)
VALUES('81150E62873C9D4CBCA50837E802D849', 3082, 'Malasia');
INSERT INTO TNHT_MULT(LITE_PK, LANG_PK, MULT_DESC)
VALUES('81150E62873C9D4CBCA50837E802D849', 2070, 'Malásia');
INSERT INTO TNHT_MULT(LITE_PK, LANG_PK, MULT_DESC)
VALUES('81150E62873C9D4CBCA50837E802D849', 1036, 'Malaisie');
INSERT INTO TNHT_MULT(LITE_PK, LANG_PK, MULT_DESC)
VALUES('81150E62873C9D4CBCA50837E802D849', 1049, 'Майлазия');
INSERT INTO TNHT_NACI(NACI_PK, LITE_DESC, REMU_PK, LICL_PK, NACI_CACO, ISO_3166, PT_SEF)
VALUES('MY', '81150E62873C9D4CBCA50837E802D849', 8, 76, '+60', 'MYS', 'MYS');
INSERT INTO TNHT_LITE(LITE_PK) VALUES('1C3505AF54F5B04EB76BD8412AD8C5A4');
INSERT INTO TNHT_MULT(LITE_PK, LANG_PK, MULT_DESC)
VALUES('1C3505AF54F5B04EB76BD8412AD8C5A4', 1033, 'Maldives');
INSERT INTO TNHT_MULT(LITE_PK, LANG_PK, MULT_DESC)
VALUES('1C3505AF54F5B04EB76BD8412AD8C5A4', 3082, 'Islas Maldivas');
INSERT INTO TNHT_MULT(LITE_PK, LANG_PK, MULT_DESC)
VALUES('1C3505AF54F5B04EB76BD8412AD8C5A4', 2070, 'Maldivas');
INSERT INTO TNHT_MULT(LITE_PK, LANG_PK, MULT_DESC)
VALUES('1C3505AF54F5B04EB76BD8412AD8C5A4', 1036, 'Maldives');
INSERT INTO TNHT_MULT(LITE_PK, LANG_PK, MULT_DESC)
VALUES('1C3505AF54F5B04EB76BD8412AD8C5A4', 1049, 'Мальдивы');
INSERT INTO TNHT_NACI(NACI_PK, LITE_DESC, REMU_PK, LICL_PK, NACI_CACO, ISO_3166, PT_SEF)
VALUES('MV', '1C3505AF54F5B04EB76BD8412AD8C5A4', 7, 101, '+960', 'MDV', 'MDV');
INSERT INTO TNHT_LITE(LITE_PK) VALUES('3B2E3A619D44FA468C009DD414696CCF');
INSERT INTO TNHT_MULT(LITE_PK, LANG_PK, MULT_DESC)
VALUES('3B2E3A619D44FA468C009DD414696CCF', 1033, 'Mali');
INSERT INTO TNHT_MULT(LITE_PK, LANG_PK, MULT_DESC)
VALUES('3B2E3A619D44FA468C009DD414696CCF', 3082, 'Mali');
INSERT INTO TNHT_MULT(LITE_PK, LANG_PK, MULT_DESC)
VALUES('3B2E3A619D44FA468C009DD414696CCF', 2070, 'Mali');
INSERT INTO TNHT_MULT(LITE_PK, LANG_PK, MULT_DESC)
VALUES('3B2E3A619D44FA468C009DD414696CCF', 1036, 'Mali');
INSERT INTO TNHT_MULT(LITE_PK, LANG_PK, MULT_DESC)
VALUES('3B2E3A619D44FA468C009DD414696CCF', 1049, 'Мали');
INSERT INTO TNHT_NACI(NACI_PK, LITE_DESC, REMU_PK, LICL_PK, NACI_CACO, ISO_3166, PT_SEF)
VALUES('ML', '3B2E3A619D44FA468C009DD414696CCF', 6, 12, '+223', 'MLI', 'MLI');
INSERT INTO TNHT_LITE(LITE_PK) VALUES('90B64AF1B159FA41AC112B01C98A1B72');
INSERT INTO TNHT_MULT(LITE_PK, LANG_PK, MULT_DESC)
VALUES('90B64AF1B159FA41AC112B01C98A1B72', 1033, 'Malta');
INSERT INTO TNHT_MULT(LITE_PK, LANG_PK, MULT_DESC)
VALUES('90B64AF1B159FA41AC112B01C98A1B72', 3082, 'Malta');
INSERT INTO TNHT_MULT(LITE_PK, LANG_PK, MULT_DESC)
VALUES('90B64AF1B159FA41AC112B01C98A1B72', 2070, 'Malta');
INSERT INTO TNHT_MULT(LITE_PK, LANG_PK, MULT_DESC)
VALUES('90B64AF1B159FA41AC112B01C98A1B72', 1036, 'Malte');
INSERT INTO TNHT_MULT(LITE_PK, LANG_PK, MULT_DESC)
VALUES('90B64AF1B159FA41AC112B01C98A1B72', 1049, 'Мальта');
INSERT INTO TNHT_NACI(NACI_PK, LITE_DESC, REMU_PK, LICL_PK, NACI_CACO, ISO_3166, PT_SEF)
VALUES('MT', '90B64AF1B159FA41AC112B01C98A1B72', 4, 58, '+356', 'MLT', 'MLT');
INSERT INTO TNHT_LITE(LITE_PK) VALUES('952D684670D56C44B1E5DCC33258CD2D');
INSERT INTO TNHT_MULT(LITE_PK, LANG_PK, MULT_DESC)
VALUES('952D684670D56C44B1E5DCC33258CD2D', 1033, 'Morocco');
INSERT INTO TNHT_MULT(LITE_PK, LANG_PK, MULT_DESC)
VALUES('952D684670D56C44B1E5DCC33258CD2D', 3082, 'Marruecos');
INSERT INTO TNHT_MULT(LITE_PK, LANG_PK, MULT_DESC)
VALUES('952D684670D56C44B1E5DCC33258CD2D', 2070, 'Marrocos');
INSERT INTO TNHT_MULT(LITE_PK, LANG_PK, MULT_DESC)
VALUES('952D684670D56C44B1E5DCC33258CD2D', 1036, 'Maroc');
INSERT INTO TNHT_MULT(LITE_PK, LANG_PK, MULT_DESC)
VALUES('952D684670D56C44B1E5DCC33258CD2D', 1049, 'Марокко');
INSERT INTO TNHT_NACI(NACI_PK, LITE_DESC, REMU_PK, LICL_PK, NACI_CACO, ISO_3166, PT_SEF)
VALUES('MA', '952D684670D56C44B1E5DCC33258CD2D', 6, 1, '+212', 'MAR', 'MAR');
INSERT INTO TNHT_LITE(LITE_PK) VALUES('F90A3B6457A7E746BC8F6E0738997D3E');
INSERT INTO TNHT_MULT(LITE_PK, LANG_PK, MULT_DESC)
VALUES('F90A3B6457A7E746BC8F6E0738997D3E', 1033, 'Marshall Islands');
INSERT INTO TNHT_MULT(LITE_PK, LANG_PK, MULT_DESC)
VALUES('F90A3B6457A7E746BC8F6E0738997D3E', 3082, 'Islas Marshall');
INSERT INTO TNHT_MULT(LITE_PK, LANG_PK, MULT_DESC)
VALUES('F90A3B6457A7E746BC8F6E0738997D3E', 2070, 'Ilhas Marshall');
INSERT INTO TNHT_MULT(LITE_PK, LANG_PK, MULT_DESC)
VALUES('F90A3B6457A7E746BC8F6E0738997D3E', 1036, 'Îles Marshall');
INSERT INTO TNHT_MULT(LITE_PK, LANG_PK, MULT_DESC)
VALUES('F90A3B6457A7E746BC8F6E0738997D3E', 1049, 'Маршалловы острова');
INSERT INTO TNHT_NACI(NACI_PK, LITE_DESC, REMU_PK, LICL_PK, NACI_CACO, ISO_3166, PT_SEF)
VALUES('MH', 'F90A3B6457A7E746BC8F6E0738997D3E', 9, 9, '+692', 'MHL', 'MHL');
INSERT INTO TNHT_LITE(LITE_PK) VALUES('8BD1819C4D1B0C42B05062D385A268E5');
INSERT INTO TNHT_MULT(LITE_PK, LANG_PK, MULT_DESC)
VALUES('8BD1819C4D1B0C42B05062D385A268E5', 1033, 'Mauritius');
INSERT INTO TNHT_MULT(LITE_PK, LANG_PK, MULT_DESC)
VALUES('8BD1819C4D1B0C42B05062D385A268E5', 3082, 'Mauricio');
INSERT INTO TNHT_MULT(LITE_PK, LANG_PK, MULT_DESC)
VALUES('8BD1819C4D1B0C42B05062D385A268E5', 2070, 'Maurícias');
INSERT INTO TNHT_MULT(LITE_PK, LANG_PK, MULT_DESC)
VALUES('8BD1819C4D1B0C42B05062D385A268E5', 1036, 'Maurice');
INSERT INTO TNHT_MULT(LITE_PK, LANG_PK, MULT_DESC)
VALUES('8BD1819C4D1B0C42B05062D385A268E5', 1049, 'Маврикий');
INSERT INTO TNHT_NACI(NACI_PK, LITE_DESC, REMU_PK, LICL_PK, NACI_CACO, ISO_3166, PT_SEF)
VALUES('MU', '8BD1819C4D1B0C42B05062D385A268E5', 6, 9, '+230', 'MUS', 'MUS');
INSERT INTO TNHT_LITE(LITE_PK) VALUES('342F79548D665E42B057145432789E62');
INSERT INTO TNHT_MULT(LITE_PK, LANG_PK, MULT_DESC)
VALUES('342F79548D665E42B057145432789E62', 1033, 'Mauritania');
INSERT INTO TNHT_MULT(LITE_PK, LANG_PK, MULT_DESC)
VALUES('342F79548D665E42B057145432789E62', 3082, 'Mauritania');
INSERT INTO TNHT_MULT(LITE_PK, LANG_PK, MULT_DESC)
VALUES('342F79548D665E42B057145432789E62', 2070, 'Mauritânia');
INSERT INTO TNHT_MULT(LITE_PK, LANG_PK, MULT_DESC)
VALUES('342F79548D665E42B057145432789E62', 1036, 'Mauritanie');
INSERT INTO TNHT_MULT(LITE_PK, LANG_PK, MULT_DESC)
VALUES('342F79548D665E42B057145432789E62', 1049, 'Мавритания');
INSERT INTO TNHT_NACI(NACI_PK, LITE_DESC, REMU_PK, LICL_PK, NACI_CACO, ISO_3166, PT_SEF)
VALUES('MR', '342F79548D665E42B057145432789E62', 6, 1, '+222', 'MRT', 'MRT');
INSERT INTO TNHT_LITE(LITE_PK) VALUES('D056F1A911722E4C82D4B37734D60462');
INSERT INTO TNHT_MULT(LITE_PK, LANG_PK, MULT_DESC)
VALUES('D056F1A911722E4C82D4B37734D60462', 1033, 'Mexico');
INSERT INTO TNHT_MULT(LITE_PK, LANG_PK, MULT_DESC)
VALUES('D056F1A911722E4C82D4B37734D60462', 3082, 'México');
INSERT INTO TNHT_MULT(LITE_PK, LANG_PK, MULT_DESC)
VALUES('D056F1A911722E4C82D4B37734D60462', 2070, 'México');
INSERT INTO TNHT_MULT(LITE_PK, LANG_PK, MULT_DESC)
VALUES('D056F1A911722E4C82D4B37734D60462', 1036, 'Mexique');
INSERT INTO TNHT_MULT(LITE_PK, LANG_PK, MULT_DESC)
VALUES('D056F1A911722E4C82D4B37734D60462', 1049, 'Мексика');
INSERT INTO TNHT_NACI(NACI_PK, LITE_DESC, REMU_PK, LICL_PK, NACI_CACO, ISO_3166, PT_SEF)
VALUES('MX', 'D056F1A911722E4C82D4B37734D60462', 1, 10, '+52', 'MEX', 'MEX');
INSERT INTO TNHT_LITE(LITE_PK) VALUES('50987945EB1E0147B746716EBDB289D1');
INSERT INTO TNHT_MULT(LITE_PK, LANG_PK, MULT_DESC)
VALUES('50987945EB1E0147B746716EBDB289D1', 1033, 'Moldova');
INSERT INTO TNHT_MULT(LITE_PK, LANG_PK, MULT_DESC)
VALUES('50987945EB1E0147B746716EBDB289D1', 3082, 'Moldavia');
INSERT INTO TNHT_MULT(LITE_PK, LANG_PK, MULT_DESC)
VALUES('50987945EB1E0147B746716EBDB289D1', 2070, 'Moldávia');
INSERT INTO TNHT_MULT(LITE_PK, LANG_PK, MULT_DESC)
VALUES('50987945EB1E0147B746716EBDB289D1', 1036, 'Moldova');
INSERT INTO TNHT_MULT(LITE_PK, LANG_PK, MULT_DESC)
VALUES('50987945EB1E0147B746716EBDB289D1', 1049, 'Молдавия');
INSERT INTO TNHT_NACI(NACI_PK, LITE_DESC, REMU_PK, LICL_PK, NACI_CACO, ISO_3166, PT_SEF)
VALUES('MD', '50987945EB1E0147B746716EBDB289D1', 4, 25, '+373', 'MDA', 'MDA');
INSERT INTO TNHT_LITE(LITE_PK) VALUES('870E5043DB3792439494513BDE20435D');
INSERT INTO TNHT_MULT(LITE_PK, LANG_PK, MULT_DESC)
VALUES('870E5043DB3792439494513BDE20435D', 1033, 'Monaco');
INSERT INTO TNHT_MULT(LITE_PK, LANG_PK, MULT_DESC)
VALUES('870E5043DB3792439494513BDE20435D', 3082, 'Mónaco');
INSERT INTO TNHT_MULT(LITE_PK, LANG_PK, MULT_DESC)
VALUES('870E5043DB3792439494513BDE20435D', 2070, 'Mónaco');
INSERT INTO TNHT_MULT(LITE_PK, LANG_PK, MULT_DESC)
VALUES('870E5043DB3792439494513BDE20435D', 1036, 'Monaco');
INSERT INTO TNHT_MULT(LITE_PK, LANG_PK, MULT_DESC)
VALUES('870E5043DB3792439494513BDE20435D', 1049, 'Монако');
INSERT INTO TNHT_NACI(NACI_PK, LITE_DESC, REMU_PK, LICL_PK, NACI_CACO, ISO_3166, PT_SEF)
VALUES('MC', '870E5043DB3792439494513BDE20435D', 4, 12, '+377', 'MCO', 'MCO');
INSERT INTO TNHT_LITE(LITE_PK) VALUES('F86DC2016582814EA5DB3BC30FAE7BF7');
INSERT INTO TNHT_MULT(LITE_PK, LANG_PK, MULT_DESC)
VALUES('F86DC2016582814EA5DB3BC30FAE7BF7', 1033, 'Mongolia');
INSERT INTO TNHT_MULT(LITE_PK, LANG_PK, MULT_DESC)
VALUES('F86DC2016582814EA5DB3BC30FAE7BF7', 3082, 'Mongolia');
INSERT INTO TNHT_MULT(LITE_PK, LANG_PK, MULT_DESC)
VALUES('F86DC2016582814EA5DB3BC30FAE7BF7', 2070, 'Mongólia');
INSERT INTO TNHT_MULT(LITE_PK, LANG_PK, MULT_DESC)
VALUES('F86DC2016582814EA5DB3BC30FAE7BF7', 1036, 'Mongolie');
INSERT INTO TNHT_MULT(LITE_PK, LANG_PK, MULT_DESC)
VALUES('F86DC2016582814EA5DB3BC30FAE7BF7', 1049, 'Монголия');
INSERT INTO TNHT_NACI(NACI_PK, LITE_DESC, REMU_PK, LICL_PK, NACI_CACO, ISO_3166, PT_SEF)
VALUES('MN', 'F86DC2016582814EA5DB3BC30FAE7BF7', 7, 80, '+976', 'MNG', 'MNG');
INSERT INTO TNHT_LITE(LITE_PK) VALUES('5ED853B76FCF074493DA468D94CEF5CD');
INSERT INTO TNHT_MULT(LITE_PK, LANG_PK, MULT_DESC)
VALUES('5ED853B76FCF074493DA468D94CEF5CD', 1033, 'Mozambique');
INSERT INTO TNHT_MULT(LITE_PK, LANG_PK, MULT_DESC)
VALUES('5ED853B76FCF074493DA468D94CEF5CD', 3082, 'Mozambique');
INSERT INTO TNHT_MULT(LITE_PK, LANG_PK, MULT_DESC)
VALUES('5ED853B76FCF074493DA468D94CEF5CD', 2070, 'Moçambique');
INSERT INTO TNHT_MULT(LITE_PK, LANG_PK, MULT_DESC)
VALUES('5ED853B76FCF074493DA468D94CEF5CD', 1036, 'Mozambique');
INSERT INTO TNHT_MULT(LITE_PK, LANG_PK, MULT_DESC)
VALUES('5ED853B76FCF074493DA468D94CEF5CD', 1049, 'Мозамбик');
INSERT INTO TNHT_NACI(NACI_PK, LITE_DESC, REMU_PK, LICL_PK, NACI_CACO, ISO_3166, PT_SEF)
VALUES('MZ', '5ED853B76FCF074493DA468D94CEF5CD', 6, 22, '+258', 'MOZ', 'MOZ');
INSERT INTO TNHT_LITE(LITE_PK) VALUES('2B618702206BE042B2536D8229346D91');
INSERT INTO TNHT_MULT(LITE_PK, LANG_PK, MULT_DESC)
VALUES('2B618702206BE042B2536D8229346D91', 1033, 'Namibia');
INSERT INTO TNHT_MULT(LITE_PK, LANG_PK, MULT_DESC)
VALUES('2B618702206BE042B2536D8229346D91', 3082, 'Namibia');
INSERT INTO TNHT_MULT(LITE_PK, LANG_PK, MULT_DESC)
VALUES('2B618702206BE042B2536D8229346D91', 2070, 'Namíbia');
INSERT INTO TNHT_MULT(LITE_PK, LANG_PK, MULT_DESC)
VALUES('2B618702206BE042B2536D8229346D91', 1036, 'Namibie');
INSERT INTO TNHT_MULT(LITE_PK, LANG_PK, MULT_DESC)
VALUES('2B618702206BE042B2536D8229346D91', 1049, 'Намибия');
INSERT INTO TNHT_NACI(NACI_PK, LITE_DESC, REMU_PK, LICL_PK, NACI_CACO, ISO_3166, PT_SEF)
VALUES('NA', '2B618702206BE042B2536D8229346D91', 6, 9, '+264', 'NAM', 'NAM');
INSERT INTO TNHT_LITE(LITE_PK) VALUES('8517959BE5DFE24091DD5359F60807D4');
INSERT INTO TNHT_MULT(LITE_PK, LANG_PK, MULT_DESC)
VALUES('8517959BE5DFE24091DD5359F60807D4', 1033, 'Nauru');
INSERT INTO TNHT_MULT(LITE_PK, LANG_PK, MULT_DESC)
VALUES('8517959BE5DFE24091DD5359F60807D4', 3082, 'Nauru');
INSERT INTO TNHT_MULT(LITE_PK, LANG_PK, MULT_DESC)
VALUES('8517959BE5DFE24091DD5359F60807D4', 2070, 'Nauru');
INSERT INTO TNHT_MULT(LITE_PK, LANG_PK, MULT_DESC)
VALUES('8517959BE5DFE24091DD5359F60807D4', 1036, 'Nauru');
INSERT INTO TNHT_MULT(LITE_PK, LANG_PK, MULT_DESC)
VALUES('8517959BE5DFE24091DD5359F60807D4', 1049, 'Науру');
INSERT INTO TNHT_NACI(NACI_PK, LITE_DESC, REMU_PK, LICL_PK, NACI_CACO, ISO_3166, PT_SEF)
VALUES('NR', '8517959BE5DFE24091DD5359F60807D4', 9, 9, '+674', 'NRU', 'NRU');
INSERT INTO TNHT_LITE(LITE_PK) VALUES('75EB115FB68F074FBAA52726061F794C');
INSERT INTO TNHT_MULT(LITE_PK, LANG_PK, MULT_DESC)
VALUES('75EB115FB68F074FBAA52726061F794C', 1033, 'Nepal');
INSERT INTO TNHT_MULT(LITE_PK, LANG_PK, MULT_DESC)
VALUES('75EB115FB68F074FBAA52726061F794C', 3082, 'Nepal');
INSERT INTO TNHT_MULT(LITE_PK, LANG_PK, MULT_DESC)
VALUES('75EB115FB68F074FBAA52726061F794C', 2070, 'Nepal');
INSERT INTO TNHT_MULT(LITE_PK, LANG_PK, MULT_DESC)
VALUES('75EB115FB68F074FBAA52726061F794C', 1036, 'Népal');
INSERT INTO TNHT_MULT(LITE_PK, LANG_PK, MULT_DESC)
VALUES('75EB115FB68F074FBAA52726061F794C', 1049, 'Непал');
INSERT INTO TNHT_NACI(NACI_PK, LITE_DESC, REMU_PK, LICL_PK, NACI_CACO, ISO_3166, PT_SEF)
VALUES('NP', '75EB115FB68F074FBAA52726061F794C', 7, 97, '+977', 'NPL', 'NPL');
INSERT INTO TNHT_LITE(LITE_PK) VALUES('650F5DACBA3F2741BCA7069D1A2D508A');
INSERT INTO TNHT_MULT(LITE_PK, LANG_PK, MULT_DESC)
VALUES('650F5DACBA3F2741BCA7069D1A2D508A', 1033, 'Nicaragua');
INSERT INTO TNHT_MULT(LITE_PK, LANG_PK, MULT_DESC)
VALUES('650F5DACBA3F2741BCA7069D1A2D508A', 3082, 'Nicaragua');
INSERT INTO TNHT_MULT(LITE_PK, LANG_PK, MULT_DESC)
VALUES('650F5DACBA3F2741BCA7069D1A2D508A', 2070, 'Nicarágua');
INSERT INTO TNHT_MULT(LITE_PK, LANG_PK, MULT_DESC)
VALUES('650F5DACBA3F2741BCA7069D1A2D508A', 1036, 'Nicaragua');
INSERT INTO TNHT_MULT(LITE_PK, LANG_PK, MULT_DESC)
VALUES('650F5DACBA3F2741BCA7069D1A2D508A', 1049, 'Никарагуа');
INSERT INTO TNHT_NACI(NACI_PK, LITE_DESC, REMU_PK, LICL_PK, NACI_CACO, ISO_3166, PT_SEF)
VALUES('NI', '650F5DACBA3F2741BCA7069D1A2D508A', 2, 10, '+505', 'NIC', 'NIC');
INSERT INTO TNHT_LITE(LITE_PK) VALUES('F15546F32E8293489FBA85CC6D04602A');
INSERT INTO TNHT_MULT(LITE_PK, LANG_PK, MULT_DESC)
VALUES('F15546F32E8293489FBA85CC6D04602A', 1033, 'Niger');
INSERT INTO TNHT_MULT(LITE_PK, LANG_PK, MULT_DESC)
VALUES('F15546F32E8293489FBA85CC6D04602A', 3082, 'Niger');
INSERT INTO TNHT_MULT(LITE_PK, LANG_PK, MULT_DESC)
VALUES('F15546F32E8293489FBA85CC6D04602A', 2070, 'Níger');
INSERT INTO TNHT_MULT(LITE_PK, LANG_PK, MULT_DESC)
VALUES('F15546F32E8293489FBA85CC6D04602A', 1036, 'Niger');
INSERT INTO TNHT_MULT(LITE_PK, LANG_PK, MULT_DESC)
VALUES('F15546F32E8293489FBA85CC6D04602A', 1049, 'Нигер');
INSERT INTO TNHT_NACI(NACI_PK, LITE_DESC, REMU_PK, LICL_PK, NACI_CACO, ISO_3166, PT_SEF)
VALUES('NE', 'F15546F32E8293489FBA85CC6D04602A', 6, 12, '+227', 'NER', 'NER');
INSERT INTO TNHT_LITE(LITE_PK) VALUES('B7EDEDC1344566488E33CDF8E1B5557E');
INSERT INTO TNHT_MULT(LITE_PK, LANG_PK, MULT_DESC)
VALUES('B7EDEDC1344566488E33CDF8E1B5557E', 1033, 'Nigeria');
INSERT INTO TNHT_MULT(LITE_PK, LANG_PK, MULT_DESC)
VALUES('B7EDEDC1344566488E33CDF8E1B5557E', 3082, 'Nigeria');
INSERT INTO TNHT_MULT(LITE_PK, LANG_PK, MULT_DESC)
VALUES('B7EDEDC1344566488E33CDF8E1B5557E', 2070, 'Nigéria');
INSERT INTO TNHT_MULT(LITE_PK, LANG_PK, MULT_DESC)
VALUES('B7EDEDC1344566488E33CDF8E1B5557E', 1036, 'Nigeria');
INSERT INTO TNHT_MULT(LITE_PK, LANG_PK, MULT_DESC)
VALUES('B7EDEDC1344566488E33CDF8E1B5557E', 1049, 'Нигерия');
INSERT INTO TNHT_NACI(NACI_PK, LITE_DESC, REMU_PK, LICL_PK, NACI_CACO, ISO_3166, PT_SEF)
VALUES('NG', 'B7EDEDC1344566488E33CDF8E1B5557E', 6, 9, '+234', 'NGA', 'NGA');
INSERT INTO TNHT_LITE(LITE_PK) VALUES('6DDEFB53874123488457C42227EF80EC');
INSERT INTO TNHT_MULT(LITE_PK, LANG_PK, MULT_DESC)
VALUES('6DDEFB53874123488457C42227EF80EC', 1033, 'Norway');
INSERT INTO TNHT_MULT(LITE_PK, LANG_PK, MULT_DESC)
VALUES('6DDEFB53874123488457C42227EF80EC', 3082, 'Noruega');
INSERT INTO TNHT_MULT(LITE_PK, LANG_PK, MULT_DESC)
VALUES('6DDEFB53874123488457C42227EF80EC', 2070, 'Noruega');
INSERT INTO TNHT_MULT(LITE_PK, LANG_PK, MULT_DESC)
VALUES('6DDEFB53874123488457C42227EF80EC', 1036, 'Norvège');
INSERT INTO TNHT_MULT(LITE_PK, LANG_PK, MULT_DESC)
VALUES('6DDEFB53874123488457C42227EF80EC', 1049, 'Норвегия');
INSERT INTO TNHT_NACI(NACI_PK, LITE_DESC, REMU_PK, LICL_PK, NACI_CACO, ISO_3166, PT_SEF)
VALUES('NO', '6DDEFB53874123488457C42227EF80EC', 4, 20, '+47', 'NOR', 'NOR');
INSERT INTO TNHT_LITE(LITE_PK) VALUES('A1EDFE97AD1C9E4694F8583582B95022');
INSERT INTO TNHT_MULT(LITE_PK, LANG_PK, MULT_DESC)
VALUES('A1EDFE97AD1C9E4694F8583582B95022', 1033, 'New Zealand');
INSERT INTO TNHT_MULT(LITE_PK, LANG_PK, MULT_DESC)
VALUES('A1EDFE97AD1C9E4694F8583582B95022', 3082, 'Nueva Zelandia');
INSERT INTO TNHT_MULT(LITE_PK, LANG_PK, MULT_DESC)
VALUES('A1EDFE97AD1C9E4694F8583582B95022', 2070, 'Nova Zelândia');
INSERT INTO TNHT_MULT(LITE_PK, LANG_PK, MULT_DESC)
VALUES('A1EDFE97AD1C9E4694F8583582B95022', 1036, 'Nouvelle-Zélande');
INSERT INTO TNHT_MULT(LITE_PK, LANG_PK, MULT_DESC)
VALUES('A1EDFE97AD1C9E4694F8583582B95022', 1049, 'Новая Зеландия');
INSERT INTO TNHT_NACI(NACI_PK, LITE_DESC, REMU_PK, LICL_PK, NACI_CACO, ISO_3166, PT_SEF)
VALUES('NZ', 'A1EDFE97AD1C9E4694F8583582B95022', 9, 129, '+64', 'NZL', 'NZL');
INSERT INTO TNHT_LITE(LITE_PK) VALUES('AA8AC0ABA4367346B53106482A9E5372');
INSERT INTO TNHT_MULT(LITE_PK, LANG_PK, MULT_DESC)
VALUES('AA8AC0ABA4367346B53106482A9E5372', 1033, 'Netherlands');
INSERT INTO TNHT_MULT(LITE_PK, LANG_PK, MULT_DESC)
VALUES('AA8AC0ABA4367346B53106482A9E5372', 3082, 'Países Bajos');
INSERT INTO TNHT_MULT(LITE_PK, LANG_PK, MULT_DESC)
VALUES('AA8AC0ABA4367346B53106482A9E5372', 2070, 'Países Baixos');
INSERT INTO TNHT_MULT(LITE_PK, LANG_PK, MULT_DESC)
VALUES('AA8AC0ABA4367346B53106482A9E5372', 1036, 'Pays-Bas');
INSERT INTO TNHT_MULT(LITE_PK, LANG_PK, MULT_DESC)
VALUES('AA8AC0ABA4367346B53106482A9E5372', 1049, 'Нидерланды');
INSERT INTO TNHT_NACI(NACI_PK, LITE_DESC, REMU_PK, LICL_PK, NACI_CACO, ISO_3166, PT_SEF)
VALUES('NL', 'AA8AC0ABA4367346B53106482A9E5372', 4, 19, '+31', 'NLD', 'NLD');
INSERT INTO TNHT_LITE(LITE_PK) VALUES('718C6EF05A714B48B289E79927A43FD9');
INSERT INTO TNHT_MULT(LITE_PK, LANG_PK, MULT_DESC)
VALUES('718C6EF05A714B48B289E79927A43FD9', 1033, 'Oman');
INSERT INTO TNHT_MULT(LITE_PK, LANG_PK, MULT_DESC)
VALUES('718C6EF05A714B48B289E79927A43FD9', 3082, 'Omán');
INSERT INTO TNHT_MULT(LITE_PK, LANG_PK, MULT_DESC)
VALUES('718C6EF05A714B48B289E79927A43FD9', 2070, 'Oman');
INSERT INTO TNHT_MULT(LITE_PK, LANG_PK, MULT_DESC)
VALUES('718C6EF05A714B48B289E79927A43FD9', 1036, 'Oman');
INSERT INTO TNHT_MULT(LITE_PK, LANG_PK, MULT_DESC)
VALUES('718C6EF05A714B48B289E79927A43FD9', 1049, 'Оман');
INSERT INTO TNHT_NACI(NACI_PK, LITE_DESC, REMU_PK, LICL_PK, NACI_CACO, ISO_3166, PT_SEF)
VALUES('OM', '718C6EF05A714B48B289E79927A43FD9', 5, 1, '+968', 'OMN', 'OMN');
INSERT INTO TNHT_LITE(LITE_PK) VALUES('AAB836E2054C4A4984A2D0EAAF0103FF');
INSERT INTO TNHT_MULT(LITE_PK, LANG_PK, MULT_DESC)
VALUES('AAB836E2054C4A4984A2D0EAAF0103FF', 1033, 'Pakistan');
INSERT INTO TNHT_MULT(LITE_PK, LANG_PK, MULT_DESC)
VALUES('AAB836E2054C4A4984A2D0EAAF0103FF', 3082, 'Pakistán');
INSERT INTO TNHT_MULT(LITE_PK, LANG_PK, MULT_DESC)
VALUES('AAB836E2054C4A4984A2D0EAAF0103FF', 2070, 'Paquistão');
INSERT INTO TNHT_MULT(LITE_PK, LANG_PK, MULT_DESC)
VALUES('AAB836E2054C4A4984A2D0EAAF0103FF', 1036, 'Pakistan');
INSERT INTO TNHT_MULT(LITE_PK, LANG_PK, MULT_DESC)
VALUES('AAB836E2054C4A4984A2D0EAAF0103FF', 1049, 'Пакистан');
INSERT INTO TNHT_NACI(NACI_PK, LITE_DESC, REMU_PK, LICL_PK, NACI_CACO, ISO_3166, PT_SEF)
VALUES('PK', 'AAB836E2054C4A4984A2D0EAAF0103FF', 7, 32, '+92', 'PAK', 'PAK');
INSERT INTO TNHT_LITE(LITE_PK) VALUES('BE0AD50E5B2BB3439B9BDFC8A52FAEDF');
INSERT INTO TNHT_MULT(LITE_PK, LANG_PK, MULT_DESC)
VALUES('BE0AD50E5B2BB3439B9BDFC8A52FAEDF', 1033, 'Palau');
INSERT INTO TNHT_MULT(LITE_PK, LANG_PK, MULT_DESC)
VALUES('BE0AD50E5B2BB3439B9BDFC8A52FAEDF', 3082, 'Palau');
INSERT INTO TNHT_MULT(LITE_PK, LANG_PK, MULT_DESC)
VALUES('BE0AD50E5B2BB3439B9BDFC8A52FAEDF', 2070, 'Palau');
INSERT INTO TNHT_MULT(LITE_PK, LANG_PK, MULT_DESC)
VALUES('BE0AD50E5B2BB3439B9BDFC8A52FAEDF', 1036, 'Palaos');
INSERT INTO TNHT_MULT(LITE_PK, LANG_PK, MULT_DESC)
VALUES('BE0AD50E5B2BB3439B9BDFC8A52FAEDF', 1049, 'Палау');
INSERT INTO TNHT_NACI(NACI_PK, LITE_DESC, REMU_PK, LICL_PK, NACI_CACO, ISO_3166, PT_SEF)
VALUES('PW', 'BE0AD50E5B2BB3439B9BDFC8A52FAEDF', 9, 9, '+680', 'PLW', 'PLW');
INSERT INTO TNHT_LITE(LITE_PK) VALUES('D496D3835895407AA89CC3EF00F9DED1');
INSERT INTO TNHT_MULT(LITE_PK, LANG_PK, MULT_DESC)
VALUES('D496D3835895407AA89CC3EF00F9DED1', 1033, 'Palestine');
INSERT INTO TNHT_MULT(LITE_PK, LANG_PK, MULT_DESC)
VALUES('D496D3835895407AA89CC3EF00F9DED1', 3082, 'Palestina');
INSERT INTO TNHT_MULT(LITE_PK, LANG_PK, MULT_DESC)
VALUES('D496D3835895407AA89CC3EF00F9DED1', 2070, 'Palestina');
INSERT INTO TNHT_MULT(LITE_PK, LANG_PK, MULT_DESC)
VALUES('D496D3835895407AA89CC3EF00F9DED1', 1036, 'Palestine');
INSERT INTO TNHT_NACI(NACI_PK, LITE_DESC, REMU_PK, LICL_PK, NACI_CACO, ISO_3166, PT_SEF)
VALUES ('PS', 'D496D3835895407AA89CC3EF00F9DED1', 5, 1, '+970', 'PSE', 'PSE');
INSERT INTO TNHT_LITE(LITE_PK) VALUES('B6D61E5EACBB8C44B8A44950F3551CC3');
INSERT INTO TNHT_MULT(LITE_PK, LANG_PK, MULT_DESC)
VALUES('B6D61E5EACBB8C44B8A44950F3551CC3', 1033, 'Panama');
INSERT INTO TNHT_MULT(LITE_PK, LANG_PK, MULT_DESC)
VALUES('B6D61E5EACBB8C44B8A44950F3551CC3', 3082, 'Panamá');
INSERT INTO TNHT_MULT(LITE_PK, LANG_PK, MULT_DESC)
VALUES('B6D61E5EACBB8C44B8A44950F3551CC3', 2070, 'Panamá');
INSERT INTO TNHT_MULT(LITE_PK, LANG_PK, MULT_DESC)
VALUES('B6D61E5EACBB8C44B8A44950F3551CC3', 1036, 'Panama');
INSERT INTO TNHT_MULT(LITE_PK, LANG_PK, MULT_DESC)
VALUES('B6D61E5EACBB8C44B8A44950F3551CC3', 1049, 'Панама');
INSERT INTO TNHT_NACI(NACI_PK, LITE_DESC, REMU_PK, LICL_PK, NACI_CACO, ISO_3166, PT_SEF)
VALUES('PA', 'B6D61E5EACBB8C44B8A44950F3551CC3', 2, 10, '+507', 'PAN', 'PAN');
INSERT INTO TNHT_LITE(LITE_PK) VALUES('695928AC0E5B694F997E6B2F17358346');
INSERT INTO TNHT_MULT(LITE_PK, LANG_PK, MULT_DESC)
VALUES('695928AC0E5B694F997E6B2F17358346', 1033, 'Papua New Guinea');
INSERT INTO TNHT_MULT(LITE_PK, LANG_PK, MULT_DESC)
VALUES('695928AC0E5B694F997E6B2F17358346', 3082, 'Papúa-Nueva Guinea');
INSERT INTO TNHT_MULT(LITE_PK, LANG_PK, MULT_DESC)
VALUES('695928AC0E5B694F997E6B2F17358346', 2070, 'Papua Nova Guiné');
INSERT INTO TNHT_MULT(LITE_PK, LANG_PK, MULT_DESC)
VALUES('695928AC0E5B694F997E6B2F17358346', 1036, 'Papouasie-Nouvelle-Guinée');
INSERT INTO TNHT_MULT(LITE_PK, LANG_PK, MULT_DESC)
VALUES('695928AC0E5B694F997E6B2F17358346', 1049, 'Попуа-Новая Гвинея');
INSERT INTO TNHT_NACI(NACI_PK, LITE_DESC, REMU_PK, LICL_PK, NACI_CACO, ISO_3166, PT_SEF)
VALUES('PG', '695928AC0E5B694F997E6B2F17358346', 9, 9, '+675', 'PNG', 'PNG');
INSERT INTO TNHT_LITE(LITE_PK) VALUES('03262D698177CF488C5E1FAE83A516A1');
INSERT INTO TNHT_MULT(LITE_PK, LANG_PK, MULT_DESC)
VALUES('03262D698177CF488C5E1FAE83A516A1', 1033, 'Paraguay');
INSERT INTO TNHT_MULT(LITE_PK, LANG_PK, MULT_DESC)
VALUES('03262D698177CF488C5E1FAE83A516A1', 3082, 'Paraguay');
INSERT INTO TNHT_MULT(LITE_PK, LANG_PK, MULT_DESC)
VALUES('03262D698177CF488C5E1FAE83A516A1', 2070, 'Paraguai');
INSERT INTO TNHT_MULT(LITE_PK, LANG_PK, MULT_DESC)
VALUES('03262D698177CF488C5E1FAE83A516A1', 1036, 'Paraguay');
INSERT INTO TNHT_MULT(LITE_PK, LANG_PK, MULT_DESC)
VALUES('03262D698177CF488C5E1FAE83A516A1', 1049, 'Парагвай');
INSERT INTO TNHT_NACI(NACI_PK, LITE_DESC, REMU_PK, LICL_PK, NACI_CACO, ISO_3166, PT_SEF)
VALUES('PY', '03262D698177CF488C5E1FAE83A516A1', 3, 10, '+595', 'PRY', 'PRY');
INSERT INTO TNHT_LITE(LITE_PK) VALUES('A45437F09B4C7E4F9D09064AC887BB4C');
INSERT INTO TNHT_MULT(LITE_PK, LANG_PK, MULT_DESC)
VALUES('A45437F09B4C7E4F9D09064AC887BB4C', 1033, 'Peru');
INSERT INTO TNHT_MULT(LITE_PK, LANG_PK, MULT_DESC)
VALUES('A45437F09B4C7E4F9D09064AC887BB4C', 3082, 'Perú');
INSERT INTO TNHT_MULT(LITE_PK, LANG_PK, MULT_DESC)
VALUES('A45437F09B4C7E4F9D09064AC887BB4C', 2070, 'Peru');
INSERT INTO TNHT_MULT(LITE_PK, LANG_PK, MULT_DESC)
VALUES('A45437F09B4C7E4F9D09064AC887BB4C', 1036, 'Pérou');
INSERT INTO TNHT_MULT(LITE_PK, LANG_PK, MULT_DESC)
VALUES('A45437F09B4C7E4F9D09064AC887BB4C', 1049, 'Перу');
INSERT INTO TNHT_NACI(NACI_PK, LITE_DESC, REMU_PK, LICL_PK, NACI_CACO, ISO_3166, PT_SEF)
VALUES('PE', 'A45437F09B4C7E4F9D09064AC887BB4C', 3, 10, '+51', 'PER', 'PER');
INSERT INTO TNHT_LITE(LITE_PK) VALUES('AE9B67388FBB404090B85EE543A09E13');
INSERT INTO TNHT_MULT(LITE_PK, LANG_PK, MULT_DESC)
VALUES('AE9B67388FBB404090B85EE543A09E13', 1033, 'Poland');
INSERT INTO TNHT_MULT(LITE_PK, LANG_PK, MULT_DESC)
VALUES('AE9B67388FBB404090B85EE543A09E13', 3082, 'Polonia');
INSERT INTO TNHT_MULT(LITE_PK, LANG_PK, MULT_DESC)
VALUES('AE9B67388FBB404090B85EE543A09E13', 2070, 'Polónia');
INSERT INTO TNHT_MULT(LITE_PK, LANG_PK, MULT_DESC)
VALUES('AE9B67388FBB404090B85EE543A09E13', 1036, 'Pologne');
INSERT INTO TNHT_MULT(LITE_PK, LANG_PK, MULT_DESC)
VALUES('AE9B67388FBB404090B85EE543A09E13', 1049, 'Польша');
INSERT INTO TNHT_NACI(NACI_PK, LITE_DESC, REMU_PK, LICL_PK, NACI_CACO, ISO_3166, PT_SEF)
VALUES('PL', 'AE9B67388FBB404090B85EE543A09E13', 4, 21, '+48', 'POL', 'POL');
INSERT INTO TNHT_LITE(LITE_PK) VALUES('412D367681FFE74AB03EB83F3AA95D56');
INSERT INTO TNHT_MULT(LITE_PK, LANG_PK, MULT_DESC)
VALUES('412D367681FFE74AB03EB83F3AA95D56', 1033, 'Portugal');
INSERT INTO TNHT_MULT(LITE_PK, LANG_PK, MULT_DESC)
VALUES('412D367681FFE74AB03EB83F3AA95D56', 3082, 'Portugal');
INSERT INTO TNHT_MULT(LITE_PK, LANG_PK, MULT_DESC)
VALUES('412D367681FFE74AB03EB83F3AA95D56', 2070, 'Portugal');
INSERT INTO TNHT_MULT(LITE_PK, LANG_PK, MULT_DESC)
VALUES('412D367681FFE74AB03EB83F3AA95D56', 1036, 'Portugal');
INSERT INTO TNHT_MULT(LITE_PK, LANG_PK, MULT_DESC)
VALUES('412D367681FFE74AB03EB83F3AA95D56', 1049, 'Португалия');
INSERT INTO TNHT_NACI(NACI_PK, LITE_DESC, REMU_PK, LICL_PK, NACI_CACO, ISO_3166, PT_SEF)
VALUES('PT', '412D367681FFE74AB03EB83F3AA95D56', 4, 22, '+351', 'PRT', 'PRT');
INSERT INTO TNHT_LITE(LITE_PK) VALUES('881224CE278FDA4B882119BD864BC27E');
INSERT INTO TNHT_MULT(LITE_PK, LANG_PK, MULT_DESC)
VALUES('881224CE278FDA4B882119BD864BC27E', 1033, 'Philippines');
INSERT INTO TNHT_MULT(LITE_PK, LANG_PK, MULT_DESC)
VALUES('881224CE278FDA4B882119BD864BC27E', 3082, 'Filipinas');
INSERT INTO TNHT_MULT(LITE_PK, LANG_PK, MULT_DESC)
VALUES('881224CE278FDA4B882119BD864BC27E', 2070, 'Filipinas');
INSERT INTO TNHT_MULT(LITE_PK, LANG_PK, MULT_DESC)
VALUES('881224CE278FDA4B882119BD864BC27E', 1036, 'Philippines');
INSERT INTO TNHT_MULT(LITE_PK, LANG_PK, MULT_DESC)
VALUES('881224CE278FDA4B882119BD864BC27E', 1049, 'Филиппины');
INSERT INTO TNHT_NACI(NACI_PK, LITE_DESC, REMU_PK, LICL_PK, NACI_CACO, ISO_3166, PT_SEF)
VALUES('PH', '881224CE278FDA4B882119BD864BC27E', 8, 100, '+63', 'PHL', 'PHL');
INSERT INTO TNHT_LITE(LITE_PK) VALUES('485B247F93737849BEDFE2FFA1371E0D');
INSERT INTO TNHT_MULT(LITE_PK, LANG_PK, MULT_DESC)
VALUES('485B247F93737849BEDFE2FFA1371E0D', 1033, 'Qatar');
INSERT INTO TNHT_MULT(LITE_PK, LANG_PK, MULT_DESC)
VALUES('485B247F93737849BEDFE2FFA1371E0D', 3082, 'Qatar');
INSERT INTO TNHT_MULT(LITE_PK, LANG_PK, MULT_DESC)
VALUES('485B247F93737849BEDFE2FFA1371E0D', 2070, 'Qatar');
INSERT INTO TNHT_MULT(LITE_PK, LANG_PK, MULT_DESC)
VALUES('485B247F93737849BEDFE2FFA1371E0D', 1036, 'Qatar');
INSERT INTO TNHT_MULT(LITE_PK, LANG_PK, MULT_DESC)
VALUES('485B247F93737849BEDFE2FFA1371E0D', 1049, 'Катар');
INSERT INTO TNHT_NACI(NACI_PK, LITE_DESC, REMU_PK, LICL_PK, NACI_CACO, ISO_3166, PT_SEF)
VALUES('QA', '485B247F93737849BEDFE2FFA1371E0D', 5, 1, '+974', 'QAT', 'QAT');
INSERT INTO TNHT_LITE(LITE_PK) VALUES('F6D70407DC4194428AFF8938432C7CA2');
INSERT INTO TNHT_MULT(LITE_PK, LANG_PK, MULT_DESC)
VALUES('F6D70407DC4194428AFF8938432C7CA2', 1033, 'Rwanda');
INSERT INTO TNHT_MULT(LITE_PK, LANG_PK, MULT_DESC)
VALUES('F6D70407DC4194428AFF8938432C7CA2', 3082, 'Ruanda');
INSERT INTO TNHT_MULT(LITE_PK, LANG_PK, MULT_DESC)
VALUES('F6D70407DC4194428AFF8938432C7CA2', 2070, 'Ruanda');
INSERT INTO TNHT_MULT(LITE_PK, LANG_PK, MULT_DESC)
VALUES('F6D70407DC4194428AFF8938432C7CA2', 1036, 'Rwanda');
INSERT INTO TNHT_MULT(LITE_PK, LANG_PK, MULT_DESC)
VALUES('F6D70407DC4194428AFF8938432C7CA2', 1049, 'Руанда');
INSERT INTO TNHT_NACI(NACI_PK, LITE_DESC, REMU_PK, LICL_PK, NACI_CACO, ISO_3166, PT_SEF)
VALUES('RW', 'F6D70407DC4194428AFF8938432C7CA2', 6, 9, '+250', 'RWA', 'RWA');
INSERT INTO TNHT_LITE(LITE_PK) VALUES('EEA51E2B110FA649BDB2DE864250F6F7');
INSERT INTO TNHT_MULT(LITE_PK, LANG_PK, MULT_DESC)
VALUES('EEA51E2B110FA649BDB2DE864250F6F7', 1033, 'Romania');
INSERT INTO TNHT_MULT(LITE_PK, LANG_PK, MULT_DESC)
VALUES('EEA51E2B110FA649BDB2DE864250F6F7', 3082, 'Rumanía');
INSERT INTO TNHT_MULT(LITE_PK, LANG_PK, MULT_DESC)
VALUES('EEA51E2B110FA649BDB2DE864250F6F7', 2070, 'Roménia');
INSERT INTO TNHT_MULT(LITE_PK, LANG_PK, MULT_DESC)
VALUES('EEA51E2B110FA649BDB2DE864250F6F7', 1036, 'Roumanie');
INSERT INTO TNHT_MULT(LITE_PK, LANG_PK, MULT_DESC)
VALUES('EEA51E2B110FA649BDB2DE864250F6F7', 1049, 'Румыния');
INSERT INTO TNHT_NACI(NACI_PK, LITE_DESC, REMU_PK, LICL_PK, NACI_CACO, ISO_3166, PT_SEF)
VALUES('RO', 'EEA51E2B110FA649BDB2DE864250F6F7', 4, 24, '+40', 'ROU', 'ROM');
INSERT INTO TNHT_LITE(LITE_PK) VALUES('367F3F2B7BDE5A4391D996C480820315');
INSERT INTO TNHT_MULT(LITE_PK, LANG_PK, MULT_DESC)
VALUES('367F3F2B7BDE5A4391D996C480820315', 1033, 'Russian Federation');
INSERT INTO TNHT_MULT(LITE_PK, LANG_PK, MULT_DESC)
VALUES('367F3F2B7BDE5A4391D996C480820315', 3082, 'Federación Rusa');
INSERT INTO TNHT_MULT(LITE_PK, LANG_PK, MULT_DESC)
VALUES('367F3F2B7BDE5A4391D996C480820315', 2070, 'Federação Russa');
INSERT INTO TNHT_MULT(LITE_PK, LANG_PK, MULT_DESC)
VALUES('367F3F2B7BDE5A4391D996C480820315', 1036, 'Russie, Fédération');
INSERT INTO TNHT_MULT(LITE_PK, LANG_PK, MULT_DESC)
VALUES('367F3F2B7BDE5A4391D996C480820315', 1049, 'Российская Федерация');
INSERT INTO TNHT_NACI(NACI_PK, LITE_DESC, REMU_PK, LICL_PK, NACI_CACO, ISO_3166, PT_SEF)
VALUES('RU', '367F3F2B7BDE5A4391D996C480820315', 4, 25, '+7', 'RUS', 'RUS');
INSERT INTO TNHT_LITE(LITE_PK) VALUES('C3E83AA8A6CAE54BB71B1AC17011CB7F');
INSERT INTO TNHT_MULT(LITE_PK, LANG_PK, MULT_DESC)
VALUES('C3E83AA8A6CAE54BB71B1AC17011CB7F', 1033, 'Saudi Arabia');
INSERT INTO TNHT_MULT(LITE_PK, LANG_PK, MULT_DESC)
VALUES('C3E83AA8A6CAE54BB71B1AC17011CB7F', 3082, 'Arabia Saudí');
INSERT INTO TNHT_MULT(LITE_PK, LANG_PK, MULT_DESC)
VALUES('C3E83AA8A6CAE54BB71B1AC17011CB7F', 2070, 'Arábia Saudita');
INSERT INTO TNHT_MULT(LITE_PK, LANG_PK, MULT_DESC)
VALUES('C3E83AA8A6CAE54BB71B1AC17011CB7F', 1036, 'Arabie Saoudite');
INSERT INTO TNHT_MULT(LITE_PK, LANG_PK, MULT_DESC)
VALUES('C3E83AA8A6CAE54BB71B1AC17011CB7F', 1049, 'Саудовская Аравия');
INSERT INTO TNHT_NACI(NACI_PK, LITE_DESC, REMU_PK, LICL_PK, NACI_CACO, ISO_3166, PT_SEF)
VALUES('SA', 'C3E83AA8A6CAE54BB71B1AC17011CB7F', 8, 1, '+966', 'SAL', 'SAU');
INSERT INTO TNHT_LITE(LITE_PK) VALUES('24BBBC195AD78E48B0FA4A146AABC06A');
INSERT INTO TNHT_MULT(LITE_PK, LANG_PK, MULT_DESC)
VALUES('24BBBC195AD78E48B0FA4A146AABC06A', 1033, 'El Salvador');
INSERT INTO TNHT_MULT(LITE_PK, LANG_PK, MULT_DESC)
VALUES('24BBBC195AD78E48B0FA4A146AABC06A', 3082, 'El Salvador');
INSERT INTO TNHT_MULT(LITE_PK, LANG_PK, MULT_DESC)
VALUES('24BBBC195AD78E48B0FA4A146AABC06A', 2070, 'El Salvador');
INSERT INTO TNHT_MULT(LITE_PK, LANG_PK, MULT_DESC)
VALUES('24BBBC195AD78E48B0FA4A146AABC06A', 1036, 'El Salvador');
INSERT INTO TNHT_MULT(LITE_PK, LANG_PK, MULT_DESC)
VALUES('24BBBC195AD78E48B0FA4A146AABC06A', 1049, 'Сальвадор');
INSERT INTO TNHT_NACI(NACI_PK, LITE_DESC, REMU_PK, LICL_PK, NACI_CACO, ISO_3166, PT_SEF)
VALUES('SV', '24BBBC195AD78E48B0FA4A146AABC06A', 2, 9, '+503', 'SLV', 'SLV');
INSERT INTO TNHT_LITE(LITE_PK) VALUES('3E8781DEB28F4349B978BB7836182E72');
INSERT INTO TNHT_MULT(LITE_PK, LANG_PK, MULT_DESC)
VALUES('3E8781DEB28F4349B978BB7836182E72', 1033, 'Slovakia');
INSERT INTO TNHT_MULT(LITE_PK, LANG_PK, MULT_DESC)
VALUES('3E8781DEB28F4349B978BB7836182E72', 3082, 'Eslovaquia');
INSERT INTO TNHT_MULT(LITE_PK, LANG_PK, MULT_DESC)
VALUES('3E8781DEB28F4349B978BB7836182E72', 2070, 'Eslováquia');
INSERT INTO TNHT_MULT(LITE_PK, LANG_PK, MULT_DESC)
VALUES('3E8781DEB28F4349B978BB7836182E72', 1036, 'Slovaquie');
INSERT INTO TNHT_MULT(LITE_PK, LANG_PK, MULT_DESC)
VALUES('3E8781DEB28F4349B978BB7836182E72', 1049, 'Словакия');
INSERT INTO TNHT_NACI(NACI_PK, LITE_DESC, REMU_PK, LICL_PK, NACI_CACO, ISO_3166, PT_SEF)
VALUES('SK', '3E8781DEB28F4349B978BB7836182E72', 4, 27, '+421', 'SVK', 'SVK');
INSERT INTO TNHT_LITE(LITE_PK) VALUES('347711708099A14087D9DCE1C441C20B');
INSERT INTO TNHT_MULT(LITE_PK, LANG_PK, MULT_DESC)
VALUES('347711708099A14087D9DCE1C441C20B', 1033, 'Slovenia');
INSERT INTO TNHT_MULT(LITE_PK, LANG_PK, MULT_DESC)
VALUES('347711708099A14087D9DCE1C441C20B', 3082, 'Eslovenia');
INSERT INTO TNHT_MULT(LITE_PK, LANG_PK, MULT_DESC)
VALUES('347711708099A14087D9DCE1C441C20B', 2070, 'Eslovénia');
INSERT INTO TNHT_MULT(LITE_PK, LANG_PK, MULT_DESC)
VALUES('347711708099A14087D9DCE1C441C20B', 1036, 'Slovénie');
INSERT INTO TNHT_MULT(LITE_PK, LANG_PK, MULT_DESC)
VALUES('347711708099A14087D9DCE1C441C20B', 1049, 'Словения');
INSERT INTO TNHT_NACI(NACI_PK, LITE_DESC, REMU_PK, LICL_PK, NACI_CACO, ISO_3166, PT_SEF)
VALUES('SI', '347711708099A14087D9DCE1C441C20B', 4, 36, '+386', 'SVN', 'SVN');
INSERT INTO TNHT_LITE(LITE_PK) VALUES('A3A0E8B2F4E4B146BF23A97029D5BABF');
INSERT INTO TNHT_MULT(LITE_PK, LANG_PK, MULT_DESC)
VALUES('A3A0E8B2F4E4B146BF23A97029D5BABF', 1033, 'Solomon Islands');
INSERT INTO TNHT_MULT(LITE_PK, LANG_PK, MULT_DESC)
VALUES('A3A0E8B2F4E4B146BF23A97029D5BABF', 3082, 'Islas Salomón');
INSERT INTO TNHT_MULT(LITE_PK, LANG_PK, MULT_DESC)
VALUES('A3A0E8B2F4E4B146BF23A97029D5BABF', 2070, 'Ilhas Salomão');
INSERT INTO TNHT_MULT(LITE_PK, LANG_PK, MULT_DESC)
VALUES('A3A0E8B2F4E4B146BF23A97029D5BABF', 1036, 'Salomon, Îles');
INSERT INTO TNHT_MULT(LITE_PK, LANG_PK, MULT_DESC)
VALUES('A3A0E8B2F4E4B146BF23A97029D5BABF', 1049, 'Соломоновы острова');
INSERT INTO TNHT_NACI(NACI_PK, LITE_DESC, REMU_PK, LICL_PK, NACI_CACO, ISO_3166, PT_SEF)
VALUES('SB', 'A3A0E8B2F4E4B146BF23A97029D5BABF', 9, 9, '+677', 'SLB', 'SLB');
INSERT INTO TNHT_LITE(LITE_PK) VALUES('350F667BA5372D43B2B48098403FFC3B');
INSERT INTO TNHT_MULT(LITE_PK, LANG_PK, MULT_DESC)
VALUES('350F667BA5372D43B2B48098403FFC3B', 1033, 'San Marino');
INSERT INTO TNHT_MULT(LITE_PK, LANG_PK, MULT_DESC)
VALUES('350F667BA5372D43B2B48098403FFC3B', 3082, 'San Marino');
INSERT INTO TNHT_MULT(LITE_PK, LANG_PK, MULT_DESC)
VALUES('350F667BA5372D43B2B48098403FFC3B', 2070, 'San Marino');
INSERT INTO TNHT_MULT(LITE_PK, LANG_PK, MULT_DESC)
VALUES('350F667BA5372D43B2B48098403FFC3B', 1036, 'San Marin');
INSERT INTO TNHT_MULT(LITE_PK, LANG_PK, MULT_DESC)
VALUES('350F667BA5372D43B2B48098403FFC3B', 1049, 'Сан-Марино');
INSERT INTO TNHT_NACI(NACI_PK, LITE_DESC, REMU_PK, LICL_PK, NACI_CACO, ISO_3166, PT_SEF)
VALUES('SM', '350F667BA5372D43B2B48098403FFC3B', 4, 16, '+378', 'SMR', 'SMR');
INSERT INTO TNHT_LITE(LITE_PK) VALUES('B3FD19E006993A4E94AC9DD761117F9E');
INSERT INTO TNHT_MULT(LITE_PK, LANG_PK, MULT_DESC)
VALUES('B3FD19E006993A4E94AC9DD761117F9E', 1033, 'Sao Tome and Principe');
INSERT INTO TNHT_MULT(LITE_PK, LANG_PK, MULT_DESC)
VALUES('B3FD19E006993A4E94AC9DD761117F9E', 3082, 'Santo Tomé y Príncipe');
INSERT INTO TNHT_MULT(LITE_PK, LANG_PK, MULT_DESC)
VALUES('B3FD19E006993A4E94AC9DD761117F9E', 2070, 'São Tomé e Príncipe');
INSERT INTO TNHT_MULT(LITE_PK, LANG_PK, MULT_DESC)
VALUES('B3FD19E006993A4E94AC9DD761117F9E', 1036, 'Sao Tomé-et-Principe');
INSERT INTO TNHT_MULT(LITE_PK, LANG_PK, MULT_DESC)
VALUES('B3FD19E006993A4E94AC9DD761117F9E', 1049, 'Сан-Томе и Принсипи');
INSERT INTO TNHT_NACI(NACI_PK, LITE_DESC, REMU_PK, LICL_PK, NACI_CACO, ISO_3166, PT_SEF)
VALUES('ST', 'B3FD19E006993A4E94AC9DD761117F9E', 2, 22, '+239', 'STP', 'STP');
INSERT INTO TNHT_LITE(LITE_PK) VALUES('3FBE9A8AACEAEC46A2678D6E08B667D7');
INSERT INTO TNHT_MULT(LITE_PK, LANG_PK, MULT_DESC)
VALUES('3FBE9A8AACEAEC46A2678D6E08B667D7', 1033, 'Senegal');
INSERT INTO TNHT_MULT(LITE_PK, LANG_PK, MULT_DESC)
VALUES('3FBE9A8AACEAEC46A2678D6E08B667D7', 3082, 'Senegal');
INSERT INTO TNHT_MULT(LITE_PK, LANG_PK, MULT_DESC)
VALUES('3FBE9A8AACEAEC46A2678D6E08B667D7', 2070, 'Senegal');
INSERT INTO TNHT_MULT(LITE_PK, LANG_PK, MULT_DESC)
VALUES('3FBE9A8AACEAEC46A2678D6E08B667D7', 1036, 'Sénégal');
INSERT INTO TNHT_MULT(LITE_PK, LANG_PK, MULT_DESC)
VALUES('3FBE9A8AACEAEC46A2678D6E08B667D7', 1049, 'Сенегал');
INSERT INTO TNHT_NACI(NACI_PK, LITE_DESC, REMU_PK, LICL_PK, NACI_CACO, ISO_3166, PT_SEF)
VALUES('SN', '3FBE9A8AACEAEC46A2678D6E08B667D7', 6, 12, '+221', 'SEN', 'SEN');
INSERT INTO TNHT_LITE(LITE_PK) VALUES('13BE592CCD677649AF14BC656996B4EF');
INSERT INTO TNHT_MULT(LITE_PK, LANG_PK, MULT_DESC)
VALUES('13BE592CCD677649AF14BC656996B4EF', 1033, 'Seychelles');
INSERT INTO TNHT_MULT(LITE_PK, LANG_PK, MULT_DESC)
VALUES('13BE592CCD677649AF14BC656996B4EF', 3082, 'Seychelles');
INSERT INTO TNHT_MULT(LITE_PK, LANG_PK, MULT_DESC)
VALUES('13BE592CCD677649AF14BC656996B4EF', 2070, 'Seychelles');
INSERT INTO TNHT_MULT(LITE_PK, LANG_PK, MULT_DESC)
VALUES('13BE592CCD677649AF14BC656996B4EF', 1036, 'Seychelles');
INSERT INTO TNHT_MULT(LITE_PK, LANG_PK, MULT_DESC)
VALUES('13BE592CCD677649AF14BC656996B4EF', 1049, 'Сейшельские острова');
INSERT INTO TNHT_NACI(NACI_PK, LITE_DESC, REMU_PK, LICL_PK, NACI_CACO, ISO_3166, PT_SEF)
VALUES('SC', '13BE592CCD677649AF14BC656996B4EF', 6, 9, '+248', 'SYC', 'SYC');
INSERT INTO TNHT_LITE(LITE_PK) VALUES('4E090EFB0650E74EA110E040BFBA31BF');
INSERT INTO TNHT_MULT(LITE_PK, LANG_PK, MULT_DESC)
VALUES('4E090EFB0650E74EA110E040BFBA31BF', 1033, 'Sierra Leone');
INSERT INTO TNHT_MULT(LITE_PK, LANG_PK, MULT_DESC)
VALUES('4E090EFB0650E74EA110E040BFBA31BF', 3082, 'Sierra Leona');
INSERT INTO TNHT_MULT(LITE_PK, LANG_PK, MULT_DESC)
VALUES('4E090EFB0650E74EA110E040BFBA31BF', 2070, 'Serra Leoa');
INSERT INTO TNHT_MULT(LITE_PK, LANG_PK, MULT_DESC)
VALUES('4E090EFB0650E74EA110E040BFBA31BF', 1036, 'Sierra Leone');
INSERT INTO TNHT_MULT(LITE_PK, LANG_PK, MULT_DESC)
VALUES('4E090EFB0650E74EA110E040BFBA31BF', 1049, 'Сьерра-Леоне');
INSERT INTO TNHT_NACI(NACI_PK, LITE_DESC, REMU_PK, LICL_PK, NACI_CACO, ISO_3166, PT_SEF)
VALUES('SL', '4E090EFB0650E74EA110E040BFBA31BF', 6, 9, '+232', 'SLE', 'SLE');
INSERT INTO TNHT_LITE(LITE_PK) VALUES('79158647EF9AAE438EDFA588E0F13867');
INSERT INTO TNHT_MULT(LITE_PK, LANG_PK, MULT_DESC)
VALUES('79158647EF9AAE438EDFA588E0F13867', 1033, 'Singapore');
INSERT INTO TNHT_MULT(LITE_PK, LANG_PK, MULT_DESC)
VALUES('79158647EF9AAE438EDFA588E0F13867', 3082, 'Singapur');
INSERT INTO TNHT_MULT(LITE_PK, LANG_PK, MULT_DESC)
VALUES('79158647EF9AAE438EDFA588E0F13867', 2070, 'Singapura');
INSERT INTO TNHT_MULT(LITE_PK, LANG_PK, MULT_DESC)
VALUES('79158647EF9AAE438EDFA588E0F13867', 1036, 'Singapour');
INSERT INTO TNHT_MULT(LITE_PK, LANG_PK, MULT_DESC)
VALUES('79158647EF9AAE438EDFA588E0F13867', 1049, 'Сингапур');
INSERT INTO TNHT_NACI(NACI_PK, LITE_DESC, REMU_PK, LICL_PK, NACI_CACO, ISO_3166, PT_SEF)
VALUES('SG', '79158647EF9AAE438EDFA588E0F13867', 8, 9, '+65', 'SGP', 'SGP');
INSERT INTO TNHT_LITE(LITE_PK) VALUES('5C8AE14B9B4E4F4BADDD00C351B4C724');
INSERT INTO TNHT_MULT(LITE_PK, LANG_PK, MULT_DESC)
VALUES('5C8AE14B9B4E4F4BADDD00C351B4C724', 1033, 'Syrian');
INSERT INTO TNHT_MULT(LITE_PK, LANG_PK, MULT_DESC)
VALUES('5C8AE14B9B4E4F4BADDD00C351B4C724', 3082, 'Siria');
INSERT INTO TNHT_MULT(LITE_PK, LANG_PK, MULT_DESC)
VALUES('5C8AE14B9B4E4F4BADDD00C351B4C724', 2070, 'Síria');
INSERT INTO TNHT_MULT(LITE_PK, LANG_PK, MULT_DESC)
VALUES('5C8AE14B9B4E4F4BADDD00C351B4C724', 1036, 'Syrienne');
INSERT INTO TNHT_MULT(LITE_PK, LANG_PK, MULT_DESC)
VALUES('5C8AE14B9B4E4F4BADDD00C351B4C724', 1049, 'Сирия');
INSERT INTO TNHT_NACI(NACI_PK, LITE_DESC, REMU_PK, LICL_PK, NACI_CACO, ISO_3166, PT_SEF)
VALUES('SY', '5C8AE14B9B4E4F4BADDD00C351B4C724', 5, 1, '+963', 'SYR', 'SYR');
INSERT INTO TNHT_LITE(LITE_PK) VALUES('9518891572449F4EA3EF6F9C5DC5D0B2');
INSERT INTO TNHT_MULT(LITE_PK, LANG_PK, MULT_DESC)
VALUES('9518891572449F4EA3EF6F9C5DC5D0B2', 1033, 'Somalia');
INSERT INTO TNHT_MULT(LITE_PK, LANG_PK, MULT_DESC)
VALUES('9518891572449F4EA3EF6F9C5DC5D0B2', 3082, 'Somalia');
INSERT INTO TNHT_MULT(LITE_PK, LANG_PK, MULT_DESC)
VALUES('9518891572449F4EA3EF6F9C5DC5D0B2', 2070, 'Somália');
INSERT INTO TNHT_MULT(LITE_PK, LANG_PK, MULT_DESC)
VALUES('9518891572449F4EA3EF6F9C5DC5D0B2', 1036, 'Somalie');
INSERT INTO TNHT_MULT(LITE_PK, LANG_PK, MULT_DESC)
VALUES('9518891572449F4EA3EF6F9C5DC5D0B2', 1049, 'Сомали');
INSERT INTO TNHT_NACI(NACI_PK, LITE_DESC, REMU_PK, LICL_PK, NACI_CACO, ISO_3166, PT_SEF)
VALUES('SO', '9518891572449F4EA3EF6F9C5DC5D0B2', 6, 9, '+252', 'SOM', 'SOM');
INSERT INTO TNHT_LITE(LITE_PK) VALUES('85F4D02B47094041BAFA3B082D116FCE');
INSERT INTO TNHT_MULT(LITE_PK, LANG_PK, MULT_DESC)
VALUES('85F4D02B47094041BAFA3B082D116FCE', 1033, 'Sudan');
INSERT INTO TNHT_MULT(LITE_PK, LANG_PK, MULT_DESC)
VALUES('85F4D02B47094041BAFA3B082D116FCE', 3082, 'Sudán');
INSERT INTO TNHT_MULT(LITE_PK, LANG_PK, MULT_DESC)
VALUES('85F4D02B47094041BAFA3B082D116FCE', 2070, 'Sudão');
INSERT INTO TNHT_MULT(LITE_PK, LANG_PK, MULT_DESC)
VALUES('85F4D02B47094041BAFA3B082D116FCE', 1036, 'Soudan');
INSERT INTO TNHT_MULT(LITE_PK, LANG_PK, MULT_DESC)
VALUES('85F4D02B47094041BAFA3B082D116FCE', 1049, 'Судан');
INSERT INTO TNHT_NACI(NACI_PK, LITE_DESC, REMU_PK, LICL_PK, NACI_CACO, ISO_3166, PT_SEF)
VALUES('SD', '85F4D02B47094041BAFA3B082D116FCE', 6, 1, '+249', 'SDN', 'SDN');
INSERT INTO TNHT_LITE(LITE_PK) VALUES('D5D3DE0241F0904EB9400ED76ADD42A5');
INSERT INTO TNHT_MULT(LITE_PK, LANG_PK, MULT_DESC)
VALUES('D5D3DE0241F0904EB9400ED76ADD42A5', 1033, 'Sweden');
INSERT INTO TNHT_MULT(LITE_PK, LANG_PK, MULT_DESC)
VALUES('D5D3DE0241F0904EB9400ED76ADD42A5', 3082, 'Suecia');
INSERT INTO TNHT_MULT(LITE_PK, LANG_PK, MULT_DESC)
VALUES('D5D3DE0241F0904EB9400ED76ADD42A5', 2070, 'Suécia');
INSERT INTO TNHT_MULT(LITE_PK, LANG_PK, MULT_DESC)
VALUES('D5D3DE0241F0904EB9400ED76ADD42A5', 1036, 'Suède');
INSERT INTO TNHT_MULT(LITE_PK, LANG_PK, MULT_DESC)
VALUES('D5D3DE0241F0904EB9400ED76ADD42A5', 1049, 'Швеция');
INSERT INTO TNHT_NACI(NACI_PK, LITE_DESC, REMU_PK, LICL_PK, NACI_CACO, ISO_3166, PT_SEF)
VALUES('SE', 'D5D3DE0241F0904EB9400ED76ADD42A5', 4, 29, '+46', 'SWE', 'SWE');
INSERT INTO TNHT_LITE(LITE_PK) VALUES('6FD40938C4375148AE78229ADEA7AB3F');
INSERT INTO TNHT_MULT(LITE_PK, LANG_PK, MULT_DESC)
VALUES('6FD40938C4375148AE78229ADEA7AB3F', 1033, 'Suriname');
INSERT INTO TNHT_MULT(LITE_PK, LANG_PK, MULT_DESC)
VALUES('6FD40938C4375148AE78229ADEA7AB3F', 3082, 'Suriname');
INSERT INTO TNHT_MULT(LITE_PK, LANG_PK, MULT_DESC)
VALUES('6FD40938C4375148AE78229ADEA7AB3F', 2070, 'Suriname');
INSERT INTO TNHT_MULT(LITE_PK, LANG_PK, MULT_DESC)
VALUES('6FD40938C4375148AE78229ADEA7AB3F', 1036, 'Surinam');
INSERT INTO TNHT_MULT(LITE_PK, LANG_PK, MULT_DESC)
VALUES('6FD40938C4375148AE78229ADEA7AB3F', 1049, 'Суринам');
INSERT INTO TNHT_NACI(NACI_PK, LITE_DESC, REMU_PK, LICL_PK, NACI_CACO, ISO_3166, PT_SEF)
VALUES('SR', '6FD40938C4375148AE78229ADEA7AB3F', 3, 19, '+597', 'SUR', 'SUR');
INSERT INTO TNHT_LITE(LITE_PK) VALUES('C5419A6ECD74CE469A9EADCB79227798');
INSERT INTO TNHT_MULT(LITE_PK, LANG_PK, MULT_DESC)
VALUES('C5419A6ECD74CE469A9EADCB79227798', 1033, 'Swaziland');
INSERT INTO TNHT_MULT(LITE_PK, LANG_PK, MULT_DESC)
VALUES('C5419A6ECD74CE469A9EADCB79227798', 3082, 'Swazilandia');
INSERT INTO TNHT_MULT(LITE_PK, LANG_PK, MULT_DESC)
VALUES('C5419A6ECD74CE469A9EADCB79227798', 2070, 'Suazilândia');
INSERT INTO TNHT_MULT(LITE_PK, LANG_PK, MULT_DESC)
VALUES('C5419A6ECD74CE469A9EADCB79227798', 1036, 'Swaziland');
INSERT INTO TNHT_MULT(LITE_PK, LANG_PK, MULT_DESC)
VALUES('C5419A6ECD74CE469A9EADCB79227798', 1049, 'Свазиленд');
INSERT INTO TNHT_NACI(NACI_PK, LITE_DESC, REMU_PK, LICL_PK, NACI_CACO, ISO_3166, PT_SEF)
VALUES('SZ', 'C5419A6ECD74CE469A9EADCB79227798', 6, 9, '+268', 'SWZ', 'SWZ');
INSERT INTO TNHT_LITE(LITE_PK) VALUES('FF8C6C8747223C4FAE482BC265454252');
INSERT INTO TNHT_MULT(LITE_PK, LANG_PK, MULT_DESC)
VALUES('FF8C6C8747223C4FAE482BC265454252', 1033, 'Chad');
INSERT INTO TNHT_MULT(LITE_PK, LANG_PK, MULT_DESC)
VALUES('FF8C6C8747223C4FAE482BC265454252', 3082, 'Chad');
INSERT INTO TNHT_MULT(LITE_PK, LANG_PK, MULT_DESC)
VALUES('FF8C6C8747223C4FAE482BC265454252', 2070, 'Chade');
INSERT INTO TNHT_MULT(LITE_PK, LANG_PK, MULT_DESC)
VALUES('FF8C6C8747223C4FAE482BC265454252', 1036, 'Tchad');
INSERT INTO TNHT_MULT(LITE_PK, LANG_PK, MULT_DESC)
VALUES('FF8C6C8747223C4FAE482BC265454252', 1049, 'Чад');
INSERT INTO TNHT_NACI(NACI_PK, LITE_DESC, REMU_PK, LICL_PK, NACI_CACO, ISO_3166, PT_SEF)
VALUES('TD', 'FF8C6C8747223C4FAE482BC265454252', 6, 1, '+235', 'TCD', 'TCD');
INSERT INTO TNHT_LITE(LITE_PK) VALUES('D86E1010BFE1A945854C97554066C3A3');
INSERT INTO TNHT_MULT(LITE_PK, LANG_PK, MULT_DESC)
VALUES('D86E1010BFE1A945854C97554066C3A3', 1033, 'Thailand');
INSERT INTO TNHT_MULT(LITE_PK, LANG_PK, MULT_DESC)
VALUES('D86E1010BFE1A945854C97554066C3A3', 3082, 'Tailandia');
INSERT INTO TNHT_MULT(LITE_PK, LANG_PK, MULT_DESC)
VALUES('D86E1010BFE1A945854C97554066C3A3', 2070, 'Tailândia');
INSERT INTO TNHT_MULT(LITE_PK, LANG_PK, MULT_DESC)
VALUES('D86E1010BFE1A945854C97554066C3A3', 1036, 'Thaïlande');
INSERT INTO TNHT_MULT(LITE_PK, LANG_PK, MULT_DESC)
VALUES('D86E1010BFE1A945854C97554066C3A3', 1049, 'Тайланд');
INSERT INTO TNHT_NACI(NACI_PK, LITE_DESC, REMU_PK, LICL_PK, NACI_CACO, ISO_3166, PT_SEF)
VALUES('TH', 'D86E1010BFE1A945854C97554066C3A3', 8, 30, '+66', 'THA', 'THA');
INSERT INTO TNHT_LITE(LITE_PK) VALUES('BCB5E2CEA09C084282E4AF3EC910B09A');
INSERT INTO TNHT_MULT(LITE_PK, LANG_PK, MULT_DESC)
VALUES('BCB5E2CEA09C084282E4AF3EC910B09A', 1033, 'Taiwan');
INSERT INTO TNHT_MULT(LITE_PK, LANG_PK, MULT_DESC)
VALUES('BCB5E2CEA09C084282E4AF3EC910B09A', 3082, 'Taiwán');
INSERT INTO TNHT_MULT(LITE_PK, LANG_PK, MULT_DESC)
VALUES('BCB5E2CEA09C084282E4AF3EC910B09A', 2070, 'Taiwan');
INSERT INTO TNHT_MULT(LITE_PK, LANG_PK, MULT_DESC)
VALUES('BCB5E2CEA09C084282E4AF3EC910B09A', 1036, 'Taïwan');
INSERT INTO TNHT_MULT(LITE_PK, LANG_PK, MULT_DESC)
VALUES('BCB5E2CEA09C084282E4AF3EC910B09A', 1049, 'Тайвань');
INSERT INTO TNHT_NACI(NACI_PK, LITE_DESC, REMU_PK, LICL_PK, NACI_CACO, ISO_3166, PT_SEF)
VALUES('TW', 'BCB5E2CEA09C084282E4AF3EC910B09A', 7, 4, '+886', 'TWN', 'TWN');
INSERT INTO TNHT_LITE(LITE_PK) VALUES('BE0A2D4F3F35D14A8A9980A09442AFE0');
INSERT INTO TNHT_MULT(LITE_PK, LANG_PK, MULT_DESC)
VALUES('BE0A2D4F3F35D14A8A9980A09442AFE0', 1033, 'Tanzania');
INSERT INTO TNHT_MULT(LITE_PK, LANG_PK, MULT_DESC)
VALUES('BE0A2D4F3F35D14A8A9980A09442AFE0', 3082, 'Tanzania');
INSERT INTO TNHT_MULT(LITE_PK, LANG_PK, MULT_DESC)
VALUES('BE0A2D4F3F35D14A8A9980A09442AFE0', 2070, 'Tanzânia');
INSERT INTO TNHT_MULT(LITE_PK, LANG_PK, MULT_DESC)
VALUES('BE0A2D4F3F35D14A8A9980A09442AFE0', 1036, 'Tanzanie');
INSERT INTO TNHT_MULT(LITE_PK, LANG_PK, MULT_DESC)
VALUES('BE0A2D4F3F35D14A8A9980A09442AFE0', 1049, 'Танзания');
INSERT INTO TNHT_NACI(NACI_PK, LITE_DESC, REMU_PK, LICL_PK, NACI_CACO, ISO_3166, PT_SEF)
VALUES('TZ', 'BE0A2D4F3F35D14A8A9980A09442AFE0', 6, 65, '+255', 'TZA', 'TZA');
INSERT INTO TNHT_LITE(LITE_PK) VALUES('B8EACF46561CD043A85502575B3CF980');
INSERT INTO TNHT_MULT(LITE_PK, LANG_PK, MULT_DESC)
VALUES('B8EACF46561CD043A85502575B3CF980', 1033, 'Tajikistan');
INSERT INTO TNHT_MULT(LITE_PK, LANG_PK, MULT_DESC)
VALUES('B8EACF46561CD043A85502575B3CF980', 3082, 'Tadjikistán');
INSERT INTO TNHT_MULT(LITE_PK, LANG_PK, MULT_DESC)
VALUES('B8EACF46561CD043A85502575B3CF980', 2070, 'Tadjaquistão');
INSERT INTO TNHT_MULT(LITE_PK, LANG_PK, MULT_DESC)
VALUES('B8EACF46561CD043A85502575B3CF980', 1036, 'Tadjikistan');
INSERT INTO TNHT_MULT(LITE_PK, LANG_PK, MULT_DESC)
VALUES('B8EACF46561CD043A85502575B3CF980', 1049, 'Таджикистан');
INSERT INTO TNHT_NACI(NACI_PK, LITE_DESC, REMU_PK, LICL_PK, NACI_CACO, ISO_3166, PT_SEF)
VALUES('TJ', 'B8EACF46561CD043A85502575B3CF980', 7, 40, '+992', 'TJK', 'TJK');
INSERT INTO TNHT_LITE(LITE_PK) VALUES('7691957761420D47AB10138B6AE051FF');
INSERT INTO TNHT_MULT(LITE_PK, LANG_PK, MULT_DESC)
VALUES('7691957761420D47AB10138B6AE051FF', 1033, 'Togo');
INSERT INTO TNHT_MULT(LITE_PK, LANG_PK, MULT_DESC)
VALUES('7691957761420D47AB10138B6AE051FF', 3082, 'Togo');
INSERT INTO TNHT_MULT(LITE_PK, LANG_PK, MULT_DESC)
VALUES('7691957761420D47AB10138B6AE051FF', 2070, 'Togo');
INSERT INTO TNHT_MULT(LITE_PK, LANG_PK, MULT_DESC)
VALUES('7691957761420D47AB10138B6AE051FF', 1036, 'Togo');
INSERT INTO TNHT_MULT(LITE_PK, LANG_PK, MULT_DESC)
VALUES('7691957761420D47AB10138B6AE051FF', 1049, 'Того');
INSERT INTO TNHT_NACI(NACI_PK, LITE_DESC, REMU_PK, LICL_PK, NACI_CACO, ISO_3166, PT_SEF)
VALUES('TG', '7691957761420D47AB10138B6AE051FF', 6, 12, '+228', 'TGO', 'TGO');
INSERT INTO TNHT_LITE(LITE_PK) VALUES('EA3D1ED38613FC478D0B4CDD73D3B6F3');
INSERT INTO TNHT_MULT(LITE_PK, LANG_PK, MULT_DESC)
VALUES('EA3D1ED38613FC478D0B4CDD73D3B6F3', 1033, 'Tonga');
INSERT INTO TNHT_MULT(LITE_PK, LANG_PK, MULT_DESC)
VALUES('EA3D1ED38613FC478D0B4CDD73D3B6F3', 3082, 'Tonga');
INSERT INTO TNHT_MULT(LITE_PK, LANG_PK, MULT_DESC)
VALUES('EA3D1ED38613FC478D0B4CDD73D3B6F3', 2070, 'Tonga');
INSERT INTO TNHT_MULT(LITE_PK, LANG_PK, MULT_DESC)
VALUES('EA3D1ED38613FC478D0B4CDD73D3B6F3', 1036, 'Tonga');
INSERT INTO TNHT_MULT(LITE_PK, LANG_PK, MULT_DESC)
VALUES('EA3D1ED38613FC478D0B4CDD73D3B6F3', 1049, 'Тонга');
INSERT INTO TNHT_NACI(NACI_PK, LITE_DESC, REMU_PK, LICL_PK, NACI_CACO, ISO_3166, PT_SEF)
VALUES('TO', 'EA3D1ED38613FC478D0B4CDD73D3B6F3', 9, 9, '+676', 'TON', 'TON');
INSERT INTO TNHT_LITE(LITE_PK) VALUES('CDC9EA55DC1DC9429FC6DCC19C15A5EE');
INSERT INTO TNHT_MULT(LITE_PK, LANG_PK, MULT_DESC)
VALUES('CDC9EA55DC1DC9429FC6DCC19C15A5EE', 1033, 'Trinidad and Tobago');
INSERT INTO TNHT_MULT(LITE_PK, LANG_PK, MULT_DESC)
VALUES('CDC9EA55DC1DC9429FC6DCC19C15A5EE', 3082, 'Trinidad y Tobago');
INSERT INTO TNHT_MULT(LITE_PK, LANG_PK, MULT_DESC)
VALUES('CDC9EA55DC1DC9429FC6DCC19C15A5EE', 2070, 'Trinidade e Tobago');
INSERT INTO TNHT_MULT(LITE_PK, LANG_PK, MULT_DESC)
VALUES('CDC9EA55DC1DC9429FC6DCC19C15A5EE', 1036, 'Trinité-et-Tobago');
INSERT INTO TNHT_MULT(LITE_PK, LANG_PK, MULT_DESC)
VALUES('CDC9EA55DC1DC9429FC6DCC19C15A5EE', 1049, 'Тринидад и Тобаго');
INSERT INTO TNHT_NACI(NACI_PK, LITE_DESC, REMU_PK, LICL_PK, NACI_CACO, ISO_3166, PT_SEF)
VALUES('TT', 'CDC9EA55DC1DC9429FC6DCC19C15A5EE', 2, 9, '+1-868', 'TTO', 'TTO');
INSERT INTO TNHT_LITE(LITE_PK) VALUES('3C8E756CCA065047B29089D1FE47F2FA');
INSERT INTO TNHT_MULT(LITE_PK, LANG_PK, MULT_DESC)
VALUES('3C8E756CCA065047B29089D1FE47F2FA', 1033, 'Tunisia');
INSERT INTO TNHT_MULT(LITE_PK, LANG_PK, MULT_DESC)
VALUES('3C8E756CCA065047B29089D1FE47F2FA', 3082, 'Tunez');
INSERT INTO TNHT_MULT(LITE_PK, LANG_PK, MULT_DESC)
VALUES('3C8E756CCA065047B29089D1FE47F2FA', 2070, 'Tunísia');
INSERT INTO TNHT_MULT(LITE_PK, LANG_PK, MULT_DESC)
VALUES('3C8E756CCA065047B29089D1FE47F2FA', 1036, 'Tunisia');
INSERT INTO TNHT_MULT(LITE_PK, LANG_PK, MULT_DESC)
VALUES('3C8E756CCA065047B29089D1FE47F2FA', 1049, 'Тунис');
INSERT INTO TNHT_NACI(NACI_PK, LITE_DESC, REMU_PK, LICL_PK, NACI_CACO, ISO_3166, PT_SEF)
VALUES('TN', '3C8E756CCA065047B29089D1FE47F2FA', 6, 1, '+216', 'TUN', 'TUN');
INSERT INTO TNHT_LITE(LITE_PK) VALUES('231C43D0010F9C4C9C672DDFF726234D');
INSERT INTO TNHT_MULT(LITE_PK, LANG_PK, MULT_DESC)
VALUES('231C43D0010F9C4C9C672DDFF726234D', 1033, 'Turkmenistan');
INSERT INTO TNHT_MULT(LITE_PK, LANG_PK, MULT_DESC)
VALUES('231C43D0010F9C4C9C672DDFF726234D', 3082, 'Turkmenistán');
INSERT INTO TNHT_MULT(LITE_PK, LANG_PK, MULT_DESC)
VALUES('231C43D0010F9C4C9C672DDFF726234D', 2070, 'Turcomenistão');
INSERT INTO TNHT_MULT(LITE_PK, LANG_PK, MULT_DESC)
VALUES('231C43D0010F9C4C9C672DDFF726234D', 1036, 'Turkménistan');
INSERT INTO TNHT_MULT(LITE_PK, LANG_PK, MULT_DESC)
VALUES('231C43D0010F9C4C9C672DDFF726234D', 1049, 'Туркменистан');
INSERT INTO TNHT_NACI(NACI_PK, LITE_DESC, REMU_PK, LICL_PK, NACI_CACO, ISO_3166, PT_SEF)
VALUES('TM', '231C43D0010F9C4C9C672DDFF726234D', 7, 66, '+993', 'TKM', 'TKM');
INSERT INTO TNHT_LITE(LITE_PK) VALUES('BAAF8E05A52C0D4DA7653CED43783B59');
INSERT INTO TNHT_MULT(LITE_PK, LANG_PK, MULT_DESC)
VALUES('BAAF8E05A52C0D4DA7653CED43783B59', 1033, 'Turkey');
INSERT INTO TNHT_MULT(LITE_PK, LANG_PK, MULT_DESC)
VALUES('BAAF8E05A52C0D4DA7653CED43783B59', 3082, 'Turquía');
INSERT INTO TNHT_MULT(LITE_PK, LANG_PK, MULT_DESC)
VALUES('BAAF8E05A52C0D4DA7653CED43783B59', 2070, 'Turquia');
INSERT INTO TNHT_MULT(LITE_PK, LANG_PK, MULT_DESC)
VALUES('BAAF8E05A52C0D4DA7653CED43783B59', 1036, 'Turquie');
INSERT INTO TNHT_MULT(LITE_PK, LANG_PK, MULT_DESC)
VALUES('BAAF8E05A52C0D4DA7653CED43783B59', 1049, 'Турция');
INSERT INTO TNHT_NACI(NACI_PK, LITE_DESC, REMU_PK, LICL_PK, NACI_CACO, ISO_3166, PT_SEF)
VALUES('TR', 'BAAF8E05A52C0D4DA7653CED43783B59', 5, 31, '+90', 'TUR', 'TUR');
INSERT INTO TNHT_LITE(LITE_PK) VALUES('3B568128C2898C4EBDACAD1DF1BD594D');
INSERT INTO TNHT_MULT(LITE_PK, LANG_PK, MULT_DESC)
VALUES('3B568128C2898C4EBDACAD1DF1BD594D', 1033, 'Tuvalu');
INSERT INTO TNHT_MULT(LITE_PK, LANG_PK, MULT_DESC)
VALUES('3B568128C2898C4EBDACAD1DF1BD594D', 3082, 'Tuvalu');
INSERT INTO TNHT_MULT(LITE_PK, LANG_PK, MULT_DESC)
VALUES('3B568128C2898C4EBDACAD1DF1BD594D', 2070, 'Tuvalu');
INSERT INTO TNHT_MULT(LITE_PK, LANG_PK, MULT_DESC)
VALUES('3B568128C2898C4EBDACAD1DF1BD594D', 1036, 'Tuvalu');
INSERT INTO TNHT_MULT(LITE_PK, LANG_PK, MULT_DESC)
VALUES('3B568128C2898C4EBDACAD1DF1BD594D', 1049, 'Тувалу');
INSERT INTO TNHT_NACI(NACI_PK, LITE_DESC, REMU_PK, LICL_PK, NACI_CACO, ISO_3166, PT_SEF)
VALUES('TV', '3B568128C2898C4EBDACAD1DF1BD594D', 9, 9, '+688', 'TUV', 'TUV');
INSERT INTO TNHT_LITE(LITE_PK) VALUES('AB47978B6D1F144EAB43C32C4FF04017');
INSERT INTO TNHT_MULT(LITE_PK, LANG_PK, MULT_DESC)
VALUES('AB47978B6D1F144EAB43C32C4FF04017', 1033, 'Ukraine');
INSERT INTO TNHT_MULT(LITE_PK, LANG_PK, MULT_DESC)
VALUES('AB47978B6D1F144EAB43C32C4FF04017', 3082, 'Ucrania');
INSERT INTO TNHT_MULT(LITE_PK, LANG_PK, MULT_DESC)
VALUES('AB47978B6D1F144EAB43C32C4FF04017', 2070, 'Ucrânia');
INSERT INTO TNHT_MULT(LITE_PK, LANG_PK, MULT_DESC)
VALUES('AB47978B6D1F144EAB43C32C4FF04017', 1036, 'Ukraine');
INSERT INTO TNHT_MULT(LITE_PK, LANG_PK, MULT_DESC)
VALUES('AB47978B6D1F144EAB43C32C4FF04017', 1049, 'Украина');
INSERT INTO TNHT_NACI(NACI_PK, LITE_DESC, REMU_PK, LICL_PK, NACI_CACO, ISO_3166, PT_SEF)
VALUES('UA', 'AB47978B6D1F144EAB43C32C4FF04017', 4, 34, '+380', 'UKR', 'UKR');
INSERT INTO TNHT_LITE(LITE_PK) VALUES('E53EA9973AC8274EB543950517E9EFDC');
INSERT INTO TNHT_MULT(LITE_PK, LANG_PK, MULT_DESC)
VALUES('E53EA9973AC8274EB543950517E9EFDC', 1033, 'Uganda');
INSERT INTO TNHT_MULT(LITE_PK, LANG_PK, MULT_DESC)
VALUES('E53EA9973AC8274EB543950517E9EFDC', 3082, 'Uganda');
INSERT INTO TNHT_MULT(LITE_PK, LANG_PK, MULT_DESC)
VALUES('E53EA9973AC8274EB543950517E9EFDC', 2070, 'Uganda');
INSERT INTO TNHT_MULT(LITE_PK, LANG_PK, MULT_DESC)
VALUES('E53EA9973AC8274EB543950517E9EFDC', 1036, 'Ouganda');
INSERT INTO TNHT_MULT(LITE_PK, LANG_PK, MULT_DESC)
VALUES('E53EA9973AC8274EB543950517E9EFDC', 1049, 'Уганда');
INSERT INTO TNHT_NACI(NACI_PK, LITE_DESC, REMU_PK, LICL_PK, NACI_CACO, ISO_3166, PT_SEF)
VALUES('UG', 'E53EA9973AC8274EB543950517E9EFDC', 6, 9, '+256', 'UGA', 'UGA');
INSERT INTO TNHT_LITE(LITE_PK) VALUES('DA212F787737D243A934155EAA512A7C');
INSERT INTO TNHT_MULT(LITE_PK, LANG_PK, MULT_DESC)
VALUES('DA212F787737D243A934155EAA512A7C', 1033, 'Uruguay');
INSERT INTO TNHT_MULT(LITE_PK, LANG_PK, MULT_DESC)
VALUES('DA212F787737D243A934155EAA512A7C', 3082, 'Uruguay');
INSERT INTO TNHT_MULT(LITE_PK, LANG_PK, MULT_DESC)
VALUES('DA212F787737D243A934155EAA512A7C', 2070, 'Uruguai');
INSERT INTO TNHT_MULT(LITE_PK, LANG_PK, MULT_DESC)
VALUES('DA212F787737D243A934155EAA512A7C', 1036, 'Uruguay');
INSERT INTO TNHT_MULT(LITE_PK, LANG_PK, MULT_DESC)
VALUES('DA212F787737D243A934155EAA512A7C', 1049, 'Уругвай');
INSERT INTO TNHT_NACI(NACI_PK, LITE_DESC, REMU_PK, LICL_PK, NACI_CACO, ISO_3166, PT_SEF)
VALUES('UY', 'DA212F787737D243A934155EAA512A7C', 3, 10, '+598', 'URY', 'URY');
INSERT INTO TNHT_LITE(LITE_PK) VALUES('01F228CBAB8A784D92F283B3328C368E');
INSERT INTO TNHT_MULT(LITE_PK, LANG_PK, MULT_DESC)
VALUES('01F228CBAB8A784D92F283B3328C368E', 1033, 'Uzbekistan');
INSERT INTO TNHT_MULT(LITE_PK, LANG_PK, MULT_DESC)
VALUES('01F228CBAB8A784D92F283B3328C368E', 3082, 'Uzbekistán');
INSERT INTO TNHT_MULT(LITE_PK, LANG_PK, MULT_DESC)
VALUES('01F228CBAB8A784D92F283B3328C368E', 2070, 'Uzbequistão');
INSERT INTO TNHT_MULT(LITE_PK, LANG_PK, MULT_DESC)
VALUES('01F228CBAB8A784D92F283B3328C368E', 1036, 'Ouzbékistan');
INSERT INTO TNHT_MULT(LITE_PK, LANG_PK, MULT_DESC)
VALUES('01F228CBAB8A784D92F283B3328C368E', 1049, 'Узбекистан');
INSERT INTO TNHT_NACI(NACI_PK, LITE_DESC, REMU_PK, LICL_PK, NACI_CACO, ISO_3166, PT_SEF)
VALUES('UZ', '01F228CBAB8A784D92F283B3328C368E', 7, 67, '+998', 'UZB', 'UZB');
INSERT INTO TNHT_LITE(LITE_PK) VALUES('C0EDFF331DFEBC4694748D9EDF064E31');
INSERT INTO TNHT_MULT(LITE_PK, LANG_PK, MULT_DESC)
VALUES('C0EDFF331DFEBC4694748D9EDF064E31', 1033, 'United States');
INSERT INTO TNHT_MULT(LITE_PK, LANG_PK, MULT_DESC)
VALUES('C0EDFF331DFEBC4694748D9EDF064E31', 3082, 'Estados Unidos');
INSERT INTO TNHT_MULT(LITE_PK, LANG_PK, MULT_DESC)
VALUES('C0EDFF331DFEBC4694748D9EDF064E31', 2070, 'Estados Unidos');
INSERT INTO TNHT_MULT(LITE_PK, LANG_PK, MULT_DESC)
VALUES('C0EDFF331DFEBC4694748D9EDF064E31', 1036, 'États-Unis');
INSERT INTO TNHT_MULT(LITE_PK, LANG_PK, MULT_DESC)
VALUES('C0EDFF331DFEBC4694748D9EDF064E31', 1049, 'США');
INSERT INTO TNHT_NACI(NACI_PK, LITE_DESC, REMU_PK, LICL_PK, NACI_CACO, ISO_3166, PT_SEF)
VALUES('US', 'C0EDFF331DFEBC4694748D9EDF064E31', 1, 9, '+1', 'USA', 'USA');
INSERT INTO TNHT_LITE(LITE_PK) VALUES('1DFB01B0E92B494E86A1D18253D97FD7');
INSERT INTO TNHT_MULT(LITE_PK, LANG_PK, MULT_DESC)
VALUES('1DFB01B0E92B494E86A1D18253D97FD7', 1033, 'Holy See (Vatican City State)');
INSERT INTO TNHT_MULT(LITE_PK, LANG_PK, MULT_DESC)
VALUES('1DFB01B0E92B494E86A1D18253D97FD7', 3082, 'Santa Sede (Ciudad Estado del Vaticano)');
INSERT INTO TNHT_MULT(LITE_PK, LANG_PK, MULT_DESC)
VALUES('1DFB01B0E92B494E86A1D18253D97FD7', 2070, 'Santa Sé (Estado Cidade do Vaticano)');
INSERT INTO TNHT_MULT(LITE_PK, LANG_PK, MULT_DESC)
VALUES('1DFB01B0E92B494E86A1D18253D97FD7', 1036, 'Saint-Siège (état de la cité du Vatican)');
INSERT INTO TNHT_MULT(LITE_PK, LANG_PK, MULT_DESC)
VALUES('1DFB01B0E92B494E86A1D18253D97FD7', 1049, 'Ватикан');
INSERT INTO TNHT_NACI(NACI_PK, LITE_DESC, REMU_PK, LICL_PK, NACI_CACO, ISO_3166, PT_SEF)
VALUES('VA', '1DFB01B0E92B494E86A1D18253D97FD7', 4, 16, '+39', 'VAT', 'VAT');
INSERT INTO TNHT_LITE(LITE_PK) VALUES('98FBC9F0E818F641A762138A26E79AD8');
INSERT INTO TNHT_MULT(LITE_PK, LANG_PK, MULT_DESC)
VALUES('98FBC9F0E818F641A762138A26E79AD8', 1033, 'Saint Vincent and the Grenadines');
INSERT INTO TNHT_MULT(LITE_PK, LANG_PK, MULT_DESC)
VALUES('98FBC9F0E818F641A762138A26E79AD8', 3082, 'San Vicente y las Granadinas');
INSERT INTO TNHT_MULT(LITE_PK, LANG_PK, MULT_DESC)
VALUES('98FBC9F0E818F641A762138A26E79AD8', 2070, 'São Vicente e Grenadinas');
INSERT INTO TNHT_MULT(LITE_PK, LANG_PK, MULT_DESC)
VALUES('98FBC9F0E818F641A762138A26E79AD8', 1036, 'Saint-Vincent-et-les Grenadines');
INSERT INTO TNHT_MULT(LITE_PK, LANG_PK, MULT_DESC)
VALUES('98FBC9F0E818F641A762138A26E79AD8', 1049, 'Сент-Винсент и Гренадины');
INSERT INTO TNHT_NACI(NACI_PK, LITE_DESC, REMU_PK, LICL_PK, NACI_CACO, ISO_3166, PT_SEF)
VALUES('VC', '98FBC9F0E818F641A762138A26E79AD8', 2, 9, '+1-784', 'VCT', 'VCT');
INSERT INTO TNHT_LITE(LITE_PK) VALUES('7E2C55724F997E4D9699F406A9E66C15');
INSERT INTO TNHT_MULT(LITE_PK, LANG_PK, MULT_DESC)
VALUES('7E2C55724F997E4D9699F406A9E66C15', 1033, 'Vanuatu');
INSERT INTO TNHT_MULT(LITE_PK, LANG_PK, MULT_DESC)
VALUES('7E2C55724F997E4D9699F406A9E66C15', 3082, 'Vanuatu');
INSERT INTO TNHT_MULT(LITE_PK, LANG_PK, MULT_DESC)
VALUES('7E2C55724F997E4D9699F406A9E66C15', 2070, 'Vanuatu');
INSERT INTO TNHT_MULT(LITE_PK, LANG_PK, MULT_DESC)
VALUES('7E2C55724F997E4D9699F406A9E66C15', 1036, 'Vanuatu');
INSERT INTO TNHT_MULT(LITE_PK, LANG_PK, MULT_DESC)
VALUES('7E2C55724F997E4D9699F406A9E66C15', 1049, 'Вануату');
INSERT INTO TNHT_NACI(NACI_PK, LITE_DESC, REMU_PK, LICL_PK, NACI_CACO, ISO_3166, PT_SEF)
VALUES('VU', '7E2C55724F997E4D9699F406A9E66C15', 9, 9, '+678', 'VUT', 'VUT');
INSERT INTO TNHT_LITE(LITE_PK) VALUES('822DF520FA31DD418B6D72E83E1B885D');
INSERT INTO TNHT_MULT(LITE_PK, LANG_PK, MULT_DESC)
VALUES('822DF520FA31DD418B6D72E83E1B885D', 1033, 'Venezuela');
INSERT INTO TNHT_MULT(LITE_PK, LANG_PK, MULT_DESC)
VALUES('822DF520FA31DD418B6D72E83E1B885D', 3082, 'Venezuela');
INSERT INTO TNHT_MULT(LITE_PK, LANG_PK, MULT_DESC)
VALUES('822DF520FA31DD418B6D72E83E1B885D', 2070, 'Venezuela');
INSERT INTO TNHT_MULT(LITE_PK, LANG_PK, MULT_DESC)
VALUES('822DF520FA31DD418B6D72E83E1B885D', 1036, 'Vénézuela');
INSERT INTO TNHT_MULT(LITE_PK, LANG_PK, MULT_DESC)
VALUES('822DF520FA31DD418B6D72E83E1B885D', 1049, 'Венесуэла');
INSERT INTO TNHT_NACI(NACI_PK, LITE_DESC, REMU_PK, LICL_PK, NACI_CACO, ISO_3166, PT_SEF)
VALUES('VE', '822DF520FA31DD418B6D72E83E1B885D', 3, 10, '+58', 'VEN', 'VEN');
INSERT INTO TNHT_LITE(LITE_PK) VALUES('1C0CC41C1E1B5C4A9B87638B08CA3DF4');
INSERT INTO TNHT_MULT(LITE_PK, LANG_PK, MULT_DESC)
VALUES('1C0CC41C1E1B5C4A9B87638B08CA3DF4', 1033, 'Viet Nam');
INSERT INTO TNHT_MULT(LITE_PK, LANG_PK, MULT_DESC)
VALUES('1C0CC41C1E1B5C4A9B87638B08CA3DF4', 3082, 'Vietnam');
INSERT INTO TNHT_MULT(LITE_PK, LANG_PK, MULT_DESC)
VALUES('1C0CC41C1E1B5C4A9B87638B08CA3DF4', 2070, 'Vietname');
INSERT INTO TNHT_MULT(LITE_PK, LANG_PK, MULT_DESC)
VALUES('1C0CC41C1E1B5C4A9B87638B08CA3DF4', 1036, 'Viet Nam');
INSERT INTO TNHT_MULT(LITE_PK, LANG_PK, MULT_DESC)
VALUES('1C0CC41C1E1B5C4A9B87638B08CA3DF4', 1049, 'Вьетнам');
INSERT INTO TNHT_NACI(NACI_PK, LITE_DESC, REMU_PK, LICL_PK, NACI_CACO, ISO_3166, PT_SEF)
VALUES('VN', '1C0CC41C1E1B5C4A9B87638B08CA3DF4', 8, 42, '+84', 'VNM', 'VNM');
INSERT INTO TNHT_LITE(LITE_PK) VALUES('A5B69BBB85E23249B3D63F90B62C5297');
INSERT INTO TNHT_MULT(LITE_PK, LANG_PK, MULT_DESC)
VALUES('A5B69BBB85E23249B3D63F90B62C5297', 1033, 'Samoa');
INSERT INTO TNHT_MULT(LITE_PK, LANG_PK, MULT_DESC)
VALUES('A5B69BBB85E23249B3D63F90B62C5297', 3082, 'Samoa');
INSERT INTO TNHT_MULT(LITE_PK, LANG_PK, MULT_DESC)
VALUES('A5B69BBB85E23249B3D63F90B62C5297', 2070, 'Samoa');
INSERT INTO TNHT_MULT(LITE_PK, LANG_PK, MULT_DESC)
VALUES('A5B69BBB85E23249B3D63F90B62C5297', 1036, 'Samoa');
INSERT INTO TNHT_MULT(LITE_PK, LANG_PK, MULT_DESC)
VALUES('A5B69BBB85E23249B3D63F90B62C5297', 1049, 'Самоа');
INSERT INTO TNHT_NACI(NACI_PK, LITE_DESC, REMU_PK, LICL_PK, NACI_CACO, ISO_3166, PT_SEF)
VALUES('WS', 'A5B69BBB85E23249B3D63F90B62C5297', 9, 9, '+685', 'WSM', 'WSM');
INSERT INTO TNHT_LITE(LITE_PK) VALUES('914F5201AF2D3841B30BD51557C5E171');
INSERT INTO TNHT_MULT(LITE_PK, LANG_PK, MULT_DESC)
VALUES('914F5201AF2D3841B30BD51557C5E171', 1033, 'Yemen');
INSERT INTO TNHT_MULT(LITE_PK, LANG_PK, MULT_DESC)
VALUES('914F5201AF2D3841B30BD51557C5E171', 3082, 'Yemen');
INSERT INTO TNHT_MULT(LITE_PK, LANG_PK, MULT_DESC)
VALUES('914F5201AF2D3841B30BD51557C5E171', 2070, 'Yémen');
INSERT INTO TNHT_MULT(LITE_PK, LANG_PK, MULT_DESC)
VALUES('914F5201AF2D3841B30BD51557C5E171', 1036, 'Yémen');
INSERT INTO TNHT_MULT(LITE_PK, LANG_PK, MULT_DESC)
VALUES('914F5201AF2D3841B30BD51557C5E171', 1049, 'Йемен');
INSERT INTO TNHT_NACI(NACI_PK, LITE_DESC, REMU_PK, LICL_PK, NACI_CACO, ISO_3166, PT_SEF)
VALUES('YE', '914F5201AF2D3841B30BD51557C5E171', 5, 1, '+967', 'YEM', 'YEM');
INSERT INTO TNHT_LITE(LITE_PK) VALUES('136DCD6A31767749A8E73FF3918C5072');
INSERT INTO TNHT_MULT(LITE_PK, LANG_PK, MULT_DESC)
VALUES('136DCD6A31767749A8E73FF3918C5072', 1033, 'Zambia');
INSERT INTO TNHT_MULT(LITE_PK, LANG_PK, MULT_DESC)
VALUES('136DCD6A31767749A8E73FF3918C5072', 3082, 'Zambia');
INSERT INTO TNHT_MULT(LITE_PK, LANG_PK, MULT_DESC)
VALUES('136DCD6A31767749A8E73FF3918C5072', 2070, 'Zâmbia');
INSERT INTO TNHT_MULT(LITE_PK, LANG_PK, MULT_DESC)
VALUES('136DCD6A31767749A8E73FF3918C5072', 1036, 'Zambie');
INSERT INTO TNHT_MULT(LITE_PK, LANG_PK, MULT_DESC)
VALUES('136DCD6A31767749A8E73FF3918C5072', 1049, 'Замбия');
INSERT INTO TNHT_NACI(NACI_PK, LITE_DESC, REMU_PK, LICL_PK, NACI_CACO, ISO_3166, PT_SEF)
VALUES('ZM', '136DCD6A31767749A8E73FF3918C5072', 6, 9, '+260', 'ZMB', 'YEM');
INSERT INTO TNHT_LITE(LITE_PK) VALUES('5A1037322010814185B85A1A37063A8C');
INSERT INTO TNHT_MULT(LITE_PK, LANG_PK, MULT_DESC)
VALUES('5A1037322010814185B85A1A37063A8C', 1033, 'Zimbabwe');
INSERT INTO TNHT_MULT(LITE_PK, LANG_PK, MULT_DESC)
VALUES('5A1037322010814185B85A1A37063A8C', 3082, 'Zimbabue');
INSERT INTO TNHT_MULT(LITE_PK, LANG_PK, MULT_DESC)
VALUES('5A1037322010814185B85A1A37063A8C', 2070, 'Zimbabwe');
INSERT INTO TNHT_MULT(LITE_PK, LANG_PK, MULT_DESC)
VALUES('5A1037322010814185B85A1A37063A8C', 1036, 'Zimbabwe');
INSERT INTO TNHT_MULT(LITE_PK, LANG_PK, MULT_DESC)
VALUES('5A1037322010814185B85A1A37063A8C', 1049, 'Зимбабве');
INSERT INTO TNHT_NACI(NACI_PK, LITE_DESC, REMU_PK, LICL_PK, NACI_CACO, ISO_3166, PT_SEF)
VALUES('ZW', '5A1037322010814185B85A1A37063A8C', 6, 9, '+263', 'ZWE', 'ZWE');
INSERT INTO TNHT_LITE(LITE_PK) VALUES('0DF93A8530DCB541803A88179F994748');
INSERT INTO TNHT_MULT(LITE_PK, LANG_PK, MULT_DESC)
VALUES('0DF93A8530DCB541803A88179F994748', 1033, 'South Africa');
INSERT INTO TNHT_MULT(LITE_PK, LANG_PK, MULT_DESC)
VALUES('0DF93A8530DCB541803A88179F994748', 3082, 'Suráfrica');
INSERT INTO TNHT_MULT(LITE_PK, LANG_PK, MULT_DESC)
VALUES('0DF93A8530DCB541803A88179F994748', 2070, 'África do Sul');
INSERT INTO TNHT_MULT(LITE_PK, LANG_PK, MULT_DESC)
VALUES('0DF93A8530DCB541803A88179F994748', 1036, 'Afrique du Sud');
INSERT INTO TNHT_MULT(LITE_PK, LANG_PK, MULT_DESC)
VALUES('0DF93A8530DCB541803A88179F994748', 1049, 'ЮАР');
INSERT INTO TNHT_NACI(NACI_PK, LITE_DESC, REMU_PK, LICL_PK, NACI_CACO, ISO_3166, PT_SEF)
VALUES('ZA', '0DF93A8530DCB541803A88179F994748', 6, 54, '+27', 'ZAF', 'ZAF');
INSERT INTO TNHT_LITE(LITE_PK) VALUES('D0380FAF258AA94EA7239E1C875B2FAB');
INSERT INTO TNHT_MULT(LITE_PK, LANG_PK, MULT_DESC)
VALUES('D0380FAF258AA94EA7239E1C875B2FAB', 1033, 'Zaire');
INSERT INTO TNHT_MULT(LITE_PK, LANG_PK, MULT_DESC)
VALUES('D0380FAF258AA94EA7239E1C875B2FAB', 3082, 'Zaire');
INSERT INTO TNHT_MULT(LITE_PK, LANG_PK, MULT_DESC)
VALUES('D0380FAF258AA94EA7239E1C875B2FAB', 2070, 'Zaire');
INSERT INTO TNHT_MULT(LITE_PK, LANG_PK, MULT_DESC)
VALUES('D0380FAF258AA94EA7239E1C875B2FAB', 1036, 'Zaire');
INSERT INTO TNHT_MULT(LITE_PK, LANG_PK, MULT_DESC)
VALUES('D0380FAF258AA94EA7239E1C875B2FAB', 1049, 'Заир');
INSERT INTO TNHT_NACI(NACI_PK, LITE_DESC, REMU_PK, LICL_PK, NACI_CACO, ISO_3166, PT_SEF)
VALUES('ZR', 'D0380FAF258AA94EA7239E1C875B2FAB', 6, 12, '+243', 'ZAR', 'ZAR');
INSERT INTO TNHT_LITE(LITE_PK) VALUES('04AAC1573C70E9479D51824D45E8FCA1');
INSERT INTO TNHT_MULT(LITE_PK, LANG_PK, MULT_DESC)
VALUES('04AAC1573C70E9479D51824D45E8FCA1', 1033, 'Bermuda');
INSERT INTO TNHT_MULT(LITE_PK, LANG_PK, MULT_DESC)
VALUES('04AAC1573C70E9479D51824D45E8FCA1', 3082, 'Bermuda');
INSERT INTO TNHT_MULT(LITE_PK, LANG_PK, MULT_DESC)
VALUES('04AAC1573C70E9479D51824D45E8FCA1', 2070, 'Bermuda');
INSERT INTO TNHT_MULT(LITE_PK, LANG_PK, MULT_DESC)
VALUES('04AAC1573C70E9479D51824D45E8FCA1', 1036, 'Bermuda');
INSERT INTO TNHT_MULT(LITE_PK, LANG_PK, MULT_DESC)
VALUES('04AAC1573C70E9479D51824D45E8FCA1', 1049, 'Бермудские острова');
INSERT INTO TNHT_NACI(NACI_PK, LITE_DESC, REMU_PK, LICL_PK, NACI_CACO, ISO_3166, PT_SEF)
VALUES('BM', '04AAC1573C70E9479D51824D45E8FCA1', 2, 9, '+1-441', 'BMU', 'BMU');
INSERT INTO TNHT_LITE(LITE_PK) VALUES('99DE6730648C2B41A53624B844ECF973');
INSERT INTO TNHT_MULT(LITE_PK, LANG_PK, MULT_DESC)
VALUES('99DE6730648C2B41A53624B844ECF973', 1033, 'Gibraltar');
INSERT INTO TNHT_MULT(LITE_PK, LANG_PK, MULT_DESC)
VALUES('99DE6730648C2B41A53624B844ECF973', 3082, 'Gibraltar');
INSERT INTO TNHT_MULT(LITE_PK, LANG_PK, MULT_DESC)
VALUES('99DE6730648C2B41A53624B844ECF973', 2070, 'Gibraltar');
INSERT INTO TNHT_MULT(LITE_PK, LANG_PK, MULT_DESC)
VALUES('99DE6730648C2B41A53624B844ECF973', 1036, 'Gibraltar');
INSERT INTO TNHT_MULT(LITE_PK, LANG_PK, MULT_DESC)
VALUES('99DE6730648C2B41A53624B844ECF973', 1049, 'Гибралтар');
INSERT INTO TNHT_NACI(NACI_PK, LITE_DESC, REMU_PK, LICL_PK, NACI_CACO, ISO_3166, PT_SEF)
VALUES('GI', '99DE6730648C2B41A53624B844ECF973', 4, 9, '+350', 'GIB', 'GIB');
INSERT INTO TNHT_LITE(LITE_PK) VALUES('A46D96F9D692844181D433EC7EBCDAFA');
INSERT INTO TNHT_MULT(LITE_PK, LANG_PK, MULT_DESC)
VALUES('A46D96F9D692844181D433EC7EBCDAFA', 1033, 'Serbia');
INSERT INTO TNHT_MULT(LITE_PK, LANG_PK, MULT_DESC)
VALUES('A46D96F9D692844181D433EC7EBCDAFA', 3082, 'Serbia');
INSERT INTO TNHT_MULT(LITE_PK, LANG_PK, MULT_DESC)
VALUES('A46D96F9D692844181D433EC7EBCDAFA', 2070, 'Serbia');
INSERT INTO TNHT_MULT(LITE_PK, LANG_PK, MULT_DESC)
VALUES('A46D96F9D692844181D433EC7EBCDAFA', 1036, 'Serbia');
INSERT INTO TNHT_MULT(LITE_PK, LANG_PK, MULT_DESC)
VALUES('A46D96F9D692844181D433EC7EBCDAFA', 1049, 'Сербия');
INSERT INTO TNHT_NACI(NACI_PK, LITE_DESC, REMU_PK, LICL_PK, NACI_CACO, ISO_3166, PT_SEF)
VALUES('RS', 'A46D96F9D692844181D433EC7EBCDAFA', 4, 31770, '+381', 'SRB', 'SRB');
INSERT INTO TNHT_LITE(LITE_PK) VALUES('B7734B18DC5D3F4EADBC5A39F71EC45A');
INSERT INTO TNHT_MULT(LITE_PK, LANG_PK, MULT_DESC)
VALUES('B7734B18DC5D3F4EADBC5A39F71EC45A', 1033, 'Montenegro');
INSERT INTO TNHT_MULT(LITE_PK, LANG_PK, MULT_DESC)
VALUES('B7734B18DC5D3F4EADBC5A39F71EC45A', 3082, 'Montenegro');
INSERT INTO TNHT_MULT(LITE_PK, LANG_PK, MULT_DESC)
VALUES('B7734B18DC5D3F4EADBC5A39F71EC45A', 2070, 'Montenegro');
INSERT INTO TNHT_MULT(LITE_PK, LANG_PK, MULT_DESC)
VALUES('B7734B18DC5D3F4EADBC5A39F71EC45A', 1036, 'Montenegro');
INSERT INTO TNHT_MULT(LITE_PK, LANG_PK, MULT_DESC)
VALUES('B7734B18DC5D3F4EADBC5A39F71EC45A', 1049, 'Черногория');
INSERT INTO TNHT_NACI(NACI_PK, LITE_DESC, REMU_PK, LICL_PK, NACI_CACO, ISO_3166, PT_SEF)
VALUES('ME', 'B7734B18DC5D3F4EADBC5A39F71EC45A', 4, 31770, '+382', 'MTG', 'MTG');
INSERT INTO TNHT_LITE(LITE_PK) VALUES('9F62549258209C45A0E564CF3A5F2F7F');
INSERT INTO TNHT_MULT(LITE_PK, LANG_PK, MULT_DESC)
VALUES('9F62549258209C45A0E564CF3A5F2F7F', 1033, 'Hong Kong');
INSERT INTO TNHT_MULT(LITE_PK, LANG_PK, MULT_DESC)
VALUES('9F62549258209C45A0E564CF3A5F2F7F', 3082, 'Hong Kong');
INSERT INTO TNHT_MULT(LITE_PK, LANG_PK, MULT_DESC)
VALUES('9F62549258209C45A0E564CF3A5F2F7F', 2070, 'Hong Kong');
INSERT INTO TNHT_MULT(LITE_PK, LANG_PK, MULT_DESC)
VALUES('9F62549258209C45A0E564CF3A5F2F7F', 1036, 'Hong Kong');
INSERT INTO TNHT_MULT(LITE_PK, LANG_PK, MULT_DESC)
VALUES('9F62549258209C45A0E564CF3A5F2F7F', 1049, 'Гонконг');
INSERT INTO TNHT_NACI(NACI_PK, LITE_DESC, REMU_PK, LICL_PK, NACI_CACO, ISO_3166, PT_SEF)
VALUES('HK', '9F62549258209C45A0E564CF3A5F2F7F', 7, 4, '+852', 'HKG', 'HKG');
INSERT INTO TNHT_LITE(LITE_PK) VALUES('B23DD36D31C82D4D8AD6FA1EA3C9748D');
INSERT INTO TNHT_MULT(LITE_PK, LANG_PK, MULT_DESC)
VALUES('B23DD36D31C82D4D8AD6FA1EA3C9748D', 1033, 'Puerto Rico');
INSERT INTO TNHT_MULT(LITE_PK, LANG_PK, MULT_DESC)
VALUES('B23DD36D31C82D4D8AD6FA1EA3C9748D', 3082, 'Puerto Rico');
INSERT INTO TNHT_MULT(LITE_PK, LANG_PK, MULT_DESC)
VALUES('B23DD36D31C82D4D8AD6FA1EA3C9748D', 2070, 'Puerto Rico');
INSERT INTO TNHT_MULT(LITE_PK, LANG_PK, MULT_DESC)
VALUES('B23DD36D31C82D4D8AD6FA1EA3C9748D', 1036, 'Puerto Rico');
INSERT INTO TNHT_MULT(LITE_PK, LANG_PK, MULT_DESC)
VALUES('B23DD36D31C82D4D8AD6FA1EA3C9748D', 1049, 'Пуэрто-Рико');
INSERT INTO TNHT_NACI(NACI_PK, LITE_DESC, REMU_PK, LICL_PK, NACI_CACO, ISO_3166, PT_SEF)
VALUES('PR', 'B23DD36D31C82D4D8AD6FA1EA3C9748D', 2, 10, '+1-939', 'PRI', 'PRI');
INSERT INTO TNHT_LITE(LITE_PK) VALUES('44CC154A9175204DA62738ED33D4F8C1');
INSERT INTO TNHT_MULT(LITE_PK, LANG_PK, MULT_DESC)
VALUES('44CC154A9175204DA62738ED33D4F8C1', 1033, 'East Timor');
INSERT INTO TNHT_MULT(LITE_PK, LANG_PK, MULT_DESC) 
VALUES('44CC154A9175204DA62738ED33D4F8C1', 3082, 'Timor Oriental');
INSERT INTO TNHT_MULT(LITE_PK, LANG_PK, MULT_DESC)
VALUES('44CC154A9175204DA62738ED33D4F8C1', 2070, 'Timor-Leste');
INSERT INTO TNHT_MULT(LITE_PK, LANG_PK, MULT_DESC)
VALUES('44CC154A9175204DA62738ED33D4F8C1', 1036, 'East Timor');
INSERT INTO TNHT_MULT(LITE_PK, LANG_PK, MULT_DESC)
VALUES('44CC154A9175204DA62738ED33D4F8C1', 1049, 'Восточный Тимор');
INSERT INTO TNHT_NACI(NACI_PK, LITE_DESC, REMU_PK, LICL_PK, NACI_CACO, ISO_3166, PT_SEF)
VALUES('TL', '44CC154A9175204DA62738ED33D4F8C1', 9, 22, '+670', 'TLS', 'TLS');
INSERT INTO TNHT_LITE(LITE_PK) VALUES ('D2296E9DD1A2422AA6048C231C7E3035');
INSERT INTO TNHT_MULT(LITE_PK, LANG_PK, MULT_DESC) 
VALUES ('D2296E9DD1A2422AA6048C231C7E3035', 1033, 'Myanmar');
INSERT INTO TNHT_MULT(LITE_PK, LANG_PK, MULT_DESC) 
VALUES ('D2296E9DD1A2422AA6048C231C7E3035', 3082, 'Myanmar');
INSERT INTO TNHT_MULT(LITE_PK, LANG_PK, MULT_DESC) 
VALUES ('D2296E9DD1A2422AA6048C231C7E3035', 2070, 'Myanmar');
INSERT INTO TNHT_MULT(LITE_PK, LANG_PK, MULT_DESC) 
VALUES ('D2296E9DD1A2422AA6048C231C7E3035', 1036, 'Myanmar');
INSERT INTO TNHT_NACI(NACI_PK, LITE_DESC, REMU_PK, LICL_PK, NACI_CACO, ISO_3166, PT_SEF)
VALUES ('MM','D2296E9DD1A2422AA6048C231C7E3035', 8, 1109, '+95','MMR', 'MMR');

INSERT INTO TNHT_LITE(LITE_PK) VALUES('4A8E0ADD53E0CE499D3D0E6596FE25C2');
INSERT INTO TNHT_MULT(LITE_PK, LANG_PK, MULT_DESC) VALUES('4A8E0ADD53E0CE499D3D0E6596FE25C2', 1033, 'Cancellation');
INSERT INTO TNHT_MULT(LITE_PK, LANG_PK, MULT_DESC) VALUES('4A8E0ADD53E0CE499D3D0E6596FE25C2', 3082, 'Anulación');
INSERT INTO TNHT_MULT(LITE_PK, LANG_PK, MULT_DESC) VALUES('4A8E0ADD53E0CE499D3D0E6596FE25C2', 2070, 'Cancelamento');
INSERT INTO TNHT_MULT(LITE_PK, LANG_PK, MULT_DESC) VALUES('4A8E0ADD53E0CE499D3D0E6596FE25C2', 1036, 'Annulation');
INSERT INTO TNHT_MULT(LITE_PK, LANG_PK, MULT_DESC) VALUES('4A8E0ADD53E0CE499D3D0E6596FE25C2', 1049, 'Отмена');
INSERT INTO TNHT_TOPE (TOPE_PK, LITE_PK) VALUES(1, '4A8E0ADD53E0CE499D3D0E6596FE25C2');
INSERT INTO TNHT_LITE(LITE_PK) VALUES('200C7BE90221194EB75E6EDFC40B4624');
INSERT INTO TNHT_MULT(LITE_PK, LANG_PK, MULT_DESC) VALUES('200C7BE90221194EB75E6EDFC40B4624', 1033, 'Creation');
INSERT INTO TNHT_MULT(LITE_PK, LANG_PK, MULT_DESC) VALUES('200C7BE90221194EB75E6EDFC40B4624', 3082, 'Creación');
INSERT INTO TNHT_MULT(LITE_PK, LANG_PK, MULT_DESC) VALUES('200C7BE90221194EB75E6EDFC40B4624', 2070, 'Criação');
INSERT INTO TNHT_MULT(LITE_PK, LANG_PK, MULT_DESC) VALUES('200C7BE90221194EB75E6EDFC40B4624', 1036, 'Création');
INSERT INTO TNHT_MULT(LITE_PK, LANG_PK, MULT_DESC) VALUES('200C7BE90221194EB75E6EDFC40B4624', 1049, 'Создание');
INSERT INTO TNHT_TOPE (TOPE_PK, LITE_PK) VALUES(2, '200C7BE90221194EB75E6EDFC40B4624');
INSERT INTO TNHT_LITE(LITE_PK) VALUES('0EE908636F49164FA7A1C779D199DF8C');
INSERT INTO TNHT_MULT(LITE_PK, LANG_PK, MULT_DESC) VALUES('0EE908636F49164FA7A1C779D199DF8C', 1033, 'Solution');
INSERT INTO TNHT_MULT(LITE_PK, LANG_PK, MULT_DESC) VALUES('0EE908636F49164FA7A1C779D199DF8C', 3082, 'Solución');
INSERT INTO TNHT_MULT(LITE_PK, LANG_PK, MULT_DESC) VALUES('0EE908636F49164FA7A1C779D199DF8C', 2070, 'Solução');
INSERT INTO TNHT_MULT(LITE_PK, LANG_PK, MULT_DESC) VALUES('0EE908636F49164FA7A1C779D199DF8C', 1036, 'Solution');
INSERT INTO TNHT_MULT(LITE_PK, LANG_PK, MULT_DESC) VALUES('0EE908636F49164FA7A1C779D199DF8C', 1049, 'Решение');
INSERT INTO TNHT_TOPE (TOPE_PK, LITE_PK) VALUES(3, '0EE908636F49164FA7A1C779D199DF8C');
INSERT INTO TNHT_LITE(LITE_PK) VALUES('6563326B3565684696A98AC4189E9E50');
INSERT INTO TNHT_MULT(LITE_PK, LANG_PK, MULT_DESC) VALUES('6563326B3565684696A98AC4189E9E50', 1033, 'Readed');
INSERT INTO TNHT_MULT(LITE_PK, LANG_PK, MULT_DESC) VALUES('6563326B3565684696A98AC4189E9E50', 3082, 'Leída');
INSERT INTO TNHT_MULT(LITE_PK, LANG_PK, MULT_DESC) VALUES('6563326B3565684696A98AC4189E9E50', 2070, 'Lido');
INSERT INTO TNHT_MULT(LITE_PK, LANG_PK, MULT_DESC) VALUES('6563326B3565684696A98AC4189E9E50', 1036, 'Lus');
INSERT INTO TNHT_MULT(LITE_PK, LANG_PK, MULT_DESC) VALUES('6563326B3565684696A98AC4189E9E50', 1049, 'Прочитано');
INSERT INTO TNHT_TOPE (TOPE_PK, LITE_PK) VALUES(4, '6563326B3565684696A98AC4189E9E50');
INSERT INTO TNHT_LITE(LITE_PK) VALUES('93A323CF97F2D14989B8B7E79F106F20');
INSERT INTO TNHT_MULT(LITE_PK, LANG_PK, MULT_DESC) VALUES('93A323CF97F2D14989B8B7E79F106F20', 1033, 'Block');
INSERT INTO TNHT_MULT(LITE_PK, LANG_PK, MULT_DESC) VALUES('93A323CF97F2D14989B8B7E79F106F20', 3082, 'Bloqueo');
INSERT INTO TNHT_MULT(LITE_PK, LANG_PK, MULT_DESC) VALUES('93A323CF97F2D14989B8B7E79F106F20', 2070, 'Bloqueio');
INSERT INTO TNHT_MULT(LITE_PK, LANG_PK, MULT_DESC) VALUES('93A323CF97F2D14989B8B7E79F106F20', 1036, 'Bloc');
INSERT INTO TNHT_MULT(LITE_PK, LANG_PK, MULT_DESC) VALUES('93A323CF97F2D14989B8B7E79F106F20', 1049, 'Блокировать');
INSERT INTO TNHT_TOPE (TOPE_PK, LITE_PK) VALUES(5, '93A323CF97F2D14989B8B7E79F106F20');
INSERT INTO TNHT_LITE(LITE_PK) VALUES('096CE7F67F946A4FA275078D331E7D80');
INSERT INTO TNHT_MULT(LITE_PK, LANG_PK, MULT_DESC) VALUES('096CE7F67F946A4FA275078D331E7D80', 1033, 'Close');
INSERT INTO TNHT_MULT(LITE_PK, LANG_PK, MULT_DESC) VALUES('096CE7F67F946A4FA275078D331E7D80', 3082, 'Cierre');
INSERT INTO TNHT_MULT(LITE_PK, LANG_PK, MULT_DESC) VALUES('096CE7F67F946A4FA275078D331E7D80', 2070, 'Fechar');
INSERT INTO TNHT_MULT(LITE_PK, LANG_PK, MULT_DESC) VALUES('096CE7F67F946A4FA275078D331E7D80', 1036, 'Fermé');
INSERT INTO TNHT_MULT(LITE_PK, LANG_PK, MULT_DESC) VALUES('096CE7F67F946A4FA275078D331E7D80', 1049, 'Закрыть');
INSERT INTO TNHT_TOPE (TOPE_PK, LITE_PK) VALUES(6, '096CE7F67F946A4FA275078D331E7D80');
INSERT INTO TNHT_LITE(LITE_PK) VALUES('E4BA4C4606CBA94B9D19832AF6AA2BB5');
INSERT INTO TNHT_MULT(LITE_PK, LANG_PK, MULT_DESC) VALUES('E4BA4C4606CBA94B9D19832AF6AA2BB5', 1033, 'Issue');
INSERT INTO TNHT_MULT(LITE_PK, LANG_PK, MULT_DESC) VALUES('E4BA4C4606CBA94B9D19832AF6AA2BB5', 3082, 'Emisión');
INSERT INTO TNHT_MULT(LITE_PK, LANG_PK, MULT_DESC) VALUES('E4BA4C4606CBA94B9D19832AF6AA2BB5', 2070, 'Emitir');
INSERT INTO TNHT_MULT(LITE_PK, LANG_PK, MULT_DESC) VALUES('E4BA4C4606CBA94B9D19832AF6AA2BB5', 1036, 'Délivrer');
INSERT INTO TNHT_MULT(LITE_PK, LANG_PK, MULT_DESC) VALUES('E4BA4C4606CBA94B9D19832AF6AA2BB5', 1049, 'Выход');
INSERT INTO TNHT_TOPE (TOPE_PK, LITE_PK) VALUES(7, 'E4BA4C4606CBA94B9D19832AF6AA2BB5');
INSERT INTO TNHT_LITE(LITE_PK) VALUES('36C8EE939AAD7949AF158188AA117EDD');
INSERT INTO TNHT_MULT(LITE_PK, LANG_PK, MULT_DESC) VALUES('36C8EE939AAD7949AF158188AA117EDD', 1033, 'Confirmation');
INSERT INTO TNHT_MULT(LITE_PK, LANG_PK, MULT_DESC) VALUES('36C8EE939AAD7949AF158188AA117EDD', 3082, 'Confirmación');
INSERT INTO TNHT_MULT(LITE_PK, LANG_PK, MULT_DESC) VALUES('36C8EE939AAD7949AF158188AA117EDD', 2070, 'Confirmação');
INSERT INTO TNHT_MULT(LITE_PK, LANG_PK, MULT_DESC) VALUES('36C8EE939AAD7949AF158188AA117EDD', 1036, 'Confirmation');
INSERT INTO TNHT_MULT(LITE_PK, LANG_PK, MULT_DESC) VALUES('36C8EE939AAD7949AF158188AA117EDD', 1049, 'Подтверждение');
INSERT INTO TNHT_TOPE (TOPE_PK, LITE_PK) VALUES(8, '36C8EE939AAD7949AF158188AA117EDD');
INSERT INTO TNHT_LITE(LITE_PK) VALUES('B1456F9A519CE64CAE2BD71AFF8C3EF8');
INSERT INTO TNHT_MULT(LITE_PK, LANG_PK, MULT_DESC) VALUES('B1456F9A519CE64CAE2BD71AFF8C3EF8', 1033, 'Modify');
INSERT INTO TNHT_MULT(LITE_PK, LANG_PK, MULT_DESC) VALUES('B1456F9A519CE64CAE2BD71AFF8C3EF8', 3082, 'Modifición');
INSERT INTO TNHT_MULT(LITE_PK, LANG_PK, MULT_DESC) VALUES('B1456F9A519CE64CAE2BD71AFF8C3EF8', 2070, 'Nodificar');
INSERT INTO TNHT_MULT(LITE_PK, LANG_PK, MULT_DESC) VALUES('B1456F9A519CE64CAE2BD71AFF8C3EF8', 1036, 'Modifier');
INSERT INTO TNHT_MULT(LITE_PK, LANG_PK, MULT_DESC) VALUES('B1456F9A519CE64CAE2BD71AFF8C3EF8', 1049, 'Изменить');
INSERT INTO TNHT_TOPE (TOPE_PK, LITE_PK) VALUES(9, 'B1456F9A519CE64CAE2BD71AFF8C3EF8');
INSERT INTO TNHT_LITE(LITE_PK) VALUES('14FBD08232EEC447A377DF9FA9983938');
INSERT INTO TNHT_MULT(LITE_PK, LANG_PK, MULT_DESC) VALUES('14FBD08232EEC447A377DF9FA9983938', 1033, 'Delete');
INSERT INTO TNHT_MULT(LITE_PK, LANG_PK, MULT_DESC) VALUES('14FBD08232EEC447A377DF9FA9983938', 3082, 'Borrado');
INSERT INTO TNHT_MULT(LITE_PK, LANG_PK, MULT_DESC) VALUES('14FBD08232EEC447A377DF9FA9983938', 2070, 'Apagar');
INSERT INTO TNHT_MULT(LITE_PK, LANG_PK, MULT_DESC) VALUES('14FBD08232EEC447A377DF9FA9983938', 1036, 'Supprimer');
INSERT INTO TNHT_MULT(LITE_PK, LANG_PK, MULT_DESC) VALUES('14FBD08232EEC447A377DF9FA9983938', 1049, 'Удалить');
INSERT INTO TNHT_TOPE (TOPE_PK, LITE_PK) VALUES(10, '14FBD08232EEC447A377DF9FA9983938');
INSERT INTO TNHT_LITE(LITE_PK) VALUES('050F4F35BE10FE409531B8EAC30314CC');
INSERT INTO TNHT_MULT(LITE_PK, LANG_PK, MULT_DESC) VALUES('050F4F35BE10FE409531B8EAC30314CC', 1033, 'Open');
INSERT INTO TNHT_MULT(LITE_PK, LANG_PK, MULT_DESC) VALUES('050F4F35BE10FE409531B8EAC30314CC', 3082, 'Abrir');
INSERT INTO TNHT_MULT(LITE_PK, LANG_PK, MULT_DESC) VALUES('050F4F35BE10FE409531B8EAC30314CC', 2070, 'Abrir');
INSERT INTO TNHT_MULT(LITE_PK, LANG_PK, MULT_DESC) VALUES('050F4F35BE10FE409531B8EAC30314CC', 1036, 'Open');
INSERT INTO TNHT_MULT(LITE_PK, LANG_PK, MULT_DESC) VALUES('050F4F35BE10FE409531B8EAC30314CC', 1049, 'Открыть');
INSERT INTO TNHT_TOPE (TOPE_PK, LITE_PK) VALUES(11, '050F4F35BE10FE409531B8EAC30314CC');
INSERT INTO TNHT_LITE(LITE_PK) VALUES('C9B656DFF6BA30469B4963042B051FE0');
INSERT INTO TNHT_MULT(LITE_PK, LANG_PK, MULT_DESC) VALUES('C9B656DFF6BA30469B4963042B051FE0', 1033, 'Unblock');
INSERT INTO TNHT_MULT(LITE_PK, LANG_PK, MULT_DESC) VALUES('C9B656DFF6BA30469B4963042B051FE0', 3082, 'Desbloqueo');
INSERT INTO TNHT_MULT(LITE_PK, LANG_PK, MULT_DESC) VALUES('C9B656DFF6BA30469B4963042B051FE0', 2070, 'Desobstruir');
INSERT INTO TNHT_MULT(LITE_PK, LANG_PK, MULT_DESC) VALUES('C9B656DFF6BA30469B4963042B051FE0', 1036, 'Débloquer');
INSERT INTO TNHT_MULT(LITE_PK, LANG_PK, MULT_DESC) VALUES('C9B656DFF6BA30469B4963042B051FE0', 1049, 'Разблокировать');
INSERT INTO TNHT_TOPE (TOPE_PK, LITE_PK) VALUES(12, 'C9B656DFF6BA30469B4963042B051FE0');
INSERT INTO TNHT_LITE(LITE_PK) VALUES('9937FA307CF373478FCB1FB01A2B45E0');
INSERT INTO TNHT_MULT(LITE_PK, LANG_PK, MULT_DESC) VALUES('9937FA307CF373478FCB1FB01A2B45E0', 1033, 'Check-In');
INSERT INTO TNHT_MULT(LITE_PK, LANG_PK, MULT_DESC) VALUES('9937FA307CF373478FCB1FB01A2B45E0', 3082, 'Check-In');
INSERT INTO TNHT_MULT(LITE_PK, LANG_PK, MULT_DESC) VALUES('9937FA307CF373478FCB1FB01A2B45E0', 2070, 'Check-In');
INSERT INTO TNHT_MULT(LITE_PK, LANG_PK, MULT_DESC) VALUES('9937FA307CF373478FCB1FB01A2B45E0', 1036, 'Check-In');
INSERT INTO TNHT_MULT(LITE_PK, LANG_PK, MULT_DESC) VALUES('9937FA307CF373478FCB1FB01A2B45E0', 1049, 'Заезд');
INSERT INTO TNHT_TOPE (TOPE_PK, LITE_PK) VALUES(13, '9937FA307CF373478FCB1FB01A2B45E0');
INSERT INTO TNHT_LITE(LITE_PK) VALUES('65AD0AD34D02F145A5407D7F290083CE');
INSERT INTO TNHT_MULT(LITE_PK, LANG_PK, MULT_DESC) VALUES('65AD0AD34D02F145A5407D7F290083CE', 1033, 'Undo Check-In');
INSERT INTO TNHT_MULT(LITE_PK, LANG_PK, MULT_DESC) VALUES('65AD0AD34D02F145A5407D7F290083CE', 3082, 'Cancelar Check-In');
INSERT INTO TNHT_MULT(LITE_PK, LANG_PK, MULT_DESC) VALUES('65AD0AD34D02F145A5407D7F290083CE', 2070, 'Desfazer Cancelar');
INSERT INTO TNHT_MULT(LITE_PK, LANG_PK, MULT_DESC) VALUES('65AD0AD34D02F145A5407D7F290083CE', 1036, 'Annuler Annuler');
INSERT INTO TNHT_MULT(LITE_PK, LANG_PK, MULT_DESC) VALUES('65AD0AD34D02F145A5407D7F290083CE', 1049, 'Отмена заезда');
INSERT INTO TNHT_TOPE (TOPE_PK, LITE_PK) VALUES(14, '65AD0AD34D02F145A5407D7F290083CE');
INSERT INTO TNHT_LITE(LITE_PK) VALUES('E8A16ADBEDBBC74E95C407A353659400');
INSERT INTO TNHT_MULT(LITE_PK, LANG_PK, MULT_DESC) VALUES('E8A16ADBEDBBC74E95C407A353659400', 1033, 'Check-Out');
INSERT INTO TNHT_MULT(LITE_PK, LANG_PK, MULT_DESC) VALUES('E8A16ADBEDBBC74E95C407A353659400', 3082, 'Check-Out');
INSERT INTO TNHT_MULT(LITE_PK, LANG_PK, MULT_DESC) VALUES('E8A16ADBEDBBC74E95C407A353659400', 2070, 'Check-Out');
INSERT INTO TNHT_MULT(LITE_PK, LANG_PK, MULT_DESC) VALUES('E8A16ADBEDBBC74E95C407A353659400', 1036, 'Check-Out');
INSERT INTO TNHT_MULT(LITE_PK, LANG_PK, MULT_DESC) VALUES('E8A16ADBEDBBC74E95C407A353659400', 1049, 'Выезд');
INSERT INTO TNHT_TOPE (TOPE_PK, LITE_PK) VALUES(15, 'E8A16ADBEDBBC74E95C407A353659400');
INSERT INTO TNHT_LITE(LITE_PK) VALUES('11BB8AA867D9984BB7200FBA7900156B');
INSERT INTO TNHT_MULT(LITE_PK, LANG_PK, MULT_DESC) VALUES('11BB8AA867D9984BB7200FBA7900156B', 1033, 'Undo Check-Out');
INSERT INTO TNHT_MULT(LITE_PK, LANG_PK, MULT_DESC) VALUES('11BB8AA867D9984BB7200FBA7900156B', 3082, 'Cancelar Check-Out');
INSERT INTO TNHT_MULT(LITE_PK, LANG_PK, MULT_DESC) VALUES('11BB8AA867D9984BB7200FBA7900156B', 2070, 'Desfazer Check-Out');
INSERT INTO TNHT_MULT(LITE_PK, LANG_PK, MULT_DESC) VALUES('11BB8AA867D9984BB7200FBA7900156B', 1036, 'Annuler Check-Out');
INSERT INTO TNHT_MULT(LITE_PK, LANG_PK, MULT_DESC) VALUES('11BB8AA867D9984BB7200FBA7900156B', 1049, 'Отмена выезда');
INSERT INTO TNHT_TOPE (TOPE_PK, LITE_PK) VALUES(16, '11BB8AA867D9984BB7200FBA7900156B');
INSERT INTO TNHT_LITE(LITE_PK) VALUES('E6ACF757B4ACA24EA21FE472BE537648');
INSERT INTO TNHT_MULT(LITE_PK, LANG_PK, MULT_DESC) VALUES('E6ACF757B4ACA24EA21FE472BE537648', 1033, 'No-Show');
INSERT INTO TNHT_MULT(LITE_PK, LANG_PK, MULT_DESC) VALUES('E6ACF757B4ACA24EA21FE472BE537648', 3082, 'No-Show');
INSERT INTO TNHT_MULT(LITE_PK, LANG_PK, MULT_DESC) VALUES('E6ACF757B4ACA24EA21FE472BE537648', 2070, 'No-Show');
INSERT INTO TNHT_MULT(LITE_PK, LANG_PK, MULT_DESC) VALUES('E6ACF757B4ACA24EA21FE472BE537648', 1036, 'No-Show');
INSERT INTO TNHT_MULT(LITE_PK, LANG_PK, MULT_DESC) VALUES('E6ACF757B4ACA24EA21FE472BE537648', 1049, 'Неявка');
INSERT INTO TNHT_TOPE (TOPE_PK, LITE_PK) VALUES(17, 'E6ACF757B4ACA24EA21FE472BE537648');
INSERT INTO TNHT_LITE(LITE_PK) VALUES('8AC1F957F4A95D449EFCC7A89916DC25');
INSERT INTO TNHT_MULT(LITE_PK, LANG_PK, MULT_DESC) VALUES('8AC1F957F4A95D449EFCC7A89916DC25', 1033, 'Undo No-Show');
INSERT INTO TNHT_MULT(LITE_PK, LANG_PK, MULT_DESC) VALUES('8AC1F957F4A95D449EFCC7A89916DC25', 3082, 'Cancelar No-Show');
INSERT INTO TNHT_MULT(LITE_PK, LANG_PK, MULT_DESC) VALUES('8AC1F957F4A95D449EFCC7A89916DC25', 2070, 'Desfazer No-Show');
INSERT INTO TNHT_MULT(LITE_PK, LANG_PK, MULT_DESC) VALUES('8AC1F957F4A95D449EFCC7A89916DC25', 1036, 'Annuler No-Show');
INSERT INTO TNHT_MULT(LITE_PK, LANG_PK, MULT_DESC) VALUES('8AC1F957F4A95D449EFCC7A89916DC25', 1049, 'Отмена неявки');
INSERT INTO TNHT_TOPE (TOPE_PK, LITE_PK) VALUES(18, '8AC1F957F4A95D449EFCC7A89916DC25');
INSERT INTO TNHT_LITE(LITE_PK) VALUES('093E74351B13C743897EFE7BE7CB0080');
INSERT INTO TNHT_MULT(LITE_PK, LANG_PK, MULT_DESC) VALUES('093E74351B13C743897EFE7BE7CB0080', 1033, 'Overbooking');
INSERT INTO TNHT_MULT(LITE_PK, LANG_PK, MULT_DESC) VALUES('093E74351B13C743897EFE7BE7CB0080', 3082, 'Overbooking');
INSERT INTO TNHT_MULT(LITE_PK, LANG_PK, MULT_DESC) VALUES('093E74351B13C743897EFE7BE7CB0080', 2070, 'Overbooking');
INSERT INTO TNHT_MULT(LITE_PK, LANG_PK, MULT_DESC) VALUES('093E74351B13C743897EFE7BE7CB0080', 1036, 'Overbooking');
INSERT INTO TNHT_MULT(LITE_PK, LANG_PK, MULT_DESC) VALUES('093E74351B13C743897EFE7BE7CB0080', 1049, 'Перебронирование');
INSERT INTO TNHT_TOPE (TOPE_PK, LITE_PK) VALUES(19, '093E74351B13C743897EFE7BE7CB0080');
INSERT INTO TNHT_LITE(LITE_PK) VALUES('7B7FBBC8D9D0B04591EAF48511DC2200');
INSERT INTO TNHT_MULT(LITE_PK, LANG_PK, MULT_DESC) VALUES('7B7FBBC8D9D0B04591EAF48511DC2200', 1033, 'Undo Overbooking');
INSERT INTO TNHT_MULT(LITE_PK, LANG_PK, MULT_DESC) VALUES('7B7FBBC8D9D0B04591EAF48511DC2200', 3082, 'Cancelar Overbooking');
INSERT INTO TNHT_MULT(LITE_PK, LANG_PK, MULT_DESC) VALUES('7B7FBBC8D9D0B04591EAF48511DC2200', 2070, 'Desfazer Overbooking');
INSERT INTO TNHT_MULT(LITE_PK, LANG_PK, MULT_DESC) VALUES('7B7FBBC8D9D0B04591EAF48511DC2200', 1036, 'Annuler Overbooking');
INSERT INTO TNHT_MULT(LITE_PK, LANG_PK, MULT_DESC) VALUES('7B7FBBC8D9D0B04591EAF48511DC2200', 1049, 'Отмена перебронирования');
INSERT INTO TNHT_TOPE (TOPE_PK, LITE_PK) VALUES(20, '7B7FBBC8D9D0B04591EAF48511DC2200');
INSERT INTO TNHT_LITE(LITE_PK) VALUES('88CEF26C6A797D408838F2F03B998D90');
INSERT INTO TNHT_MULT(LITE_PK, LANG_PK, MULT_DESC) VALUES('88CEF26C6A797D408838F2F03B998D90', 1033, 'Change Room');
INSERT INTO TNHT_MULT(LITE_PK, LANG_PK, MULT_DESC) VALUES('88CEF26C6A797D408838F2F03B998D90', 3082, 'Cambio Habitación');
INSERT INTO TNHT_MULT(LITE_PK, LANG_PK, MULT_DESC) VALUES('88CEF26C6A797D408838F2F03B998D90', 2070, 'Alterar quarto');
INSERT INTO TNHT_MULT(LITE_PK, LANG_PK, MULT_DESC) VALUES('88CEF26C6A797D408838F2F03B998D90', 1036, 'Changement de chambre');
INSERT INTO TNHT_MULT(LITE_PK, LANG_PK, MULT_DESC) VALUES('88CEF26C6A797D408838F2F03B998D90', 1049, 'Изменить номер');
INSERT INTO TNHT_TOPE (TOPE_PK, LITE_PK) VALUES(21, '88CEF26C6A797D408838F2F03B998D90');
INSERT INTO TNHT_LITE(LITE_PK) VALUES('E2A7C02D2D16714AA1D41F7EC5ED0E55');
INSERT INTO TNHT_MULT(LITE_PK, LANG_PK, MULT_DESC) VALUES('E2A7C02D2D16714AA1D41F7EC5ED0E55', 1033, 'Undo Cancellation');
INSERT INTO TNHT_MULT(LITE_PK, LANG_PK, MULT_DESC) VALUES('E2A7C02D2D16714AA1D41F7EC5ED0E55', 3082, 'Cancelar Anulación');
INSERT INTO TNHT_MULT(LITE_PK, LANG_PK, MULT_DESC) VALUES('E2A7C02D2D16714AA1D41F7EC5ED0E55', 2070, 'Desfazer Cancelamento');
INSERT INTO TNHT_MULT(LITE_PK, LANG_PK, MULT_DESC) VALUES('E2A7C02D2D16714AA1D41F7EC5ED0E55', 1036, 'Annuler annulation');
INSERT INTO TNHT_MULT(LITE_PK, LANG_PK, MULT_DESC) VALUES('E2A7C02D2D16714AA1D41F7EC5ED0E55', 1049, 'Отмена аннулирования');
INSERT INTO TNHT_TOPE (TOPE_PK, LITE_PK) VALUES(22, 'E2A7C02D2D16714AA1D41F7EC5ED0E55');
INSERT INTO TNHT_LITE(LITE_PK) VALUES('29DA46AC3CF035499013DF25C7F9EC71');
INSERT INTO TNHT_MULT(LITE_PK, LANG_PK, MULT_DESC) VALUES('29DA46AC3CF035499013DF25C7F9EC71', 1033, 'Change Stay');
INSERT INTO TNHT_MULT(LITE_PK, LANG_PK, MULT_DESC) VALUES('29DA46AC3CF035499013DF25C7F9EC71', 3082, 'Cambio Estancia');
INSERT INTO TNHT_MULT(LITE_PK, LANG_PK, MULT_DESC) VALUES('29DA46AC3CF035499013DF25C7F9EC71', 2070, 'Mudar Estadia');
INSERT INTO TNHT_MULT(LITE_PK, LANG_PK, MULT_DESC) VALUES('29DA46AC3CF035499013DF25C7F9EC71', 1036, 'Changement Séjour');
INSERT INTO TNHT_MULT(LITE_PK, LANG_PK, MULT_DESC) VALUES('29DA46AC3CF035499013DF25C7F9EC71', 1049, 'Изменить пребывание');
INSERT INTO TNHT_TOPE (TOPE_PK, LITE_PK) VALUES(23, '29DA46AC3CF035499013DF25C7F9EC71');
INSERT INTO TNHT_LITE(LITE_PK) VALUES('EC8543FD8621914384C426D936AD5B8D');
INSERT INTO TNHT_MULT(LITE_PK, LANG_PK, MULT_DESC) VALUES('EC8543FD8621914384C426D936AD5B8D', 1033, 'Lock Room');
INSERT INTO TNHT_MULT(LITE_PK, LANG_PK, MULT_DESC) VALUES('EC8543FD8621914384C426D936AD5B8D', 3082, 'Bloquear Habitación');
INSERT INTO TNHT_MULT(LITE_PK, LANG_PK, MULT_DESC) VALUES('EC8543FD8621914384C426D936AD5B8D', 2070, 'Bloqueio do quarto');
INSERT INTO TNHT_MULT(LITE_PK, LANG_PK, MULT_DESC) VALUES('EC8543FD8621914384C426D936AD5B8D', 1036, 'Lock Chambre');
INSERT INTO TNHT_MULT(LITE_PK, LANG_PK, MULT_DESC) VALUES('EC8543FD8621914384C426D936AD5B8D', 1049, 'Блокировать номер');
INSERT INTO TNHT_TOPE (TOPE_PK, LITE_PK) VALUES(24, 'EC8543FD8621914384C426D936AD5B8D');
INSERT INTO TNHT_LITE(LITE_PK) VALUES('ADEE6DEAAD88FE40BBF9136970336D67');
INSERT INTO TNHT_MULT(LITE_PK, LANG_PK, MULT_DESC) VALUES('ADEE6DEAAD88FE40BBF9136970336D67', 1033, 'Unlock Room');
INSERT INTO TNHT_MULT(LITE_PK, LANG_PK, MULT_DESC) VALUES('ADEE6DEAAD88FE40BBF9136970336D67', 3082, 'Desbloquear Habitación');
INSERT INTO TNHT_MULT(LITE_PK, LANG_PK, MULT_DESC) VALUES('ADEE6DEAAD88FE40BBF9136970336D67', 2070, 'Desbloquear quarto');
INSERT INTO TNHT_MULT(LITE_PK, LANG_PK, MULT_DESC) VALUES('ADEE6DEAAD88FE40BBF9136970336D67', 1036, 'Déblocage de chambre');
INSERT INTO TNHT_MULT(LITE_PK, LANG_PK, MULT_DESC) VALUES('ADEE6DEAAD88FE40BBF9136970336D67', 1049, 'Разблокировать номер');
INSERT INTO TNHT_TOPE (TOPE_PK, LITE_PK) VALUES(25, 'ADEE6DEAAD88FE40BBF9136970336D67');
INSERT INTO TNHT_LITE(LITE_PK) VALUES('D9C44FCD2E69E84781D823F912D9FB7A');
INSERT INTO TNHT_MULT(LITE_PK, LANG_PK, MULT_DESC) VALUES('D9C44FCD2E69E84781D823F912D9FB7A', 1033, 'Pre Check-In');
INSERT INTO TNHT_MULT(LITE_PK, LANG_PK, MULT_DESC) VALUES('D9C44FCD2E69E84781D823F912D9FB7A', 3082, 'Pre Check-In');
INSERT INTO TNHT_MULT(LITE_PK, LANG_PK, MULT_DESC) VALUES('D9C44FCD2E69E84781D823F912D9FB7A', 2070, 'Pre Check-In');
INSERT INTO TNHT_MULT(LITE_PK, LANG_PK, MULT_DESC) VALUES('D9C44FCD2E69E84781D823F912D9FB7A', 1036, 'Pre Check-In');
INSERT INTO TNHT_MULT(LITE_PK, LANG_PK, MULT_DESC) VALUES('D9C44FCD2E69E84781D823F912D9FB7A', 1049, 'Предварительная регистрация');
INSERT INTO TNHT_TOPE (TOPE_PK, LITE_PK) VALUES(26, 'D9C44FCD2E69E84781D823F912D9FB7A');
INSERT INTO TNHT_LITE(LITE_PK) VALUES('974BF47E9569441DAC34D67632F82EDB');
INSERT INTO TNHT_MULT(LITE_PK, LANG_PK, MULT_DESC) VALUES('974BF47E9569441DAC34D67632F82EDB', 1033, 'Notifications');
INSERT INTO TNHT_MULT(LITE_PK, LANG_PK, MULT_DESC) VALUES('974BF47E9569441DAC34D67632F82EDB', 3082, 'Notificaciones');
INSERT INTO TNHT_MULT(LITE_PK, LANG_PK, MULT_DESC) VALUES('974BF47E9569441DAC34D67632F82EDB', 2070, 'Notificações');
INSERT INTO TNHT_MULT(LITE_PK, LANG_PK, MULT_DESC) VALUES('974BF47E9569441DAC34D67632F82EDB', 1036, 'Notifications');
INSERT INTO TNHT_MULT(LITE_PK, LANG_PK, MULT_DESC) VALUES('974BF47E9569441DAC34D67632F82EDB', 1049, 'Уведомления');
INSERT INTO TNHT_TOPE (TOPE_PK, LITE_PK) VALUES(27, '974BF47E9569441DAC34D67632F82EDB');
INSERT INTO TNHT_LITE(LITE_PK) VALUES('B4EBCD70733F496E87AE70728B3B4F2A');
INSERT INTO TNHT_MULT(LITE_PK, LANG_PK, MULT_DESC) VALUES('B4EBCD70733F496E87AE70728B3B4F2A', 1033, 'Attempt Conversion');
INSERT INTO TNHT_MULT(LITE_PK, LANG_PK, MULT_DESC) VALUES('B4EBCD70733F496E87AE70728B3B4F2A', 3082, 'Conversión de Tentativa');
INSERT INTO TNHT_MULT(LITE_PK, LANG_PK, MULT_DESC) VALUES('B4EBCD70733F496E87AE70728B3B4F2A', 2070, 'Conversão de Tentative');
INSERT INTO TNHT_MULT(LITE_PK, LANG_PK, MULT_DESC) VALUES('B4EBCD70733F496E87AE70728B3B4F2A', 1036, 'Conversion de Provisoire');
INSERT INTO TNHT_MULT(LITE_PK, LANG_PK, MULT_DESC) VALUES('B4EBCD70733F496E87AE70728B3B4F2A', 1049, 'Попытка преобразования');
INSERT INTO TNHT_TOPE (TOPE_PK, LITE_PK) VALUES(28, 'B4EBCD70733F496E87AE70728B3B4F2A');
INSERT INTO TNHT_LITE (LITE_PK) VALUES ('F0F85F8FE6174405BF3126EFEC97BF3D');
INSERT INTO TNHT_MULT (LITE_PK, LANG_PK, MULT_DESC) VALUES ('F0F85F8FE6174405BF3126EFEC97BF3D',1033,'Change Prices');
INSERT INTO TNHT_MULT (LITE_PK, LANG_PK, MULT_DESC) VALUES ('F0F85F8FE6174405BF3126EFEC97BF3D',3082,'Cambio Precios');
INSERT INTO TNHT_MULT (LITE_PK, LANG_PK, MULT_DESC) VALUES ('F0F85F8FE6174405BF3126EFEC97BF3D',2070,'Alterar Preços');
INSERT INTO TNHT_MULT (LITE_PK, LANG_PK, MULT_DESC) VALUES ('F0F85F8FE6174405BF3126EFEC97BF3D',1036,'Modification des Prix');
INSERT INTO TNHT_MULT (LITE_PK, LANG_PK, MULT_DESC) VALUES ('F0F85F8FE6174405BF3126EFEC97BF3D',1049,'Изменение цены');
INSERT INTO TNHT_TOPE (TOPE_PK, LITE_PK) VALUES (29, 'F0F85F8FE6174405BF3126EFEC97BF3D');
INSERT INTO TNHT_LITE (LITE_PK) VALUES ('0DEE0EFD2ED04D7EA938E7C243128955');
INSERT INTO TNHT_MULT (LITE_PK, LANG_PK, MULT_DESC) VALUES ('0DEE0EFD2ED04D7EA938E7C243128955',1033,'Change Occuped Room Type');
INSERT INTO TNHT_MULT (LITE_PK, LANG_PK, MULT_DESC) VALUES ('0DEE0EFD2ED04D7EA938E7C243128955',3082,'Cambio Habitacion Ocupada');
INSERT INTO TNHT_MULT (LITE_PK, LANG_PK, MULT_DESC) VALUES ('0DEE0EFD2ED04D7EA938E7C243128955',2070,'Alterar Tipo de Quarto Ocupado');
INSERT INTO TNHT_MULT (LITE_PK, LANG_PK, MULT_DESC) VALUES ('0DEE0EFD2ED04D7EA938E7C243128955',1036,'Changer Occupés Type de Chambre');
INSERT INTO TNHT_MULT (LITE_PK, LANG_PK, MULT_DESC) VALUES ('0DEE0EFD2ED04D7EA938E7C243128955',1049,'Изменить оккупированных Тип номера');
INSERT INTO TNHT_TOPE (TOPE_PK, LITE_PK) VALUES (30, '0DEE0EFD2ED04D7EA938E7C243128955');
INSERT INTO TNHT_LITE (LITE_PK) VALUES ('851198A44BA544ED9383882F62F1E56A');
INSERT INTO TNHT_MULT (LITE_PK, LANG_PK, MULT_DESC) VALUES ('851198A44BA544ED9383882F62F1E56A',1033,'Change Reserved Room Type');
INSERT INTO TNHT_MULT (LITE_PK, LANG_PK, MULT_DESC) VALUES ('851198A44BA544ED9383882F62F1E56A',3082,'Cambio Habitacion Reservada');
INSERT INTO TNHT_MULT (LITE_PK, LANG_PK, MULT_DESC) VALUES ('851198A44BA544ED9383882F62F1E56A',2070,'Alterar Tipo de Quarto Reservado');
INSERT INTO TNHT_MULT (LITE_PK, LANG_PK, MULT_DESC) VALUES ('851198A44BA544ED9383882F62F1E56A',1036,'Changer Réservé Type de Chambre');
INSERT INTO TNHT_MULT (LITE_PK, LANG_PK, MULT_DESC) VALUES ('851198A44BA544ED9383882F62F1E56A',1049,'Изменить тип номеров зарезервировано');
INSERT INTO TNHT_TOPE (TOPE_PK, LITE_PK) VALUES (31, '851198A44BA544ED9383882F62F1E56A');
INSERT INTO TNHT_LITE(LITE_PK) VALUES('F1B73D061F524FA490B20B67D0AFAD32');
INSERT INTO TNHT_MULT(LITE_PK, LANG_PK, MULT_DESC) VALUES('F1B73D061F524FA490B20B67D0AFAD32', 1033, 'New Inactivity');
INSERT INTO TNHT_MULT(LITE_PK, LANG_PK, MULT_DESC) VALUES('F1B73D061F524FA490B20B67D0AFAD32', 3082, 'Nueva Inactividad');
INSERT INTO TNHT_MULT(LITE_PK, LANG_PK, MULT_DESC) VALUES('F1B73D061F524FA490B20B67D0AFAD32', 2070, 'Nova Inatividade');
INSERT INTO TNHT_MULT(LITE_PK, LANG_PK, MULT_DESC) VALUES('F1B73D061F524FA490B20B67D0AFAD32', 1036, 'Créer inactivité');
INSERT INTO TNHT_MULT(LITE_PK, LANG_PK, MULT_DESC) VALUES('F1B73D061F524FA490B20B67D0AFAD32', 1049, 'Создание Неактивность');
INSERT INTO TNHT_MULT(LITE_PK, LANG_PK, MULT_DESC) VALUES('F1B73D061F524FA490B20B67D0AFAD32', 1046, 'Nova Inatividade');
INSERT INTO TNHT_TOPE (TOPE_PK, LITE_PK) VALUES(32, 'F1B73D061F524FA490B20B67D0AFAD32');
INSERT INTO TNHT_LITE(LITE_PK) VALUES('0D5AB735AE4B4AE89787EBD03559D740');
INSERT INTO TNHT_MULT(LITE_PK, LANG_PK, MULT_DESC) VALUES('0D5AB735AE4B4AE89787EBD03559D740', 1033, 'Edit, Delete Inactivity');
INSERT INTO TNHT_MULT(LITE_PK, LANG_PK, MULT_DESC) VALUES('0D5AB735AE4B4AE89787EBD03559D740', 3082, 'Editar, Eliminar Inactividad');
INSERT INTO TNHT_MULT(LITE_PK, LANG_PK, MULT_DESC) VALUES('0D5AB735AE4B4AE89787EBD03559D740', 2070, 'Alterar, Apagar Inatividade');
INSERT INTO TNHT_MULT(LITE_PK, LANG_PK, MULT_DESC) VALUES('0D5AB735AE4B4AE89787EBD03559D740', 1036, 'Edit, Delete Inactivity');
INSERT INTO TNHT_MULT(LITE_PK, LANG_PK, MULT_DESC) VALUES('0D5AB735AE4B4AE89787EBD03559D740', 1049, 'Редактировать Бездействие');
INSERT INTO TNHT_MULT(LITE_PK, LANG_PK, MULT_DESC) VALUES('0D5AB735AE4B4AE89787EBD03559D740', 1046, 'Alterar, Apagar Inatividade');
INSERT INTO TNHT_TOPE (TOPE_PK, LITE_PK) VALUES(33, '0D5AB735AE4B4AE89787EBD03559D740');
INSERT INTO TNHT_LITE(LITE_PK) VALUES('5A4DB52DE3824D439360ED41F740F75A');
INSERT INTO TNHT_MULT(LITE_PK, LANG_PK, MULT_DESC) VALUES('5A4DB52DE3824D439360ED41F740F75A', 1033, 'Export Channel Review');
INSERT INTO TNHT_MULT(LITE_PK, LANG_PK, MULT_DESC) VALUES('5A4DB52DE3824D439360ED41F740F75A', 3082, 'Exportación de Canales');
INSERT INTO TNHT_MULT(LITE_PK, LANG_PK, MULT_DESC) VALUES('5A4DB52DE3824D439360ED41F740F75A', 2070, 'Exportação de Canales');
INSERT INTO TNHT_MULT(LITE_PK, LANG_PK, MULT_DESC) VALUES('5A4DB52DE3824D439360ED41F740F75A', 1036, 'Export Channel Review');
INSERT INTO TNHT_MULT(LITE_PK, LANG_PK, MULT_DESC) VALUES('5A4DB52DE3824D439360ED41F740F75A', 1049, 'Export Channel Review');
INSERT INTO TNHT_MULT(LITE_PK, LANG_PK, MULT_DESC) VALUES('5A4DB52DE3824D439360ED41F740F75A', 1046, 'Exportação de Canales');
INSERT INTO TNHT_TOPE (TOPE_PK, LITE_PK) VALUES(34, '5A4DB52DE3824D439360ED41F740F75A');
INSERT INTO TNHT_LITE(LITE_PK) VALUES('3B54AB2CAA1940708E9C97FE5E4D3BA0');
INSERT INTO TNHT_MULT(LITE_PK, LANG_PK, MULT_DESC) VALUES('3B54AB2CAA1940708E9C97FE5E4D3BA0', 1033, 'External PBX');
INSERT INTO TNHT_MULT(LITE_PK, LANG_PK, MULT_DESC) VALUES('3B54AB2CAA1940708E9C97FE5E4D3BA0', 3082, 'PBX Externo');
INSERT INTO TNHT_MULT(LITE_PK, LANG_PK, MULT_DESC) VALUES('3B54AB2CAA1940708E9C97FE5E4D3BA0', 2070, 'PBX Externo');
INSERT INTO TNHT_MULT(LITE_PK, LANG_PK, MULT_DESC) VALUES('3B54AB2CAA1940708E9C97FE5E4D3BA0', 1046, 'PBX Externo');
INSERT INTO TNHT_TOPE (TOPE_PK, LITE_PK) VALUES(35, '3B54AB2CAA1940708E9C97FE5E4D3BA0');
INSERT INTO TNHT_LITE (LITE_PK) VALUES ('9CE8893796BA4757B9B0D912B4DC1875');
INSERT INTO TNHT_MULT (LITE_PK, LANG_PK, MULT_DESC) VALUES ('9CE8893796BA4757B9B0D912B4DC1875', 1033, 'Change Tax Schema');
INSERT INTO TNHT_MULT (LITE_PK, LANG_PK, MULT_DESC) VALUES ('9CE8893796BA4757B9B0D912B4DC1875', 3082, 'Cambio Esquema Impuestos');
INSERT INTO TNHT_MULT (LITE_PK, LANG_PK, MULT_DESC) VALUES ('9CE8893796BA4757B9B0D912B4DC1875', 2070, 'Troca Esquema Impostos');
INSERT INTO TNHT_TOPE (TOPE_PK, LITE_PK) VALUES (36, '9CE8893796BA4757B9B0D912B4DC1875');
INSERT INTO TNHT_LITE (LITE_PK) VALUES ('98BB39A63BC14466A66B8DA15683CAEC');
INSERT INTO TNHT_MULT (LITE_PK, LANG_PK, MULT_DESC) VALUES ('98BB39A63BC14466A66B8DA15683CAEC', 1033, 'Guest Check In');
INSERT INTO TNHT_MULT (LITE_PK, LANG_PK, MULT_DESC) VALUES ('98BB39A63BC14466A66B8DA15683CAEC', 2070, 'Hospede Check In');
INSERT INTO TNHT_MULT (LITE_PK, LANG_PK, MULT_DESC) VALUES ('98BB39A63BC14466A66B8DA15683CAEC', 3082, 'Huesped Check In');
INSERT INTO TNHT_TOPE (TOPE_PK, LITE_PK) VALUES (37, '98BB39A63BC14466A66B8DA15683CAEC');
INSERT INTO TNHT_LITE (LITE_PK) VALUES ('FA9780CBD5464281A59FFA9DBD872816');
INSERT INTO TNHT_MULT (LITE_PK, LANG_PK, MULT_DESC) VALUES ('FA9780CBD5464281A59FFA9DBD872816', 1033, 'Guest Check Out');
INSERT INTO TNHT_MULT (LITE_PK, LANG_PK, MULT_DESC) VALUES ('FA9780CBD5464281A59FFA9DBD872816', 2070, 'Hospede Check Out');
INSERT INTO TNHT_MULT (LITE_PK, LANG_PK, MULT_DESC) VALUES ('FA9780CBD5464281A59FFA9DBD872816', 3082, 'Huesped Check Out');
INSERT INTO TNHT_TOPE (TOPE_PK, LITE_PK) VALUES (38, 'FA9780CBD5464281A59FFA9DBD872816');
INSERT INTO TNHT_LITE(LITE_PK) VALUES ('4A5F39E824821B45A190A82ADD284445');
INSERT INTO TNHT_MULT(LITE_PK, LANG_PK, MULT_DESC) VALUES('4A5F39E824821B45A190A82ADD284445', 1033, 'Login');
INSERT INTO TNHT_MULT(LITE_PK, LANG_PK, MULT_DESC) VALUES('4A5F39E824821B45A190A82ADD284445', 3082, 'Login');
INSERT INTO TNHT_MULT(LITE_PK, LANG_PK, MULT_DESC) VALUES('4A5F39E824821B45A190A82ADD284445', 2070, 'Login');
INSERT INTO TNHT_MULT(LITE_PK, LANG_PK, MULT_DESC) VALUES('4A5F39E824821B45A190A82ADD284445', 1036, 'Login');
INSERT INTO TNHT_MULT(LITE_PK, LANG_PK, MULT_DESC) VALUES('4A5F39E824821B45A190A82ADD284445', 1049, 'Войти');
INSERT INTO TNHT_MULT(LITE_PK, LANG_PK, MULT_DESC) VALUES('4A5F39E824821B45A190A82ADD284445', 1046, 'Login');
INSERT INTO TNHT_TOPE (TOPE_PK, LITE_PK) VALUES(50, '4A5F39E824821B45A190A82ADD284445');
INSERT INTO TNHT_LITE(LITE_PK) VALUES ('C6D44BD9B203F7438BCDD39D5F01B6F2');
INSERT INTO TNHT_MULT(LITE_PK, LANG_PK, MULT_DESC) VALUES('C6D44BD9B203F7438BCDD39D5F01B6F2', 1033, 'Logout');
INSERT INTO TNHT_MULT(LITE_PK, LANG_PK, MULT_DESC) VALUES('C6D44BD9B203F7438BCDD39D5F01B6F2', 3082, 'Logout');
INSERT INTO TNHT_MULT(LITE_PK, LANG_PK, MULT_DESC) VALUES('C6D44BD9B203F7438BCDD39D5F01B6F2', 2070, 'Logout');
INSERT INTO TNHT_MULT(LITE_PK, LANG_PK, MULT_DESC) VALUES('C6D44BD9B203F7438BCDD39D5F01B6F2', 1036, 'Logout');
INSERT INTO TNHT_MULT(LITE_PK, LANG_PK, MULT_DESC) VALUES('C6D44BD9B203F7438BCDD39D5F01B6F2', 1049, 'Выйти');
INSERT INTO TNHT_MULT(LITE_PK, LANG_PK, MULT_DESC) VALUES('C6D44BD9B203F7438BCDD39D5F01B6F2', 1046, 'Logout');
INSERT INTO TNHT_TOPE (TOPE_PK, LITE_PK) VALUES(51, 'C6D44BD9B203F7438BCDD39D5F01B6F2');

INSERT INTO TNHT_LITE(LITE_PK) VALUES('87B264D436838D478A7D0CB6B5829E24');
INSERT INTO TNHT_MULT(LITE_PK, LANG_PK, MULT_DESC)
VALUES('87B264D436838D478A7D0CB6B5829E24', 1033, 'Credit Card');
INSERT INTO TNHT_MULT(LITE_PK, LANG_PK, MULT_DESC)
VALUES('87B264D436838D478A7D0CB6B5829E24', 3082, 'Tarjeta Crédito');
INSERT INTO TNHT_MULT(LITE_PK, LANG_PK, MULT_DESC)
VALUES('87B264D436838D478A7D0CB6B5829E24', 2070, 'Cartão Crédito');
INSERT INTO TNHT_MULT(LITE_PK, LANG_PK, MULT_DESC)
VALUES('87B264D436838D478A7D0CB6B5829E24', 1036, 'Carte de crédit');
INSERT INTO TNHT_MULT(LITE_PK, LANG_PK, MULT_DESC)
VALUES('87B264D436838D478A7D0CB6B5829E24', 1049, 'Кредитная карточка');
INSERT INTO TNHT_TIDO (TIDO_PK, TIDO_PARE, LITE_PK, TIDO_SERI)
VALUES(1, NULL, '87B264D436838D478A7D0CB6B5829E24', '0');
INSERT INTO TNHT_LITE(LITE_PK) VALUES('4054120AFE71AB438F9898D456C2F4E9');
INSERT INTO TNHT_MULT(LITE_PK, LANG_PK, MULT_DESC)
VALUES('4054120AFE71AB438F9898D456C2F4E9', 1033, 'Identity Document');
INSERT INTO TNHT_MULT(LITE_PK, LANG_PK, MULT_DESC)
VALUES('4054120AFE71AB438F9898D456C2F4E9', 3082, 'Documento Identidad');
INSERT INTO TNHT_MULT(LITE_PK, LANG_PK, MULT_DESC)
VALUES('4054120AFE71AB438F9898D456C2F4E9', 2070, 'Bilhete Identidade');
INSERT INTO TNHT_MULT(LITE_PK, LANG_PK, MULT_DESC)
VALUES('4054120AFE71AB438F9898D456C2F4E9', 1036, 'Document d`identité');
INSERT INTO TNHT_MULT(LITE_PK, LANG_PK, MULT_DESC)
VALUES('4054120AFE71AB438F9898D456C2F4E9', 1049, 'Удостоверение личности');
INSERT INTO TNHT_TIDO (TIDO_PK, TIDO_PARE, LITE_PK, TIDO_SERI)
VALUES(2, NULL, '4054120AFE71AB438F9898D456C2F4E9', '0');
INSERT INTO TNHT_LITE(LITE_PK) VALUES('82D383731887A04399EF93102C0FC3D2');
INSERT INTO TNHT_MULT(LITE_PK, LANG_PK, MULT_DESC)
VALUES('82D383731887A04399EF93102C0FC3D2', 1033, 'Passport');
INSERT INTO TNHT_MULT(LITE_PK, LANG_PK, MULT_DESC)
VALUES('82D383731887A04399EF93102C0FC3D2', 3082, 'Pasaporte');
INSERT INTO TNHT_MULT(LITE_PK, LANG_PK, MULT_DESC)
VALUES('82D383731887A04399EF93102C0FC3D2', 2070, 'Pasaporte');
INSERT INTO TNHT_MULT(LITE_PK, LANG_PK, MULT_DESC)
VALUES('82D383731887A04399EF93102C0FC3D2', 1036, 'Passeport');
INSERT INTO TNHT_MULT(LITE_PK, LANG_PK, MULT_DESC)
VALUES('82D383731887A04399EF93102C0FC3D2', 1049, 'Паспорт');
INSERT INTO TNHT_TIDO (TIDO_PK, TIDO_PARE, LITE_PK, TIDO_SERI)
VALUES(3, NULL, '82D383731887A04399EF93102C0FC3D2', '0');
INSERT INTO TNHT_LITE(LITE_PK) VALUES('61E83D66D8FAF1439F3CC093382675C9');
INSERT INTO TNHT_MULT(LITE_PK, LANG_PK, MULT_DESC)
VALUES('61E83D66D8FAF1439F3CC093382675C9', 1033, 'Driver License');
INSERT INTO TNHT_MULT(LITE_PK, LANG_PK, MULT_DESC)
VALUES('61E83D66D8FAF1439F3CC093382675C9', 3082, 'Licencia Conducción');
INSERT INTO TNHT_MULT(LITE_PK, LANG_PK, MULT_DESC)
VALUES('61E83D66D8FAF1439F3CC093382675C9', 2070, 'Carta Condução');
INSERT INTO TNHT_MULT(LITE_PK, LANG_PK, MULT_DESC)
VALUES('61E83D66D8FAF1439F3CC093382675C9', 1036, 'Permis de Conduire');
INSERT INTO TNHT_MULT(LITE_PK, LANG_PK, MULT_DESC)
VALUES('61E83D66D8FAF1439F3CC093382675C9', 1049, 'Водительское удостоверение');
INSERT INTO TNHT_TIDO (TIDO_PK, TIDO_PARE, LITE_PK, TIDO_SERI)
VALUES(4, NULL, '61E83D66D8FAF1439F3CC093382675C9', '0');
INSERT INTO TNHT_LITE(LITE_PK) VALUES('F4B1A8D8F3209B4FA92AAF135DC1D0B1');
INSERT INTO TNHT_MULT(LITE_PK, LANG_PK, MULT_DESC)
VALUES('F4B1A8D8F3209B4FA92AAF135DC1D0B1', 1033, 'Residence Certificate');
INSERT INTO TNHT_MULT(LITE_PK, LANG_PK, MULT_DESC)
VALUES('F4B1A8D8F3209B4FA92AAF135DC1D0B1', 3082, 'Certificado Recidencia');
INSERT INTO TNHT_MULT(LITE_PK, LANG_PK, MULT_DESC)
VALUES('F4B1A8D8F3209B4FA92AAF135DC1D0B1', 2070, 'Cartão Residencia');
INSERT INTO TNHT_MULT(LITE_PK, LANG_PK, MULT_DESC)
VALUES('F4B1A8D8F3209B4FA92AAF135DC1D0B1', 1036, 'Certificat de résidence');
INSERT INTO TNHT_MULT(LITE_PK, LANG_PK, MULT_DESC)
VALUES('F4B1A8D8F3209B4FA92AAF135DC1D0B1', 1049, 'Сертификат резидента');
INSERT INTO TNHT_TIDO (TIDO_PK, TIDO_PARE, LITE_PK, TIDO_SERI)
VALUES(5, NULL, 'F4B1A8D8F3209B4FA92AAF135DC1D0B1', '0');
INSERT INTO TNHT_LITE(LITE_PK) VALUES('5069E8A9FD0BAB49AEA49ADEF35E06D3');
INSERT INTO TNHT_MULT(LITE_PK, LANG_PK, MULT_DESC)
VALUES('5069E8A9FD0BAB49AEA49ADEF35E06D3', 1033, 'Insurance Card');
INSERT INTO TNHT_MULT(LITE_PK, LANG_PK, MULT_DESC)
VALUES('5069E8A9FD0BAB49AEA49ADEF35E06D3', 3082, 'Tarjeta Seguro');
INSERT INTO TNHT_MULT(LITE_PK, LANG_PK, MULT_DESC)
VALUES('5069E8A9FD0BAB49AEA49ADEF35E06D3', 2070, 'Cartão Aseguradora');
INSERT INTO TNHT_MULT(LITE_PK, LANG_PK, MULT_DESC)
VALUES('5069E8A9FD0BAB49AEA49ADEF35E06D3', 1036, 'Carte d`assurance');
INSERT INTO TNHT_MULT(LITE_PK, LANG_PK, MULT_DESC)
VALUES('5069E8A9FD0BAB49AEA49ADEF35E06D3', 1049, 'Карточка страхования');
INSERT INTO TNHT_TIDO (TIDO_PK, TIDO_PARE, LITE_PK, TIDO_SERI)
VALUES(6, NULL, '5069E8A9FD0BAB49AEA49ADEF35E06D3', '0');
INSERT INTO TNHT_LITE(LITE_PK) VALUES('19E8555565D57B4693E73CD9B109623E');
INSERT INTO TNHT_MULT(LITE_PK, LANG_PK, MULT_DESC)
VALUES('19E8555565D57B4693E73CD9B109623E', 1033, 'Other');
INSERT INTO TNHT_MULT(LITE_PK, LANG_PK, MULT_DESC)
VALUES('19E8555565D57B4693E73CD9B109623E', 3082, 'Otro');
INSERT INTO TNHT_MULT(LITE_PK, LANG_PK, MULT_DESC)
VALUES('19E8555565D57B4693E73CD9B109623E', 2070, 'Otro');
INSERT INTO TNHT_MULT(LITE_PK, LANG_PK, MULT_DESC)
VALUES('19E8555565D57B4693E73CD9B109623E', 1036, 'Autre');
INSERT INTO TNHT_MULT(LITE_PK, LANG_PK, MULT_DESC)
VALUES('19E8555565D57B4693E73CD9B109623E', 1049, 'Другие');
INSERT INTO TNHT_TIDO (TIDO_PK, TIDO_PARE, LITE_PK, TIDO_SERI)
VALUES(7, NULL, '19E8555565D57B4693E73CD9B109623E', '0');
INSERT INTO TNHT_LITE(LITE_PK) VALUES('85BCAC71C5D8F747B9E2B380EA256D83');
INSERT INTO TNHT_MULT(LITE_PK, LANG_PK, MULT_DESC)
VALUES('85BCAC71C5D8F747B9E2B380EA256D83', 1033, 'Fiscal Number');
INSERT INTO TNHT_MULT(LITE_PK, LANG_PK, MULT_DESC)
VALUES('85BCAC71C5D8F747B9E2B380EA256D83', 3082, 'Número Fiscal');
INSERT INTO TNHT_MULT(LITE_PK, LANG_PK, MULT_DESC)
VALUES('85BCAC71C5D8F747B9E2B380EA256D83', 2070, 'Nº Contribuinte');
INSERT INTO TNHT_MULT(LITE_PK, LANG_PK, MULT_DESC)
VALUES('85BCAC71C5D8F747B9E2B380EA256D83', 1036, 'Numéro fiscal');
INSERT INTO TNHT_MULT(LITE_PK, LANG_PK, MULT_DESC)
VALUES('85BCAC71C5D8F747B9E2B380EA256D83', 1049, 'Налоговый номер');
INSERT INTO TNHT_TIDO (TIDO_PK, TIDO_PARE, LITE_PK, TIDO_SERI)
VALUES(8, NULL, '85BCAC71C5D8F747B9E2B380EA256D83', '0');
INSERT INTO TNHT_LITE(LITE_PK) VALUES('73961DF7D4C3314FA9C9DE27B0CEBB2E');
INSERT INTO TNHT_MULT(LITE_PK, LANG_PK, MULT_DESC)
VALUES('73961DF7D4C3314FA9C9DE27B0CEBB2E', 1033, 'Invoices');
INSERT INTO TNHT_MULT(LITE_PK, LANG_PK, MULT_DESC)
VALUES('73961DF7D4C3314FA9C9DE27B0CEBB2E', 3082, 'Facturas');
INSERT INTO TNHT_MULT(LITE_PK, LANG_PK, MULT_DESC)
VALUES('73961DF7D4C3314FA9C9DE27B0CEBB2E', 2070, 'Facturas');
INSERT INTO TNHT_MULT(LITE_PK, LANG_PK, MULT_DESC)
VALUES('73961DF7D4C3314FA9C9DE27B0CEBB2E', 1036, 'Factures');
INSERT INTO TNHT_MULT(LITE_PK, LANG_PK, MULT_DESC)
VALUES('73961DF7D4C3314FA9C9DE27B0CEBB2E', 1049, 'Счета-фактуры');
INSERT INTO TNHT_TIDO (TIDO_PK, TIDO_PARE, LITE_PK, TIDO_SERI)
VALUES(9, NULL, '73961DF7D4C3314FA9C9DE27B0CEBB2E', '1');
INSERT INTO TNHT_LITE(LITE_PK) VALUES('D0CCE610094A5F40A28B649900D7873E');
INSERT INTO TNHT_MULT(LITE_PK, LANG_PK, MULT_DESC)
VALUES('D0CCE610094A5F40A28B649900D7873E', 1033, 'Credit Invoice');
INSERT INTO TNHT_MULT(LITE_PK, LANG_PK, MULT_DESC)
VALUES('D0CCE610094A5F40A28B649900D7873E', 3082, 'Facturas a Crédito');
INSERT INTO TNHT_MULT(LITE_PK, LANG_PK, MULT_DESC)
VALUES('D0CCE610094A5F40A28B649900D7873E', 2070, 'Facturas a Crédito');
INSERT INTO TNHT_MULT(LITE_PK, LANG_PK, MULT_DESC)
VALUES('D0CCE610094A5F40A28B649900D7873E', 1036, 'Facture de crédit');
INSERT INTO TNHT_MULT(LITE_PK, LANG_PK, MULT_DESC)
VALUES('D0CCE610094A5F40A28B649900D7873E', 1049, 'Кредитный счет');
INSERT INTO TNHT_TIDO (TIDO_PK, TIDO_PARE, LITE_PK, TIDO_SERI)
VALUES(10, '9', 'D0CCE610094A5F40A28B649900D7873E', '1');
INSERT INTO TNHT_LITE(LITE_PK) VALUES('D91009B73637DF4E9BC35234D1889526');
INSERT INTO TNHT_MULT(LITE_PK, LANG_PK, MULT_DESC)
VALUES('D91009B73637DF4E9BC35234D1889526', 1033, 'Cash Invoices');
INSERT INTO TNHT_MULT(LITE_PK, LANG_PK, MULT_DESC)
VALUES('D91009B73637DF4E9BC35234D1889526', 3082, 'Facturas de Contado');
INSERT INTO TNHT_MULT(LITE_PK, LANG_PK, MULT_DESC)
VALUES('D91009B73637DF4E9BC35234D1889526', 2070, 'Facturas em Dinheiro');
INSERT INTO TNHT_MULT(LITE_PK, LANG_PK, MULT_DESC)
VALUES('D91009B73637DF4E9BC35234D1889526', 1036, 'Cash facture');
INSERT INTO TNHT_MULT(LITE_PK, LANG_PK, MULT_DESC)
VALUES('D91009B73637DF4E9BC35234D1889526', 1049, 'Наличные счета');
INSERT INTO TNHT_TIDO (TIDO_PK, TIDO_PARE, LITE_PK, TIDO_SERI)
VALUES(11, '9', 'D91009B73637DF4E9BC35234D1889526', '1');
INSERT INTO TNHT_LITE(LITE_PK) VALUES('3D2E717CDAAA1340899BF5701F0AF2FA');
INSERT INTO TNHT_MULT(LITE_PK, LANG_PK, MULT_DESC)
VALUES('3D2E717CDAAA1340899BF5701F0AF2FA', 1033, 'Internal Documents');
INSERT INTO TNHT_MULT(LITE_PK, LANG_PK, MULT_DESC)
VALUES('3D2E717CDAAA1340899BF5701F0AF2FA', 3082, 'Documentos Internos');
INSERT INTO TNHT_MULT(LITE_PK, LANG_PK, MULT_DESC)
VALUES('3D2E717CDAAA1340899BF5701F0AF2FA', 2070, 'Documentos Internos');
INSERT INTO TNHT_MULT(LITE_PK, LANG_PK, MULT_DESC)
VALUES('3D2E717CDAAA1340899BF5701F0AF2FA', 1036, 'Documents internes');
INSERT INTO TNHT_MULT(LITE_PK, LANG_PK, MULT_DESC)
VALUES('3D2E717CDAAA1340899BF5701F0AF2FA', 1049, 'Внутренние документы');
INSERT INTO TNHT_TIDO (TIDO_PK, TIDO_PARE, LITE_PK, TIDO_SERI)
VALUES(12, '9', '3D2E717CDAAA1340899BF5701F0AF2FA', '1');
INSERT INTO TNHT_LITE(LITE_PK) VALUES('AC3D2A34E84FE54384BFB9B4A713A044');
INSERT INTO TNHT_MULT(LITE_PK, LANG_PK, MULT_DESC)
VALUES('AC3D2A34E84FE54384BFB9B4A713A044', 1033, 'Annul Invoices');
INSERT INTO TNHT_MULT(LITE_PK, LANG_PK, MULT_DESC)
VALUES('AC3D2A34E84FE54384BFB9B4A713A044', 3082, 'Facturas Anulación');
INSERT INTO TNHT_MULT(LITE_PK, LANG_PK, MULT_DESC)
VALUES('AC3D2A34E84FE54384BFB9B4A713A044', 2070, 'Facturas Anulação');
INSERT INTO TNHT_MULT(LITE_PK, LANG_PK, MULT_DESC)
VALUES('AC3D2A34E84FE54384BFB9B4A713A044', 1036, 'Annuler facture');
INSERT INTO TNHT_MULT(LITE_PK, LANG_PK, MULT_DESC)
VALUES('AC3D2A34E84FE54384BFB9B4A713A044', 1049, 'Аннулирование счетов');
INSERT INTO TNHT_TIDO (TIDO_PK, TIDO_PARE, LITE_PK, TIDO_SERI)
VALUES(13, '9', 'AC3D2A34E84FE54384BFB9B4A713A044', '1');
INSERT INTO TNHT_LITE(LITE_PK) VALUES('85641B988FA9D54794284CA672E7D792');
INSERT INTO TNHT_MULT(LITE_PK, LANG_PK, MULT_DESC)
VALUES('85641B988FA9D54794284CA672E7D792', 1033, 'Pro-Forma Invoice');
INSERT INTO TNHT_MULT(LITE_PK, LANG_PK, MULT_DESC)
VALUES('85641B988FA9D54794284CA672E7D792', 3082, 'Facturas Pro-Forma');
INSERT INTO TNHT_MULT(LITE_PK, LANG_PK, MULT_DESC)
VALUES('85641B988FA9D54794284CA672E7D792', 2070, 'Facturas Pro-Forma');
INSERT INTO TNHT_MULT(LITE_PK, LANG_PK, MULT_DESC)
VALUES('85641B988FA9D54794284CA672E7D792', 1036, 'Pro-Forma facture');
INSERT INTO TNHT_MULT(LITE_PK, LANG_PK, MULT_DESC)
VALUES('85641B988FA9D54794284CA672E7D792', 1049, 'Предварительный счет');
INSERT INTO TNHT_TIDO (TIDO_PK, TIDO_PARE, LITE_PK, TIDO_SERI)
VALUES(14, '9', '85641B988FA9D54794284CA672E7D792', '1');
INSERT INTO TNHT_LITE(LITE_PK) VALUES('488D1DA0C1A5724F8B1B40637B61AE19');
INSERT INTO TNHT_MULT(LITE_PK, LANG_PK, MULT_DESC)
VALUES('488D1DA0C1A5724F8B1B40637B61AE19', 1033, 'Offshore');
INSERT INTO TNHT_MULT(LITE_PK, LANG_PK, MULT_DESC)
VALUES('488D1DA0C1A5724F8B1B40637B61AE19', 3082, 'Offshore');
INSERT INTO TNHT_MULT(LITE_PK, LANG_PK, MULT_DESC)
VALUES('488D1DA0C1A5724F8B1B40637B61AE19', 2070, 'Offshore');
INSERT INTO TNHT_MULT(LITE_PK, LANG_PK, MULT_DESC)
VALUES('488D1DA0C1A5724F8B1B40637B61AE19', 1036, 'Offshore');
INSERT INTO TNHT_MULT(LITE_PK, LANG_PK, MULT_DESC)
VALUES('488D1DA0C1A5724F8B1B40637B61AE19', 1049, 'Без налогов');
INSERT INTO TNHT_TIDO (TIDO_PK, TIDO_PARE, LITE_PK, TIDO_SERI)
VALUES(15, NULL, '488D1DA0C1A5724F8B1B40637B61AE19', '1');
INSERT INTO TNHT_LITE(LITE_PK) VALUES('05D1722FF4EB5548BC7A36B109044C4D');
INSERT INTO TNHT_MULT(LITE_PK, LANG_PK, MULT_DESC)
VALUES('05D1722FF4EB5548BC7A36B109044C4D', 1033, 'Credit Note');
INSERT INTO TNHT_MULT(LITE_PK, LANG_PK, MULT_DESC)
VALUES('05D1722FF4EB5548BC7A36B109044C4D', 3082, 'Notas Crédito');
INSERT INTO TNHT_MULT(LITE_PK, LANG_PK, MULT_DESC)
VALUES('05D1722FF4EB5548BC7A36B109044C4D', 2070, 'Notas Crédito');
INSERT INTO TNHT_MULT(LITE_PK, LANG_PK, MULT_DESC)
VALUES('05D1722FF4EB5548BC7A36B109044C4D', 1036, 'Note de crédit');
INSERT INTO TNHT_MULT(LITE_PK, LANG_PK, MULT_DESC)
VALUES('05D1722FF4EB5548BC7A36B109044C4D', 1049, 'Кредитная запись');
INSERT INTO TNHT_TIDO (TIDO_PK, TIDO_PARE, LITE_PK, TIDO_SERI)
VALUES(16, NULL, '05D1722FF4EB5548BC7A36B109044C4D', '1');
INSERT INTO TNHT_LITE(LITE_PK) VALUES('13118A95F055E24991EA4B29396A8EA7');
INSERT INTO TNHT_MULT(LITE_PK, LANG_PK, MULT_DESC)
VALUES('13118A95F055E24991EA4B29396A8EA7', 1033, 'Credit Note - Credit');
INSERT INTO TNHT_MULT(LITE_PK, LANG_PK, MULT_DESC)
VALUES('13118A95F055E24991EA4B29396A8EA7', 3082, 'Notas Crédito - Crédito');
INSERT INTO TNHT_MULT(LITE_PK, LANG_PK, MULT_DESC)
VALUES('13118A95F055E24991EA4B29396A8EA7', 2070, 'Notas Crédito - Crédito');
INSERT INTO TNHT_MULT(LITE_PK, LANG_PK, MULT_DESC)
VALUES('13118A95F055E24991EA4B29396A8EA7', 1036, 'Note de crédit - crédit');
INSERT INTO TNHT_MULT(LITE_PK, LANG_PK, MULT_DESC)
VALUES('13118A95F055E24991EA4B29396A8EA7', 1049, 'Кредитная запись - Кредит');
INSERT INTO TNHT_TIDO (TIDO_PK, TIDO_PARE, LITE_PK, TIDO_SERI)
VALUES(17, '16', '13118A95F055E24991EA4B29396A8EA7', '1');
INSERT INTO TNHT_LITE(LITE_PK) VALUES('226944232D6CA54C89372D52C7DBF3A9');
INSERT INTO TNHT_MULT(LITE_PK, LANG_PK, MULT_DESC)
VALUES('226944232D6CA54C89372D52C7DBF3A9', 1033, 'Credit Note - Cash');
INSERT INTO TNHT_MULT(LITE_PK, LANG_PK, MULT_DESC)
VALUES('226944232D6CA54C89372D52C7DBF3A9', 3082, 'Notas Crédito - Contado');
INSERT INTO TNHT_MULT(LITE_PK, LANG_PK, MULT_DESC)
VALUES('226944232D6CA54C89372D52C7DBF3A9', 2070, 'Notas Crédito - Dinheiro');
INSERT INTO TNHT_MULT(LITE_PK, LANG_PK, MULT_DESC)
VALUES('226944232D6CA54C89372D52C7DBF3A9', 1036, 'Note de crédit - Cash');
INSERT INTO TNHT_MULT(LITE_PK, LANG_PK, MULT_DESC)
VALUES('226944232D6CA54C89372D52C7DBF3A9', 1049, 'Кредитная запись - Наличные');
INSERT INTO TNHT_TIDO (TIDO_PK, TIDO_PARE, LITE_PK, TIDO_SERI)
VALUES(18, '16', '226944232D6CA54C89372D52C7DBF3A9', '1');
INSERT INTO TNHT_LITE(LITE_PK) VALUES('6CBD640615E4594483464BB5DE327DCF');
INSERT INTO TNHT_MULT(LITE_PK, LANG_PK, MULT_DESC)
VALUES('6CBD640615E4594483464BB5DE327DCF', 1033, 'Credit Note - Internal');
INSERT INTO TNHT_MULT(LITE_PK, LANG_PK, MULT_DESC)
VALUES('6CBD640615E4594483464BB5DE327DCF', 3082, 'Notas Crédito - Interna');
INSERT INTO TNHT_MULT(LITE_PK, LANG_PK, MULT_DESC)
VALUES('6CBD640615E4594483464BB5DE327DCF', 2070, 'Notas Crédito - Interna');
INSERT INTO TNHT_MULT(LITE_PK, LANG_PK, MULT_DESC)
VALUES('6CBD640615E4594483464BB5DE327DCF', 1036, 'Note de crédit - Interne');
INSERT INTO TNHT_MULT(LITE_PK, LANG_PK, MULT_DESC)
VALUES('6CBD640615E4594483464BB5DE327DCF', 1049, 'Кредитная запись - Внутренний');
INSERT INTO TNHT_TIDO (TIDO_PK, TIDO_PARE, LITE_PK, TIDO_SERI)
VALUES(19, '16', '6CBD640615E4594483464BB5DE327DCF', '1');
INSERT INTO TNHT_LITE(LITE_PK) VALUES('47039C46C858864FAA9D316196B87D9A');
INSERT INTO TNHT_MULT(LITE_PK, LANG_PK, MULT_DESC)
VALUES('47039C46C858864FAA9D316196B87D9A', 1033, 'Receipts');
INSERT INTO TNHT_MULT(LITE_PK, LANG_PK, MULT_DESC)
VALUES('47039C46C858864FAA9D316196B87D9A', 3082, 'Recibos');
INSERT INTO TNHT_MULT(LITE_PK, LANG_PK, MULT_DESC)
VALUES('47039C46C858864FAA9D316196B87D9A', 2070, 'Recibos');
INSERT INTO TNHT_MULT(LITE_PK, LANG_PK, MULT_DESC)
VALUES('47039C46C858864FAA9D316196B87D9A', 1036, 'Recettes');
INSERT INTO TNHT_MULT(LITE_PK, LANG_PK, MULT_DESC)
VALUES('47039C46C858864FAA9D316196B87D9A', 1049, 'Квитанции');
INSERT INTO TNHT_TIDO (TIDO_PK, TIDO_PARE, LITE_PK, TIDO_SERI)
VALUES(20, NULL, '47039C46C858864FAA9D316196B87D9A', '1');
INSERT INTO TNHT_LITE(LITE_PK) VALUES('6C45B3EBC0EF7B41BE682C9AD79AFD05');
INSERT INTO TNHT_MULT(LITE_PK, LANG_PK, MULT_DESC)
VALUES('6C45B3EBC0EF7B41BE682C9AD79AFD05', 1033, 'Receipts');
INSERT INTO TNHT_MULT(LITE_PK, LANG_PK, MULT_DESC)
VALUES('6C45B3EBC0EF7B41BE682C9AD79AFD05', 3082, 'Recibos Cobro');
INSERT INTO TNHT_MULT(LITE_PK, LANG_PK, MULT_DESC)
VALUES('6C45B3EBC0EF7B41BE682C9AD79AFD05', 2070, 'Recibos Cobro');
INSERT INTO TNHT_MULT(LITE_PK, LANG_PK, MULT_DESC)
VALUES('6C45B3EBC0EF7B41BE682C9AD79AFD05', 1036, 'Recettes');
INSERT INTO TNHT_MULT(LITE_PK, LANG_PK, MULT_DESC)
VALUES('6C45B3EBC0EF7B41BE682C9AD79AFD05', 1049, 'Квитанции');
INSERT INTO TNHT_TIDO (TIDO_PK, TIDO_PARE, LITE_PK, TIDO_SERI)
VALUES(21, '20', '6C45B3EBC0EF7B41BE682C9AD79AFD05', '1');
INSERT INTO TNHT_LITE(LITE_PK) VALUES('8CAA677DBC776A4BBB2B95895BE8D966');
INSERT INTO TNHT_MULT(LITE_PK, LANG_PK, MULT_DESC)
VALUES('8CAA677DBC776A4BBB2B95895BE8D966', 1033, 'Receipt Deposit');
INSERT INTO TNHT_MULT(LITE_PK, LANG_PK, MULT_DESC)
VALUES('8CAA677DBC776A4BBB2B95895BE8D966', 3082, 'Recibo Depósito');
INSERT INTO TNHT_MULT(LITE_PK, LANG_PK, MULT_DESC)
VALUES('8CAA677DBC776A4BBB2B95895BE8D966', 2070, 'Recibo Adiantamento');
INSERT INTO TNHT_MULT(LITE_PK, LANG_PK, MULT_DESC)
VALUES('8CAA677DBC776A4BBB2B95895BE8D966', 1036, 'Certificats de dépôt');
INSERT INTO TNHT_MULT(LITE_PK, LANG_PK, MULT_DESC)
VALUES('8CAA677DBC776A4BBB2B95895BE8D966', 1049, 'Внесение депозита');
INSERT INTO TNHT_TIDO (TIDO_PK, TIDO_PARE, LITE_PK, TIDO_SERI)
VALUES(22, '21', '8CAA677DBC776A4BBB2B95895BE8D966', '1');
INSERT INTO TNHT_LITE(LITE_PK) VALUES('BC79253BA494FE41B5C4B909D7831A14');
INSERT INTO TNHT_MULT(LITE_PK, LANG_PK, MULT_DESC)
VALUES('BC79253BA494FE41B5C4B909D7831A14', 1033, 'Receipts Annulment');
INSERT INTO TNHT_MULT(LITE_PK, LANG_PK, MULT_DESC)
VALUES('BC79253BA494FE41B5C4B909D7831A14', 3082, 'Recibos Anulación');
INSERT INTO TNHT_MULT(LITE_PK, LANG_PK, MULT_DESC)
VALUES('BC79253BA494FE41B5C4B909D7831A14', 2070, 'Recibos Anulação');
INSERT INTO TNHT_MULT(LITE_PK, LANG_PK, MULT_DESC)
VALUES('BC79253BA494FE41B5C4B909D7831A14', 1036, 'Recettes annulation');
INSERT INTO TNHT_MULT(LITE_PK, LANG_PK, MULT_DESC)
VALUES('BC79253BA494FE41B5C4B909D7831A14', 1049, 'Аннулирование квитанции');
INSERT INTO TNHT_TIDO (TIDO_PK, TIDO_PARE, LITE_PK, TIDO_SERI)
VALUES(23, '20', 'BC79253BA494FE41B5C4B909D7831A14', '1');
INSERT INTO TNHT_LITE(LITE_PK) VALUES('0373CA5904035C4986E6C3E135DDB80A');
INSERT INTO TNHT_MULT(LITE_PK, LANG_PK, MULT_DESC)
VALUES('0373CA5904035C4986E6C3E135DDB80A', 1033, 'Receipts Correction');
INSERT INTO TNHT_MULT(LITE_PK, LANG_PK, MULT_DESC)
VALUES('0373CA5904035C4986E6C3E135DDB80A', 3082, 'Recibos Corrección');
INSERT INTO TNHT_MULT(LITE_PK, LANG_PK, MULT_DESC)
VALUES('0373CA5904035C4986E6C3E135DDB80A', 2070, 'Recibos Correção');
INSERT INTO TNHT_MULT(LITE_PK, LANG_PK, MULT_DESC)
VALUES('0373CA5904035C4986E6C3E135DDB80A', 1036, 'Recettes Correction');
INSERT INTO TNHT_MULT(LITE_PK, LANG_PK, MULT_DESC)
VALUES('0373CA5904035C4986E6C3E135DDB80A', 1049, 'Корректировка квитанции');
INSERT INTO TNHT_TIDO (TIDO_PK, TIDO_PARE, LITE_PK, TIDO_SERI)
VALUES(24, '20', '0373CA5904035C4986E6C3E135DDB80A', '1');
INSERT INTO TNHT_LITE(LITE_PK) VALUES('2DE5F00F71A7A44FAD1468410E72FDBC');
INSERT INTO TNHT_MULT(LITE_PK, LANG_PK, MULT_DESC)
VALUES('2DE5F00F71A7A44FAD1468410E72FDBC', 1033, 'Tickets');
INSERT INTO TNHT_MULT(LITE_PK, LANG_PK, MULT_DESC)
VALUES('2DE5F00F71A7A44FAD1468410E72FDBC', 3082, 'Tickets');
INSERT INTO TNHT_MULT(LITE_PK, LANG_PK, MULT_DESC)
VALUES('2DE5F00F71A7A44FAD1468410E72FDBC', 2070, 'Tickets');
INSERT INTO TNHT_MULT(LITE_PK, LANG_PK, MULT_DESC)
VALUES('2DE5F00F71A7A44FAD1468410E72FDBC', 1036, 'Tickets');
INSERT INTO TNHT_MULT(LITE_PK, LANG_PK, MULT_DESC)
VALUES('2DE5F00F71A7A44FAD1468410E72FDBC', 1049, 'Билеты');
INSERT INTO TNHT_TIDO (TIDO_PK, TIDO_PARE, LITE_PK, TIDO_SERI)
VALUES(25, NULL, '2DE5F00F71A7A44FAD1468410E72FDBC', '1');
INSERT INTO TNHT_LITE(LITE_PK) VALUES('FAB802C0ADACA742A01A067E5003E757');
INSERT INTO TNHT_MULT(LITE_PK, LANG_PK, MULT_DESC)
VALUES('FAB802C0ADACA742A01A067E5003E757', 1033, 'Sales Ticket');
INSERT INTO TNHT_MULT(LITE_PK, LANG_PK, MULT_DESC)
VALUES('FAB802C0ADACA742A01A067E5003E757', 3082, 'Comprobante Venta');
INSERT INTO TNHT_MULT(LITE_PK, LANG_PK, MULT_DESC)
VALUES('FAB802C0ADACA742A01A067E5003E757', 2070, 'Comprobativo Venda');
INSERT INTO TNHT_MULT(LITE_PK, LANG_PK, MULT_DESC)
VALUES('FAB802C0ADACA742A01A067E5003E757', 1036, 'Ticket Ventes');
INSERT INTO TNHT_MULT(LITE_PK, LANG_PK, MULT_DESC)
VALUES('FAB802C0ADACA742A01A067E5003E757', 1049, 'Продажа билета');
INSERT INTO TNHT_TIDO (TIDO_PK, TIDO_PARE, LITE_PK, TIDO_SERI)
VALUES(26, '25', 'FAB802C0ADACA742A01A067E5003E757', '1');
INSERT INTO TNHT_LITE(LITE_PK) VALUES('75367AF709A9554CAE2ED0C81A931A61');
INSERT INTO TNHT_MULT(LITE_PK, LANG_PK, MULT_DESC)
VALUES('75367AF709A9554CAE2ED0C81A931A61', 1033, 'Transfer Ticket');
INSERT INTO TNHT_MULT(LITE_PK, LANG_PK, MULT_DESC)
VALUES('75367AF709A9554CAE2ED0C81A931A61', 3082, 'Comprobante Transferencia');
INSERT INTO TNHT_MULT(LITE_PK, LANG_PK, MULT_DESC)
VALUES('75367AF709A9554CAE2ED0C81A931A61', 2070, 'Comprobativo Transferencia');
INSERT INTO TNHT_MULT(LITE_PK, LANG_PK, MULT_DESC)
VALUES('75367AF709A9554CAE2ED0C81A931A61', 1036, 'Ticket Transfert');
INSERT INTO TNHT_MULT(LITE_PK, LANG_PK, MULT_DESC)
VALUES('75367AF709A9554CAE2ED0C81A931A61', 1049, 'Билет на трансфер');
INSERT INTO TNHT_TIDO (TIDO_PK, TIDO_PARE, LITE_PK, TIDO_SERI)
VALUES(27, '25', '75367AF709A9554CAE2ED0C81A931A61', '1');
INSERT INTO TNHT_LITE(LITE_PK) VALUES('BC0A0BBD5EA0064196F68F6D3688BA8D');
INSERT INTO TNHT_MULT(LITE_PK, LANG_PK, MULT_DESC)
VALUES('BC0A0BBD5EA0064196F68F6D3688BA8D', 1033, 'Reservation');
INSERT INTO TNHT_MULT(LITE_PK, LANG_PK, MULT_DESC)
VALUES('BC0A0BBD5EA0064196F68F6D3688BA8D', 3082, 'Reservas');
INSERT INTO TNHT_MULT(LITE_PK, LANG_PK, MULT_DESC)
VALUES('BC0A0BBD5EA0064196F68F6D3688BA8D', 2070, 'Reservas');
INSERT INTO TNHT_MULT(LITE_PK, LANG_PK, MULT_DESC)
VALUES('BC0A0BBD5EA0064196F68F6D3688BA8D', 1036, 'Réservation');
INSERT INTO TNHT_MULT(LITE_PK, LANG_PK, MULT_DESC)
VALUES('BC0A0BBD5EA0064196F68F6D3688BA8D', 1049, 'Бронирование');
INSERT INTO TNHT_TIDO (TIDO_PK, TIDO_PARE, LITE_PK, TIDO_SERI)
VALUES(28, NULL, 'BC0A0BBD5EA0064196F68F6D3688BA8D', '1');
INSERT INTO TNHT_LITE(LITE_PK) VALUES('3EF01640C7DCC146A0485D3603C861BA');
INSERT INTO TNHT_MULT(LITE_PK, LANG_PK, MULT_DESC)
VALUES('3EF01640C7DCC146A0485D3603C861BA', 1033, 'Room Reservations');
INSERT INTO TNHT_MULT(LITE_PK, LANG_PK, MULT_DESC)
VALUES('3EF01640C7DCC146A0485D3603C861BA', 3082, 'Reserva Habitaciones');
INSERT INTO TNHT_MULT(LITE_PK, LANG_PK, MULT_DESC)
VALUES('3EF01640C7DCC146A0485D3603C861BA', 2070, 'Reserva Quartos');
INSERT INTO TNHT_MULT(LITE_PK, LANG_PK, MULT_DESC)
VALUES('3EF01640C7DCC146A0485D3603C861BA', 1036, 'Réservation Chambres');
INSERT INTO TNHT_MULT(LITE_PK, LANG_PK, MULT_DESC)
VALUES('3EF01640C7DCC146A0485D3603C861BA', 1049, 'Бронирование номера');
INSERT INTO TNHT_TIDO (TIDO_PK, TIDO_PARE, LITE_PK, TIDO_SERI)
VALUES(29, '28', '3EF01640C7DCC146A0485D3603C861BA', '1');
INSERT INTO TNHT_LITE(LITE_PK) VALUES('A62DB300F02A0641B17DA24FABEC4BD5');
INSERT INTO TNHT_MULT(LITE_PK, LANG_PK, MULT_DESC)
VALUES('A62DB300F02A0641B17DA24FABEC4BD5', 1033, 'Spa Reservations');
INSERT INTO TNHT_MULT(LITE_PK, LANG_PK, MULT_DESC)
VALUES('A62DB300F02A0641B17DA24FABEC4BD5', 3082, 'Reserva Spa');
INSERT INTO TNHT_MULT(LITE_PK, LANG_PK, MULT_DESC)
VALUES('A62DB300F02A0641B17DA24FABEC4BD5', 2070, 'Reserva Spa');
INSERT INTO TNHT_MULT(LITE_PK, LANG_PK, MULT_DESC)
VALUES('A62DB300F02A0641B17DA24FABEC4BD5', 1036, 'Réservation Spa');
INSERT INTO TNHT_MULT(LITE_PK, LANG_PK, MULT_DESC)
VALUES('A62DB300F02A0641B17DA24FABEC4BD5', 1049, 'Бронирование Спа');
INSERT INTO TNHT_TIDO (TIDO_PK, TIDO_PARE, LITE_PK, TIDO_SERI)
VALUES(30, '28', 'A62DB300F02A0641B17DA24FABEC4BD5', '1');
INSERT INTO TNHT_LITE(LITE_PK) VALUES('455A707087B34443804F855FAD2ED450');
INSERT INTO TNHT_MULT(LITE_PK, LANG_PK, MULT_DESC)
VALUES('455A707087B34443804F855FAD2ED450', 1033, 'Table Reservations');
INSERT INTO TNHT_MULT(LITE_PK, LANG_PK, MULT_DESC)
VALUES('455A707087B34443804F855FAD2ED450', 3082, 'Reserva Mesa');
INSERT INTO TNHT_MULT(LITE_PK, LANG_PK, MULT_DESC)
VALUES('455A707087B34443804F855FAD2ED450', 2070, 'Reserva Mesa');
INSERT INTO TNHT_MULT(LITE_PK, LANG_PK, MULT_DESC)
VALUES('455A707087B34443804F855FAD2ED450', 1036, 'Réservation Table');
INSERT INTO TNHT_MULT(LITE_PK, LANG_PK, MULT_DESC)
VALUES('455A707087B34443804F855FAD2ED450', 1049, 'Бронирование Cтол');
INSERT INTO TNHT_TIDO (TIDO_PK, TIDO_PARE, LITE_PK, TIDO_SERI)
VALUES(31, '28', '455A707087B34443804F855FAD2ED450', '1');
INSERT INTO TNHT_LITE(LITE_PK) VALUES('152B65594D4AC94EAC9AFBE1D5EC7D70');
INSERT INTO TNHT_MULT(LITE_PK, LANG_PK, MULT_DESC)
VALUES('152B65594D4AC94EAC9AFBE1D5EC7D70', 1033, 'Events Reservations');
INSERT INTO TNHT_MULT(LITE_PK, LANG_PK, MULT_DESC)
VALUES('152B65594D4AC94EAC9AFBE1D5EC7D70', 3082, 'Reserva Eventos');
INSERT INTO TNHT_MULT(LITE_PK, LANG_PK, MULT_DESC)
VALUES('152B65594D4AC94EAC9AFBE1D5EC7D70', 2070, 'Reserva Eventos');
INSERT INTO TNHT_MULT(LITE_PK, LANG_PK, MULT_DESC)
VALUES('152B65594D4AC94EAC9AFBE1D5EC7D70', 1036, 'Réservation Evénements');
INSERT INTO TNHT_MULT(LITE_PK, LANG_PK, MULT_DESC)
VALUES('152B65594D4AC94EAC9AFBE1D5EC7D70', 1049, 'Бронирование События');
INSERT INTO TNHT_TIDO (TIDO_PK, TIDO_PARE, LITE_PK, TIDO_SERI, TIDO_FACT)
VALUES(32, '28', '152B65594D4AC94EAC9AFBE1D5EC7D70', '1', '0');
INSERT INTO TNHT_LITE(LITE_PK) VALUES('0AB60B1218DEAB45AD83E1080135B660');
INSERT INTO TNHT_MULT(LITE_PK, LANG_PK, MULT_DESC)
VALUES('0AB60B1218DEAB45AD83E1080135B660', 1033, 'External');
INSERT INTO TNHT_MULT(LITE_PK, LANG_PK, MULT_DESC)
VALUES('0AB60B1218DEAB45AD83E1080135B660', 3082, 'Externo');
INSERT INTO TNHT_MULT(LITE_PK, LANG_PK, MULT_DESC)
VALUES('0AB60B1218DEAB45AD83E1080135B660', 2070, 'Externo');
INSERT INTO TNHT_MULT(LITE_PK, LANG_PK, MULT_DESC)
VALUES('0AB60B1218DEAB45AD83E1080135B660', 1036, 'External');
INSERT INTO TNHT_MULT(LITE_PK, LANG_PK, MULT_DESC)
VALUES('0AB60B1218DEAB45AD83E1080135B660', 1049, 'Внешний');
INSERT INTO TNHT_TIDO (TIDO_PK, TIDO_PARE, LITE_PK, TIDO_SERI)
VALUES(35, NULL, '0AB60B1218DEAB45AD83E1080135B660', '0');
INSERT INTO TNHT_LITE(LITE_PK) VALUES('962A86CAA522A841B7C6DB6678D0F580');
INSERT INTO TNHT_MULT(LITE_PK, LANG_PK, MULT_DESC)
VALUES('962A86CAA522A841B7C6DB6678D0F580', 1033, 'Owner Statement');
INSERT INTO TNHT_MULT(LITE_PK, LANG_PK, MULT_DESC)
VALUES('962A86CAA522A841B7C6DB6678D0F580', 3082, 'Declaración Propietario');
INSERT INTO TNHT_MULT(LITE_PK, LANG_PK, MULT_DESC)
VALUES('962A86CAA522A841B7C6DB6678D0F580', 2070, 'Declaração Proprietário');
INSERT INTO TNHT_MULT(LITE_PK, LANG_PK, MULT_DESC)
VALUES('962A86CAA522A841B7C6DB6678D0F580', 1036, 'Déclaration Propriétaire');
INSERT INTO TNHT_MULT(LITE_PK, LANG_PK, MULT_DESC)
VALUES('962A86CAA522A841B7C6DB6678D0F580', 1049, 'Владелец заявление');
INSERT INTO TNHT_TIDO (TIDO_PK, TIDO_PARE, LITE_PK, TIDO_SERI)
VALUES(42, NULL, '962A86CAA522A841B7C6DB6678D0F580', '1');
INSERT INTO TNHT_LITE(LITE_PK) VALUES('C02814956B28B14589F0F7A13271BBD4');
INSERT INTO TNHT_MULT(LITE_PK, LANG_PK, MULT_DESC)
VALUES('C02814956B28B14589F0F7A13271BBD4', 1033, 'Lookup Table');
INSERT INTO TNHT_MULT(LITE_PK, LANG_PK, MULT_DESC)
VALUES('C02814956B28B14589F0F7A13271BBD4', 3082, 'Consulta Mesa');
INSERT INTO TNHT_MULT(LITE_PK, LANG_PK, MULT_DESC)
VALUES('C02814956B28B14589F0F7A13271BBD4', 2070, 'Consulta Mesa');
INSERT INTO TNHT_MULT(LITE_PK, LANG_PK, MULT_DESC)
VALUES('C02814956B28B14589F0F7A13271BBD4', 1036, 'Lookup Table');
INSERT INTO TNHT_MULT(LITE_PK, LANG_PK, MULT_DESC)
VALUES('C02814956B28B14589F0F7A13271BBD4', 1049, 'Lookup Table');
INSERT INTO TNHT_TIDO (TIDO_PK, TIDO_PARE, LITE_PK, TIDO_SERI)
VALUES(48, NULL, 'C02814956B28B14589F0F7A13271BBD4', '1');
INSERT INTO TNHT_LITE(LITE_PK) VALUES('78175D2367C3B440AE9D566801C08F16');
INSERT INTO TNHT_MULT(LITE_PK, LANG_PK, MULT_DESC)
VALUES('78175D2367C3B440AE9D566801C08F16', 1033, 'Ledger Receipt');
INSERT INTO TNHT_MULT(LITE_PK, LANG_PK, MULT_DESC)
VALUES('78175D2367C3B440AE9D566801C08F16', 3082, 'Recibo Regularización');
INSERT INTO TNHT_MULT(LITE_PK, LANG_PK, MULT_DESC)
VALUES('78175D2367C3B440AE9D566801C08F16', 2070, 'Recibo Regularização');
INSERT INTO TNHT_TIDO (TIDO_PK, TIDO_PARE, LITE_PK, TIDO_SERI)
VALUES(52, '20', '78175D2367C3B440AE9D566801C08F16', '1');
  
INSERT INTO TCFG_GENE (GENE_PK, DATE_VERS) VALUES (1, '20161027');
END;
/
