﻿INSERT INTO TNHT_LITE(LITE_PK) VALUES('6A878E8F5CBA4925B5CA86199D875E07');
INSERT INTO TNHT_MULT(LITE_PK, LANG_PK, MULT_DESC) VALUES('6A878E8F5CBA4925B5CA86199D875E07', 1033, 'Seats/Separators');
INSERT INTO TNHT_MULT(LITE_PK, LANG_PK, MULT_DESC) VALUES('6A878E8F5CBA4925B5CA86199D875E07', 3082, 'Asientos/Separadores');
INSERT INTO TNHT_MULT(LITE_PK, LANG_PK, MULT_DESC) VALUES('6A878E8F5CBA4925B5CA86199D875E07', 2070, 'Assentos/Separadores');
INSERT INTO TNHT_MULT(LITE_PK, LANG_PK, MULT_DESC) VALUES('6A878E8F5CBA4925B5CA86199D875E07', 1036, 'Sièges/Séparateurs');
INSERT INTO TNHT_MULT(LITE_PK, LANG_PK, MULT_DESC) VALUES('6A878E8F5CBA4925B5CA86199D875E07', 1049, 'Сиденья/Сепараторы');
INSERT INTO TNHT_ENUM (ENUM_PK, LITE_PK) VALUES(5671, '6A878E8F5CBA4925B5CA86199D875E07');

INSERT INTO TNHT_LITE(LITE_PK) VALUES('0C0BEB4C87184F91A8B2B60AFF40EF68');
INSERT INTO TNHT_MULT(LITE_PK, LANG_PK, MULT_DESC) VALUES('0C0BEB4C87184F91A8B2B60AFF40EF68', 1033, 'Separators/Seats');
INSERT INTO TNHT_MULT(LITE_PK, LANG_PK, MULT_DESC) VALUES('0C0BEB4C87184F91A8B2B60AFF40EF68', 3082, 'Separadores/Asientos');
INSERT INTO TNHT_MULT(LITE_PK, LANG_PK, MULT_DESC) VALUES('0C0BEB4C87184F91A8B2B60AFF40EF68', 2070, 'Separadores/Assentos');
INSERT INTO TNHT_MULT(LITE_PK, LANG_PK, MULT_DESC) VALUES('0C0BEB4C87184F91A8B2B60AFF40EF68', 1036, 'Séparateurs/Sièges');
INSERT INTO TNHT_MULT(LITE_PK, LANG_PK, MULT_DESC) VALUES('0C0BEB4C87184F91A8B2B60AFF40EF68', 1049, 'Сепараторы/Сиденья');
INSERT INTO TNHT_ENUM (ENUM_PK, LITE_PK) VALUES(5672, '0C0BEB4C87184F91A8B2B60AFF40EF68');

COMMIT;

ALTER TABLE TNHT_IPOS ADD IPOS_TIGR NUMBER DEFAULT 5671 NOT NULL;
COMMENT ON COLUMN TNHT_IPOS.IPOS_TIGR IS 'Agrupamiento de los productos en el ticket (Asiento/Separador, Separador/Asiento)';

ALTER TABLE TNHT_IPOS ADD CONSTRAINT NHT_FK_ENUM_IPOS FOREIGN KEY (IPOS_TIGR) REFERENCES TNHT_ENUM (ENUM_PK);

BEGIN
  MERGE INTO TCFG_GENE PARA USING DUAL ON (PARA.GENE_PK = 1)
    WHEN MATCHED THEN UPDATE SET PARA.DATE_VERS = '20220716'
    WHEN NOT MATCHED THEN INSERT (PARA.GENE_PK, PARA.DATE_VERS) VALUES (1, '20220716');
END;
/

COMMIT;